2026/05/28 23:06:28.677775 未中奖
2026/05/28 23:06:28.697325 未中奖
2026/05/28 23:06:28.677775 未中奖
2026/05/28 23:06:28.677775 未中奖
2026/05/28 23:06:28.677775 未中奖
2026/05/28 23:06:28.697325 未中奖
2026/05/28 23:06:28.677775 未中奖
2026/05/28 23:06:28.697325 中奖：三等奖，剩余：99
2026/05/28 23:06:28.697325 未中奖
2026/05/28 23:06:28.697325 未中奖
2026/05/28 23:06:28.697325 未中奖
2026/05/28 23:06:28.697325 未中奖
2026/05/28 23:06:28.697852 未中奖
2026/05/28 23:06:28.697325 未中奖
2026/05/28 23:06:28.697325 未中奖
2026/05/28 23:06:28.697325 未中奖
2026/05/28 23:06:28.697852 未中奖
2026/05/28 23:06:28.697852 未中奖
2026/05/28 23:06:28.697852 未中奖
2026/05/28 23:06:28.697852 未中奖
2026/05/28 23:06:28.697852 未中奖
2026/05/28 23:06:28.700026 未中奖
2026/05/28 23:06:28.700026 未中奖
2026/05/28 23:06:28.700026 中奖：二等奖，剩余：9
2026/05/28 23:06:28.700026 未中奖
2026/05/28 23:06:28.700026 中奖：三等奖，剩余：97
2026/05/28 23:06:28.700026 未中奖
2026/05/28 23:06:28.700026 未中奖
2026/05/28 23:06:28.700026 未中奖
2026/05/28 23:06:28.700026 未中奖
2026/05/28 23:06:28.700026 未中奖
2026/05/28 23:06:28.697852 中奖：三等奖，剩余：98
2026/05/28 23:06:28.697852 未中奖
2026/05/28 23:06:28.700026 未中奖
2026/05/28 23:06:28.700026 未中奖
2026/05/28 23:06:28.700026 未中奖
2026/05/28 23:06:28.700546 未中奖
2026/05/28 23:06:28.700026 中奖：三等奖，剩余：96
2026/05/28 23:06:28.700546 未中奖
2026/05/28 23:06:28.700546 未中奖
2026/05/28 23:06:28.700546 中奖：三等奖，剩余：95
2026/05/28 23:06:28.700546 未中奖
2026/05/28 23:06:28.700546 中奖：三等奖，剩余：94
2026/05/28 23:06:28.700546 未中奖
2026/05/28 23:06:28.700546 未中奖
2026/05/28 23:06:28.700546 未中奖
2026/05/28 23:06:28.700546 未中奖
2026/05/28 23:06:28.700546 未中奖
2026/05/28 23:06:28.700546 未中奖
2026/05/28 23:06:28.700546 未中奖
2026/05/28 23:06:28.700546 未中奖
2026/05/28 23:06:28.700546 未中奖
2026/05/28 23:06:28.700546 未中奖
2026/05/28 23:06:28.700546 未中奖
2026/05/28 23:06:28.700546 未中奖
2026/05/28 23:06:28.700546 未中奖
2026/05/28 23:06:28.700546 未中奖
2026/05/28 23:06:28.700546 未中奖
2026/05/28 23:06:28.700546 未中奖
2026/05/28 23:06:28.700546 未中奖
2026/05/28 23:06:28.700546 未中奖
2026/05/28 23:06:28.700546 未中奖
2026/05/28 23:06:28.701078 未中奖
2026/05/28 23:06:28.700546 中奖：三等奖，剩余：93
2026/05/28 23:06:28.701078 未中奖
2026/05/28 23:06:28.700546 未中奖
2026/05/28 23:06:28.700546 未中奖
2026/05/28 23:06:28.701078 未中奖
2026/05/28 23:06:28.701078 未中奖
2026/05/28 23:06:28.701078 未中奖
2026/05/28 23:06:28.701078 中奖：三等奖，剩余：92
2026/05/28 23:06:28.701078 未中奖
2026/05/28 23:06:28.701078 未中奖
2026/05/28 23:06:28.701078 未中奖
2026/05/28 23:06:28.701078 未中奖
2026/05/28 23:06:28.701078 未中奖
2026/05/28 23:06:28.701078 未中奖
2026/05/28 23:06:28.701078 未中奖
2026/05/28 23:06:28.701078 未中奖
2026/05/28 23:06:28.701078 未中奖
2026/05/28 23:06:28.701078 未中奖
2026/05/28 23:06:28.701078 未中奖
2026/05/28 23:06:28.701078 未中奖
2026/05/28 23:06:28.701078 未中奖
2026/05/28 23:06:28.701078 未中奖
2026/05/28 23:06:28.701078 未中奖
2026/05/28 23:06:28.701078 未中奖
2026/05/28 23:06:28.701605 未中奖
2026/05/28 23:06:28.701605 未中奖
2026/05/28 23:06:28.700546 中奖：二等奖，剩余：8
2026/05/28 23:06:28.701605 未中奖
2026/05/28 23:06:28.701605 未中奖
2026/05/28 23:06:28.701605 未中奖
2026/05/28 23:06:28.701605 未中奖
2026/05/28 23:06:28.701605 中奖：三等奖，剩余：91
2026/05/28 23:06:28.701605 未中奖
2026/05/28 23:06:28.701605 未中奖
2026/05/28 23:06:28.701605 未中奖
2026/05/28 23:06:28.701605 未中奖
2026/05/28 23:06:28.701605 未中奖
2026/05/28 23:06:28.701078 未中奖
2026/05/28 23:06:28.701605 未中奖
2026/05/28 23:06:28.701605 未中奖
2026/05/28 23:06:28.701605 未中奖
2026/05/28 23:06:28.701078 未中奖
2026/05/28 23:06:28.701605 未中奖
2026/05/28 23:06:28.701078 未中奖
2026/05/28 23:06:28.701605 未中奖
2026/05/28 23:06:28.702133 未中奖
2026/05/28 23:06:28.701605 未中奖
2026/05/28 23:06:28.702133 未中奖
2026/05/28 23:06:28.702133 未中奖
2026/05/28 23:06:28.701605 未中奖
2026/05/28 23:06:28.701605 未中奖
2026/05/28 23:06:28.702133 未中奖
2026/05/28 23:06:28.702133 未中奖
2026/05/28 23:06:28.702133 未中奖
2026/05/28 23:06:28.702133 未中奖
2026/05/28 23:06:28.702133 未中奖
2026/05/28 23:06:28.702133 未中奖
2026/05/28 23:06:28.702133 未中奖
2026/05/28 23:06:28.702133 未中奖
2026/05/28 23:06:28.702133 未中奖
2026/05/28 23:06:28.702133 未中奖
2026/05/28 23:06:28.702133 中奖：二等奖，剩余：7
2026/05/28 23:06:28.702133 未中奖
2026/05/28 23:06:28.702133 中奖：三等奖，剩余：90
2026/05/28 23:06:28.702133 未中奖
2026/05/28 23:06:28.702133 未中奖
2026/05/28 23:06:28.702133 未中奖
2026/05/28 23:06:28.702133 未中奖
2026/05/28 23:06:28.702133 未中奖
2026/05/28 23:06:28.702133 未中奖
2026/05/28 23:06:28.702133 未中奖
2026/05/28 23:06:28.702133 中奖：三等奖，剩余：89
2026/05/28 23:06:28.702133 未中奖
2026/05/28 23:06:28.702133 未中奖
2026/05/28 23:06:28.702133 未中奖
2026/05/28 23:06:28.702133 未中奖
2026/05/28 23:06:28.702133 未中奖
2026/05/28 23:06:28.702133 未中奖
2026/05/28 23:06:28.702133 未中奖
2026/05/28 23:06:28.702133 未中奖
2026/05/28 23:06:28.702133 未中奖
2026/05/28 23:06:28.702133 未中奖
2026/05/28 23:06:28.702678 中奖：二等奖，剩余：6
2026/05/28 23:06:28.702133 未中奖
2026/05/28 23:06:28.702678 未中奖
2026/05/28 23:06:28.702133 中奖：三等奖，剩余：88
2026/05/28 23:06:28.702133 未中奖
2026/05/28 23:06:28.702678 未中奖
2026/05/28 23:06:28.702678 未中奖
2026/05/28 23:06:28.702678 未中奖
2026/05/28 23:06:28.702678 未中奖
2026/05/28 23:06:28.702678 中奖：三等奖，剩余：87
2026/05/28 23:06:28.702678 未中奖
2026/05/28 23:06:28.702678 中奖：二等奖，剩余：5
2026/05/28 23:06:28.702678 未中奖
2026/05/28 23:06:28.702678 未中奖
2026/05/28 23:06:28.702678 未中奖
2026/05/28 23:06:28.702678 未中奖
2026/05/28 23:06:28.702678 未中奖
2026/05/28 23:06:28.702678 未中奖
2026/05/28 23:06:28.702678 未中奖
2026/05/28 23:06:28.702678 中奖：三等奖，剩余：86
2026/05/28 23:06:28.702678 未中奖
2026/05/28 23:06:28.702678 未中奖
2026/05/28 23:06:28.702678 未中奖
2026/05/28 23:06:28.702678 未中奖
2026/05/28 23:06:28.702678 未中奖
2026/05/28 23:06:28.702678 未中奖
2026/05/28 23:06:28.702678 未中奖
2026/05/28 23:06:28.702678 未中奖
2026/05/28 23:06:28.702678 中奖：三等奖，剩余：83
2026/05/28 23:06:28.702678 中奖：二等奖，剩余：4
2026/05/28 23:06:28.702678 未中奖
2026/05/28 23:06:28.703198 未中奖
2026/05/28 23:06:28.703198 未中奖
2026/05/28 23:06:28.703198 未中奖
2026/05/28 23:06:28.703198 未中奖
2026/05/28 23:06:28.703198 未中奖
2026/05/28 23:06:28.703198 未中奖
2026/05/28 23:06:28.703198 未中奖
2026/05/28 23:06:28.703198 未中奖
2026/05/28 23:06:28.703198 未中奖
2026/05/28 23:06:28.703198 中奖：三等奖，剩余：82
2026/05/28 23:06:28.703198 未中奖
2026/05/28 23:06:28.703198 未中奖
2026/05/28 23:06:28.703198 未中奖
2026/05/28 23:06:28.703198 未中奖
2026/05/28 23:06:28.703198 未中奖
2026/05/28 23:06:28.703198 未中奖
2026/05/28 23:06:28.703198 未中奖
2026/05/28 23:06:28.703198 未中奖
2026/05/28 23:06:28.703198 未中奖
2026/05/28 23:06:28.703198 未中奖
2026/05/28 23:06:28.703198 未中奖
2026/05/28 23:06:28.702678 中奖：三等奖，剩余：84
2026/05/28 23:06:28.703198 未中奖
2026/05/28 23:06:28.703198 中奖：三等奖，剩余：80
2026/05/28 23:06:28.703198 未中奖
2026/05/28 23:06:28.703198 中奖：三等奖，剩余：79
2026/05/28 23:06:28.703198 未中奖
2026/05/28 23:06:28.702678 未中奖
2026/05/28 23:06:28.703198 中奖：二等奖，剩余：3
2026/05/28 23:06:28.703198 未中奖
2026/05/28 23:06:28.703198 未中奖
2026/05/28 23:06:28.703198 中奖：三等奖，剩余：81
2026/05/28 23:06:28.703198 未中奖
2026/05/28 23:06:28.703198 未中奖
2026/05/28 23:06:28.702678 中奖：三等奖，剩余：85
2026/05/28 23:06:28.703719 未中奖
2026/05/28 23:06:28.703719 未中奖
2026/05/28 23:06:28.703198 中奖：一等奖，剩余：4
2026/05/28 23:06:28.703719 未中奖
2026/05/28 23:06:28.703198 中奖：三等奖，剩余：78
2026/05/28 23:06:28.703719 未中奖
2026/05/28 23:06:28.703198 未中奖
2026/05/28 23:06:28.703719 未中奖
2026/05/28 23:06:28.703719 未中奖
2026/05/28 23:06:28.703719 未中奖
2026/05/28 23:06:28.703719 未中奖
2026/05/28 23:06:28.703719 未中奖
2026/05/28 23:06:28.703719 未中奖
2026/05/28 23:06:28.703719 未中奖
2026/05/28 23:06:28.703719 未中奖
2026/05/28 23:06:28.703719 未中奖
2026/05/28 23:06:28.703719 未中奖
2026/05/28 23:06:28.703719 未中奖
2026/05/28 23:06:28.703719 未中奖
2026/05/28 23:06:28.703719 未中奖
2026/05/28 23:06:28.703719 中奖：三等奖，剩余：77
2026/05/28 23:06:28.703719 未中奖
2026/05/28 23:06:28.703719 中奖：二等奖，剩余：2
2026/05/28 23:06:28.703719 未中奖
2026/05/28 23:06:28.703719 未中奖
2026/05/28 23:06:28.703719 未中奖
2026/05/28 23:06:28.703719 未中奖
2026/05/28 23:06:28.703719 未中奖
2026/05/28 23:06:28.703719 未中奖
2026/05/28 23:06:28.703719 未中奖
2026/05/28 23:06:28.703719 未中奖
2026/05/28 23:06:28.703719 未中奖
2026/05/28 23:06:28.703719 未中奖
2026/05/28 23:06:28.703719 未中奖
2026/05/28 23:06:28.703719 未中奖
2026/05/28 23:06:28.703719 未中奖
2026/05/28 23:06:28.703719 未中奖
2026/05/28 23:06:28.704240 未中奖
2026/05/28 23:06:28.704240 未中奖
2026/05/28 23:06:28.704240 中奖：三等奖，剩余：76
2026/05/28 23:06:28.703719 未中奖
2026/05/28 23:06:28.704240 未中奖
2026/05/28 23:06:28.704240 未中奖
2026/05/28 23:06:28.704240 未中奖
2026/05/28 23:06:28.704240 未中奖
2026/05/28 23:06:28.704240 中奖：一等奖，剩余：3
2026/05/28 23:06:28.704240 未中奖
2026/05/28 23:06:28.704240 中奖：二等奖，剩余：1
2026/05/28 23:06:28.704240 未中奖
2026/05/28 23:06:28.704240 未中奖
2026/05/28 23:06:28.704240 未中奖
2026/05/28 23:06:28.704240 未中奖
2026/05/28 23:06:28.704240 未中奖
2026/05/28 23:06:28.704240 未中奖
2026/05/28 23:06:28.704758 未中奖
2026/05/28 23:06:28.704758 未中奖
2026/05/28 23:06:28.704240 未中奖
2026/05/28 23:06:28.704240 未中奖
2026/05/28 23:06:28.704758 未中奖
2026/05/28 23:06:28.704758 未中奖
2026/05/28 23:06:28.703719 未中奖
2026/05/28 23:06:28.704758 未中奖
2026/05/28 23:06:28.704758 中奖：三等奖，剩余：75
2026/05/28 23:06:28.704758 未中奖
2026/05/28 23:06:28.704758 中奖：二等奖，剩余：0
2026/05/28 23:06:28.704758 未中奖
2026/05/28 23:06:28.704758 未中奖
2026/05/28 23:06:28.703719 未中奖
2026/05/28 23:06:28.704758 未中奖
2026/05/28 23:06:28.704758 未中奖
2026/05/28 23:06:28.704758 未中奖
2026/05/28 23:06:28.704758 未中奖
2026/05/28 23:06:28.704758 未中奖
2026/05/28 23:06:28.704758 未中奖
2026/05/28 23:06:28.704758 未中奖
2026/05/28 23:06:28.704758 未中奖
2026/05/28 23:06:28.704758 未中奖
2026/05/28 23:06:28.704758 未中奖
2026/05/28 23:06:28.704758 未中奖
2026/05/28 23:06:28.704758 未中奖
2026/05/28 23:06:28.705411 未中奖
2026/05/28 23:06:28.705411 中奖：三等奖，剩余：74
2026/05/28 23:06:28.704758 未中奖
2026/05/28 23:06:28.705411 未中奖
2026/05/28 23:06:28.704758 未中奖
2026/05/28 23:06:28.705411 未中奖
2026/05/28 23:06:28.705411 未中奖
2026/05/28 23:06:28.704758 未中奖
2026/05/28 23:06:28.705411 未中奖
2026/05/28 23:06:28.705411 未中奖
2026/05/28 23:06:28.705411 未中奖
2026/05/28 23:06:28.705411 未中奖
2026/05/28 23:06:28.705411 未中奖
2026/05/28 23:06:28.705411 未中奖
2026/05/28 23:06:28.705411 未中奖
2026/05/28 23:06:28.705411 未中奖
2026/05/28 23:06:28.705411 未中奖
2026/05/28 23:06:28.705411 未中奖
2026/05/28 23:06:28.705411 未中奖
2026/05/28 23:06:28.705411 未中奖
2026/05/28 23:06:28.705411 未中奖
2026/05/28 23:06:28.705411 未中奖
2026/05/28 23:06:28.705411 未中奖
2026/05/28 23:06:28.705411 未中奖
2026/05/28 23:06:28.705411 未中奖
2026/05/28 23:06:28.705411 未中奖
2026/05/28 23:06:28.705411 未中奖
2026/05/28 23:06:28.705411 未中奖
2026/05/28 23:06:28.705411 未中奖
2026/05/28 23:06:28.705411 未中奖
2026/05/28 23:06:28.705411 未中奖
2026/05/28 23:06:28.705411 未中奖
2026/05/28 23:06:28.705411 未中奖
2026/05/28 23:06:28.705411 未中奖
2026/05/28 23:06:28.705946 未中奖
2026/05/28 23:06:28.705946 未中奖
2026/05/28 23:06:28.705946 未中奖
2026/05/28 23:06:28.705946 未中奖
2026/05/28 23:06:28.705946 未中奖
2026/05/28 23:06:28.705946 未中奖
2026/05/28 23:06:28.705946 未中奖
2026/05/28 23:06:28.705946 未中奖
2026/05/28 23:06:28.705946 未中奖
2026/05/28 23:06:28.705946 未中奖
2026/05/28 23:06:28.705946 未中奖
2026/05/28 23:06:28.705946 未中奖
2026/05/28 23:06:28.705946 未中奖
2026/05/28 23:06:28.705946 未中奖
2026/05/28 23:06:28.705946 未中奖
2026/05/28 23:06:28.705946 未中奖
2026/05/28 23:06:28.705946 中奖：一等奖，剩余：2
2026/05/28 23:06:28.705946 未中奖
2026/05/28 23:06:28.705946 未中奖
2026/05/28 23:06:28.705946 未中奖
2026/05/28 23:06:28.705946 未中奖
2026/05/28 23:06:28.705946 未中奖
2026/05/28 23:06:28.705946 未中奖
2026/05/28 23:06:28.705946 未中奖
2026/05/28 23:06:28.705946 奖品已发完
2026/05/28 23:06:28.705946 未中奖
2026/05/28 23:06:28.705946 未中奖
2026/05/28 23:06:28.706497 未中奖
2026/05/28 23:06:28.706497 未中奖
2026/05/28 23:06:28.706497 未中奖
2026/05/28 23:06:28.706497 未中奖
2026/05/28 23:06:28.706497 未中奖
2026/05/28 23:06:28.706497 未中奖
2026/05/28 23:06:28.706497 未中奖
2026/05/28 23:06:28.706497 未中奖
2026/05/28 23:06:28.706497 未中奖
2026/05/28 23:06:28.706497 未中奖
2026/05/28 23:06:28.706497 未中奖
2026/05/28 23:06:28.706497 未中奖
2026/05/28 23:06:28.706497 未中奖
2026/05/28 23:06:28.706497 未中奖
2026/05/28 23:06:28.706497 未中奖
2026/05/28 23:06:28.706497 未中奖
2026/05/28 23:06:28.706497 未中奖
2026/05/28 23:06:28.706497 未中奖
2026/05/28 23:06:28.706497 未中奖
2026/05/28 23:06:28.706497 未中奖
2026/05/28 23:06:28.706497 未中奖
2026/05/28 23:06:28.706497 未中奖
2026/05/28 23:06:28.706497 未中奖
2026/05/28 23:06:28.706497 未中奖
2026/05/28 23:06:28.706497 中奖：三等奖，剩余：73
2026/05/28 23:06:28.706497 未中奖
2026/05/28 23:06:28.706497 未中奖
2026/05/28 23:06:28.706497 未中奖
2026/05/28 23:06:28.706497 未中奖
2026/05/28 23:06:28.706497 未中奖
2026/05/28 23:06:28.706497 未中奖
2026/05/28 23:06:28.707019 未中奖
2026/05/28 23:06:28.707019 未中奖
2026/05/28 23:06:28.707019 未中奖
2026/05/28 23:06:28.707019 未中奖
2026/05/28 23:06:28.707019 未中奖
2026/05/28 23:06:28.707019 未中奖
2026/05/28 23:06:28.707019 未中奖
2026/05/28 23:06:28.707019 未中奖
2026/05/28 23:06:28.707019 未中奖
2026/05/28 23:06:28.707019 未中奖
2026/05/28 23:06:28.707019 未中奖
2026/05/28 23:06:28.707019 未中奖
2026/05/28 23:06:28.707019 未中奖
2026/05/28 23:06:28.707019 未中奖
2026/05/28 23:06:28.707019 未中奖
2026/05/28 23:06:28.707019 未中奖
2026/05/28 23:06:28.707019 未中奖
2026/05/28 23:06:28.707019 未中奖
2026/05/28 23:06:28.707019 未中奖
2026/05/28 23:06:28.707019 奖品已发完
2026/05/28 23:06:28.707019 未中奖
2026/05/28 23:06:28.707019 未中奖
2026/05/28 23:06:28.707019 中奖：三等奖，剩余：72
2026/05/28 23:06:28.706497 未中奖
2026/05/28 23:06:28.707019 未中奖
2026/05/28 23:06:28.707019 未中奖
2026/05/28 23:06:28.707019 未中奖
2026/05/28 23:06:28.707019 未中奖
2026/05/28 23:06:28.707019 中奖：三等奖，剩余：70
2026/05/28 23:06:28.707019 未中奖
2026/05/28 23:06:28.707019 中奖：三等奖，剩余：69
2026/05/28 23:06:28.707019 未中奖
2026/05/28 23:06:28.707019 未中奖
2026/05/28 23:06:28.706497 未中奖
2026/05/28 23:06:28.707019 未中奖
2026/05/28 23:06:28.706497 未中奖
2026/05/28 23:06:28.707019 中奖：三等奖，剩余：68
2026/05/28 23:06:28.707019 中奖：三等奖，剩余：67
2026/05/28 23:06:28.707019 未中奖
2026/05/28 23:06:28.707019 未中奖
2026/05/28 23:06:28.707019 奖品已发完
2026/05/28 23:06:28.707019 未中奖
2026/05/28 23:06:28.707019 未中奖
2026/05/28 23:06:28.707538 未中奖
2026/05/28 23:06:28.707538 中奖：三等奖，剩余：65
2026/05/28 23:06:28.707538 未中奖
2026/05/28 23:06:28.707019 中奖：三等奖，剩余：71
2026/05/28 23:06:28.707019 未中奖
2026/05/28 23:06:28.707538 奖品已发完
2026/05/28 23:06:28.707538 未中奖
2026/05/28 23:06:28.707538 中奖：一等奖，剩余：1
2026/05/28 23:06:28.707538 未中奖
2026/05/28 23:06:28.707538 未中奖
2026/05/28 23:06:28.707538 未中奖
2026/05/28 23:06:28.707019 中奖：三等奖，剩余：66
2026/05/28 23:06:28.707538 未中奖
2026/05/28 23:06:28.707538 未中奖
2026/05/28 23:06:28.707538 未中奖
2026/05/28 23:06:28.707538 未中奖
2026/05/28 23:06:28.707538 未中奖
2026/05/28 23:06:28.707538 未中奖
2026/05/28 23:06:28.707538 未中奖
2026/05/28 23:06:28.707538 未中奖
2026/05/28 23:06:28.707538 奖品已发完
2026/05/28 23:06:28.707538 中奖：三等奖，剩余：64
2026/05/28 23:06:28.707538 未中奖
2026/05/28 23:06:28.707538 未中奖
2026/05/28 23:06:28.707538 未中奖
2026/05/28 23:06:28.707538 未中奖
2026/05/28 23:06:28.707538 未中奖
2026/05/28 23:06:28.707538 未中奖
2026/05/28 23:06:28.707538 未中奖
2026/05/28 23:06:28.707538 未中奖
2026/05/28 23:06:28.707538 未中奖
2026/05/28 23:06:28.707538 未中奖
2026/05/28 23:06:28.707538 未中奖
2026/05/28 23:06:28.707538 未中奖
2026/05/28 23:06:28.707538 未中奖
2026/05/28 23:06:28.707538 未中奖
2026/05/28 23:06:28.707538 未中奖
2026/05/28 23:06:28.707538 未中奖
2026/05/28 23:06:28.707538 未中奖
2026/05/28 23:06:28.707538 中奖：三等奖，剩余：63
2026/05/28 23:06:28.707538 未中奖
2026/05/28 23:06:28.707538 未中奖
2026/05/28 23:06:28.707538 未中奖
2026/05/28 23:06:28.707538 未中奖
2026/05/28 23:06:28.707538 未中奖
2026/05/28 23:06:28.707538 未中奖
2026/05/28 23:06:28.707538 未中奖
2026/05/28 23:06:28.707538 未中奖
2026/05/28 23:06:28.707538 未中奖
2026/05/28 23:06:28.707538 未中奖
2026/05/28 23:06:28.707538 未中奖
2026/05/28 23:06:28.707538 未中奖
2026/05/28 23:06:28.707538 未中奖
2026/05/28 23:06:28.707538 未中奖
2026/05/28 23:06:28.707538 未中奖
2026/05/28 23:06:28.707538 未中奖
2026/05/28 23:06:28.707538 未中奖
2026/05/28 23:06:28.707538 未中奖
2026/05/28 23:06:28.707538 未中奖
2026/05/28 23:06:28.707538 未中奖
2026/05/28 23:06:28.707538 未中奖
2026/05/28 23:06:28.707538 未中奖
2026/05/28 23:06:28.707538 未中奖
2026/05/28 23:06:28.707538 未中奖
2026/05/28 23:06:28.707538 未中奖
2026/05/28 23:06:28.707538 未中奖
2026/05/28 23:06:28.707538 未中奖
2026/05/28 23:06:28.707538 未中奖
2026/05/28 23:06:28.707538 未中奖
2026/05/28 23:06:28.707538 未中奖
2026/05/28 23:06:28.707538 未中奖
2026/05/28 23:06:28.707538 未中奖
2026/05/28 23:06:28.707538 未中奖
2026/05/28 23:06:28.707538 未中奖
2026/05/28 23:06:28.707538 未中奖
2026/05/28 23:06:28.707538 未中奖
2026/05/28 23:06:28.707538 未中奖
2026/05/28 23:06:28.707538 奖品已发完
2026/05/28 23:06:28.707538 中奖：三等奖，剩余：62
2026/05/28 23:06:28.707538 未中奖
2026/05/28 23:06:28.708592 未中奖
2026/05/28 23:06:28.708592 未中奖
2026/05/28 23:06:28.707538 未中奖
2026/05/28 23:06:28.707538 未中奖
2026/05/28 23:06:28.708592 未中奖
2026/05/28 23:06:28.707538 未中奖
2026/05/28 23:06:28.708592 未中奖
2026/05/28 23:06:28.708592 中奖：三等奖，剩余：61
2026/05/28 23:06:28.708592 未中奖
2026/05/28 23:06:28.708592 未中奖
2026/05/28 23:06:28.708592 中奖：三等奖，剩余：59
2026/05/28 23:06:28.708592 未中奖
2026/05/28 23:06:28.708592 未中奖
2026/05/28 23:06:28.708592 未中奖
2026/05/28 23:06:28.708592 未中奖
2026/05/28 23:06:28.708592 未中奖
2026/05/28 23:06:28.708592 未中奖
2026/05/28 23:06:28.708592 未中奖
2026/05/28 23:06:28.708592 奖品已发完
2026/05/28 23:06:28.708592 未中奖
2026/05/28 23:06:28.708592 未中奖
2026/05/28 23:06:28.708592 未中奖
2026/05/28 23:06:28.708592 未中奖
2026/05/28 23:06:28.708592 未中奖
2026/05/28 23:06:28.708592 未中奖
2026/05/28 23:06:28.708592 未中奖
2026/05/28 23:06:28.708592 未中奖
2026/05/28 23:06:28.708592 未中奖
2026/05/28 23:06:28.708592 未中奖
2026/05/28 23:06:28.708592 未中奖
2026/05/28 23:06:28.708592 未中奖
2026/05/28 23:06:28.708592 未中奖
2026/05/28 23:06:28.708592 未中奖
2026/05/28 23:06:28.708592 未中奖
2026/05/28 23:06:28.708592 未中奖
2026/05/28 23:06:28.708592 未中奖
2026/05/28 23:06:28.708592 中奖：三等奖，剩余：58
2026/05/28 23:06:28.708592 未中奖
2026/05/28 23:06:28.708592 未中奖
2026/05/28 23:06:28.708592 未中奖
2026/05/28 23:06:28.708592 未中奖
2026/05/28 23:06:28.708592 奖品已发完
2026/05/28 23:06:28.708592 未中奖
2026/05/28 23:06:28.708592 未中奖
2026/05/28 23:06:28.708592 中奖：三等奖，剩余：57
2026/05/28 23:06:28.708592 未中奖
2026/05/28 23:06:28.708592 未中奖
2026/05/28 23:06:28.708592 中奖：一等奖，剩余：0
2026/05/28 23:06:28.708592 未中奖
2026/05/28 23:06:28.709164 未中奖
2026/05/28 23:06:28.709164 未中奖
2026/05/28 23:06:28.709164 未中奖
2026/05/28 23:06:28.709164 未中奖
2026/05/28 23:06:28.708592 未中奖
2026/05/28 23:06:28.708592 未中奖
2026/05/28 23:06:28.708592 中奖：三等奖，剩余：60
2026/05/28 23:06:28.709164 奖品已发完
2026/05/28 23:06:28.709164 未中奖
2026/05/28 23:06:28.709164 未中奖
2026/05/28 23:06:28.709164 未中奖
2026/05/28 23:06:28.709164 未中奖
2026/05/28 23:06:28.709164 未中奖
2026/05/28 23:06:28.709164 未中奖
2026/05/28 23:06:28.709164 未中奖
2026/05/28 23:06:28.709164 未中奖
2026/05/28 23:06:28.709164 未中奖
2026/05/28 23:06:28.709164 未中奖
2026/05/28 23:06:28.709164 未中奖
2026/05/28 23:06:28.710170 中奖：三等奖，剩余：56
2026/05/28 23:06:28.710170 未中奖
2026/05/28 23:06:28.710170 中奖：三等奖，剩余：55
2026/05/28 23:06:28.710170 未中奖
2026/05/28 23:06:28.709164 未中奖
2026/05/28 23:06:28.710170 未中奖
2026/05/28 23:06:28.710170 未中奖
2026/05/28 23:06:28.710170 未中奖
2026/05/28 23:06:28.710170 未中奖
2026/05/28 23:06:28.710170 未中奖
2026/05/28 23:06:28.710170 未中奖
2026/05/28 23:06:28.710170 奖品已发完
2026/05/28 23:06:28.710170 未中奖
2026/05/28 23:06:28.710170 未中奖
2026/05/28 23:06:28.710170 未中奖
2026/05/28 23:06:28.710170 未中奖
2026/05/28 23:06:28.710170 奖品已发完
2026/05/28 23:06:28.710170 未中奖
2026/05/28 23:06:28.710170 未中奖
2026/05/28 23:06:28.710170 中奖：三等奖，剩余：54
2026/05/28 23:06:28.710170 奖品已发完
2026/05/28 23:06:28.710170 未中奖
2026/05/28 23:06:28.710170 未中奖
2026/05/28 23:06:28.710170 未中奖
2026/05/28 23:06:28.710170 未中奖
2026/05/28 23:06:28.710170 未中奖
2026/05/28 23:06:28.710170 未中奖
2026/05/28 23:06:28.710170 未中奖
2026/05/28 23:06:28.710170 奖品已发完
2026/05/28 23:06:28.710170 未中奖
2026/05/28 23:06:28.710170 中奖：三等奖，剩余：53
2026/05/28 23:06:28.710170 中奖：三等奖，剩余：52
2026/05/28 23:06:28.710170 未中奖
2026/05/28 23:06:28.710170 未中奖
2026/05/28 23:06:28.710170 未中奖
2026/05/28 23:06:28.710170 未中奖
2026/05/28 23:06:28.710170 未中奖
2026/05/28 23:06:28.710170 中奖：三等奖，剩余：50
2026/05/28 23:06:28.710170 未中奖
2026/05/28 23:06:28.710170 未中奖
2026/05/28 23:06:28.710170 中奖：三等奖，剩余：51
2026/05/28 23:06:28.710170 奖品已发完
2026/05/28 23:06:28.710170 未中奖
2026/05/28 23:06:28.710170 奖品已发完
2026/05/28 23:06:28.710170 未中奖
2026/05/28 23:06:28.710170 未中奖
2026/05/28 23:06:28.710170 未中奖
2026/05/28 23:06:28.710170 未中奖
2026/05/28 23:06:28.710170 中奖：三等奖，剩余：49
2026/05/28 23:06:28.710170 未中奖
2026/05/28 23:06:28.710170 中奖：三等奖，剩余：48
2026/05/28 23:06:28.710170 未中奖
2026/05/28 23:06:28.710170 未中奖
2026/05/28 23:06:28.710170 未中奖
2026/05/28 23:06:28.710170 未中奖
2026/05/28 23:06:28.710170 未中奖
2026/05/28 23:06:28.710170 未中奖
2026/05/28 23:06:28.711177 未中奖
2026/05/28 23:06:28.710170 未中奖
2026/05/28 23:06:28.710170 未中奖
2026/05/28 23:06:28.711177 未中奖
2026/05/28 23:06:28.711177 未中奖
2026/05/28 23:06:28.711177 未中奖
2026/05/28 23:06:28.711177 中奖：三等奖，剩余：47
2026/05/28 23:06:28.711177 未中奖
2026/05/28 23:06:28.710170 未中奖
2026/05/28 23:06:28.711177 未中奖
2026/05/28 23:06:28.711177 未中奖
2026/05/28 23:06:28.711177 未中奖
2026/05/28 23:06:28.711177 未中奖
2026/05/28 23:06:28.711177 未中奖
2026/05/28 23:06:28.711177 未中奖
2026/05/28 23:06:28.711177 未中奖
2026/05/28 23:06:28.711177 未中奖
2026/05/28 23:06:28.711177 未中奖
2026/05/28 23:06:28.711177 未中奖
2026/05/28 23:06:28.711177 未中奖
2026/05/28 23:06:28.711177 未中奖
2026/05/28 23:06:28.711177 未中奖
2026/05/28 23:06:28.710170 未中奖
2026/05/28 23:06:28.711177 未中奖
2026/05/28 23:06:28.711177 未中奖
2026/05/28 23:06:28.711177 未中奖
2026/05/28 23:06:28.711177 未中奖
2026/05/28 23:06:28.711177 未中奖
2026/05/28 23:06:28.711177 未中奖
2026/05/28 23:06:28.711177 未中奖
2026/05/28 23:06:28.711177 未中奖
2026/05/28 23:06:28.711177 未中奖
2026/05/28 23:06:28.711177 未中奖
2026/05/28 23:06:28.711177 中奖：三等奖，剩余：46
2026/05/28 23:06:28.711177 未中奖
2026/05/28 23:06:28.711177 未中奖
2026/05/28 23:06:28.711177 未中奖
2026/05/28 23:06:28.711177 未中奖
2026/05/28 23:06:28.711177 未中奖
2026/05/28 23:06:28.711177 未中奖
2026/05/28 23:06:28.711177 未中奖
2026/05/28 23:06:28.711177 未中奖
2026/05/28 23:06:28.711177 未中奖
2026/05/28 23:06:28.711177 未中奖
2026/05/28 23:06:28.711177 未中奖
2026/05/28 23:06:28.711177 未中奖
2026/05/28 23:06:28.711177 未中奖
2026/05/28 23:06:28.711177 未中奖
2026/05/28 23:06:28.711177 未中奖
2026/05/28 23:06:28.711177 未中奖
2026/05/28 23:06:28.711177 未中奖
2026/05/28 23:06:28.711177 未中奖
2026/05/28 23:06:28.711177 奖品已发完
2026/05/28 23:06:28.711177 未中奖
2026/05/28 23:06:28.711177 未中奖
2026/05/28 23:06:28.711177 未中奖
2026/05/28 23:06:28.711177 未中奖
2026/05/28 23:06:28.711177 未中奖
2026/05/28 23:06:28.711177 中奖：三等奖，剩余：44
2026/05/28 23:06:28.711177 未中奖
2026/05/28 23:06:28.711177 未中奖
2026/05/28 23:06:28.711177 未中奖
2026/05/28 23:06:28.711177 未中奖
2026/05/28 23:06:28.711177 中奖：三等奖，剩余：45
2026/05/28 23:06:28.711177 未中奖
2026/05/28 23:06:28.711177 未中奖
2026/05/28 23:06:28.711177 中奖：三等奖，剩余：43
2026/05/28 23:06:28.711177 未中奖
2026/05/28 23:06:28.711177 中奖：三等奖，剩余：42
2026/05/28 23:06:28.711177 未中奖
2026/05/28 23:06:28.711177 未中奖
2026/05/28 23:06:28.711177 未中奖
2026/05/28 23:06:28.711177 未中奖
2026/05/28 23:06:28.711177 未中奖
2026/05/28 23:06:28.711177 未中奖
2026/05/28 23:06:28.711177 未中奖
2026/05/28 23:06:28.711177 未中奖
2026/05/28 23:06:28.711177 未中奖
2026/05/28 23:06:28.711177 未中奖
2026/05/28 23:06:28.711177 未中奖
2026/05/28 23:06:28.711177 未中奖
2026/05/28 23:06:28.711177 未中奖
2026/05/28 23:06:28.711177 未中奖
2026/05/28 23:06:28.711177 奖品已发完
2026/05/28 23:06:28.711177 未中奖
2026/05/28 23:06:28.711177 中奖：三等奖，剩余：41
2026/05/28 23:06:28.711177 未中奖
2026/05/28 23:06:28.711177 未中奖
2026/05/28 23:06:28.711177 未中奖
2026/05/28 23:06:28.711177 未中奖
2026/05/28 23:06:28.711177 未中奖
2026/05/28 23:06:28.711177 未中奖
2026/05/28 23:06:28.711177 未中奖
2026/05/28 23:06:28.711177 未中奖
2026/05/28 23:06:28.711177 未中奖
2026/05/28 23:06:28.711177 奖品已发完
2026/05/28 23:06:28.711177 未中奖
2026/05/28 23:06:28.712481 未中奖
2026/05/28 23:06:28.711177 未中奖
2026/05/28 23:06:28.711177 未中奖
2026/05/28 23:06:28.711177 未中奖
2026/05/28 23:06:28.712481 未中奖
2026/05/28 23:06:28.712481 未中奖
2026/05/28 23:06:28.712481 未中奖
2026/05/28 23:06:28.712481 未中奖
2026/05/28 23:06:28.712481 未中奖
2026/05/28 23:06:28.712481 未中奖
2026/05/28 23:06:28.712481 未中奖
2026/05/28 23:06:28.712481 未中奖
2026/05/28 23:06:28.712481 中奖：三等奖，剩余：40
2026/05/28 23:06:28.712481 未中奖
2026/05/28 23:06:28.712481 中奖：三等奖，剩余：39
2026/05/28 23:06:28.712481 中奖：三等奖，剩余：38
2026/05/28 23:06:28.712481 未中奖
2026/05/28 23:06:28.712481 未中奖
2026/05/28 23:06:28.712481 未中奖
2026/05/28 23:06:28.712481 未中奖
2026/05/28 23:06:28.712481 未中奖
2026/05/28 23:06:28.712481 中奖：三等奖，剩余：37
2026/05/28 23:06:28.712481 未中奖
2026/05/28 23:06:28.712481 未中奖
2026/05/28 23:06:28.712481 未中奖
2026/05/28 23:06:28.712481 奖品已发完
2026/05/28 23:06:28.712481 未中奖
2026/05/28 23:06:28.712481 奖品已发完
2026/05/28 23:06:28.712481 中奖：三等奖，剩余：35
2026/05/28 23:06:28.712481 未中奖
2026/05/28 23:06:28.712990 未中奖
2026/05/28 23:06:28.712990 未中奖
2026/05/28 23:06:28.712990 未中奖
2026/05/28 23:06:28.712990 未中奖
2026/05/28 23:06:28.712990 中奖：三等奖，剩余：34
2026/05/28 23:06:28.712990 未中奖
2026/05/28 23:06:28.712990 未中奖
2026/05/28 23:06:28.712481 未中奖
2026/05/28 23:06:28.712481 未中奖
2026/05/28 23:06:28.712481 中奖：三等奖，剩余：36
2026/05/28 23:06:28.712990 未中奖
2026/05/28 23:06:28.712990 未中奖
2026/05/28 23:06:28.712990 未中奖
2026/05/28 23:06:28.712990 未中奖
2026/05/28 23:06:28.712990 未中奖
2026/05/28 23:06:28.712990 未中奖
2026/05/28 23:06:28.712990 未中奖
2026/05/28 23:06:28.712990 未中奖
2026/05/28 23:06:28.712990 未中奖
2026/05/28 23:06:28.712990 中奖：三等奖，剩余：33
2026/05/28 23:06:28.712990 未中奖
2026/05/28 23:06:28.712990 未中奖
2026/05/28 23:06:28.712990 未中奖
2026/05/28 23:06:28.712990 未中奖
2026/05/28 23:06:28.712990 未中奖
2026/05/28 23:06:28.712990 奖品已发完
2026/05/28 23:06:28.712990 未中奖
2026/05/28 23:06:28.712990 未中奖
2026/05/28 23:06:28.712990 未中奖
2026/05/28 23:06:28.712990 未中奖
2026/05/28 23:06:28.712990 未中奖
2026/05/28 23:06:28.712990 未中奖
2026/05/28 23:06:28.712990 未中奖
2026/05/28 23:06:28.712990 未中奖
2026/05/28 23:06:28.712990 未中奖
2026/05/28 23:06:28.712990 未中奖
2026/05/28 23:06:28.712990 未中奖
2026/05/28 23:06:28.712990 中奖：三等奖，剩余：31
2026/05/28 23:06:28.712990 未中奖
2026/05/28 23:06:28.712990 奖品已发完
2026/05/28 23:06:28.712990 未中奖
2026/05/28 23:06:28.712990 未中奖
2026/05/28 23:06:28.712990 未中奖
2026/05/28 23:06:28.712990 未中奖
2026/05/28 23:06:28.712990 中奖：三等奖，剩余：29
2026/05/28 23:06:28.712990 中奖：三等奖，剩余：32
2026/05/28 23:06:28.712990 未中奖
2026/05/28 23:06:28.712990 未中奖
2026/05/28 23:06:28.712990 中奖：三等奖，剩余：30
2026/05/28 23:06:28.712990 未中奖
2026/05/28 23:06:28.712990 未中奖
2026/05/28 23:06:28.712990 未中奖
2026/05/28 23:06:28.712990 未中奖
2026/05/28 23:06:28.712990 中奖：三等奖，剩余：28
2026/05/28 23:06:28.712990 未中奖
2026/05/28 23:06:28.712990 中奖：三等奖，剩余：27
2026/05/28 23:06:28.712990 未中奖
2026/05/28 23:06:28.712990 中奖：三等奖，剩余：26
2026/05/28 23:06:28.712990 未中奖
2026/05/28 23:06:28.712990 未中奖
2026/05/28 23:06:28.712990 未中奖
2026/05/28 23:06:28.712990 未中奖
2026/05/28 23:06:28.712990 未中奖
2026/05/28 23:06:28.712990 未中奖
2026/05/28 23:06:28.712990 未中奖
2026/05/28 23:06:28.712990 未中奖
2026/05/28 23:06:28.713725 未中奖
2026/05/28 23:06:28.713725 未中奖
2026/05/28 23:06:28.713725 中奖：三等奖，剩余：25
2026/05/28 23:06:28.712990 未中奖
2026/05/28 23:06:28.713725 未中奖
2026/05/28 23:06:28.712990 未中奖
2026/05/28 23:06:28.712990 未中奖
2026/05/28 23:06:28.713725 未中奖
2026/05/28 23:06:28.713725 未中奖
2026/05/28 23:06:28.713725 未中奖
2026/05/28 23:06:28.713725 未中奖
2026/05/28 23:06:28.713725 未中奖
2026/05/28 23:06:28.713725 未中奖
2026/05/28 23:06:28.713725 中奖：三等奖，剩余：24
2026/05/28 23:06:28.713725 未中奖
2026/05/28 23:06:28.713725 奖品已发完
2026/05/28 23:06:28.713725 未中奖
2026/05/28 23:06:28.713725 未中奖
2026/05/28 23:06:28.713725 未中奖
2026/05/28 23:06:28.713725 未中奖
2026/05/28 23:06:28.713725 未中奖
2026/05/28 23:06:28.713725 未中奖
2026/05/28 23:06:28.713725 未中奖
2026/05/28 23:06:28.713725 未中奖
2026/05/28 23:06:28.713725 未中奖
2026/05/28 23:06:28.713725 未中奖
2026/05/28 23:06:28.713725 未中奖
2026/05/28 23:06:28.713725 未中奖
2026/05/28 23:06:28.713725 中奖：三等奖，剩余：23
2026/05/28 23:06:28.713725 未中奖
2026/05/28 23:06:28.713725 未中奖
2026/05/28 23:06:28.713725 奖品已发完
2026/05/28 23:06:28.713725 未中奖
2026/05/28 23:06:28.713725 未中奖
2026/05/28 23:06:28.713725 未中奖
2026/05/28 23:06:28.713725 未中奖
2026/05/28 23:06:28.713725 未中奖
2026/05/28 23:06:28.713725 未中奖
2026/05/28 23:06:28.713725 未中奖
2026/05/28 23:06:28.713725 未中奖
2026/05/28 23:06:28.713725 未中奖
2026/05/28 23:06:28.713725 未中奖
2026/05/28 23:06:28.713725 未中奖
2026/05/28 23:06:28.713725 未中奖
2026/05/28 23:06:28.713725 奖品已发完
2026/05/28 23:06:28.713725 未中奖
2026/05/28 23:06:28.713725 未中奖
2026/05/28 23:06:28.713725 中奖：三等奖，剩余：22
2026/05/28 23:06:28.713725 中奖：三等奖，剩余：21
2026/05/28 23:06:28.713725 未中奖
2026/05/28 23:06:28.713725 未中奖
2026/05/28 23:06:28.713725 未中奖
2026/05/28 23:06:28.713725 未中奖
2026/05/28 23:06:28.713725 未中奖
2026/05/28 23:06:28.713725 未中奖
2026/05/28 23:06:28.713725 未中奖
2026/05/28 23:06:28.713725 未中奖
2026/05/28 23:06:28.713725 未中奖
2026/05/28 23:06:28.713725 中奖：三等奖，剩余：20
2026/05/28 23:06:28.713725 中奖：三等奖，剩余：18
2026/05/28 23:06:28.713725 中奖：三等奖，剩余：17
2026/05/28 23:06:28.713725 中奖：三等奖，剩余：19
2026/05/28 23:06:28.713725 未中奖
2026/05/28 23:06:28.713725 未中奖
2026/05/28 23:06:28.713725 未中奖
2026/05/28 23:06:28.713725 未中奖
2026/05/28 23:06:28.713725 未中奖
2026/05/28 23:06:28.713725 未中奖
2026/05/28 23:06:28.713725 未中奖
2026/05/28 23:06:28.713725 未中奖
2026/05/28 23:06:28.713725 未中奖
2026/05/28 23:06:28.713725 未中奖
2026/05/28 23:06:28.713725 未中奖
2026/05/28 23:06:28.713725 未中奖
2026/05/28 23:06:28.713725 未中奖
2026/05/28 23:06:28.713725 未中奖
2026/05/28 23:06:28.713725 未中奖
2026/05/28 23:06:28.713725 未中奖
2026/05/28 23:06:28.713725 未中奖
2026/05/28 23:06:28.714732 未中奖
2026/05/28 23:06:28.713725 未中奖
2026/05/28 23:06:28.713725 中奖：三等奖，剩余：16
2026/05/28 23:06:28.714732 未中奖
2026/05/28 23:06:28.714732 未中奖
2026/05/28 23:06:28.714732 未中奖
2026/05/28 23:06:28.713725 未中奖
2026/05/28 23:06:28.714732 未中奖
2026/05/28 23:06:28.714732 未中奖
2026/05/28 23:06:28.714732 中奖：三等奖，剩余：14
2026/05/28 23:06:28.714732 未中奖
2026/05/28 23:06:28.714732 未中奖
2026/05/28 23:06:28.714732 未中奖
2026/05/28 23:06:28.714732 未中奖
2026/05/28 23:06:28.714732 中奖：三等奖，剩余：15
2026/05/28 23:06:28.714732 未中奖
2026/05/28 23:06:28.714732 中奖：三等奖，剩余：13
2026/05/28 23:06:28.714732 未中奖
2026/05/28 23:06:28.714732 中奖：三等奖，剩余：12
2026/05/28 23:06:28.714732 中奖：三等奖，剩余：11
2026/05/28 23:06:28.714732 未中奖
2026/05/28 23:06:28.714732 未中奖
2026/05/28 23:06:28.714732 未中奖
2026/05/28 23:06:28.714732 未中奖
2026/05/28 23:06:28.714732 未中奖
2026/05/28 23:06:28.714732 未中奖
2026/05/28 23:06:28.714732 未中奖
2026/05/28 23:06:28.714732 未中奖
2026/05/28 23:06:28.714732 未中奖
2026/05/28 23:06:28.714732 未中奖
2026/05/28 23:06:28.714732 未中奖
2026/05/28 23:06:28.714732 未中奖
2026/05/28 23:06:28.714732 未中奖
2026/05/28 23:06:28.714732 未中奖
2026/05/28 23:06:28.714732 未中奖
2026/05/28 23:06:28.714732 中奖：三等奖，剩余：9
2026/05/28 23:06:28.714732 未中奖
2026/05/28 23:06:28.714732 未中奖
2026/05/28 23:06:28.714732 中奖：三等奖，剩余：10
2026/05/28 23:06:28.714732 未中奖
2026/05/28 23:06:28.714732 未中奖
2026/05/28 23:06:28.714732 未中奖
2026/05/28 23:06:28.714732 未中奖
2026/05/28 23:06:28.714732 未中奖
2026/05/28 23:06:28.714732 中奖：三等奖，剩余：8
2026/05/28 23:06:28.714732 未中奖
2026/05/28 23:06:28.714732 中奖：三等奖，剩余：7
2026/05/28 23:06:28.714732 未中奖
2026/05/28 23:06:28.714732 未中奖
2026/05/28 23:06:28.714732 未中奖
2026/05/28 23:06:28.714732 未中奖
2026/05/28 23:06:28.714732 未中奖
2026/05/28 23:06:28.714732 未中奖
2026/05/28 23:06:28.714732 未中奖
2026/05/28 23:06:28.714732 未中奖
2026/05/28 23:06:28.714732 未中奖
2026/05/28 23:06:28.714732 未中奖
2026/05/28 23:06:28.714732 未中奖
2026/05/28 23:06:28.714732 未中奖
2026/05/28 23:06:28.714732 未中奖
2026/05/28 23:06:28.714732 未中奖
2026/05/28 23:06:28.714732 未中奖
2026/05/28 23:06:28.714732 未中奖
2026/05/28 23:06:28.715756 未中奖
2026/05/28 23:06:28.714732 未中奖
2026/05/28 23:06:28.714732 未中奖
2026/05/28 23:06:28.714732 未中奖
2026/05/28 23:06:28.715756 未中奖
2026/05/28 23:06:28.715756 未中奖
2026/05/28 23:06:28.715756 未中奖
2026/05/28 23:06:28.715756 未中奖
2026/05/28 23:06:28.715756 未中奖
2026/05/28 23:06:28.715756 未中奖
2026/05/28 23:06:28.715756 未中奖
2026/05/28 23:06:28.715756 未中奖
2026/05/28 23:06:28.715756 未中奖
2026/05/28 23:06:28.715756 未中奖
2026/05/28 23:06:28.715756 未中奖
2026/05/28 23:06:28.714732 中奖：三等奖，剩余：6
2026/05/28 23:06:28.715756 奖品已发完
2026/05/28 23:06:28.715756 未中奖
2026/05/28 23:06:28.715756 未中奖
2026/05/28 23:06:28.715756 未中奖
2026/05/28 23:06:28.715756 未中奖
2026/05/28 23:06:28.715756 未中奖
2026/05/28 23:06:28.715756 未中奖
2026/05/28 23:06:28.715756 未中奖
2026/05/28 23:06:28.715756 未中奖
2026/05/28 23:06:28.715756 未中奖
2026/05/28 23:06:28.715756 中奖：三等奖，剩余：5
2026/05/28 23:06:28.715756 未中奖
2026/05/28 23:06:28.715756 未中奖
2026/05/28 23:06:28.715756 未中奖
2026/05/28 23:06:28.715756 未中奖
2026/05/28 23:06:28.715756 未中奖
2026/05/28 23:06:28.715756 未中奖
2026/05/28 23:06:28.715756 未中奖
2026/05/28 23:06:28.715756 未中奖
2026/05/28 23:06:28.715756 奖品已发完
2026/05/28 23:06:28.715756 未中奖
2026/05/28 23:06:28.715756 未中奖
2026/05/28 23:06:28.715756 未中奖
2026/05/28 23:06:28.715756 未中奖
2026/05/28 23:06:28.715756 未中奖
2026/05/28 23:06:28.715756 中奖：三等奖，剩余：4
2026/05/28 23:06:28.715756 未中奖
2026/05/28 23:06:28.715756 未中奖
2026/05/28 23:06:28.715756 未中奖
2026/05/28 23:06:28.715756 未中奖
2026/05/28 23:06:28.715756 未中奖
2026/05/28 23:06:28.715756 未中奖
2026/05/28 23:06:28.715756 奖品已发完
2026/05/28 23:06:28.715756 未中奖
2026/05/28 23:06:28.715756 未中奖
2026/05/28 23:06:28.715756 未中奖
2026/05/28 23:06:28.715756 未中奖
2026/05/28 23:06:28.715756 未中奖
2026/05/28 23:06:28.715756 未中奖
2026/05/28 23:06:28.715756 未中奖
2026/05/28 23:06:28.715756 未中奖
2026/05/28 23:06:28.715756 未中奖
2026/05/28 23:06:28.715756 中奖：三等奖，剩余：3
2026/05/28 23:06:28.715756 未中奖
2026/05/28 23:06:28.715756 未中奖
2026/05/28 23:06:28.715756 未中奖
2026/05/28 23:06:28.715756 未中奖
2026/05/28 23:06:28.715756 未中奖
2026/05/28 23:06:28.715756 未中奖
2026/05/28 23:06:28.715756 未中奖
2026/05/28 23:06:28.715756 未中奖
2026/05/28 23:06:28.715756 未中奖
2026/05/28 23:06:28.715756 未中奖
2026/05/28 23:06:28.715756 未中奖
2026/05/28 23:06:28.715756 未中奖
2026/05/28 23:06:28.715756 未中奖
2026/05/28 23:06:28.715756 未中奖
2026/05/28 23:06:28.715756 未中奖
2026/05/28 23:06:28.715756 未中奖
2026/05/28 23:06:28.715756 未中奖
2026/05/28 23:06:28.715756 未中奖
2026/05/28 23:06:28.715756 中奖：三等奖，剩余：2
2026/05/28 23:06:28.715756 未中奖
2026/05/28 23:06:28.715756 未中奖
2026/05/28 23:06:28.715756 未中奖
2026/05/28 23:06:28.715756 未中奖
2026/05/28 23:06:28.715756 未中奖
2026/05/28 23:06:28.715756 未中奖
2026/05/28 23:06:28.715756 未中奖
2026/05/28 23:06:28.715756 未中奖
2026/05/28 23:06:28.715756 未中奖
2026/05/28 23:06:28.715756 未中奖
2026/05/28 23:06:28.715756 未中奖
2026/05/28 23:06:28.715756 未中奖
2026/05/28 23:06:28.715756 未中奖
2026/05/28 23:06:28.715756 未中奖
2026/05/28 23:06:28.715756 未中奖
2026/05/28 23:06:28.715756 中奖：三等奖，剩余：1
2026/05/28 23:06:28.715756 未中奖
2026/05/28 23:06:28.715756 奖品已发完
2026/05/28 23:06:28.715756 未中奖
2026/05/28 23:06:28.715756 未中奖
2026/05/28 23:06:28.715756 未中奖
2026/05/28 23:06:28.715756 未中奖
2026/05/28 23:06:28.715756 未中奖
2026/05/28 23:06:28.715756 未中奖
2026/05/28 23:06:28.715756 未中奖
2026/05/28 23:06:28.715756 未中奖
2026/05/28 23:06:28.715756 未中奖
2026/05/28 23:06:28.715756 奖品已发完
2026/05/28 23:06:28.715756 未中奖
2026/05/28 23:06:28.715756 未中奖
2026/05/28 23:06:28.715756 未中奖
2026/05/28 23:06:28.715756 未中奖
2026/05/28 23:06:28.715756 未中奖
2026/05/28 23:06:28.715756 未中奖
2026/05/28 23:06:28.715756 未中奖
2026/05/28 23:06:28.715756 未中奖
2026/05/28 23:06:28.715756 未中奖
2026/05/28 23:06:28.715756 奖品已发完
2026/05/28 23:06:28.715756 未中奖
2026/05/28 23:06:28.715756 未中奖
2026/05/28 23:06:28.715756 未中奖
2026/05/28 23:06:28.717228 中奖：三等奖，剩余：0
2026/05/28 23:06:28.715756 未中奖
2026/05/28 23:06:28.717228 未中奖
2026/05/28 23:06:28.717228 奖品已发完
2026/05/28 23:06:28.717228 未中奖
2026/05/28 23:06:28.717228 未中奖
2026/05/28 23:06:28.717228 未中奖
2026/05/28 23:06:28.717228 未中奖
2026/05/28 23:06:28.717228 未中奖
2026/05/28 23:06:28.717228 未中奖
2026/05/28 23:06:28.717228 未中奖
2026/05/28 23:06:28.717228 未中奖
2026/05/28 23:06:28.717228 未中奖
2026/05/28 23:06:28.717228 未中奖
2026/05/28 23:06:28.717228 未中奖
2026/05/28 23:06:28.717228 奖品已发完
2026/05/28 23:06:28.717228 未中奖
2026/05/28 23:06:28.717228 未中奖
2026/05/28 23:06:28.717228 未中奖
2026/05/28 23:06:28.717228 未中奖
2026/05/28 23:06:28.715756 未中奖
2026/05/28 23:06:28.717228 未中奖
2026/05/28 23:06:28.717228 未中奖
2026/05/28 23:06:28.717228 未中奖
2026/05/28 23:06:28.717228 未中奖
2026/05/28 23:06:28.717228 未中奖
2026/05/28 23:06:28.715756 未中奖
2026/05/28 23:06:28.717228 未中奖
2026/05/28 23:06:28.717228 未中奖
2026/05/28 23:06:28.717228 未中奖
2026/05/28 23:06:28.717228 未中奖
2026/05/28 23:06:28.717228 未中奖
2026/05/28 23:06:28.717228 未中奖
2026/05/28 23:06:28.717228 未中奖
2026/05/28 23:06:28.717228 未中奖
2026/05/28 23:06:28.717228 奖品已发完
2026/05/28 23:06:28.717228 未中奖
2026/05/28 23:06:28.717228 未中奖
2026/05/28 23:06:28.717228 未中奖
2026/05/28 23:06:28.717228 未中奖
2026/05/28 23:06:28.717228 未中奖
2026/05/28 23:06:28.717228 未中奖
2026/05/28 23:06:28.717228 未中奖
2026/05/28 23:06:28.717228 未中奖
2026/05/28 23:06:28.717228 未中奖
2026/05/28 23:06:28.717228 未中奖
2026/05/28 23:06:28.717228 未中奖
2026/05/28 23:06:28.717228 未中奖
2026/05/28 23:06:28.717228 未中奖
2026/05/28 23:06:28.717228 奖品已发完
2026/05/28 23:06:28.717877 未中奖
2026/05/28 23:06:28.717877 奖品已发完
2026/05/28 23:06:28.717877 未中奖
2026/05/28 23:06:28.717877 未中奖
2026/05/28 23:06:28.717877 未中奖
2026/05/28 23:06:28.717877 未中奖
2026/05/28 23:06:28.717877 奖品已发完
2026/05/28 23:06:28.717228 未中奖
2026/05/28 23:06:28.717228 未中奖
2026/05/28 23:06:28.717877 未中奖
2026/05/28 23:06:28.717228 奖品已发完
2026/05/28 23:06:28.717877 未中奖
2026/05/28 23:06:28.717877 奖品已发完
2026/05/28 23:06:28.717877 未中奖
2026/05/28 23:06:28.717877 未中奖
2026/05/28 23:06:28.717877 未中奖
2026/05/28 23:06:28.717877 未中奖
2026/05/28 23:06:28.717877 未中奖
2026/05/28 23:06:28.717877 未中奖
2026/05/28 23:06:28.717877 奖品已发完
2026/05/28 23:06:28.717877 未中奖
2026/05/28 23:06:28.717877 未中奖
2026/05/28 23:06:28.717877 未中奖
2026/05/28 23:06:28.717877 未中奖
2026/05/28 23:06:28.717877 未中奖
2026/05/28 23:06:28.717877 未中奖
2026/05/28 23:06:28.717877 未中奖
2026/05/28 23:06:28.717877 未中奖
2026/05/28 23:06:28.717877 未中奖
2026/05/28 23:06:28.717877 未中奖
2026/05/28 23:06:28.717877 未中奖
2026/05/28 23:06:28.717877 未中奖
2026/05/28 23:06:28.717877 未中奖
2026/05/28 23:06:28.717877 未中奖
2026/05/28 23:06:28.717877 奖品已发完
2026/05/28 23:06:28.717877 未中奖
2026/05/28 23:06:28.717877 未中奖
2026/05/28 23:06:28.717877 未中奖
2026/05/28 23:06:28.717877 未中奖
2026/05/28 23:06:28.717877 未中奖
2026/05/28 23:06:28.717877 未中奖
2026/05/28 23:06:28.717877 未中奖
2026/05/28 23:06:28.717877 未中奖
2026/05/28 23:06:28.717877 奖品已发完
2026/05/28 23:06:28.717877 未中奖
2026/05/28 23:06:28.717877 未中奖
2026/05/28 23:06:28.718384 未中奖
2026/05/28 23:06:28.718384 未中奖
2026/05/28 23:06:28.717877 奖品已发完
2026/05/28 23:06:28.718384 未中奖
2026/05/28 23:06:28.718384 未中奖
2026/05/28 23:06:28.718384 未中奖
2026/05/28 23:06:28.718384 奖品已发完
2026/05/28 23:06:28.718384 未中奖
2026/05/28 23:06:28.718384 奖品已发完
2026/05/28 23:06:28.718384 未中奖
2026/05/28 23:06:28.718384 未中奖
2026/05/28 23:06:28.717877 未中奖
2026/05/28 23:06:28.718384 未中奖
2026/05/28 23:06:28.718384 未中奖
2026/05/28 23:06:28.717877 未中奖
2026/05/28 23:06:28.718384 未中奖
2026/05/28 23:06:28.718384 未中奖
2026/05/28 23:06:28.718384 未中奖
2026/05/28 23:06:28.718384 未中奖
2026/05/28 23:06:28.718384 未中奖
2026/05/28 23:06:28.718384 未中奖
2026/05/28 23:06:28.718384 未中奖
2026/05/28 23:06:28.718384 未中奖
2026/05/28 23:06:28.718384 未中奖
2026/05/28 23:06:28.718384 奖品已发完
2026/05/28 23:06:28.718384 未中奖
2026/05/28 23:06:28.718384 未中奖
2026/05/28 23:06:28.718384 未中奖
2026/05/28 23:06:28.718384 未中奖
2026/05/28 23:06:28.718384 未中奖
2026/05/28 23:06:28.718384 未中奖
2026/05/28 23:06:28.718384 未中奖
2026/05/28 23:06:28.718384 未中奖
2026/05/28 23:06:28.718384 未中奖
2026/05/28 23:06:28.718384 奖品已发完
2026/05/28 23:06:28.718384 奖品已发完
2026/05/28 23:06:28.718384 奖品已发完
2026/05/28 23:06:28.718384 未中奖
2026/05/28 23:06:28.718384 奖品已发完
2026/05/28 23:06:28.718384 未中奖
2026/05/28 23:06:28.718384 未中奖
2026/05/28 23:06:28.718384 奖品已发完
2026/05/28 23:06:28.718384 未中奖
2026/05/28 23:06:28.718384 未中奖
2026/05/28 23:06:28.719158 未中奖
2026/05/28 23:06:28.718384 未中奖
2026/05/28 23:06:28.719158 未中奖
2026/05/28 23:06:28.719158 未中奖
2026/05/28 23:06:28.718384 未中奖
2026/05/28 23:06:28.718384 未中奖
2026/05/28 23:06:28.718384 未中奖
2026/05/28 23:06:28.719158 未中奖
2026/05/28 23:06:28.719158 未中奖
2026/05/28 23:06:28.719158 未中奖
2026/05/28 23:06:28.719158 未中奖
2026/05/28 23:06:28.719158 未中奖
2026/05/28 23:06:28.719158 未中奖
2026/05/28 23:06:28.719158 未中奖
2026/05/28 23:06:28.719158 未中奖
2026/05/28 23:06:28.719158 奖品已发完
2026/05/28 23:06:28.719158 奖品已发完
2026/05/28 23:06:28.719158 奖品已发完
2026/05/28 23:06:28.719158 未中奖
2026/05/28 23:06:28.719158 未中奖
2026/05/28 23:06:28.719158 未中奖
2026/05/28 23:06:28.719158 未中奖
2026/05/28 23:06:28.719158 未中奖
2026/05/28 23:06:28.719158 未中奖
2026/05/28 23:06:28.719158 未中奖
2026/05/28 23:06:28.719158 未中奖
2026/05/28 23:06:28.719158 未中奖
2026/05/28 23:06:28.719158 未中奖
2026/05/28 23:06:28.719158 未中奖
2026/05/28 23:06:28.719158 未中奖
2026/05/28 23:06:28.719158 未中奖
2026/05/28 23:06:28.719158 未中奖
2026/05/28 23:06:28.719158 奖品已发完
2026/05/28 23:06:28.719158 未中奖
2026/05/28 23:06:28.719158 未中奖
2026/05/28 23:06:28.719158 未中奖
2026/05/28 23:06:28.719158 奖品已发完
2026/05/28 23:06:28.719158 未中奖
2026/05/28 23:06:28.719158 未中奖
2026/05/28 23:06:28.719158 未中奖
2026/05/28 23:06:28.719158 未中奖
2026/05/28 23:06:28.719158 未中奖
2026/05/28 23:06:28.719158 未中奖
2026/05/28 23:06:28.719158 未中奖
2026/05/28 23:06:28.719158 未中奖
2026/05/28 23:06:28.719158 未中奖
2026/05/28 23:06:28.719158 未中奖
2026/05/28 23:06:28.719158 未中奖
2026/05/28 23:06:28.719158 未中奖
2026/05/28 23:06:28.719158 未中奖
2026/05/28 23:06:28.719158 未中奖
2026/05/28 23:06:28.719158 未中奖
2026/05/28 23:06:28.719158 未中奖
2026/05/28 23:06:28.719158 未中奖
2026/05/28 23:06:28.719158 未中奖
2026/05/28 23:06:28.719158 未中奖
2026/05/28 23:06:28.719158 未中奖
2026/05/28 23:06:28.719158 奖品已发完
2026/05/28 23:06:28.719158 未中奖
2026/05/28 23:06:28.719158 未中奖
2026/05/28 23:06:28.719158 未中奖
2026/05/28 23:06:28.719158 未中奖
2026/05/28 23:06:28.719158 未中奖
2026/05/28 23:06:28.719158 奖品已发完
2026/05/28 23:06:28.719158 未中奖
2026/05/28 23:06:28.719158 未中奖
2026/05/28 23:06:28.719158 奖品已发完
2026/05/28 23:06:28.719158 未中奖
2026/05/28 23:06:28.719158 未中奖
2026/05/28 23:06:28.719158 未中奖
2026/05/28 23:06:28.719158 未中奖
2026/05/28 23:06:28.719158 未中奖
2026/05/28 23:06:28.719158 奖品已发完
2026/05/28 23:06:28.719158 未中奖
2026/05/28 23:06:28.719158 未中奖
2026/05/28 23:06:28.719158 未中奖
2026/05/28 23:06:28.719158 未中奖
2026/05/28 23:06:28.719158 未中奖
2026/05/28 23:06:28.719158 未中奖
2026/05/28 23:06:28.719158 未中奖
2026/05/28 23:06:28.720165 奖品已发完
2026/05/28 23:06:28.720165 未中奖
2026/05/28 23:06:28.720165 未中奖
2026/05/28 23:06:28.720165 奖品已发完
2026/05/28 23:06:28.720165 奖品已发完
2026/05/28 23:06:28.720165 未中奖
2026/05/28 23:06:28.720165 未中奖
2026/05/28 23:06:28.720165 未中奖
2026/05/28 23:06:28.720165 未中奖
2026/05/28 23:06:28.720165 未中奖
2026/05/28 23:06:28.719158 未中奖
2026/05/28 23:06:28.720165 未中奖
2026/05/28 23:06:28.720165 未中奖
2026/05/28 23:06:28.720165 未中奖
2026/05/28 23:06:28.720165 未中奖
2026/05/28 23:06:28.720165 未中奖
2026/05/28 23:06:28.720165 未中奖
2026/05/28 23:06:28.720165 未中奖
2026/05/28 23:06:28.719158 未中奖
2026/05/28 23:06:28.720165 未中奖
2026/05/28 23:06:28.720165 未中奖
2026/05/28 23:06:28.720165 未中奖
2026/05/28 23:06:28.720165 未中奖
2026/05/28 23:06:28.720165 未中奖
2026/05/28 23:06:28.720165 未中奖
2026/05/28 23:06:28.720165 未中奖
2026/05/28 23:06:28.720165 未中奖
2026/05/28 23:06:28.720165 未中奖
2026/05/28 23:06:28.720165 奖品已发完
2026/05/28 23:06:28.720165 未中奖
2026/05/28 23:06:28.720165 未中奖
2026/05/28 23:06:28.720165 未中奖
2026/05/28 23:06:28.720165 未中奖
2026/05/28 23:06:28.720165 未中奖
2026/05/28 23:06:28.720165 未中奖
2026/05/28 23:06:28.720165 未中奖
2026/05/28 23:06:28.720165 未中奖
2026/05/28 23:06:28.720165 奖品已发完
2026/05/28 23:06:28.720165 未中奖
2026/05/28 23:06:28.720165 未中奖
2026/05/28 23:06:28.720165 未中奖
2026/05/28 23:06:28.720165 未中奖
2026/05/28 23:06:28.720165 未中奖
2026/05/28 23:06:28.720165 未中奖
2026/05/28 23:06:28.720165 未中奖
2026/05/28 23:06:28.720165 未中奖
2026/05/28 23:06:28.720165 未中奖
2026/05/28 23:06:28.720165 未中奖
2026/05/28 23:06:28.720165 奖品已发完
2026/05/28 23:06:28.720165 奖品已发完
2026/05/28 23:06:28.720165 未中奖
2026/05/28 23:06:28.720165 未中奖
2026/05/28 23:06:28.720165 未中奖
2026/05/28 23:06:28.720165 未中奖
2026/05/28 23:06:28.720165 奖品已发完
2026/05/28 23:06:28.720165 未中奖
2026/05/28 23:06:28.720165 奖品已发完
2026/05/28 23:06:28.720165 未中奖
2026/05/28 23:06:28.720165 未中奖
2026/05/28 23:06:28.720165 未中奖
2026/05/28 23:06:28.720165 未中奖
2026/05/28 23:06:28.720165 未中奖
2026/05/28 23:06:28.720165 未中奖
2026/05/28 23:06:28.720165 奖品已发完
2026/05/28 23:06:28.720165 奖品已发完
2026/05/28 23:06:28.720165 未中奖
2026/05/28 23:06:28.720165 未中奖
2026/05/28 23:06:28.720165 未中奖
2026/05/28 23:06:28.720165 未中奖
2026/05/28 23:06:28.720165 未中奖
2026/05/28 23:06:28.720165 奖品已发完
2026/05/28 23:06:28.720165 未中奖
2026/05/28 23:06:28.720165 未中奖
2026/05/28 23:06:28.720165 未中奖
2026/05/28 23:06:28.720165 未中奖
2026/05/28 23:06:28.720165 未中奖
2026/05/28 23:06:28.720165 未中奖
2026/05/28 23:06:28.720165 未中奖
2026/05/28 23:06:28.720165 未中奖
2026/05/28 23:06:28.720165 未中奖
2026/05/28 23:06:28.720165 奖品已发完
2026/05/28 23:06:28.720165 未中奖
2026/05/28 23:06:28.720165 奖品已发完
2026/05/28 23:06:28.720165 未中奖
2026/05/28 23:06:28.720165 未中奖
2026/05/28 23:06:28.720165 奖品已发完
2026/05/28 23:06:28.721176 未中奖
2026/05/28 23:06:28.721176 未中奖
2026/05/28 23:06:28.721176 未中奖
2026/05/28 23:06:28.721176 未中奖
2026/05/28 23:06:28.721176 未中奖
2026/05/28 23:06:28.721176 未中奖
2026/05/28 23:06:28.721176 未中奖
2026/05/28 23:06:28.721176 未中奖
2026/05/28 23:06:28.721176 未中奖
2026/05/28 23:06:28.721176 未中奖
2026/05/28 23:06:28.721176 奖品已发完
2026/05/28 23:06:28.721176 未中奖
2026/05/28 23:06:28.721176 奖品已发完
2026/05/28 23:06:28.721176 未中奖
2026/05/28 23:06:28.721176 未中奖
2026/05/28 23:06:28.721176 未中奖
2026/05/28 23:06:28.721176 未中奖
2026/05/28 23:06:28.720165 未中奖
2026/05/28 23:06:28.721176 未中奖
2026/05/28 23:06:28.720165 未中奖
2026/05/28 23:06:28.720165 未中奖
2026/05/28 23:06:28.720165 未中奖
2026/05/28 23:06:28.721176 未中奖
2026/05/28 23:06:28.721176 未中奖
2026/05/28 23:06:28.721176 未中奖
2026/05/28 23:06:28.721176 未中奖
2026/05/28 23:06:28.721176 未中奖
2026/05/28 23:06:28.721176 未中奖
2026/05/28 23:06:28.721176 未中奖
2026/05/28 23:06:28.721176 未中奖
2026/05/28 23:06:28.721176 未中奖
2026/05/28 23:06:28.721176 未中奖
2026/05/28 23:06:28.721176 未中奖
2026/05/28 23:06:28.721176 未中奖
2026/05/28 23:06:28.721176 未中奖
2026/05/28 23:06:28.721176 未中奖
2026/05/28 23:06:28.721176 未中奖
2026/05/28 23:06:28.721176 未中奖
2026/05/28 23:06:28.721176 未中奖
2026/05/28 23:06:28.721176 未中奖
2026/05/28 23:06:28.721176 未中奖
2026/05/28 23:06:28.721176 未中奖
2026/05/28 23:06:28.721176 未中奖
2026/05/28 23:06:28.721176 未中奖
2026/05/28 23:06:28.721176 未中奖
2026/05/28 23:06:28.721176 未中奖
2026/05/28 23:06:28.721176 未中奖
2026/05/28 23:06:28.721176 未中奖
2026/05/28 23:06:28.721176 未中奖
2026/05/28 23:06:28.721176 未中奖
2026/05/28 23:06:28.721176 未中奖
2026/05/28 23:06:28.721176 奖品已发完
2026/05/28 23:06:28.721176 未中奖
2026/05/28 23:06:28.721176 奖品已发完
2026/05/28 23:06:28.721176 未中奖
2026/05/28 23:06:28.721176 未中奖
2026/05/28 23:06:28.721176 未中奖
2026/05/28 23:06:28.721176 未中奖
2026/05/28 23:06:28.721176 奖品已发完
2026/05/28 23:06:28.721176 未中奖
2026/05/28 23:06:28.721176 未中奖
2026/05/28 23:06:28.721176 未中奖
2026/05/28 23:06:28.721176 未中奖
2026/05/28 23:06:28.721176 未中奖
2026/05/28 23:06:28.721176 未中奖
2026/05/28 23:06:28.721176 未中奖
2026/05/28 23:06:28.721176 未中奖
2026/05/28 23:06:28.721176 未中奖
2026/05/28 23:06:28.721176 未中奖
2026/05/28 23:06:28.721176 奖品已发完
2026/05/28 23:06:28.721176 未中奖
2026/05/28 23:06:28.721176 未中奖
2026/05/28 23:06:28.722454 未中奖
2026/05/28 23:06:28.722454 未中奖
2026/05/28 23:06:28.722454 未中奖
2026/05/28 23:06:28.722454 未中奖
2026/05/28 23:06:28.722454 未中奖
2026/05/28 23:06:28.722454 未中奖
2026/05/28 23:06:28.722454 未中奖
2026/05/28 23:06:28.721176 未中奖
2026/05/28 23:06:28.722454 未中奖
2026/05/28 23:06:28.722454 未中奖
2026/05/28 23:06:28.722454 未中奖
2026/05/28 23:06:28.722454 奖品已发完
2026/05/28 23:06:28.722454 未中奖
2026/05/28 23:06:28.722454 未中奖
2026/05/28 23:06:28.722454 未中奖
2026/05/28 23:06:28.722454 未中奖
2026/05/28 23:06:28.722454 未中奖
2026/05/28 23:06:28.722454 奖品已发完
2026/05/28 23:06:28.722454 未中奖
2026/05/28 23:06:28.722454 未中奖
2026/05/28 23:06:28.722454 未中奖
2026/05/28 23:06:28.722454 未中奖
2026/05/28 23:06:28.722454 未中奖
2026/05/28 23:06:28.722454 未中奖
2026/05/28 23:06:28.722454 未中奖
2026/05/28 23:06:28.722454 未中奖
2026/05/28 23:06:28.722454 未中奖
2026/05/28 23:06:28.722454 未中奖
2026/05/28 23:06:28.722454 未中奖
2026/05/28 23:06:28.722454 未中奖
2026/05/28 23:06:28.722454 未中奖
2026/05/28 23:06:28.722454 未中奖
2026/05/28 23:06:28.722454 奖品已发完
2026/05/28 23:06:28.722454 未中奖
2026/05/28 23:06:28.722454 未中奖
2026/05/28 23:06:28.722454 未中奖
2026/05/28 23:06:28.722454 未中奖
2026/05/28 23:06:28.722454 未中奖
2026/05/28 23:06:28.722454 奖品已发完
2026/05/28 23:06:28.722454 未中奖
2026/05/28 23:06:28.722454 未中奖
2026/05/28 23:06:28.722454 未中奖
2026/05/28 23:06:28.722454 未中奖
2026/05/28 23:06:28.722454 奖品已发完
2026/05/28 23:06:28.722454 未中奖
2026/05/28 23:06:28.722454 未中奖
2026/05/28 23:06:28.722454 未中奖
2026/05/28 23:06:28.722454 未中奖
2026/05/28 23:06:28.722454 未中奖
2026/05/28 23:06:28.722454 未中奖
2026/05/28 23:06:28.722454 奖品已发完
2026/05/28 23:06:28.722454 未中奖
2026/05/28 23:06:28.722454 奖品已发完
2026/05/28 23:06:28.722454 未中奖
2026/05/28 23:06:28.722454 未中奖
2026/05/28 23:06:28.722454 未中奖
2026/05/28 23:06:28.722454 未中奖
2026/05/28 23:06:28.722454 未中奖
2026/05/28 23:06:28.722454 奖品已发完
2026/05/28 23:06:28.722454 未中奖
2026/05/28 23:06:28.722454 奖品已发完
2026/05/28 23:06:28.722454 未中奖
2026/05/28 23:06:28.722454 未中奖
2026/05/28 23:06:28.722454 未中奖
2026/05/28 23:06:28.722454 未中奖
2026/05/28 23:06:28.722454 奖品已发完
2026/05/28 23:06:28.722454 奖品已发完
2026/05/28 23:06:28.722454 未中奖
2026/05/28 23:06:28.722454 未中奖
2026/05/28 23:06:28.722454 未中奖
2026/05/28 23:06:28.722454 奖品已发完
2026/05/28 23:06:28.722454 未中奖
2026/05/28 23:06:28.722454 奖品已发完
2026/05/28 23:06:28.722454 未中奖
2026/05/28 23:06:28.722454 未中奖
2026/05/28 23:06:28.722454 未中奖
2026/05/28 23:06:28.722454 未中奖
2026/05/28 23:06:28.722454 未中奖
2026/05/28 23:06:28.722454 未中奖
2026/05/28 23:06:28.722454 未中奖
2026/05/28 23:06:28.722454 未中奖
2026/05/28 23:06:28.722454 未中奖
2026/05/28 23:06:28.722454 未中奖
2026/05/28 23:06:28.722454 未中奖
2026/05/28 23:06:28.722454 未中奖
2026/05/28 23:06:28.722454 未中奖
2026/05/28 23:06:28.722454 未中奖
2026/05/28 23:06:28.722454 未中奖
2026/05/28 23:06:28.723663 未中奖
2026/05/28 23:06:28.723663 未中奖
2026/05/28 23:06:28.723663 未中奖
2026/05/28 23:06:28.723663 未中奖
2026/05/28 23:06:28.722454 未中奖
2026/05/28 23:06:28.723663 未中奖
2026/05/28 23:06:28.723663 未中奖
2026/05/28 23:06:28.723663 未中奖
2026/05/28 23:06:28.723663 未中奖
2026/05/28 23:06:28.723663 未中奖
2026/05/28 23:06:28.722454 未中奖
2026/05/28 23:06:28.723663 未中奖
2026/05/28 23:06:28.723663 未中奖
2026/05/28 23:06:28.723663 未中奖
2026/05/28 23:06:28.723663 未中奖
2026/05/28 23:06:28.723663 未中奖
2026/05/28 23:06:28.723663 奖品已发完
2026/05/28 23:06:28.723663 未中奖
2026/05/28 23:06:28.723663 未中奖
2026/05/28 23:06:28.723663 未中奖
2026/05/28 23:06:28.723663 奖品已发完
2026/05/28 23:06:28.723663 未中奖
2026/05/28 23:06:28.723663 未中奖
2026/05/28 23:06:28.723663 未中奖
2026/05/28 23:06:28.723663 未中奖
2026/05/28 23:06:28.722454 未中奖
2026/05/28 23:06:28.723663 未中奖
2026/05/28 23:06:28.722454 未中奖
2026/05/28 23:06:28.723663 未中奖
2026/05/28 23:06:28.723663 未中奖
2026/05/28 23:06:28.723663 未中奖
2026/05/28 23:06:28.723663 未中奖
2026/05/28 23:06:28.723663 未中奖
2026/05/28 23:06:28.723663 奖品已发完
2026/05/28 23:06:28.723663 未中奖
2026/05/28 23:06:28.723663 未中奖
2026/05/28 23:06:28.723663 未中奖
2026/05/28 23:06:28.723663 未中奖
2026/05/28 23:06:28.723663 未中奖
2026/05/28 23:06:28.723663 未中奖
2026/05/28 23:06:28.723663 未中奖
2026/05/28 23:06:28.723663 奖品已发完
2026/05/28 23:06:28.723663 未中奖
2026/05/28 23:06:28.723663 未中奖
2026/05/28 23:06:28.723663 未中奖
2026/05/28 23:06:28.723663 未中奖
2026/05/28 23:06:28.723663 未中奖
2026/05/28 23:06:28.723663 未中奖
2026/05/28 23:06:28.723663 未中奖
2026/05/28 23:06:28.723663 未中奖
2026/05/28 23:06:28.723663 未中奖
2026/05/28 23:06:28.723663 未中奖
2026/05/28 23:06:28.723663 未中奖
2026/05/28 23:06:28.723663 未中奖
2026/05/28 23:06:28.723663 未中奖
2026/05/28 23:06:28.724625 未中奖
2026/05/28 23:06:28.724625 未中奖
2026/05/28 23:06:28.724625 未中奖
2026/05/28 23:06:28.724625 未中奖
2026/05/28 23:06:28.724625 未中奖
2026/05/28 23:06:28.724625 未中奖
2026/05/28 23:06:28.724625 未中奖
2026/05/28 23:06:28.723663 未中奖
2026/05/28 23:06:28.724625 奖品已发完
2026/05/28 23:06:28.724625 奖品已发完
2026/05/28 23:06:28.724625 奖品已发完
2026/05/28 23:06:28.724625 未中奖
2026/05/28 23:06:28.724625 未中奖
2026/05/28 23:06:28.724625 未中奖
2026/05/28 23:06:28.724625 未中奖
2026/05/28 23:06:28.724625 未中奖
2026/05/28 23:06:28.724625 未中奖
2026/05/28 23:06:28.723663 未中奖
2026/05/28 23:06:28.724625 未中奖
2026/05/28 23:06:28.724625 未中奖
2026/05/28 23:06:28.724625 未中奖
2026/05/28 23:06:28.724625 未中奖
2026/05/28 23:06:28.724625 未中奖
2026/05/28 23:06:28.724625 未中奖
2026/05/28 23:06:28.724625 未中奖
2026/05/28 23:06:28.724625 未中奖
2026/05/28 23:06:28.724625 未中奖
2026/05/28 23:06:28.724625 未中奖
2026/05/28 23:06:28.724625 未中奖
2026/05/28 23:06:28.724625 未中奖
2026/05/28 23:06:28.724625 未中奖
2026/05/28 23:06:28.724625 未中奖
2026/05/28 23:06:28.724625 未中奖
2026/05/28 23:06:28.724625 未中奖
2026/05/28 23:06:28.724625 奖品已发完
2026/05/28 23:06:28.724625 未中奖
2026/05/28 23:06:28.724625 未中奖
2026/05/28 23:06:28.724625 未中奖
2026/05/28 23:06:28.724625 未中奖
2026/05/28 23:06:28.724625 未中奖
2026/05/28 23:06:28.724625 未中奖
2026/05/28 23:06:28.724625 未中奖
2026/05/28 23:06:28.724625 未中奖
2026/05/28 23:06:28.724625 未中奖
2026/05/28 23:06:28.723663 未中奖
2026/05/28 23:06:28.724625 奖品已发完
2026/05/28 23:06:28.724625 未中奖
2026/05/28 23:06:28.724625 未中奖
2026/05/28 23:06:28.724625 未中奖
2026/05/28 23:06:28.724625 未中奖
2026/05/28 23:06:28.724625 未中奖
2026/05/28 23:06:28.725130 未中奖
2026/05/28 23:06:28.724625 未中奖
2026/05/28 23:06:28.724625 未中奖
2026/05/28 23:06:28.724625 未中奖
2026/05/28 23:06:28.725130 未中奖
2026/05/28 23:06:28.725130 未中奖
2026/05/28 23:06:28.725130 未中奖
2026/05/28 23:06:28.725130 未中奖
2026/05/28 23:06:28.725130 奖品已发完
2026/05/28 23:06:28.725130 未中奖
2026/05/28 23:06:28.725130 未中奖
2026/05/28 23:06:28.725130 未中奖
2026/05/28 23:06:28.725130 未中奖
2026/05/28 23:06:28.725130 未中奖
2026/05/28 23:06:28.725130 未中奖
2026/05/28 23:06:28.725130 未中奖
2026/05/28 23:06:28.725130 未中奖
2026/05/28 23:06:28.725130 未中奖
2026/05/28 23:06:28.725130 未中奖
2026/05/28 23:06:28.725130 未中奖
2026/05/28 23:06:28.725130 未中奖
2026/05/28 23:06:28.725130 未中奖
2026/05/28 23:06:28.725130 未中奖
2026/05/28 23:06:28.725130 未中奖
2026/05/28 23:06:28.725130 未中奖
2026/05/28 23:06:28.725130 奖品已发完
2026/05/28 23:06:28.725130 未中奖
2026/05/28 23:06:28.725130 未中奖
2026/05/28 23:06:28.725130 未中奖
2026/05/28 23:06:28.725649 未中奖
2026/05/28 23:06:28.725649 未中奖
2026/05/28 23:06:28.725130 未中奖
2026/05/28 23:06:28.725649 未中奖
2026/05/28 23:06:28.725649 奖品已发完
2026/05/28 23:06:28.725649 未中奖
2026/05/28 23:06:28.725649 未中奖
2026/05/28 23:06:28.725649 未中奖
2026/05/28 23:06:28.725130 未中奖
2026/05/28 23:06:28.725649 未中奖
2026/05/28 23:06:28.725649 未中奖
2026/05/28 23:06:28.725130 未中奖
2026/05/28 23:06:28.725130 未中奖
2026/05/28 23:06:28.725649 未中奖
2026/05/28 23:06:28.725649 奖品已发完
2026/05/28 23:06:28.725649 未中奖
2026/05/28 23:06:28.725649 未中奖
2026/05/28 23:06:28.725649 未中奖
2026/05/28 23:06:28.725649 未中奖
2026/05/28 23:06:28.725649 未中奖
2026/05/28 23:06:28.725649 未中奖
2026/05/28 23:06:28.725649 未中奖
2026/05/28 23:06:28.725649 未中奖
2026/05/28 23:06:28.725649 未中奖
2026/05/28 23:06:28.725649 未中奖
2026/05/28 23:06:28.725649 未中奖
2026/05/28 23:06:28.726154 未中奖
2026/05/28 23:06:28.725649 未中奖
2026/05/28 23:06:28.726154 未中奖
2026/05/28 23:06:28.726154 奖品已发完
2026/05/28 23:06:28.726154 未中奖
2026/05/28 23:06:28.726154 未中奖
2026/05/28 23:06:28.726154 未中奖
2026/05/28 23:06:28.725649 未中奖
2026/05/28 23:06:28.726154 奖品已发完
2026/05/28 23:06:28.726154 奖品已发完
2026/05/28 23:06:28.726154 未中奖
2026/05/28 23:06:28.726154 未中奖
2026/05/28 23:06:28.726154 未中奖
2026/05/28 23:06:28.726154 未中奖
2026/05/28 23:06:28.726154 未中奖
2026/05/28 23:06:28.726154 未中奖
2026/05/28 23:06:28.726154 未中奖
2026/05/28 23:06:28.726154 未中奖
2026/05/28 23:06:28.726154 未中奖
2026/05/28 23:06:28.726154 奖品已发完
2026/05/28 23:06:28.726154 未中奖
2026/05/28 23:06:28.726154 未中奖
2026/05/28 23:06:28.726154 未中奖
2026/05/28 23:06:28.726154 奖品已发完
2026/05/28 23:06:28.726154 未中奖
2026/05/28 23:06:28.726154 未中奖
2026/05/28 23:06:28.725649 奖品已发完
2026/05/28 23:06:28.726154 奖品已发完
2026/05/28 23:06:28.726154 未中奖
2026/05/28 23:06:28.726154 未中奖
2026/05/28 23:06:28.726154 未中奖
2026/05/28 23:06:28.726154 未中奖
2026/05/28 23:06:28.726154 未中奖
2026/05/28 23:06:28.726154 未中奖
2026/05/28 23:06:28.726154 未中奖
2026/05/28 23:06:28.726154 未中奖
2026/05/28 23:06:28.726154 未中奖
2026/05/28 23:06:28.726154 未中奖
2026/05/28 23:06:28.726154 未中奖
2026/05/28 23:06:28.726154 未中奖
2026/05/28 23:06:28.726154 未中奖
2026/05/28 23:06:28.726154 未中奖
2026/05/28 23:06:28.726154 奖品已发完
2026/05/28 23:06:28.726154 未中奖
2026/05/28 23:06:28.726154 未中奖
2026/05/28 23:06:28.726154 奖品已发完
2026/05/28 23:06:28.726154 未中奖
2026/05/28 23:06:28.726154 未中奖
2026/05/28 23:06:28.726154 未中奖
2026/05/28 23:06:28.726154 未中奖
2026/05/28 23:06:28.726154 未中奖
2026/05/28 23:06:28.726154 未中奖
2026/05/28 23:06:28.726154 未中奖
2026/05/28 23:06:28.726154 未中奖
2026/05/28 23:06:28.726154 未中奖
2026/05/28 23:06:28.726154 未中奖
2026/05/28 23:06:28.726154 未中奖
2026/05/28 23:06:28.726154 奖品已发完
2026/05/28 23:06:28.726154 未中奖
2026/05/28 23:06:28.726154 未中奖
2026/05/28 23:06:28.726154 未中奖
2026/05/28 23:06:28.726154 未中奖
2026/05/28 23:06:28.726154 未中奖
2026/05/28 23:06:28.726154 未中奖
2026/05/28 23:06:28.726154 未中奖
2026/05/28 23:06:28.726154 未中奖
2026/05/28 23:06:28.726154 未中奖
2026/05/28 23:06:28.726154 未中奖
2026/05/28 23:06:28.726154 未中奖
2026/05/28 23:06:28.726154 奖品已发完
2026/05/28 23:06:28.726154 未中奖
2026/05/28 23:06:28.726154 未中奖
2026/05/28 23:06:28.726154 奖品已发完
2026/05/28 23:06:28.726154 奖品已发完
2026/05/28 23:06:28.726154 未中奖
2026/05/28 23:06:28.726154 未中奖
2026/05/28 23:06:28.726154 未中奖
2026/05/28 23:06:28.726154 未中奖
2026/05/28 23:06:28.726154 未中奖
2026/05/28 23:06:28.726154 奖品已发完
2026/05/28 23:06:28.727176 未中奖
2026/05/28 23:06:28.727176 未中奖
2026/05/28 23:06:28.727176 未中奖
2026/05/28 23:06:28.727176 奖品已发完
2026/05/28 23:06:28.727176 未中奖
2026/05/28 23:06:28.727176 未中奖
2026/05/28 23:06:28.727176 奖品已发完
2026/05/28 23:06:28.727176 未中奖
2026/05/28 23:06:28.727176 未中奖
2026/05/28 23:06:28.727176 未中奖
2026/05/28 23:06:28.727176 未中奖
2026/05/28 23:06:28.727176 未中奖
2026/05/28 23:06:28.727176 未中奖
2026/05/28 23:06:28.726154 未中奖
2026/05/28 23:06:28.726154 未中奖
2026/05/28 23:06:28.726154 未中奖
2026/05/28 23:06:28.726154 未中奖
2026/05/28 23:06:28.727176 未中奖
2026/05/28 23:06:28.727176 未中奖
2026/05/28 23:06:28.727176 未中奖
2026/05/28 23:06:28.727176 未中奖
2026/05/28 23:06:28.727176 未中奖
2026/05/28 23:06:28.727176 未中奖
2026/05/28 23:06:28.727176 未中奖
2026/05/28 23:06:28.727176 未中奖
2026/05/28 23:06:28.727176 未中奖
2026/05/28 23:06:28.727176 未中奖
2026/05/28 23:06:28.727176 未中奖
2026/05/28 23:06:28.727176 未中奖
2026/05/28 23:06:28.727176 未中奖
2026/05/28 23:06:28.727176 未中奖
2026/05/28 23:06:28.727176 未中奖
2026/05/28 23:06:28.727176 未中奖
2026/05/28 23:06:28.727176 未中奖
2026/05/28 23:06:28.727176 奖品已发完
2026/05/28 23:06:28.727176 未中奖
2026/05/28 23:06:28.727176 未中奖
2026/05/28 23:06:28.727176 奖品已发完
2026/05/28 23:06:28.727176 奖品已发完
2026/05/28 23:06:28.727176 未中奖
2026/05/28 23:06:28.727176 未中奖
2026/05/28 23:06:28.727176 未中奖
2026/05/28 23:06:28.727176 未中奖
2026/05/28 23:06:28.727176 未中奖
2026/05/28 23:06:28.727176 未中奖
2026/05/28 23:06:28.727176 未中奖
2026/05/28 23:06:28.727176 未中奖
2026/05/28 23:06:28.727176 未中奖
2026/05/28 23:06:28.727176 未中奖
2026/05/28 23:06:28.727176 未中奖
2026/05/28 23:06:28.727176 未中奖
2026/05/28 23:06:28.727176 未中奖
2026/05/28 23:06:28.727176 未中奖
2026/05/28 23:06:28.727176 未中奖
2026/05/28 23:06:28.727176 未中奖
2026/05/28 23:06:28.727176 未中奖
2026/05/28 23:06:28.727176 未中奖
2026/05/28 23:06:28.727176 未中奖
2026/05/28 23:06:28.727176 未中奖
2026/05/28 23:06:28.727176 奖品已发完
2026/05/28 23:06:28.727176 未中奖
2026/05/28 23:06:28.727176 未中奖
2026/05/28 23:06:28.727176 未中奖
2026/05/28 23:06:28.727176 未中奖
2026/05/28 23:06:28.727176 未中奖
2026/05/28 23:06:28.727176 未中奖
2026/05/28 23:06:28.727176 未中奖
2026/05/28 23:06:28.727176 奖品已发完
2026/05/28 23:06:28.727176 未中奖
2026/05/28 23:06:28.727176 未中奖
2026/05/28 23:06:28.727176 未中奖
2026/05/28 23:06:28.727176 未中奖
2026/05/28 23:06:28.727176 未中奖
2026/05/28 23:06:28.727176 未中奖
2026/05/28 23:06:28.727176 未中奖
2026/05/28 23:06:28.727176 未中奖
2026/05/28 23:06:28.727176 未中奖
2026/05/28 23:06:28.727176 未中奖
2026/05/28 23:06:28.727176 未中奖
2026/05/28 23:06:28.727176 未中奖
2026/05/28 23:06:28.727176 未中奖
2026/05/28 23:06:28.728684 奖品已发完
2026/05/28 23:06:28.727176 未中奖
2026/05/28 23:06:28.727176 未中奖
2026/05/28 23:06:28.727176 未中奖
2026/05/28 23:06:28.728684 未中奖
2026/05/28 23:06:28.727176 未中奖
2026/05/28 23:06:28.728684 未中奖
2026/05/28 23:06:28.728684 奖品已发完
2026/05/28 23:06:28.728684 未中奖
2026/05/28 23:06:28.728684 未中奖
2026/05/28 23:06:28.728684 未中奖
2026/05/28 23:06:28.728684 奖品已发完
2026/05/28 23:06:28.728684 未中奖
2026/05/28 23:06:28.728684 未中奖
2026/05/28 23:06:28.728684 未中奖
2026/05/28 23:06:28.728684 未中奖
2026/05/28 23:06:28.728684 未中奖
2026/05/28 23:06:28.728684 未中奖
2026/05/28 23:06:28.728684 未中奖
2026/05/28 23:06:28.728684 未中奖
2026/05/28 23:06:28.728684 奖品已发完
2026/05/28 23:06:28.728684 未中奖
2026/05/28 23:06:28.728684 奖品已发完
2026/05/28 23:06:28.728684 未中奖
2026/05/28 23:06:28.728684 未中奖
2026/05/28 23:06:28.728684 未中奖
2026/05/28 23:06:28.728684 未中奖
2026/05/28 23:06:28.728684 未中奖
2026/05/28 23:06:28.728684 未中奖
2026/05/28 23:06:28.728684 奖品已发完
2026/05/28 23:06:28.728684 未中奖
2026/05/28 23:06:28.728684 未中奖
2026/05/28 23:06:28.728684 未中奖
2026/05/28 23:06:28.728684 未中奖
2026/05/28 23:06:28.728684 未中奖
2026/05/28 23:06:28.729913 未中奖
2026/05/28 23:06:28.728684 未中奖
2026/05/28 23:06:28.729913 未中奖
2026/05/28 23:06:28.729913 未中奖
2026/05/28 23:06:28.728684 未中奖
2026/05/28 23:06:28.729913 未中奖
2026/05/28 23:06:28.729913 未中奖
2026/05/28 23:06:28.728684 未中奖
2026/05/28 23:06:28.729913 未中奖
2026/05/28 23:06:28.729913 未中奖
2026/05/28 23:06:28.729913 未中奖
2026/05/28 23:06:28.729913 未中奖
2026/05/28 23:06:28.729913 奖品已发完
2026/05/28 23:06:28.729913 未中奖
2026/05/28 23:06:28.729913 未中奖
2026/05/28 23:06:28.729913 未中奖
2026/05/28 23:06:28.729913 未中奖
2026/05/28 23:06:28.729913 未中奖
2026/05/28 23:06:28.729913 奖品已发完
2026/05/28 23:06:28.729913 未中奖
2026/05/28 23:06:28.729913 未中奖
2026/05/28 23:06:28.729913 奖品已发完
2026/05/28 23:06:28.729913 未中奖
2026/05/28 23:06:28.729913 未中奖
2026/05/28 23:06:28.729913 未中奖
2026/05/28 23:06:28.729913 奖品已发完
2026/05/28 23:06:28.729913 奖品已发完
2026/05/28 23:06:28.729913 奖品已发完
2026/05/28 23:06:28.729913 未中奖
2026/05/28 23:06:28.729913 未中奖
2026/05/28 23:06:28.729913 未中奖
2026/05/28 23:06:28.729913 未中奖
2026/05/28 23:06:28.729913 未中奖
2026/05/28 23:06:28.729913 未中奖
2026/05/28 23:06:28.729913 未中奖
2026/05/28 23:06:28.729913 未中奖
2026/05/28 23:06:28.729913 未中奖
2026/05/28 23:06:28.729913 未中奖
2026/05/28 23:06:28.729913 未中奖
2026/05/28 23:06:28.729913 未中奖
2026/05/28 23:06:28.729913 未中奖
2026/05/28 23:06:28.729913 未中奖
2026/05/28 23:06:28.729913 未中奖
2026/05/28 23:06:28.729913 未中奖
2026/05/28 23:06:28.729913 未中奖
2026/05/28 23:06:28.729913 未中奖
2026/05/28 23:06:28.729913 未中奖
2026/05/28 23:06:28.729913 未中奖
2026/05/28 23:06:28.729913 未中奖
2026/05/28 23:06:28.729913 未中奖
2026/05/28 23:06:28.729913 未中奖
2026/05/28 23:06:28.729913 未中奖
2026/05/28 23:06:28.729913 未中奖
2026/05/28 23:06:28.729913 未中奖
2026/05/28 23:06:28.729913 未中奖
2026/05/28 23:06:28.729913 未中奖
2026/05/28 23:06:28.729913 未中奖
2026/05/28 23:06:28.730925 未中奖
2026/05/28 23:06:28.730925 未中奖
2026/05/28 23:06:28.729913 未中奖
2026/05/28 23:06:28.730925 未中奖
2026/05/28 23:06:28.730925 未中奖
2026/05/28 23:06:28.730925 未中奖
2026/05/28 23:06:28.730925 未中奖
2026/05/28 23:06:28.730925 未中奖
2026/05/28 23:06:28.730925 未中奖
2026/05/28 23:06:28.730925 未中奖
2026/05/28 23:06:28.730925 未中奖
2026/05/28 23:06:28.730925 未中奖
2026/05/28 23:06:28.730925 未中奖
2026/05/28 23:06:28.730925 未中奖
2026/05/28 23:06:28.730925 未中奖
2026/05/28 23:06:28.730925 未中奖
2026/05/28 23:06:28.730925 奖品已发完
2026/05/28 23:06:28.730925 奖品已发完
2026/05/28 23:06:28.730925 未中奖
2026/05/28 23:06:28.730925 未中奖
2026/05/28 23:06:28.730925 未中奖
2026/05/28 23:06:28.730925 未中奖
2026/05/28 23:06:28.730925 奖品已发完
2026/05/28 23:06:28.730925 未中奖
2026/05/28 23:06:28.730925 未中奖
2026/05/28 23:06:28.730925 奖品已发完
2026/05/28 23:06:28.730925 未中奖
2026/05/28 23:06:28.730925 未中奖
2026/05/28 23:06:28.730925 奖品已发完
2026/05/28 23:06:28.730925 未中奖
2026/05/28 23:06:28.730925 未中奖
2026/05/28 23:06:28.730925 未中奖
2026/05/28 23:06:28.730925 未中奖
2026/05/28 23:06:28.730925 未中奖
2026/05/28 23:06:28.730925 未中奖
2026/05/28 23:06:28.730925 未中奖
2026/05/28 23:06:28.730925 奖品已发完
2026/05/28 23:06:28.730925 未中奖
2026/05/28 23:06:28.730925 未中奖
2026/05/28 23:06:28.730925 未中奖
2026/05/28 23:06:28.730925 奖品已发完
2026/05/28 23:06:28.730925 未中奖
2026/05/28 23:06:28.730925 未中奖
2026/05/28 23:06:28.730925 未中奖
2026/05/28 23:06:28.730925 未中奖
2026/05/28 23:06:28.730925 奖品已发完
2026/05/28 23:06:28.730925 奖品已发完
2026/05/28 23:06:28.731926 未中奖
2026/05/28 23:06:28.731926 未中奖
2026/05/28 23:06:28.731926 未中奖
2026/05/28 23:06:28.731926 未中奖
2026/05/28 23:06:28.731926 未中奖
2026/05/28 23:06:28.731926 未中奖
2026/05/28 23:06:28.731926 奖品已发完
2026/05/28 23:06:28.731926 未中奖
2026/05/28 23:06:28.731926 未中奖
2026/05/28 23:06:28.731926 未中奖
2026/05/28 23:06:28.731926 未中奖
2026/05/28 23:06:28.730925 未中奖
2026/05/28 23:06:28.730925 未中奖
2026/05/28 23:06:28.731926 未中奖
2026/05/28 23:06:28.730925 未中奖
2026/05/28 23:06:28.730925 奖品已发完
2026/05/28 23:06:28.731926 未中奖
2026/05/28 23:06:28.731926 奖品已发完
2026/05/28 23:06:28.731926 未中奖
2026/05/28 23:06:28.731926 未中奖
2026/05/28 23:06:28.731926 未中奖
2026/05/28 23:06:28.731926 未中奖
2026/05/28 23:06:28.731926 未中奖
2026/05/28 23:06:28.731926 奖品已发完
2026/05/28 23:06:28.731926 未中奖
2026/05/28 23:06:28.731926 未中奖
2026/05/28 23:06:28.731926 未中奖
2026/05/28 23:06:28.731926 未中奖
2026/05/28 23:06:28.731926 未中奖
2026/05/28 23:06:28.731926 未中奖
2026/05/28 23:06:28.731926 未中奖
2026/05/28 23:06:28.731926 未中奖
2026/05/28 23:06:28.731926 未中奖
2026/05/28 23:06:28.731926 未中奖
2026/05/28 23:06:28.731926 未中奖
2026/05/28 23:06:28.731926 未中奖
2026/05/28 23:06:28.731926 未中奖
2026/05/28 23:06:28.731926 未中奖
2026/05/28 23:06:28.731926 未中奖
2026/05/28 23:06:28.731926 未中奖
2026/05/28 23:06:28.731926 未中奖
2026/05/28 23:06:28.731926 未中奖
2026/05/28 23:06:28.731926 未中奖
2026/05/28 23:06:28.731926 未中奖
2026/05/28 23:06:28.731926 未中奖
2026/05/28 23:06:28.731926 未中奖
2026/05/28 23:06:28.731926 奖品已发完
2026/05/28 23:06:28.731926 未中奖
2026/05/28 23:06:28.731926 未中奖
2026/05/28 23:06:28.731926 未中奖
2026/05/28 23:06:28.731926 未中奖
2026/05/28 23:06:28.731926 奖品已发完
2026/05/28 23:06:28.731926 未中奖
2026/05/28 23:06:28.731926 未中奖
2026/05/28 23:06:28.731926 未中奖
2026/05/28 23:06:28.731926 未中奖
2026/05/28 23:06:28.732926 未中奖
2026/05/28 23:06:28.732926 奖品已发完
2026/05/28 23:06:28.732926 未中奖
2026/05/28 23:06:28.731926 未中奖
2026/05/28 23:06:28.731926 未中奖
2026/05/28 23:06:28.732926 未中奖
2026/05/28 23:06:28.732926 未中奖
2026/05/28 23:06:28.732926 未中奖
2026/05/28 23:06:28.731926 未中奖
2026/05/28 23:06:28.732926 未中奖
2026/05/28 23:06:28.732926 未中奖
2026/05/28 23:06:28.732926 未中奖
2026/05/28 23:06:28.732926 未中奖
2026/05/28 23:06:28.732926 未中奖
2026/05/28 23:06:28.732926 未中奖
2026/05/28 23:06:28.732926 未中奖
2026/05/28 23:06:28.732926 未中奖
2026/05/28 23:06:28.732926 未中奖
2026/05/28 23:06:28.732926 未中奖
2026/05/28 23:06:28.732926 未中奖
2026/05/28 23:06:28.732926 未中奖
2026/05/28 23:06:28.732926 未中奖
2026/05/28 23:06:28.732926 未中奖
2026/05/28 23:06:28.732926 未中奖
2026/05/28 23:06:28.732926 奖品已发完
2026/05/28 23:06:28.732926 未中奖
2026/05/28 23:06:28.732926 未中奖
2026/05/28 23:06:28.732926 未中奖
2026/05/28 23:06:28.732926 未中奖
2026/05/28 23:06:28.732926 未中奖
2026/05/28 23:06:28.732926 未中奖
2026/05/28 23:06:28.732926 未中奖
2026/05/28 23:06:28.732926 未中奖
2026/05/28 23:06:28.732926 未中奖
2026/05/28 23:06:28.732926 未中奖
2026/05/28 23:06:28.732926 未中奖
2026/05/28 23:06:28.732926 未中奖
2026/05/28 23:06:28.732926 未中奖
2026/05/28 23:06:28.732926 未中奖
2026/05/28 23:06:28.732926 未中奖
2026/05/28 23:06:28.732926 未中奖
2026/05/28 23:06:28.732926 未中奖
2026/05/28 23:06:28.732926 未中奖
2026/05/28 23:06:28.732926 未中奖
2026/05/28 23:06:28.732926 未中奖
2026/05/28 23:06:28.732926 未中奖
2026/05/28 23:06:28.732926 未中奖
2026/05/28 23:06:28.732926 未中奖
2026/05/28 23:06:28.732926 未中奖
2026/05/28 23:06:28.732926 未中奖
2026/05/28 23:06:28.732926 未中奖
2026/05/28 23:06:28.732926 未中奖
2026/05/28 23:06:28.732926 未中奖
2026/05/28 23:06:28.732926 未中奖
2026/05/28 23:06:28.733927 未中奖
2026/05/28 23:06:28.733927 未中奖
2026/05/28 23:06:28.733927 未中奖
2026/05/28 23:06:28.733927 未中奖
2026/05/28 23:06:28.733927 未中奖
2026/05/28 23:06:28.733927 未中奖
2026/05/28 23:06:28.733927 奖品已发完
2026/05/28 23:06:28.733927 未中奖
2026/05/28 23:06:28.733927 未中奖
2026/05/28 23:06:28.733927 未中奖
2026/05/28 23:06:28.733927 未中奖
2026/05/28 23:06:28.733927 奖品已发完
2026/05/28 23:06:28.733927 未中奖
2026/05/28 23:06:28.733927 未中奖
2026/05/28 23:06:28.733927 未中奖
2026/05/28 23:06:28.733927 奖品已发完
2026/05/28 23:06:28.733927 奖品已发完
2026/05/28 23:06:28.733927 奖品已发完
2026/05/28 23:06:28.733927 未中奖
2026/05/28 23:06:28.733927 奖品已发完
2026/05/28 23:06:28.733927 未中奖
2026/05/28 23:06:28.733927 未中奖
2026/05/28 23:06:28.733927 未中奖
2026/05/28 23:06:28.733927 未中奖
2026/05/28 23:06:28.733927 奖品已发完
2026/05/28 23:06:28.733927 未中奖
2026/05/28 23:06:28.733927 未中奖
2026/05/28 23:06:28.733927 未中奖
2026/05/28 23:06:28.733927 未中奖
2026/05/28 23:06:28.733927 未中奖
2026/05/28 23:06:28.733927 未中奖
2026/05/28 23:06:28.733927 未中奖
2026/05/28 23:06:28.733927 奖品已发完
2026/05/28 23:06:28.733927 未中奖
2026/05/28 23:06:28.733927 未中奖
2026/05/28 23:06:28.733927 奖品已发完
2026/05/28 23:06:28.733927 未中奖
2026/05/28 23:06:28.733927 未中奖
2026/05/28 23:06:28.733927 未中奖
2026/05/28 23:06:28.733927 未中奖
2026/05/28 23:06:28.733927 未中奖
2026/05/28 23:06:28.733927 未中奖
2026/05/28 23:06:28.733927 未中奖
2026/05/28 23:06:28.733927 未中奖
2026/05/28 23:06:28.733927 未中奖
2026/05/28 23:06:28.733927 未中奖
2026/05/28 23:06:28.733927 未中奖
2026/05/28 23:06:28.733927 未中奖
2026/05/28 23:06:28.733927 未中奖
2026/05/28 23:06:28.733927 奖品已发完
2026/05/28 23:06:28.734922 未中奖
2026/05/28 23:06:28.734922 未中奖
2026/05/28 23:06:28.734922 未中奖
2026/05/28 23:06:28.734922 奖品已发完
2026/05/28 23:06:28.734922 未中奖
2026/05/28 23:06:28.733927 未中奖
2026/05/28 23:06:28.733927 未中奖
2026/05/28 23:06:28.733927 未中奖
2026/05/28 23:06:28.734922 未中奖
2026/05/28 23:06:28.734922 未中奖
2026/05/28 23:06:28.734922 未中奖
2026/05/28 23:06:28.734922 未中奖
2026/05/28 23:06:28.734922 未中奖
2026/05/28 23:06:28.734922 未中奖
2026/05/28 23:06:28.734922 未中奖
2026/05/28 23:06:28.734922 未中奖
2026/05/28 23:06:28.734922 未中奖
2026/05/28 23:06:28.734922 未中奖
2026/05/28 23:06:28.734922 未中奖
2026/05/28 23:06:28.734922 未中奖
2026/05/28 23:06:28.734922 奖品已发完
2026/05/28 23:06:28.734922 未中奖
2026/05/28 23:06:28.734922 未中奖
2026/05/28 23:06:28.734922 奖品已发完
2026/05/28 23:06:28.734922 未中奖
2026/05/28 23:06:28.734922 未中奖
2026/05/28 23:06:28.734922 未中奖
2026/05/28 23:06:28.734922 未中奖
2026/05/28 23:06:28.734922 未中奖
2026/05/28 23:06:28.734922 未中奖
2026/05/28 23:06:28.734922 奖品已发完
2026/05/28 23:06:28.734922 奖品已发完
2026/05/28 23:06:28.734922 未中奖
2026/05/28 23:06:28.734922 未中奖
2026/05/28 23:06:28.734922 未中奖
2026/05/28 23:06:28.735429 未中奖
2026/05/28 23:06:28.735429 未中奖
2026/05/28 23:06:28.735429 未中奖
2026/05/28 23:06:28.735429 奖品已发完
2026/05/28 23:06:28.734922 未中奖
2026/05/28 23:06:28.735429 未中奖
2026/05/28 23:06:28.735429 未中奖
2026/05/28 23:06:28.735429 未中奖
2026/05/28 23:06:28.735429 未中奖
2026/05/28 23:06:28.735429 未中奖
2026/05/28 23:06:28.735429 未中奖
2026/05/28 23:06:28.735429 未中奖
2026/05/28 23:06:28.735429 未中奖
2026/05/28 23:06:28.735429 未中奖
2026/05/28 23:06:28.735429 未中奖
2026/05/28 23:06:28.735429 未中奖
2026/05/28 23:06:28.735429 未中奖
2026/05/28 23:06:28.735429 未中奖
2026/05/28 23:06:28.735429 未中奖
2026/05/28 23:06:28.735429 未中奖
2026/05/28 23:06:28.735429 未中奖
2026/05/28 23:06:28.735429 未中奖
2026/05/28 23:06:28.735429 未中奖
2026/05/28 23:06:28.735429 未中奖
2026/05/28 23:06:28.735429 未中奖
2026/05/28 23:06:28.735429 未中奖
2026/05/28 23:06:28.735429 未中奖
2026/05/28 23:06:28.735429 未中奖
2026/05/28 23:06:28.735429 未中奖
2026/05/28 23:06:28.735429 未中奖
2026/05/28 23:06:28.735429 未中奖
2026/05/28 23:06:28.735429 未中奖
2026/05/28 23:06:28.735429 未中奖
2026/05/28 23:06:28.735429 未中奖
2026/05/28 23:06:28.735429 未中奖
2026/05/28 23:06:28.735429 未中奖
2026/05/28 23:06:28.735429 未中奖
2026/05/28 23:06:28.735429 未中奖
2026/05/28 23:06:28.735429 未中奖
2026/05/28 23:06:28.735429 未中奖
2026/05/28 23:06:28.735429 未中奖
2026/05/28 23:06:28.735429 未中奖
2026/05/28 23:06:28.735429 未中奖
2026/05/28 23:06:28.735429 未中奖
2026/05/28 23:06:28.735429 未中奖
2026/05/28 23:06:28.735429 未中奖
2026/05/28 23:06:28.735429 未中奖
2026/05/28 23:06:28.735429 未中奖
2026/05/28 23:06:28.735429 未中奖
2026/05/28 23:06:28.735429 未中奖
2026/05/28 23:06:28.735429 未中奖
2026/05/28 23:06:28.735429 未中奖
2026/05/28 23:06:28.735429 未中奖
2026/05/28 23:06:28.736439 奖品已发完
2026/05/28 23:06:28.735429 未中奖
2026/05/28 23:06:28.736439 奖品已发完
2026/05/28 23:06:28.735429 未中奖
2026/05/28 23:06:28.735429 未中奖
2026/05/28 23:06:28.736439 未中奖
2026/05/28 23:06:28.736439 未中奖
2026/05/28 23:06:28.736439 未中奖
2026/05/28 23:06:28.736439 未中奖
2026/05/28 23:06:28.736439 奖品已发完
2026/05/28 23:06:28.736439 奖品已发完
2026/05/28 23:06:28.736439 未中奖
2026/05/28 23:06:28.736439 奖品已发完
2026/05/28 23:06:28.736439 未中奖
2026/05/28 23:06:28.736439 未中奖
2026/05/28 23:06:28.736439 未中奖
2026/05/28 23:06:28.736439 未中奖
2026/05/28 23:06:28.736439 未中奖
2026/05/28 23:06:28.736439 未中奖
2026/05/28 23:06:28.736439 未中奖
2026/05/28 23:06:28.736439 未中奖
2026/05/28 23:06:28.736439 奖品已发完
2026/05/28 23:06:28.736439 奖品已发完
2026/05/28 23:06:28.736439 未中奖
2026/05/28 23:06:28.736439 未中奖
2026/05/28 23:06:28.736439 未中奖
2026/05/28 23:06:28.736439 未中奖
2026/05/28 23:06:28.735429 未中奖
2026/05/28 23:06:28.736439 未中奖
2026/05/28 23:06:28.736439 未中奖
2026/05/28 23:06:28.736439 奖品已发完
2026/05/28 23:06:28.736439 未中奖
2026/05/28 23:06:28.736439 奖品已发完
2026/05/28 23:06:28.736439 未中奖
2026/05/28 23:06:28.736439 未中奖
2026/05/28 23:06:28.736439 未中奖
2026/05/28 23:06:28.736439 未中奖
2026/05/28 23:06:28.736439 未中奖
2026/05/28 23:06:28.736439 奖品已发完
2026/05/28 23:06:28.736439 未中奖
2026/05/28 23:06:28.736439 未中奖
2026/05/28 23:06:28.736439 未中奖
2026/05/28 23:06:28.736439 未中奖
2026/05/28 23:06:28.736439 未中奖
2026/05/28 23:06:28.736439 未中奖
2026/05/28 23:06:28.736439 未中奖
2026/05/28 23:06:28.736439 未中奖
2026/05/28 23:06:28.736439 未中奖
2026/05/28 23:06:28.736439 未中奖
2026/05/28 23:06:28.736439 未中奖
2026/05/28 23:06:28.736439 未中奖
2026/05/28 23:06:28.736439 未中奖
2026/05/28 23:06:28.736439 未中奖
2026/05/28 23:06:28.736439 未中奖
2026/05/28 23:06:28.736439 未中奖
2026/05/28 23:06:28.736439 未中奖
2026/05/28 23:06:28.736439 未中奖
2026/05/28 23:06:28.736439 未中奖
2026/05/28 23:06:28.736439 未中奖
2026/05/28 23:06:28.736439 未中奖
2026/05/28 23:06:28.736439 未中奖
2026/05/28 23:06:28.736439 奖品已发完
2026/05/28 23:06:28.736439 未中奖
2026/05/28 23:06:28.736439 未中奖
2026/05/28 23:06:28.736439 未中奖
2026/05/28 23:06:28.736439 未中奖
2026/05/28 23:06:28.736439 奖品已发完
2026/05/28 23:06:28.737441 未中奖
2026/05/28 23:06:28.737441 未中奖
2026/05/28 23:06:28.737441 未中奖
2026/05/28 23:06:28.737441 未中奖
2026/05/28 23:06:28.737441 未中奖
2026/05/28 23:06:28.737441 未中奖
2026/05/28 23:06:28.737441 未中奖
2026/05/28 23:06:28.737441 未中奖
2026/05/28 23:06:28.737441 未中奖
2026/05/28 23:06:28.737441 未中奖
2026/05/28 23:06:28.737441 未中奖
2026/05/28 23:06:28.737441 未中奖
2026/05/28 23:06:28.737441 未中奖
2026/05/28 23:06:28.737441 未中奖
2026/05/28 23:06:28.737441 未中奖
2026/05/28 23:06:28.737441 未中奖
2026/05/28 23:06:28.737441 未中奖
2026/05/28 23:06:28.737441 未中奖
2026/05/28 23:06:28.737441 未中奖
2026/05/28 23:06:28.737441 奖品已发完
2026/05/28 23:06:28.737441 奖品已发完
2026/05/28 23:06:28.737441 未中奖
2026/05/28 23:06:28.737441 未中奖
2026/05/28 23:06:28.737441 未中奖
2026/05/28 23:06:28.737441 未中奖
2026/05/28 23:06:28.737441 未中奖
2026/05/28 23:06:28.737441 奖品已发完
2026/05/28 23:06:28.737441 未中奖
2026/05/28 23:06:28.737441 未中奖
2026/05/28 23:06:28.737441 未中奖
2026/05/28 23:06:28.737441 未中奖
2026/05/28 23:06:28.737441 未中奖
2026/05/28 23:06:28.737441 未中奖
2026/05/28 23:06:28.737441 未中奖
2026/05/28 23:06:28.737441 奖品已发完
2026/05/28 23:06:28.737441 奖品已发完
2026/05/28 23:06:28.737441 未中奖
2026/05/28 23:06:28.737441 未中奖
2026/05/28 23:06:28.737441 未中奖
2026/05/28 23:06:28.737441 未中奖
2026/05/28 23:06:28.737441 未中奖
2026/05/28 23:06:28.737441 未中奖
2026/05/28 23:06:28.737441 未中奖
2026/05/28 23:06:28.737441 未中奖
2026/05/28 23:06:28.737441 未中奖
2026/05/28 23:06:28.737441 未中奖
2026/05/28 23:06:28.737441 奖品已发完
2026/05/28 23:06:28.737441 未中奖
2026/05/28 23:06:28.737441 未中奖
2026/05/28 23:06:28.737441 未中奖
2026/05/28 23:06:28.737441 未中奖
2026/05/28 23:06:28.737441 未中奖
2026/05/28 23:06:28.737441 未中奖
2026/05/28 23:06:28.737441 未中奖
2026/05/28 23:06:28.737441 奖品已发完
2026/05/28 23:06:28.737441 未中奖
2026/05/28 23:06:28.737441 未中奖
2026/05/28 23:06:28.737441 未中奖
2026/05/28 23:06:28.737441 未中奖
2026/05/28 23:06:28.737441 未中奖
2026/05/28 23:06:28.737441 未中奖
2026/05/28 23:06:28.737441 未中奖
2026/05/28 23:06:28.737441 未中奖
2026/05/28 23:06:28.737441 未中奖
2026/05/28 23:06:28.737441 未中奖
2026/05/28 23:06:28.737441 未中奖
2026/05/28 23:06:28.737441 未中奖
2026/05/28 23:06:28.737441 未中奖
2026/05/28 23:06:28.737441 未中奖
2026/05/28 23:06:28.737441 未中奖
2026/05/28 23:06:28.737441 未中奖
2026/05/28 23:06:28.737441 奖品已发完
2026/05/28 23:06:28.737441 未中奖
2026/05/28 23:06:28.737441 未中奖
2026/05/28 23:06:28.737441 未中奖
2026/05/28 23:06:28.738949 奖品已发完
2026/05/28 23:06:28.738949 未中奖
2026/05/28 23:06:28.738949 未中奖
2026/05/28 23:06:28.738949 未中奖
2026/05/28 23:06:28.738949 未中奖
2026/05/28 23:06:28.737441 未中奖
2026/05/28 23:06:28.738949 未中奖
2026/05/28 23:06:28.737441 未中奖
2026/05/28 23:06:28.738949 未中奖
2026/05/28 23:06:28.738949 未中奖
2026/05/28 23:06:28.738949 奖品已发完
2026/05/28 23:06:28.737441 未中奖
2026/05/28 23:06:28.738949 未中奖
2026/05/28 23:06:28.738949 未中奖
2026/05/28 23:06:28.738949 未中奖
2026/05/28 23:06:28.738949 未中奖
2026/05/28 23:06:28.738949 未中奖
2026/05/28 23:06:28.738949 奖品已发完
2026/05/28 23:06:28.738949 未中奖
2026/05/28 23:06:28.738949 未中奖
2026/05/28 23:06:28.738949 未中奖
2026/05/28 23:06:28.738949 未中奖
2026/05/28 23:06:28.738949 未中奖
2026/05/28 23:06:28.738949 未中奖
2026/05/28 23:06:28.738949 未中奖
2026/05/28 23:06:28.738949 未中奖
2026/05/28 23:06:28.738949 未中奖
2026/05/28 23:06:28.738949 奖品已发完
2026/05/28 23:06:28.738949 未中奖
2026/05/28 23:06:28.738949 未中奖
2026/05/28 23:06:28.738949 未中奖
2026/05/28 23:06:28.738949 未中奖
2026/05/28 23:06:28.738949 未中奖
2026/05/28 23:06:28.738949 奖品已发完
2026/05/28 23:06:28.739481 未中奖
2026/05/28 23:06:28.739481 未中奖
2026/05/28 23:06:28.739481 未中奖
2026/05/28 23:06:28.739481 未中奖
2026/05/28 23:06:28.739481 未中奖
2026/05/28 23:06:28.739481 未中奖
2026/05/28 23:06:28.739481 未中奖
2026/05/28 23:06:28.739481 未中奖
2026/05/28 23:06:28.739481 未中奖
2026/05/28 23:06:28.739481 未中奖
2026/05/28 23:06:28.739481 未中奖
2026/05/28 23:06:28.738949 未中奖
2026/05/28 23:06:28.738949 未中奖
2026/05/28 23:06:28.738949 未中奖
2026/05/28 23:06:28.739481 未中奖
2026/05/28 23:06:28.739481 未中奖
2026/05/28 23:06:28.739481 未中奖
2026/05/28 23:06:28.739481 未中奖
2026/05/28 23:06:28.739481 未中奖
2026/05/28 23:06:28.739481 未中奖
2026/05/28 23:06:28.739481 未中奖
2026/05/28 23:06:28.739481 未中奖
2026/05/28 23:06:28.739481 未中奖
2026/05/28 23:06:28.739481 未中奖
2026/05/28 23:06:28.739481 未中奖
2026/05/28 23:06:28.739481 未中奖
2026/05/28 23:06:28.739481 未中奖
2026/05/28 23:06:28.739481 未中奖
2026/05/28 23:06:28.739481 未中奖
2026/05/28 23:06:28.739481 未中奖
2026/05/28 23:06:28.739481 未中奖
2026/05/28 23:06:28.739481 未中奖
2026/05/28 23:06:28.739481 未中奖
2026/05/28 23:06:28.739481 未中奖
2026/05/28 23:06:28.739481 未中奖
2026/05/28 23:06:28.739481 未中奖
2026/05/28 23:06:28.739481 未中奖
2026/05/28 23:06:28.739481 未中奖
2026/05/28 23:06:28.739481 未中奖
2026/05/28 23:06:28.739481 未中奖
2026/05/28 23:06:28.739481 未中奖
2026/05/28 23:06:28.739481 奖品已发完
2026/05/28 23:06:28.739481 未中奖
2026/05/28 23:06:28.739481 未中奖
2026/05/28 23:06:28.739481 未中奖
2026/05/28 23:06:28.739481 未中奖
2026/05/28 23:06:28.739481 未中奖
2026/05/28 23:06:28.739481 未中奖
2026/05/28 23:06:28.739481 未中奖
2026/05/28 23:06:28.739481 未中奖
2026/05/28 23:06:28.739481 未中奖
2026/05/28 23:06:28.739481 未中奖
2026/05/28 23:06:28.739481 未中奖
2026/05/28 23:06:28.739481 未中奖
2026/05/28 23:06:28.739481 未中奖
2026/05/28 23:06:28.739481 未中奖
2026/05/28 23:06:28.739481 未中奖
2026/05/28 23:06:28.739481 未中奖
2026/05/28 23:06:28.739481 未中奖
2026/05/28 23:06:28.739481 奖品已发完
2026/05/28 23:06:28.739481 未中奖
2026/05/28 23:06:28.739481 未中奖
2026/05/28 23:06:28.739481 未中奖
2026/05/28 23:06:28.739481 未中奖
2026/05/28 23:06:28.739481 未中奖
2026/05/28 23:06:28.739481 奖品已发完
2026/05/28 23:06:28.739481 未中奖
2026/05/28 23:06:28.739481 未中奖
2026/05/28 23:06:28.739481 未中奖
2026/05/28 23:06:28.739481 未中奖
2026/05/28 23:06:28.739481 未中奖
2026/05/28 23:06:28.739481 奖品已发完
2026/05/28 23:06:28.739481 未中奖
2026/05/28 23:06:28.739481 未中奖
2026/05/28 23:06:28.739481 奖品已发完
2026/05/28 23:06:28.739481 未中奖
2026/05/28 23:06:28.739481 未中奖
2026/05/28 23:06:28.739481 未中奖
2026/05/28 23:06:28.740951 未中奖
2026/05/28 23:06:28.740951 未中奖
2026/05/28 23:06:28.739481 奖品已发完
2026/05/28 23:06:28.739481 未中奖
2026/05/28 23:06:28.740951 未中奖
2026/05/28 23:06:28.739481 未中奖
2026/05/28 23:06:28.740951 未中奖
2026/05/28 23:06:28.740951 未中奖
2026/05/28 23:06:28.740951 未中奖
2026/05/28 23:06:28.740951 未中奖
2026/05/28 23:06:28.740951 未中奖
2026/05/28 23:06:28.740951 未中奖
2026/05/28 23:06:28.740951 未中奖
2026/05/28 23:06:28.740951 未中奖
2026/05/28 23:06:28.740951 未中奖
2026/05/28 23:06:28.740951 未中奖
2026/05/28 23:06:28.740951 未中奖
2026/05/28 23:06:28.740951 奖品已发完
2026/05/28 23:06:28.740951 未中奖
2026/05/28 23:06:28.740951 未中奖
2026/05/28 23:06:28.740951 未中奖
2026/05/28 23:06:28.740951 未中奖
2026/05/28 23:06:28.740951 未中奖
2026/05/28 23:06:28.740951 未中奖
2026/05/28 23:06:28.740951 未中奖
2026/05/28 23:06:28.740951 未中奖
2026/05/28 23:06:28.740951 未中奖
2026/05/28 23:06:28.740951 未中奖
2026/05/28 23:06:28.740951 未中奖
2026/05/28 23:06:28.740951 未中奖
2026/05/28 23:06:28.740951 未中奖
2026/05/28 23:06:28.740951 奖品已发完
2026/05/28 23:06:28.740951 未中奖
2026/05/28 23:06:28.740951 奖品已发完
2026/05/28 23:06:28.740951 未中奖
2026/05/28 23:06:28.740951 未中奖
2026/05/28 23:06:28.740951 未中奖
2026/05/28 23:06:28.740951 未中奖
2026/05/28 23:06:28.742054 未中奖
2026/05/28 23:06:28.740951 奖品已发完
2026/05/28 23:06:28.740951 奖品已发完
2026/05/28 23:06:28.740951 未中奖
2026/05/28 23:06:28.740951 未中奖
2026/05/28 23:06:28.742054 奖品已发完
2026/05/28 23:06:28.742054 未中奖
2026/05/28 23:06:28.742054 未中奖
2026/05/28 23:06:28.742054 未中奖
2026/05/28 23:06:28.742054 奖品已发完
2026/05/28 23:06:28.742054 未中奖
2026/05/28 23:06:28.742054 未中奖
2026/05/28 23:06:28.742054 未中奖
2026/05/28 23:06:28.742054 未中奖
2026/05/28 23:06:28.742054 未中奖
2026/05/28 23:06:28.742054 未中奖
2026/05/28 23:06:28.742054 未中奖
2026/05/28 23:06:28.742054 未中奖
2026/05/28 23:06:28.742054 未中奖
2026/05/28 23:06:28.742054 未中奖
2026/05/28 23:06:28.742054 未中奖
2026/05/28 23:06:28.742054 未中奖
2026/05/28 23:06:28.742054 未中奖
2026/05/28 23:06:28.742054 未中奖
2026/05/28 23:06:28.742054 奖品已发完
2026/05/28 23:06:28.742054 未中奖
2026/05/28 23:06:28.742054 未中奖
2026/05/28 23:06:28.742054 未中奖
2026/05/28 23:06:28.742054 未中奖
2026/05/28 23:06:28.742054 未中奖
2026/05/28 23:06:28.742054 未中奖
2026/05/28 23:06:28.742054 奖品已发完
2026/05/28 23:06:28.742054 未中奖
2026/05/28 23:06:28.742054 未中奖
2026/05/28 23:06:28.742054 未中奖
2026/05/28 23:06:28.742054 奖品已发完
2026/05/28 23:06:28.742054 未中奖
2026/05/28 23:06:28.742054 未中奖
2026/05/28 23:06:28.742054 未中奖
2026/05/28 23:06:28.742054 未中奖
2026/05/28 23:06:28.742054 奖品已发完
2026/05/28 23:06:28.742054 未中奖
2026/05/28 23:06:28.742054 未中奖
2026/05/28 23:06:28.742054 未中奖
2026/05/28 23:06:28.742054 奖品已发完
2026/05/28 23:06:28.742054 未中奖
2026/05/28 23:06:28.742054 未中奖
2026/05/28 23:06:28.742054 未中奖
2026/05/28 23:06:28.742054 未中奖
2026/05/28 23:06:28.742054 未中奖
2026/05/28 23:06:28.742054 未中奖
2026/05/28 23:06:28.742054 未中奖
2026/05/28 23:06:28.742054 未中奖
2026/05/28 23:06:28.742054 奖品已发完
2026/05/28 23:06:28.742054 未中奖
2026/05/28 23:06:28.742054 未中奖
2026/05/28 23:06:28.742054 未中奖
2026/05/28 23:06:28.742054 未中奖
2026/05/28 23:06:28.742054 未中奖
2026/05/28 23:06:28.742054 未中奖
2026/05/28 23:06:28.742054 未中奖
2026/05/28 23:06:28.742054 未中奖
2026/05/28 23:06:28.742054 未中奖
2026/05/28 23:06:28.742054 未中奖
2026/05/28 23:06:28.742054 未中奖
2026/05/28 23:06:28.742054 未中奖
2026/05/28 23:06:28.742054 未中奖
2026/05/28 23:06:28.742054 未中奖
2026/05/28 23:06:28.742054 奖品已发完
2026/05/28 23:06:28.742054 未中奖
2026/05/28 23:06:28.742054 未中奖
2026/05/28 23:06:28.742054 未中奖
2026/05/28 23:06:28.742054 未中奖
2026/05/28 23:06:28.742054 未中奖
2026/05/28 23:06:28.742054 未中奖
2026/05/28 23:06:28.742054 未中奖
2026/05/28 23:06:28.742054 未中奖
2026/05/28 23:06:28.742054 未中奖
2026/05/28 23:06:28.742054 未中奖
2026/05/28 23:06:28.742054 未中奖
2026/05/28 23:06:28.742054 未中奖
2026/05/28 23:06:28.743064 未中奖
2026/05/28 23:06:28.742054 未中奖
2026/05/28 23:06:28.742054 未中奖
2026/05/28 23:06:28.742054 未中奖
2026/05/28 23:06:28.743064 未中奖
2026/05/28 23:06:28.743064 未中奖
2026/05/28 23:06:28.743064 未中奖
2026/05/28 23:06:28.743064 未中奖
2026/05/28 23:06:28.743064 奖品已发完
2026/05/28 23:06:28.743064 未中奖
2026/05/28 23:06:28.743064 未中奖
2026/05/28 23:06:28.743064 未中奖
2026/05/28 23:06:28.743064 未中奖
2026/05/28 23:06:28.743064 未中奖
2026/05/28 23:06:28.743064 未中奖
2026/05/28 23:06:28.743064 未中奖
2026/05/28 23:06:28.743064 未中奖
2026/05/28 23:06:28.743064 未中奖
2026/05/28 23:06:28.743064 未中奖
2026/05/28 23:06:28.743064 奖品已发完
2026/05/28 23:06:28.743064 未中奖
2026/05/28 23:06:28.743064 未中奖
2026/05/28 23:06:28.743064 未中奖
2026/05/28 23:06:28.743064 未中奖
2026/05/28 23:06:28.743064 未中奖
2026/05/28 23:06:28.743064 未中奖
2026/05/28 23:06:28.743064 未中奖
2026/05/28 23:06:28.743064 未中奖
2026/05/28 23:06:28.743064 未中奖
2026/05/28 23:06:28.743064 未中奖
2026/05/28 23:06:28.743064 未中奖
2026/05/28 23:06:28.743064 未中奖
2026/05/28 23:06:28.743064 未中奖
2026/05/28 23:06:28.743064 未中奖
2026/05/28 23:06:28.743064 未中奖
2026/05/28 23:06:28.743064 未中奖
2026/05/28 23:06:28.743064 未中奖
2026/05/28 23:06:28.743064 奖品已发完
2026/05/28 23:06:28.743064 奖品已发完
2026/05/28 23:06:28.743064 未中奖
2026/05/28 23:06:28.743064 未中奖
2026/05/28 23:06:28.743064 奖品已发完
2026/05/28 23:06:28.743064 未中奖
2026/05/28 23:06:28.743064 未中奖
2026/05/28 23:06:28.743064 奖品已发完
2026/05/28 23:06:28.743064 未中奖
2026/05/28 23:06:28.743064 未中奖
2026/05/28 23:06:28.743064 未中奖
2026/05/28 23:06:28.743064 未中奖
2026/05/28 23:06:28.743064 未中奖
2026/05/28 23:06:28.744106 未中奖
2026/05/28 23:06:28.744106 未中奖
2026/05/28 23:06:28.743064 未中奖
2026/05/28 23:06:28.743064 未中奖
2026/05/28 23:06:28.743064 未中奖
2026/05/28 23:06:28.743064 未中奖
2026/05/28 23:06:28.744106 未中奖
2026/05/28 23:06:28.744106 未中奖
2026/05/28 23:06:28.744106 未中奖
2026/05/28 23:06:28.744106 未中奖
2026/05/28 23:06:28.744106 奖品已发完
2026/05/28 23:06:28.744106 未中奖
2026/05/28 23:06:28.744106 未中奖
2026/05/28 23:06:28.744106 未中奖
2026/05/28 23:06:28.744106 未中奖
2026/05/28 23:06:28.744106 未中奖
2026/05/28 23:06:28.744106 未中奖
2026/05/28 23:06:28.744106 未中奖
2026/05/28 23:06:28.744106 奖品已发完
2026/05/28 23:06:28.744106 未中奖
2026/05/28 23:06:28.744106 未中奖
2026/05/28 23:06:28.744106 未中奖
2026/05/28 23:06:28.744106 未中奖
2026/05/28 23:06:28.744106 未中奖
2026/05/28 23:06:28.744106 未中奖
2026/05/28 23:06:28.744106 未中奖
2026/05/28 23:06:28.744106 未中奖
2026/05/28 23:06:28.744106 未中奖
2026/05/28 23:06:28.744106 未中奖
2026/05/28 23:06:28.744106 未中奖
2026/05/28 23:06:28.744106 未中奖
2026/05/28 23:06:28.744106 未中奖
2026/05/28 23:06:28.744106 未中奖
2026/05/28 23:06:28.744106 未中奖
2026/05/28 23:06:28.744106 未中奖
2026/05/28 23:06:28.744106 未中奖
2026/05/28 23:06:28.744106 奖品已发完
2026/05/28 23:06:28.744106 未中奖
2026/05/28 23:06:28.744106 未中奖
2026/05/28 23:06:28.744106 未中奖
2026/05/28 23:06:28.744106 未中奖
2026/05/28 23:06:28.744106 未中奖
2026/05/28 23:06:28.744106 未中奖
2026/05/28 23:06:28.744106 未中奖
2026/05/28 23:06:28.744106 未中奖
2026/05/28 23:06:28.744106 奖品已发完
2026/05/28 23:06:28.744106 未中奖
2026/05/28 23:06:28.744106 未中奖
2026/05/28 23:06:28.744106 奖品已发完
2026/05/28 23:06:28.744106 未中奖
2026/05/28 23:06:28.744106 奖品已发完
2026/05/28 23:06:28.744106 未中奖
2026/05/28 23:06:28.744106 奖品已发完
2026/05/28 23:06:28.744106 未中奖
2026/05/28 23:06:28.744106 未中奖
2026/05/28 23:06:28.744106 未中奖
2026/05/28 23:06:28.744106 未中奖
2026/05/28 23:06:28.744106 未中奖
2026/05/28 23:06:28.744106 未中奖
2026/05/28 23:06:28.745114 未中奖
2026/05/28 23:06:28.745114 未中奖
2026/05/28 23:06:28.744106 奖品已发完
2026/05/28 23:06:28.744106 奖品已发完
2026/05/28 23:06:28.745114 未中奖
2026/05/28 23:06:28.745114 未中奖
2026/05/28 23:06:28.744106 未中奖
2026/05/28 23:06:28.745114 未中奖
2026/05/28 23:06:28.745114 未中奖
2026/05/28 23:06:28.745114 未中奖
2026/05/28 23:06:28.745114 未中奖
2026/05/28 23:06:28.745114 未中奖
2026/05/28 23:06:28.745114 未中奖
2026/05/28 23:06:28.745114 未中奖
2026/05/28 23:06:28.745114 未中奖
2026/05/28 23:06:28.745114 未中奖
2026/05/28 23:06:28.745114 奖品已发完
2026/05/28 23:06:28.745114 未中奖
2026/05/28 23:06:28.745114 未中奖
2026/05/28 23:06:28.745114 未中奖
2026/05/28 23:06:28.745114 未中奖
2026/05/28 23:06:28.745114 未中奖
2026/05/28 23:06:28.745114 未中奖
2026/05/28 23:06:28.745114 未中奖
2026/05/28 23:06:28.745114 奖品已发完
2026/05/28 23:06:28.745114 未中奖
2026/05/28 23:06:28.745114 未中奖
2026/05/28 23:06:28.745114 未中奖
2026/05/28 23:06:28.745114 未中奖
2026/05/28 23:06:28.745114 未中奖
2026/05/28 23:06:28.744106 未中奖
2026/05/28 23:06:28.745114 未中奖
2026/05/28 23:06:28.745114 未中奖
2026/05/28 23:06:28.745114 未中奖
2026/05/28 23:06:28.745114 未中奖
2026/05/28 23:06:28.745114 未中奖
2026/05/28 23:06:28.745114 未中奖
2026/05/28 23:06:28.745114 未中奖
2026/05/28 23:06:28.745114 未中奖
2026/05/28 23:06:28.745114 未中奖
2026/05/28 23:06:28.745114 未中奖
2026/05/28 23:06:28.745114 未中奖
2026/05/28 23:06:28.745114 未中奖
2026/05/28 23:06:28.745114 未中奖
2026/05/28 23:06:28.745114 未中奖
2026/05/28 23:06:28.745114 未中奖
2026/05/28 23:06:28.745114 未中奖
2026/05/28 23:06:28.745114 未中奖
2026/05/28 23:06:28.745114 未中奖
2026/05/28 23:06:28.745114 未中奖
2026/05/28 23:06:28.745114 未中奖
2026/05/28 23:06:28.745114 未中奖
2026/05/28 23:06:28.745114 奖品已发完
2026/05/28 23:06:28.745114 奖品已发完
2026/05/28 23:06:28.745114 未中奖
2026/05/28 23:06:28.745114 奖品已发完
2026/05/28 23:06:28.745114 未中奖
2026/05/28 23:06:28.745114 未中奖
2026/05/28 23:06:28.745114 未中奖
2026/05/28 23:06:28.745114 未中奖
2026/05/28 23:06:28.745114 未中奖
2026/05/28 23:06:28.745114 未中奖
2026/05/28 23:06:28.745114 未中奖
2026/05/28 23:06:28.745114 未中奖
2026/05/28 23:06:28.745114 未中奖
2026/05/28 23:06:28.745114 未中奖
2026/05/28 23:06:28.745114 未中奖
2026/05/28 23:06:28.745114 未中奖
2026/05/28 23:06:28.745114 奖品已发完
2026/05/28 23:06:28.745114 未中奖
2026/05/28 23:06:28.745114 奖品已发完
2026/05/28 23:06:28.745114 未中奖
2026/05/28 23:06:28.745114 未中奖
2026/05/28 23:06:28.745114 未中奖
2026/05/28 23:06:28.745114 奖品已发完
2026/05/28 23:06:28.745114 未中奖
2026/05/28 23:06:28.746124 未中奖
2026/05/28 23:06:28.746124 奖品已发完
2026/05/28 23:06:28.745114 奖品已发完
2026/05/28 23:06:28.745114 未中奖
2026/05/28 23:06:28.746124 未中奖
2026/05/28 23:06:28.746124 奖品已发完
2026/05/28 23:06:28.746124 未中奖
2026/05/28 23:06:28.746124 未中奖
2026/05/28 23:06:28.746124 未中奖
2026/05/28 23:06:28.746124 未中奖
2026/05/28 23:06:28.746124 未中奖
2026/05/28 23:06:28.746124 未中奖
2026/05/28 23:06:28.746124 未中奖
2026/05/28 23:06:28.746124 奖品已发完
2026/05/28 23:06:28.746124 未中奖
2026/05/28 23:06:28.746124 未中奖
2026/05/28 23:06:28.746124 未中奖
2026/05/28 23:06:28.746124 未中奖
2026/05/28 23:06:28.746124 未中奖
2026/05/28 23:06:28.746124 未中奖
2026/05/28 23:06:28.746124 未中奖
2026/05/28 23:06:28.746124 未中奖
2026/05/28 23:06:28.746124 未中奖
2026/05/28 23:06:28.746124 未中奖
2026/05/28 23:06:28.746124 未中奖
2026/05/28 23:06:28.746124 未中奖
2026/05/28 23:06:28.746124 未中奖
2026/05/28 23:06:28.746124 未中奖
2026/05/28 23:06:28.746124 未中奖
2026/05/28 23:06:28.746124 未中奖
2026/05/28 23:06:28.746124 未中奖
2026/05/28 23:06:28.746124 奖品已发完
2026/05/28 23:06:28.746124 未中奖
2026/05/28 23:06:28.746124 未中奖
2026/05/28 23:06:28.746124 未中奖
2026/05/28 23:06:28.746124 未中奖
2026/05/28 23:06:28.746124 未中奖
2026/05/28 23:06:28.746124 未中奖
2026/05/28 23:06:28.746124 未中奖
2026/05/28 23:06:28.746124 未中奖
2026/05/28 23:06:28.746124 未中奖
2026/05/28 23:06:28.746124 未中奖
2026/05/28 23:06:28.746124 未中奖
2026/05/28 23:06:28.746124 未中奖
2026/05/28 23:06:28.746124 未中奖
2026/05/28 23:06:28.746124 未中奖
2026/05/28 23:06:28.746124 未中奖
2026/05/28 23:06:28.746124 未中奖
2026/05/28 23:06:28.746124 奖品已发完
2026/05/28 23:06:28.746124 未中奖
2026/05/28 23:06:28.746124 未中奖
2026/05/28 23:06:28.746124 未中奖
2026/05/28 23:06:28.746124 奖品已发完
2026/05/28 23:06:28.746124 未中奖
2026/05/28 23:06:28.746124 未中奖
2026/05/28 23:06:28.746124 未中奖
2026/05/28 23:06:28.746124 未中奖
2026/05/28 23:06:28.746124 未中奖
2026/05/28 23:06:28.746124 未中奖
2026/05/28 23:06:28.746124 未中奖
2026/05/28 23:06:28.746124 未中奖
2026/05/28 23:06:28.746124 未中奖
2026/05/28 23:06:28.746124 奖品已发完
2026/05/28 23:06:28.746124 未中奖
2026/05/28 23:06:28.746124 奖品已发完
2026/05/28 23:06:28.746124 未中奖
2026/05/28 23:06:28.747123 未中奖
2026/05/28 23:06:28.747123 未中奖
2026/05/28 23:06:28.747123 未中奖
2026/05/28 23:06:28.747123 未中奖
2026/05/28 23:06:28.747123 未中奖
2026/05/28 23:06:28.746124 未中奖
2026/05/28 23:06:28.747123 未中奖
2026/05/28 23:06:28.746124 未中奖
2026/05/28 23:06:28.746124 未中奖
2026/05/28 23:06:28.747123 未中奖
2026/05/28 23:06:28.747123 未中奖
2026/05/28 23:06:28.747123 未中奖
2026/05/28 23:06:28.747123 未中奖
2026/05/28 23:06:28.747123 未中奖
2026/05/28 23:06:28.747123 未中奖
2026/05/28 23:06:28.747123 未中奖
2026/05/28 23:06:28.747123 奖品已发完
2026/05/28 23:06:28.747123 未中奖
2026/05/28 23:06:28.747123 未中奖
2026/05/28 23:06:28.747123 未中奖
2026/05/28 23:06:28.747123 未中奖
2026/05/28 23:06:28.747123 未中奖
2026/05/28 23:06:28.747123 未中奖
2026/05/28 23:06:28.747123 未中奖
2026/05/28 23:06:28.747123 奖品已发完
2026/05/28 23:06:28.747123 未中奖
2026/05/28 23:06:28.747123 未中奖
2026/05/28 23:06:28.747123 未中奖
2026/05/28 23:06:28.747123 未中奖
2026/05/28 23:06:28.747123 未中奖
2026/05/28 23:06:28.747123 未中奖
2026/05/28 23:06:28.747123 未中奖
2026/05/28 23:06:28.747123 未中奖
2026/05/28 23:06:28.747123 未中奖
2026/05/28 23:06:28.747123 未中奖
2026/05/28 23:06:28.747123 未中奖
2026/05/28 23:06:28.747123 未中奖
2026/05/28 23:06:28.747123 未中奖
2026/05/28 23:06:28.747123 未中奖
2026/05/28 23:06:28.747123 未中奖
2026/05/28 23:06:28.747123 奖品已发完
2026/05/28 23:06:28.747123 未中奖
2026/05/28 23:06:28.747123 奖品已发完
2026/05/28 23:06:28.747123 未中奖
2026/05/28 23:06:28.747123 未中奖
2026/05/28 23:06:28.747123 未中奖
2026/05/28 23:06:28.747123 未中奖
2026/05/28 23:06:28.747123 奖品已发完
2026/05/28 23:06:28.747123 未中奖
2026/05/28 23:06:28.747123 未中奖
2026/05/28 23:06:28.747123 未中奖
2026/05/28 23:06:28.747123 未中奖
2026/05/28 23:06:28.747123 未中奖
2026/05/28 23:06:28.747123 未中奖
2026/05/28 23:06:28.747123 未中奖
2026/05/28 23:06:28.747123 未中奖
2026/05/28 23:06:28.747123 未中奖
2026/05/28 23:06:28.747123 未中奖
2026/05/28 23:06:28.747123 奖品已发完
2026/05/28 23:06:28.747123 未中奖
2026/05/28 23:06:28.747123 未中奖
2026/05/28 23:06:28.747123 未中奖
2026/05/28 23:06:28.747123 未中奖
2026/05/28 23:06:28.747123 未中奖
2026/05/28 23:06:28.747123 未中奖
2026/05/28 23:06:28.747123 未中奖
2026/05/28 23:06:28.747123 未中奖
2026/05/28 23:06:28.747123 未中奖
2026/05/28 23:06:28.747123 未中奖
2026/05/28 23:06:28.747123 未中奖
2026/05/28 23:06:28.747123 未中奖
2026/05/28 23:06:28.747123 未中奖
2026/05/28 23:06:28.747123 未中奖
2026/05/28 23:06:28.747123 未中奖
2026/05/28 23:06:28.747123 未中奖
2026/05/28 23:06:28.747123 未中奖
2026/05/28 23:06:28.747123 未中奖
2026/05/28 23:06:28.747123 未中奖
2026/05/28 23:06:28.747123 未中奖
2026/05/28 23:06:28.747123 未中奖
2026/05/28 23:06:28.747123 未中奖
2026/05/28 23:06:28.747123 未中奖
2026/05/28 23:06:28.747123 未中奖
2026/05/28 23:06:28.747123 未中奖
2026/05/28 23:06:28.747123 未中奖
2026/05/28 23:06:28.747123 未中奖
2026/05/28 23:06:28.747123 未中奖
2026/05/28 23:06:28.747123 未中奖
2026/05/28 23:06:28.747123 未中奖
2026/05/28 23:06:28.747123 未中奖
2026/05/28 23:06:28.748419 未中奖
2026/05/28 23:06:28.748419 未中奖
2026/05/28 23:06:28.748419 未中奖
2026/05/28 23:06:28.748419 未中奖
2026/05/28 23:06:28.748419 未中奖
2026/05/28 23:06:28.748419 未中奖
2026/05/28 23:06:28.748419 未中奖
2026/05/28 23:06:28.747123 未中奖
2026/05/28 23:06:28.748419 奖品已发完
2026/05/28 23:06:28.748419 未中奖
2026/05/28 23:06:28.748419 未中奖
2026/05/28 23:06:28.748419 未中奖
2026/05/28 23:06:28.748419 未中奖
2026/05/28 23:06:28.748419 奖品已发完
2026/05/28 23:06:28.748419 奖品已发完
2026/05/28 23:06:28.748419 未中奖
2026/05/28 23:06:28.747123 未中奖
2026/05/28 23:06:28.748419 奖品已发完
2026/05/28 23:06:28.747123 未中奖
2026/05/28 23:06:28.748419 奖品已发完
2026/05/28 23:06:28.748419 未中奖
2026/05/28 23:06:28.748419 未中奖
2026/05/28 23:06:28.748419 未中奖
2026/05/28 23:06:28.748419 未中奖
2026/05/28 23:06:28.748419 未中奖
2026/05/28 23:06:28.748419 未中奖
2026/05/28 23:06:28.748419 未中奖
2026/05/28 23:06:28.748419 奖品已发完
2026/05/28 23:06:28.748419 未中奖
2026/05/28 23:06:28.748419 未中奖
2026/05/28 23:06:28.748419 未中奖
2026/05/28 23:06:28.748419 未中奖
2026/05/28 23:06:28.748419 未中奖
2026/05/28 23:06:28.748419 未中奖
2026/05/28 23:06:28.748419 未中奖
2026/05/28 23:06:28.748419 未中奖
2026/05/28 23:06:28.748419 未中奖
2026/05/28 23:06:28.748419 未中奖
2026/05/28 23:06:28.748419 未中奖
2026/05/28 23:06:28.748419 未中奖
2026/05/28 23:06:28.748419 未中奖
2026/05/28 23:06:28.748419 未中奖
2026/05/28 23:06:28.748419 未中奖
2026/05/28 23:06:28.748419 未中奖
2026/05/28 23:06:28.748419 未中奖
2026/05/28 23:06:28.748419 未中奖
2026/05/28 23:06:28.748419 未中奖
2026/05/28 23:06:28.748419 奖品已发完
2026/05/28 23:06:28.748419 奖品已发完
2026/05/28 23:06:28.748419 未中奖
2026/05/28 23:06:28.748419 未中奖
2026/05/28 23:06:28.748419 未中奖
2026/05/28 23:06:28.748419 未中奖
2026/05/28 23:06:28.748419 未中奖
2026/05/28 23:06:28.748419 奖品已发完
2026/05/28 23:06:28.748419 未中奖
2026/05/28 23:06:28.748419 奖品已发完
2026/05/28 23:06:28.748419 未中奖
2026/05/28 23:06:28.748419 未中奖
2026/05/28 23:06:28.748419 未中奖
2026/05/28 23:06:28.748419 未中奖
2026/05/28 23:06:28.748419 未中奖
2026/05/28 23:06:28.748419 未中奖
2026/05/28 23:06:28.748419 未中奖
2026/05/28 23:06:28.748419 未中奖
2026/05/28 23:06:28.749311 未中奖
2026/05/28 23:06:28.748419 未中奖
2026/05/28 23:06:28.749311 未中奖
2026/05/28 23:06:28.748419 未中奖
2026/05/28 23:06:28.748419 未中奖
2026/05/28 23:06:28.749311 未中奖
2026/05/28 23:06:28.749311 未中奖
2026/05/28 23:06:28.749311 未中奖
2026/05/28 23:06:28.749311 未中奖
2026/05/28 23:06:28.749311 未中奖
2026/05/28 23:06:28.749311 未中奖
2026/05/28 23:06:28.749311 未中奖
2026/05/28 23:06:28.749311 未中奖
2026/05/28 23:06:28.749311 未中奖
2026/05/28 23:06:28.749311 未中奖
2026/05/28 23:06:28.749311 奖品已发完
2026/05/28 23:06:28.749311 未中奖
2026/05/28 23:06:28.749311 未中奖
2026/05/28 23:06:28.749311 未中奖
2026/05/28 23:06:28.749311 未中奖
2026/05/28 23:06:28.749311 奖品已发完
2026/05/28 23:06:28.749311 未中奖
2026/05/28 23:06:28.749311 奖品已发完
2026/05/28 23:06:28.749311 奖品已发完
2026/05/28 23:06:28.749311 未中奖
2026/05/28 23:06:28.749311 未中奖
2026/05/28 23:06:28.749311 未中奖
2026/05/28 23:06:28.749311 未中奖
2026/05/28 23:06:28.749311 未中奖
2026/05/28 23:06:28.749311 未中奖
2026/05/28 23:06:28.749311 未中奖
2026/05/28 23:06:28.749311 未中奖
2026/05/28 23:06:28.749311 未中奖
2026/05/28 23:06:28.749311 未中奖
2026/05/28 23:06:28.749311 未中奖
2026/05/28 23:06:28.749311 未中奖
2026/05/28 23:06:28.749311 未中奖
2026/05/28 23:06:28.749311 未中奖
2026/05/28 23:06:28.749311 未中奖
2026/05/28 23:06:28.749311 奖品已发完
2026/05/28 23:06:28.749311 未中奖
2026/05/28 23:06:28.749311 未中奖
2026/05/28 23:06:28.749311 奖品已发完
2026/05/28 23:06:28.749311 未中奖
2026/05/28 23:06:28.749311 奖品已发完
2026/05/28 23:06:28.749311 未中奖
2026/05/28 23:06:28.749311 未中奖
2026/05/28 23:06:28.749311 未中奖
2026/05/28 23:06:28.749311 未中奖
2026/05/28 23:06:28.749311 未中奖
2026/05/28 23:06:28.749311 未中奖
2026/05/28 23:06:28.749311 未中奖
2026/05/28 23:06:28.749311 未中奖
2026/05/28 23:06:28.749311 奖品已发完
2026/05/28 23:06:28.749311 奖品已发完
2026/05/28 23:06:28.749311 未中奖
2026/05/28 23:06:28.749311 奖品已发完
2026/05/28 23:06:28.749311 奖品已发完
2026/05/28 23:06:28.749311 未中奖
2026/05/28 23:06:28.749311 奖品已发完
2026/05/28 23:06:28.749311 未中奖
2026/05/28 23:06:28.750321 未中奖
2026/05/28 23:06:28.749311 未中奖
2026/05/28 23:06:28.750321 奖品已发完
2026/05/28 23:06:28.749311 未中奖
2026/05/28 23:06:28.749311 未中奖
2026/05/28 23:06:28.750321 未中奖
2026/05/28 23:06:28.750321 未中奖
2026/05/28 23:06:28.750321 未中奖
2026/05/28 23:06:28.750321 未中奖
2026/05/28 23:06:28.750321 奖品已发完
2026/05/28 23:06:28.750321 未中奖
2026/05/28 23:06:28.750321 奖品已发完
2026/05/28 23:06:28.750321 未中奖
2026/05/28 23:06:28.750321 未中奖
2026/05/28 23:06:28.750321 未中奖
2026/05/28 23:06:28.750321 未中奖
2026/05/28 23:06:28.750321 未中奖
2026/05/28 23:06:28.750321 未中奖
2026/05/28 23:06:28.750321 未中奖
2026/05/28 23:06:28.750321 未中奖
2026/05/28 23:06:28.750321 未中奖
2026/05/28 23:06:28.750321 未中奖
2026/05/28 23:06:28.750321 未中奖
2026/05/28 23:06:28.750321 未中奖
2026/05/28 23:06:28.750321 未中奖
2026/05/28 23:06:28.750321 未中奖
2026/05/28 23:06:28.750321 未中奖
2026/05/28 23:06:28.750321 未中奖
2026/05/28 23:06:28.750321 未中奖
2026/05/28 23:06:28.750321 未中奖
2026/05/28 23:06:28.750321 未中奖
2026/05/28 23:06:28.750321 未中奖
2026/05/28 23:06:28.750321 未中奖
2026/05/28 23:06:28.750321 未中奖
2026/05/28 23:06:28.750321 未中奖
2026/05/28 23:06:28.750321 未中奖
2026/05/28 23:06:28.750321 奖品已发完
2026/05/28 23:06:28.750321 未中奖
2026/05/28 23:06:28.750321 未中奖
2026/05/28 23:06:28.750321 未中奖
2026/05/28 23:06:28.750321 未中奖
2026/05/28 23:06:28.750321 未中奖
2026/05/28 23:06:28.750321 未中奖
2026/05/28 23:06:28.750321 未中奖
2026/05/28 23:06:28.750321 未中奖
2026/05/28 23:06:28.750321 未中奖
2026/05/28 23:06:28.750321 未中奖
2026/05/28 23:06:28.750321 未中奖
2026/05/28 23:06:28.750321 奖品已发完
2026/05/28 23:06:28.750321 奖品已发完
2026/05/28 23:06:28.750321 未中奖
2026/05/28 23:06:28.750321 奖品已发完
2026/05/28 23:06:28.750321 未中奖
2026/05/28 23:06:28.750321 未中奖
2026/05/28 23:06:28.750321 未中奖
2026/05/28 23:06:28.750321 未中奖
2026/05/28 23:06:28.750321 奖品已发完
2026/05/28 23:06:28.750321 未中奖
2026/05/28 23:06:28.750321 未中奖
2026/05/28 23:06:28.750321 未中奖
2026/05/28 23:06:28.750321 未中奖
2026/05/28 23:06:28.750321 未中奖
2026/05/28 23:06:28.750321 未中奖
2026/05/28 23:06:28.750321 奖品已发完
2026/05/28 23:06:28.750321 未中奖
2026/05/28 23:06:28.750321 未中奖
2026/05/28 23:06:28.750321 未中奖
2026/05/28 23:06:28.751317 未中奖
2026/05/28 23:06:28.750321 未中奖
2026/05/28 23:06:28.750321 未中奖
2026/05/28 23:06:28.751317 未中奖
2026/05/28 23:06:28.751317 未中奖
2026/05/28 23:06:28.751317 未中奖
2026/05/28 23:06:28.751317 未中奖
2026/05/28 23:06:28.751317 未中奖
2026/05/28 23:06:28.750321 未中奖
2026/05/28 23:06:28.751317 未中奖
2026/05/28 23:06:28.751317 奖品已发完
2026/05/28 23:06:28.751317 未中奖
2026/05/28 23:06:28.751317 未中奖
2026/05/28 23:06:28.751317 未中奖
2026/05/28 23:06:28.751317 未中奖
2026/05/28 23:06:28.751317 未中奖
2026/05/28 23:06:28.751317 未中奖
2026/05/28 23:06:28.751317 未中奖
2026/05/28 23:06:28.751317 奖品已发完
2026/05/28 23:06:28.751317 未中奖
2026/05/28 23:06:28.751317 未中奖
2026/05/28 23:06:28.751317 未中奖
2026/05/28 23:06:28.751317 未中奖
2026/05/28 23:06:28.751317 未中奖
2026/05/28 23:06:28.751317 未中奖
2026/05/28 23:06:28.751317 未中奖
2026/05/28 23:06:28.751317 未中奖
2026/05/28 23:06:28.751317 奖品已发完
2026/05/28 23:06:28.751317 未中奖
2026/05/28 23:06:28.751317 未中奖
2026/05/28 23:06:28.751317 未中奖
2026/05/28 23:06:28.751317 未中奖
2026/05/28 23:06:28.751317 未中奖
2026/05/28 23:06:28.751317 未中奖
2026/05/28 23:06:28.751317 未中奖
2026/05/28 23:06:28.751317 未中奖
2026/05/28 23:06:28.751317 未中奖
2026/05/28 23:06:28.751317 未中奖
2026/05/28 23:06:28.751317 奖品已发完
2026/05/28 23:06:28.751317 未中奖
2026/05/28 23:06:28.751317 未中奖
2026/05/28 23:06:28.751317 未中奖
2026/05/28 23:06:28.751317 奖品已发完
2026/05/28 23:06:28.751317 未中奖
2026/05/28 23:06:28.751317 奖品已发完
2026/05/28 23:06:28.751317 未中奖
2026/05/28 23:06:28.751317 未中奖
2026/05/28 23:06:28.751317 未中奖
2026/05/28 23:06:28.751317 未中奖
2026/05/28 23:06:28.751317 奖品已发完
2026/05/28 23:06:28.751317 未中奖
2026/05/28 23:06:28.751317 奖品已发完
2026/05/28 23:06:28.751317 未中奖
2026/05/28 23:06:28.751317 未中奖
2026/05/28 23:06:28.751317 未中奖
2026/05/28 23:06:28.751317 未中奖
2026/05/28 23:06:28.751317 未中奖
2026/05/28 23:06:28.751317 未中奖
2026/05/28 23:06:28.751317 未中奖
2026/05/28 23:06:28.751317 未中奖
2026/05/28 23:06:28.751317 未中奖
2026/05/28 23:06:28.751317 未中奖
2026/05/28 23:06:28.751317 未中奖
2026/05/28 23:06:28.751317 未中奖
2026/05/28 23:06:28.751317 未中奖
2026/05/28 23:06:28.751317 未中奖
2026/05/28 23:06:28.751317 未中奖
2026/05/28 23:06:28.751317 未中奖
2026/05/28 23:06:28.751317 未中奖
2026/05/28 23:06:28.751317 未中奖
2026/05/28 23:06:28.751317 未中奖
2026/05/28 23:06:28.751317 未中奖
2026/05/28 23:06:28.751317 未中奖
2026/05/28 23:06:28.751317 未中奖
2026/05/28 23:06:28.751317 未中奖
2026/05/28 23:06:28.751317 未中奖
2026/05/28 23:06:28.751317 未中奖
2026/05/28 23:06:28.751317 未中奖
2026/05/28 23:06:28.751317 未中奖
2026/05/28 23:06:28.751317 奖品已发完
2026/05/28 23:06:28.751317 未中奖
2026/05/28 23:06:28.751317 未中奖
2026/05/28 23:06:28.751317 奖品已发完
2026/05/28 23:06:28.751317 未中奖
2026/05/28 23:06:28.751317 未中奖
2026/05/28 23:06:28.751317 未中奖
2026/05/28 23:06:28.751317 奖品已发完
2026/05/28 23:06:28.752687 未中奖
2026/05/28 23:06:28.751317 未中奖
2026/05/28 23:06:28.751317 未中奖
2026/05/28 23:06:28.752687 未中奖
2026/05/28 23:06:28.752687 未中奖
2026/05/28 23:06:28.752687 未中奖
2026/05/28 23:06:28.752687 未中奖
2026/05/28 23:06:28.752687 未中奖
2026/05/28 23:06:28.752687 未中奖
2026/05/28 23:06:28.751317 未中奖
2026/05/28 23:06:28.752687 未中奖
2026/05/28 23:06:28.752687 未中奖
2026/05/28 23:06:28.752687 未中奖
2026/05/28 23:06:28.752687 未中奖
2026/05/28 23:06:28.752687 未中奖
2026/05/28 23:06:28.751317 未中奖
2026/05/28 23:06:28.752687 未中奖
2026/05/28 23:06:28.752687 未中奖
2026/05/28 23:06:28.752687 未中奖
2026/05/28 23:06:28.752687 未中奖
2026/05/28 23:06:28.752687 未中奖
2026/05/28 23:06:28.752687 未中奖
2026/05/28 23:06:28.752687 未中奖
2026/05/28 23:06:28.752687 未中奖
2026/05/28 23:06:28.752687 未中奖
2026/05/28 23:06:28.752687 未中奖
2026/05/28 23:06:28.752687 未中奖
2026/05/28 23:06:28.752687 未中奖
2026/05/28 23:06:28.752687 未中奖
2026/05/28 23:06:28.752687 未中奖
2026/05/28 23:06:28.752687 未中奖
2026/05/28 23:06:28.752687 未中奖
2026/05/28 23:06:28.752687 未中奖
2026/05/28 23:06:28.752687 未中奖
2026/05/28 23:06:28.752687 奖品已发完
2026/05/28 23:06:28.752687 未中奖
2026/05/28 23:06:28.752687 未中奖
2026/05/28 23:06:28.752687 未中奖
2026/05/28 23:06:28.752687 未中奖
2026/05/28 23:06:28.752687 未中奖
2026/05/28 23:06:28.752687 奖品已发完
2026/05/28 23:06:28.752687 未中奖
2026/05/28 23:06:28.752687 未中奖
2026/05/28 23:06:28.752687 未中奖
2026/05/28 23:06:28.752687 未中奖
2026/05/28 23:06:28.752687 未中奖
2026/05/28 23:06:28.752687 奖品已发完
2026/05/28 23:06:28.753244 未中奖
2026/05/28 23:06:28.753244 未中奖
2026/05/28 23:06:28.753244 未中奖
2026/05/28 23:06:28.753244 未中奖
2026/05/28 23:06:28.753244 奖品已发完
2026/05/28 23:06:28.753244 未中奖
2026/05/28 23:06:28.753244 奖品已发完
2026/05/28 23:06:28.753244 未中奖
2026/05/28 23:06:28.753244 奖品已发完
2026/05/28 23:06:28.753244 未中奖
2026/05/28 23:06:28.753244 未中奖
2026/05/28 23:06:28.753244 未中奖
2026/05/28 23:06:28.752687 奖品已发完
2026/05/28 23:06:28.753244 未中奖
2026/05/28 23:06:28.753244 未中奖
2026/05/28 23:06:28.753244 未中奖
2026/05/28 23:06:28.753244 未中奖
2026/05/28 23:06:28.753244 未中奖
2026/05/28 23:06:28.753244 未中奖
2026/05/28 23:06:28.753244 未中奖
2026/05/28 23:06:28.753244 未中奖
2026/05/28 23:06:28.753244 未中奖
2026/05/28 23:06:28.753244 未中奖
2026/05/28 23:06:28.753244 未中奖
2026/05/28 23:06:28.753244 未中奖
2026/05/28 23:06:28.753244 未中奖
2026/05/28 23:06:28.753244 未中奖
2026/05/28 23:06:28.753244 未中奖
2026/05/28 23:06:28.753244 未中奖
2026/05/28 23:06:28.753244 未中奖
2026/05/28 23:06:28.753244 未中奖
2026/05/28 23:06:28.753244 奖品已发完
2026/05/28 23:06:28.753244 未中奖
2026/05/28 23:06:28.753244 未中奖
2026/05/28 23:06:28.753244 未中奖
2026/05/28 23:06:28.752687 未中奖
2026/05/28 23:06:28.753244 未中奖
2026/05/28 23:06:28.753244 奖品已发完
2026/05/28 23:06:28.753244 未中奖
2026/05/28 23:06:28.753244 未中奖
2026/05/28 23:06:28.753244 未中奖
2026/05/28 23:06:28.753244 未中奖
2026/05/28 23:06:28.753244 奖品已发完
2026/05/28 23:06:28.752687 未中奖
2026/05/28 23:06:28.753244 未中奖
2026/05/28 23:06:28.753244 未中奖
2026/05/28 23:06:28.753244 未中奖
2026/05/28 23:06:28.753244 奖品已发完
2026/05/28 23:06:28.753244 未中奖
2026/05/28 23:06:28.753244 未中奖
2026/05/28 23:06:28.753244 未中奖
2026/05/28 23:06:28.753244 未中奖
2026/05/28 23:06:28.753244 未中奖
2026/05/28 23:06:28.753244 未中奖
2026/05/28 23:06:28.753244 未中奖
2026/05/28 23:06:28.753244 未中奖
2026/05/28 23:06:28.753244 未中奖
2026/05/28 23:06:28.753244 未中奖
2026/05/28 23:06:28.753244 未中奖
2026/05/28 23:06:28.753244 未中奖
2026/05/28 23:06:28.753244 未中奖
2026/05/28 23:06:28.753244 奖品已发完
2026/05/28 23:06:28.753244 未中奖
2026/05/28 23:06:28.753244 未中奖
2026/05/28 23:06:28.753244 未中奖
2026/05/28 23:06:28.753244 奖品已发完
2026/05/28 23:06:28.753244 未中奖
2026/05/28 23:06:28.753244 未中奖
2026/05/28 23:06:28.753244 未中奖
2026/05/28 23:06:28.753244 未中奖
2026/05/28 23:06:28.753244 未中奖
2026/05/28 23:06:28.753244 奖品已发完
2026/05/28 23:06:28.753244 未中奖
2026/05/28 23:06:28.753244 未中奖
2026/05/28 23:06:28.753244 未中奖
2026/05/28 23:06:28.753244 未中奖
2026/05/28 23:06:28.753244 未中奖
2026/05/28 23:06:28.753244 未中奖
2026/05/28 23:06:28.753244 未中奖
2026/05/28 23:06:28.753244 未中奖
2026/05/28 23:06:28.753244 未中奖
2026/05/28 23:06:28.753244 奖品已发完
2026/05/28 23:06:28.753244 奖品已发完
2026/05/28 23:06:28.753244 未中奖
2026/05/28 23:06:28.753244 未中奖
2026/05/28 23:06:28.753244 未中奖
2026/05/28 23:06:28.753244 未中奖
2026/05/28 23:06:28.753244 未中奖
2026/05/28 23:06:28.753244 未中奖
2026/05/28 23:06:28.753244 未中奖
2026/05/28 23:06:28.753244 未中奖
2026/05/28 23:06:28.753244 未中奖
2026/05/28 23:06:28.753244 未中奖
2026/05/28 23:06:28.753244 未中奖
2026/05/28 23:06:28.753244 未中奖
2026/05/28 23:06:28.753244 未中奖
2026/05/28 23:06:28.753244 未中奖
2026/05/28 23:06:28.753244 未中奖
2026/05/28 23:06:28.753244 未中奖
2026/05/28 23:06:28.753244 未中奖
2026/05/28 23:06:28.753244 未中奖
2026/05/28 23:06:28.753244 未中奖
2026/05/28 23:06:28.753244 未中奖
2026/05/28 23:06:28.753244 未中奖
2026/05/28 23:06:28.754764 未中奖
2026/05/28 23:06:28.754764 奖品已发完
2026/05/28 23:06:28.753244 未中奖
2026/05/28 23:06:28.754764 奖品已发完
2026/05/28 23:06:28.753244 未中奖
2026/05/28 23:06:28.753244 未中奖
2026/05/28 23:06:28.754764 未中奖
2026/05/28 23:06:28.754764 未中奖
2026/05/28 23:06:28.754764 未中奖
2026/05/28 23:06:28.754764 未中奖
2026/05/28 23:06:28.754764 未中奖
2026/05/28 23:06:28.754764 未中奖
2026/05/28 23:06:28.754764 未中奖
2026/05/28 23:06:28.754764 奖品已发完
2026/05/28 23:06:28.754764 未中奖
2026/05/28 23:06:28.754764 未中奖
2026/05/28 23:06:28.754764 未中奖
2026/05/28 23:06:28.754764 未中奖
2026/05/28 23:06:28.754764 未中奖
2026/05/28 23:06:28.754764 未中奖
2026/05/28 23:06:28.754764 未中奖
2026/05/28 23:06:28.754764 未中奖
2026/05/28 23:06:28.754764 未中奖
2026/05/28 23:06:28.754764 未中奖
2026/05/28 23:06:28.754764 未中奖
2026/05/28 23:06:28.754764 奖品已发完
2026/05/28 23:06:28.754764 未中奖
2026/05/28 23:06:28.754764 未中奖
2026/05/28 23:06:28.754764 未中奖
2026/05/28 23:06:28.754764 奖品已发完
2026/05/28 23:06:28.754764 未中奖
2026/05/28 23:06:28.754764 未中奖
2026/05/28 23:06:28.754764 未中奖
2026/05/28 23:06:28.754764 未中奖
2026/05/28 23:06:28.754764 奖品已发完
2026/05/28 23:06:28.754764 未中奖
2026/05/28 23:06:28.754764 未中奖
2026/05/28 23:06:28.754764 未中奖
2026/05/28 23:06:28.754764 未中奖
2026/05/28 23:06:28.754764 未中奖
2026/05/28 23:06:28.754764 未中奖
2026/05/28 23:06:28.754764 未中奖
2026/05/28 23:06:28.754764 未中奖
2026/05/28 23:06:28.754764 未中奖
2026/05/28 23:06:28.754764 未中奖
2026/05/28 23:06:28.754764 奖品已发完
2026/05/28 23:06:28.754764 未中奖
2026/05/28 23:06:28.754764 未中奖
2026/05/28 23:06:28.754764 未中奖
2026/05/28 23:06:28.754764 未中奖
2026/05/28 23:06:28.754764 未中奖
2026/05/28 23:06:28.754764 未中奖
2026/05/28 23:06:28.754764 未中奖
2026/05/28 23:06:28.754764 未中奖
2026/05/28 23:06:28.754764 未中奖
2026/05/28 23:06:28.754764 未中奖
2026/05/28 23:06:28.754764 未中奖
2026/05/28 23:06:28.754764 未中奖
2026/05/28 23:06:28.754764 未中奖
2026/05/28 23:06:28.754764 未中奖
2026/05/28 23:06:28.754764 未中奖
2026/05/28 23:06:28.754764 奖品已发完
2026/05/28 23:06:28.754764 未中奖
2026/05/28 23:06:28.754764 未中奖
2026/05/28 23:06:28.754764 未中奖
2026/05/28 23:06:28.754764 奖品已发完
2026/05/28 23:06:28.754764 未中奖
2026/05/28 23:06:28.754764 未中奖
2026/05/28 23:06:28.754764 未中奖
2026/05/28 23:06:28.754764 未中奖
2026/05/28 23:06:28.754764 奖品已发完
2026/05/28 23:06:28.754764 未中奖
2026/05/28 23:06:28.754764 未中奖
2026/05/28 23:06:28.754764 奖品已发完
2026/05/28 23:06:28.754764 未中奖
2026/05/28 23:06:28.754764 未中奖
2026/05/28 23:06:28.754764 未中奖
2026/05/28 23:06:28.754764 未中奖
2026/05/28 23:06:28.754764 未中奖
2026/05/28 23:06:28.754764 未中奖
2026/05/28 23:06:28.754764 奖品已发完
2026/05/28 23:06:28.754764 未中奖
2026/05/28 23:06:28.754764 未中奖
2026/05/28 23:06:28.755887 未中奖
2026/05/28 23:06:28.754764 未中奖
2026/05/28 23:06:28.754764 未中奖
2026/05/28 23:06:28.754764 奖品已发完
2026/05/28 23:06:28.755887 未中奖
2026/05/28 23:06:28.755887 未中奖
2026/05/28 23:06:28.755887 未中奖
2026/05/28 23:06:28.755887 未中奖
2026/05/28 23:06:28.755887 未中奖
2026/05/28 23:06:28.755887 未中奖
2026/05/28 23:06:28.755887 未中奖
2026/05/28 23:06:28.755887 未中奖
2026/05/28 23:06:28.755887 未中奖
2026/05/28 23:06:28.755887 未中奖
2026/05/28 23:06:28.755887 未中奖
2026/05/28 23:06:28.755887 未中奖
2026/05/28 23:06:28.755887 未中奖
2026/05/28 23:06:28.755887 未中奖
2026/05/28 23:06:28.755887 未中奖
2026/05/28 23:06:28.755887 未中奖
2026/05/28 23:06:28.755887 奖品已发完
2026/05/28 23:06:28.755887 奖品已发完
2026/05/28 23:06:28.755887 未中奖
2026/05/28 23:06:28.755887 奖品已发完
2026/05/28 23:06:28.755887 未中奖
2026/05/28 23:06:28.755887 未中奖
2026/05/28 23:06:28.755887 未中奖
2026/05/28 23:06:28.755887 未中奖
2026/05/28 23:06:28.755887 未中奖
2026/05/28 23:06:28.755887 未中奖
2026/05/28 23:06:28.755887 奖品已发完
2026/05/28 23:06:28.755887 未中奖
2026/05/28 23:06:28.755887 未中奖
2026/05/28 23:06:28.755887 未中奖
2026/05/28 23:06:28.755887 未中奖
2026/05/28 23:06:28.755887 未中奖
2026/05/28 23:06:28.755887 未中奖
2026/05/28 23:06:28.755887 未中奖
2026/05/28 23:06:28.755887 未中奖
2026/05/28 23:06:28.755887 未中奖
2026/05/28 23:06:28.755887 未中奖
2026/05/28 23:06:28.755887 未中奖
2026/05/28 23:06:28.755887 奖品已发完
2026/05/28 23:06:28.755887 未中奖
2026/05/28 23:06:28.755887 未中奖
2026/05/28 23:06:28.755887 未中奖
2026/05/28 23:06:28.755887 未中奖
2026/05/28 23:06:28.755887 未中奖
2026/05/28 23:06:28.755887 未中奖
2026/05/28 23:06:28.755887 未中奖
2026/05/28 23:06:28.755887 未中奖
2026/05/28 23:06:28.755887 未中奖
2026/05/28 23:06:28.755887 奖品已发完
2026/05/28 23:06:28.755887 未中奖
2026/05/28 23:06:28.755887 未中奖
2026/05/28 23:06:28.755887 未中奖
2026/05/28 23:06:28.755887 奖品已发完
2026/05/28 23:06:28.755887 未中奖
2026/05/28 23:06:28.755887 未中奖
2026/05/28 23:06:28.755887 未中奖
2026/05/28 23:06:28.755887 未中奖
2026/05/28 23:06:28.755887 未中奖
2026/05/28 23:06:28.755887 未中奖
2026/05/28 23:06:28.755887 未中奖
2026/05/28 23:06:28.755887 未中奖
2026/05/28 23:06:28.755887 未中奖
2026/05/28 23:06:28.755887 未中奖
2026/05/28 23:06:28.755887 未中奖
2026/05/28 23:06:28.755887 未中奖
2026/05/28 23:06:28.755887 未中奖
2026/05/28 23:06:28.755887 未中奖
2026/05/28 23:06:28.755887 奖品已发完
2026/05/28 23:06:28.755887 未中奖
2026/05/28 23:06:28.755887 未中奖
2026/05/28 23:06:28.755887 奖品已发完
2026/05/28 23:06:28.755887 未中奖
2026/05/28 23:06:28.755887 奖品已发完
2026/05/28 23:06:28.755887 未中奖
2026/05/28 23:06:28.755887 未中奖
2026/05/28 23:06:28.755887 未中奖
2026/05/28 23:06:28.755887 未中奖
2026/05/28 23:06:28.755887 奖品已发完
2026/05/28 23:06:28.755887 未中奖
2026/05/28 23:06:28.756907 未中奖
2026/05/28 23:06:28.756907 未中奖
2026/05/28 23:06:28.756907 未中奖
2026/05/28 23:06:28.756907 奖品已发完
2026/05/28 23:06:28.756907 未中奖
2026/05/28 23:06:28.756907 未中奖
2026/05/28 23:06:28.756907 未中奖
2026/05/28 23:06:28.756907 未中奖
2026/05/28 23:06:28.755887 未中奖
2026/05/28 23:06:28.755887 未中奖
2026/05/28 23:06:28.756907 未中奖
2026/05/28 23:06:28.756907 未中奖
2026/05/28 23:06:28.756907 未中奖
2026/05/28 23:06:28.756907 未中奖
2026/05/28 23:06:28.756907 未中奖
2026/05/28 23:06:28.756907 未中奖
2026/05/28 23:06:28.756907 未中奖
2026/05/28 23:06:28.756907 未中奖
2026/05/28 23:06:28.756907 未中奖
2026/05/28 23:06:28.756907 未中奖
2026/05/28 23:06:28.756907 未中奖
2026/05/28 23:06:28.756907 未中奖
2026/05/28 23:06:28.756907 未中奖
2026/05/28 23:06:28.756907 未中奖
2026/05/28 23:06:28.756907 未中奖
2026/05/28 23:06:28.756907 未中奖
2026/05/28 23:06:28.756907 未中奖
2026/05/28 23:06:28.756907 未中奖
2026/05/28 23:06:28.756907 未中奖
2026/05/28 23:06:28.756907 未中奖
2026/05/28 23:06:28.756907 未中奖
2026/05/28 23:06:28.756907 未中奖
2026/05/28 23:06:28.756907 未中奖
2026/05/28 23:06:28.756907 奖品已发完
2026/05/28 23:06:28.756907 未中奖
2026/05/28 23:06:28.756907 未中奖
2026/05/28 23:06:28.756907 奖品已发完
2026/05/28 23:06:28.756907 奖品已发完
2026/05/28 23:06:28.756907 未中奖
2026/05/28 23:06:28.756907 未中奖
2026/05/28 23:06:28.756907 未中奖
2026/05/28 23:06:28.756907 未中奖
2026/05/28 23:06:28.756907 未中奖
2026/05/28 23:06:28.756907 未中奖
2026/05/28 23:06:28.756907 未中奖
2026/05/28 23:06:28.756907 未中奖
2026/05/28 23:06:28.756907 未中奖
2026/05/28 23:06:28.756907 未中奖
2026/05/28 23:06:28.756907 未中奖
2026/05/28 23:06:28.756907 未中奖
2026/05/28 23:06:28.756907 未中奖
2026/05/28 23:06:28.756907 未中奖
2026/05/28 23:06:28.756907 未中奖
2026/05/28 23:06:28.756907 未中奖
2026/05/28 23:06:28.756907 未中奖
2026/05/28 23:06:28.756907 未中奖
2026/05/28 23:06:28.756907 未中奖
2026/05/28 23:06:28.756907 未中奖
2026/05/28 23:06:28.756907 未中奖
2026/05/28 23:06:28.756907 未中奖
2026/05/28 23:06:28.756907 未中奖
2026/05/28 23:06:28.756907 未中奖
2026/05/28 23:06:28.756907 未中奖
2026/05/28 23:06:28.756907 未中奖
2026/05/28 23:06:28.756907 未中奖
2026/05/28 23:06:28.756907 未中奖
2026/05/28 23:06:28.756907 未中奖
2026/05/28 23:06:28.756907 未中奖
2026/05/28 23:06:28.756907 未中奖
2026/05/28 23:06:28.756907 未中奖
2026/05/28 23:06:28.756907 未中奖
2026/05/28 23:06:28.756907 未中奖
2026/05/28 23:06:28.756907 未中奖
2026/05/28 23:06:28.756907 未中奖
2026/05/28 23:06:28.756907 未中奖
2026/05/28 23:06:28.756907 未中奖
2026/05/28 23:06:28.756907 未中奖
2026/05/28 23:06:28.756907 未中奖
2026/05/28 23:06:28.756907 未中奖
2026/05/28 23:06:28.758165 未中奖
2026/05/28 23:06:28.756907 未中奖
2026/05/28 23:06:28.758165 奖品已发完
2026/05/28 23:06:28.758165 未中奖
2026/05/28 23:06:28.758165 未中奖
2026/05/28 23:06:28.758165 未中奖
2026/05/28 23:06:28.758165 未中奖
2026/05/28 23:06:28.758165 未中奖
2026/05/28 23:06:28.758165 未中奖
2026/05/28 23:06:28.758165 未中奖
2026/05/28 23:06:28.758165 未中奖
2026/05/28 23:06:28.758165 未中奖
2026/05/28 23:06:28.758165 奖品已发完
2026/05/28 23:06:28.758165 未中奖
2026/05/28 23:06:28.756907 未中奖
2026/05/28 23:06:28.758165 未中奖
2026/05/28 23:06:28.758165 未中奖
2026/05/28 23:06:28.758165 未中奖
2026/05/28 23:06:28.758165 未中奖
2026/05/28 23:06:28.756907 未中奖
2026/05/28 23:06:28.758165 未中奖
2026/05/28 23:06:28.758165 未中奖
2026/05/28 23:06:28.758165 未中奖
2026/05/28 23:06:28.758165 奖品已发完
2026/05/28 23:06:28.758165 未中奖
2026/05/28 23:06:28.758165 未中奖
2026/05/28 23:06:28.758165 未中奖
2026/05/28 23:06:28.758165 未中奖
2026/05/28 23:06:28.758670 未中奖
2026/05/28 23:06:28.758670 未中奖
2026/05/28 23:06:28.758670 未中奖
2026/05/28 23:06:28.758670 未中奖
2026/05/28 23:06:28.758165 未中奖
2026/05/28 23:06:28.758670 未中奖
2026/05/28 23:06:28.758670 未中奖
2026/05/28 23:06:28.758670 奖品已发完
2026/05/28 23:06:28.758165 未中奖
2026/05/28 23:06:28.758670 未中奖
2026/05/28 23:06:28.758670 未中奖
2026/05/28 23:06:28.758165 未中奖
2026/05/28 23:06:28.758670 未中奖
2026/05/28 23:06:28.758670 未中奖
2026/05/28 23:06:28.758670 未中奖
2026/05/28 23:06:28.758670 未中奖
2026/05/28 23:06:28.758670 奖品已发完
2026/05/28 23:06:28.758670 未中奖
2026/05/28 23:06:28.758670 未中奖
2026/05/28 23:06:28.758670 未中奖
2026/05/28 23:06:28.758670 未中奖
2026/05/28 23:06:28.758670 未中奖
2026/05/28 23:06:28.758670 未中奖
2026/05/28 23:06:28.758670 未中奖
2026/05/28 23:06:28.758670 奖品已发完
2026/05/28 23:06:28.758670 未中奖
2026/05/28 23:06:28.758670 未中奖
2026/05/28 23:06:28.758670 未中奖
2026/05/28 23:06:28.758670 奖品已发完
2026/05/28 23:06:28.758670 未中奖
2026/05/28 23:06:28.758670 未中奖
2026/05/28 23:06:28.758670 未中奖
2026/05/28 23:06:28.758670 未中奖
2026/05/28 23:06:28.758670 未中奖
2026/05/28 23:06:28.758670 未中奖
2026/05/28 23:06:28.758670 未中奖
2026/05/28 23:06:28.758670 未中奖
2026/05/28 23:06:28.758670 未中奖
2026/05/28 23:06:28.758670 未中奖
2026/05/28 23:06:28.758670 未中奖
2026/05/28 23:06:28.758670 未中奖
2026/05/28 23:06:28.758670 未中奖
2026/05/28 23:06:28.758670 未中奖
2026/05/28 23:06:28.758670 未中奖
2026/05/28 23:06:28.758670 未中奖
2026/05/28 23:06:28.758670 奖品已发完
2026/05/28 23:06:28.758670 未中奖
2026/05/28 23:06:28.758670 未中奖
2026/05/28 23:06:28.758670 奖品已发完
2026/05/28 23:06:28.758670 奖品已发完
2026/05/28 23:06:28.758670 未中奖
2026/05/28 23:06:28.758670 未中奖
2026/05/28 23:06:28.758670 未中奖
2026/05/28 23:06:28.758670 未中奖
2026/05/28 23:06:28.758670 未中奖
2026/05/28 23:06:28.758670 未中奖
2026/05/28 23:06:28.758670 奖品已发完
2026/05/28 23:06:28.758670 未中奖
2026/05/28 23:06:28.758670 未中奖
2026/05/28 23:06:28.758670 未中奖
2026/05/28 23:06:28.758670 未中奖
2026/05/28 23:06:28.758670 未中奖
2026/05/28 23:06:28.758670 奖品已发完
2026/05/28 23:06:28.758670 奖品已发完
2026/05/28 23:06:28.758670 未中奖
2026/05/28 23:06:28.758670 未中奖
2026/05/28 23:06:28.758670 未中奖
2026/05/28 23:06:28.758670 未中奖
2026/05/28 23:06:28.758670 奖品已发完
2026/05/28 23:06:28.758670 未中奖
2026/05/28 23:06:28.758670 未中奖
2026/05/28 23:06:28.758670 未中奖
2026/05/28 23:06:28.758670 未中奖
2026/05/28 23:06:28.758670 未中奖
2026/05/28 23:06:28.758670 未中奖
2026/05/28 23:06:28.758670 未中奖
2026/05/28 23:06:28.758670 未中奖
2026/05/28 23:06:28.759676 未中奖
2026/05/28 23:06:28.759676 未中奖
2026/05/28 23:06:28.759676 未中奖
2026/05/28 23:06:28.759676 未中奖
2026/05/28 23:06:28.759676 未中奖
2026/05/28 23:06:28.759676 未中奖
2026/05/28 23:06:28.759676 未中奖
2026/05/28 23:06:28.759676 奖品已发完
2026/05/28 23:06:28.759676 奖品已发完
2026/05/28 23:06:28.759676 未中奖
2026/05/28 23:06:28.759676 未中奖
2026/05/28 23:06:28.759676 奖品已发完
2026/05/28 23:06:28.759676 未中奖
2026/05/28 23:06:28.759676 未中奖
2026/05/28 23:06:28.759676 未中奖
2026/05/28 23:06:28.759676 未中奖
2026/05/28 23:06:28.759676 未中奖
2026/05/28 23:06:28.759676 未中奖
2026/05/28 23:06:28.759676 未中奖
2026/05/28 23:06:28.759676 未中奖
2026/05/28 23:06:28.759676 未中奖
2026/05/28 23:06:28.759676 未中奖
2026/05/28 23:06:28.759676 未中奖
2026/05/28 23:06:28.759676 未中奖
2026/05/28 23:06:28.759676 未中奖
2026/05/28 23:06:28.759676 未中奖
2026/05/28 23:06:28.759676 未中奖
2026/05/28 23:06:28.759676 未中奖
2026/05/28 23:06:28.759676 未中奖
2026/05/28 23:06:28.759676 未中奖
2026/05/28 23:06:28.759676 未中奖
2026/05/28 23:06:28.759676 未中奖
2026/05/28 23:06:28.759676 未中奖
2026/05/28 23:06:28.759676 未中奖
2026/05/28 23:06:28.759676 奖品已发完
2026/05/28 23:06:28.759676 未中奖
2026/05/28 23:06:28.759676 未中奖
2026/05/28 23:06:28.759676 奖品已发完
2026/05/28 23:06:28.759676 未中奖
2026/05/28 23:06:28.759676 未中奖
2026/05/28 23:06:28.759676 未中奖
2026/05/28 23:06:28.759676 未中奖
2026/05/28 23:06:28.759676 未中奖
2026/05/28 23:06:28.759676 未中奖
2026/05/28 23:06:28.759676 未中奖
2026/05/28 23:06:28.760200 未中奖
2026/05/28 23:06:28.760200 未中奖
2026/05/28 23:06:28.760200 未中奖
2026/05/28 23:06:28.760200 奖品已发完
2026/05/28 23:06:28.760200 未中奖
2026/05/28 23:06:28.760200 未中奖
2026/05/28 23:06:28.760200 未中奖
2026/05/28 23:06:28.759676 未中奖
2026/05/28 23:06:28.760200 未中奖
2026/05/28 23:06:28.759676 未中奖
2026/05/28 23:06:28.760200 未中奖
2026/05/28 23:06:28.760200 未中奖
2026/05/28 23:06:28.759676 未中奖
2026/05/28 23:06:28.760200 未中奖
2026/05/28 23:06:28.760200 未中奖
2026/05/28 23:06:28.760200 未中奖
2026/05/28 23:06:28.760200 未中奖
2026/05/28 23:06:28.760200 未中奖
2026/05/28 23:06:28.760200 未中奖
2026/05/28 23:06:28.760200 未中奖
2026/05/28 23:06:28.760200 未中奖
2026/05/28 23:06:28.760200 未中奖
2026/05/28 23:06:28.760200 未中奖
2026/05/28 23:06:28.760200 未中奖
2026/05/28 23:06:28.760200 奖品已发完
2026/05/28 23:06:28.760200 未中奖
2026/05/28 23:06:28.760200 未中奖
2026/05/28 23:06:28.760200 未中奖
2026/05/28 23:06:28.760200 未中奖
2026/05/28 23:06:28.760200 未中奖
2026/05/28 23:06:28.760200 未中奖
2026/05/28 23:06:28.760200 未中奖
2026/05/28 23:06:28.760200 未中奖
2026/05/28 23:06:28.760200 奖品已发完
2026/05/28 23:06:28.760200 未中奖
2026/05/28 23:06:28.760200 未中奖
2026/05/28 23:06:28.760200 未中奖
2026/05/28 23:06:28.760200 未中奖
2026/05/28 23:06:28.760200 未中奖
2026/05/28 23:06:28.760200 未中奖
2026/05/28 23:06:28.760200 未中奖
2026/05/28 23:06:28.760200 未中奖
2026/05/28 23:06:28.760200 未中奖
2026/05/28 23:06:28.760200 未中奖
2026/05/28 23:06:28.760200 未中奖
2026/05/28 23:06:28.760200 未中奖
2026/05/28 23:06:28.760200 未中奖
2026/05/28 23:06:28.760200 未中奖
2026/05/28 23:06:28.760200 未中奖
2026/05/28 23:06:28.760200 未中奖
2026/05/28 23:06:28.760200 未中奖
2026/05/28 23:06:28.760200 未中奖
2026/05/28 23:06:28.760200 未中奖
2026/05/28 23:06:28.760200 未中奖
2026/05/28 23:06:28.760200 未中奖
2026/05/28 23:06:28.760200 未中奖
2026/05/28 23:06:28.760200 未中奖
2026/05/28 23:06:28.760200 未中奖
2026/05/28 23:06:28.760200 奖品已发完
2026/05/28 23:06:28.760200 未中奖
2026/05/28 23:06:28.760200 未中奖
2026/05/28 23:06:28.760200 未中奖
2026/05/28 23:06:28.760200 未中奖
2026/05/28 23:06:28.760200 未中奖
2026/05/28 23:06:28.760200 未中奖
2026/05/28 23:06:28.760200 未中奖
2026/05/28 23:06:28.760200 未中奖
2026/05/28 23:06:28.760200 未中奖
2026/05/28 23:06:28.760200 未中奖
2026/05/28 23:06:28.760200 未中奖
2026/05/28 23:06:28.760200 未中奖
2026/05/28 23:06:28.760200 未中奖
2026/05/28 23:06:28.760200 未中奖
2026/05/28 23:06:28.760200 奖品已发完
2026/05/28 23:06:28.760200 未中奖
2026/05/28 23:06:28.760200 未中奖
2026/05/28 23:06:28.760200 奖品已发完
2026/05/28 23:06:28.760200 未中奖
2026/05/28 23:06:28.760200 未中奖
2026/05/28 23:06:28.760200 未中奖
2026/05/28 23:06:28.760200 未中奖
2026/05/28 23:06:28.760200 未中奖
2026/05/28 23:06:28.760200 未中奖
2026/05/28 23:06:28.760200 未中奖
2026/05/28 23:06:28.760200 未中奖
2026/05/28 23:06:28.760200 未中奖
2026/05/28 23:06:28.760200 奖品已发完
2026/05/28 23:06:28.760200 奖品已发完
2026/05/28 23:06:28.760200 未中奖
2026/05/28 23:06:28.760200 未中奖
2026/05/28 23:06:28.760200 未中奖
2026/05/28 23:06:28.760200 奖品已发完
2026/05/28 23:06:28.760200 未中奖
2026/05/28 23:06:28.760200 未中奖
2026/05/28 23:06:28.760200 未中奖
2026/05/28 23:06:28.761484 未中奖
2026/05/28 23:06:28.761484 未中奖
2026/05/28 23:06:28.761484 未中奖
2026/05/28 23:06:28.761484 未中奖
2026/05/28 23:06:28.761484 未中奖
2026/05/28 23:06:28.761484 未中奖
2026/05/28 23:06:28.761484 奖品已发完
2026/05/28 23:06:28.761484 未中奖
2026/05/28 23:06:28.761484 未中奖
2026/05/28 23:06:28.761484 未中奖
2026/05/28 23:06:28.761484 未中奖
2026/05/28 23:06:28.761484 未中奖
2026/05/28 23:06:28.761484 奖品已发完
2026/05/28 23:06:28.761484 未中奖
2026/05/28 23:06:28.761484 未中奖
2026/05/28 23:06:28.761484 未中奖
2026/05/28 23:06:28.761484 奖品已发完
2026/05/28 23:06:28.761484 未中奖
2026/05/28 23:06:28.761484 未中奖
2026/05/28 23:06:28.761484 未中奖
2026/05/28 23:06:28.761484 奖品已发完
2026/05/28 23:06:28.761484 未中奖
2026/05/28 23:06:28.761484 未中奖
2026/05/28 23:06:28.760200 未中奖
2026/05/28 23:06:28.761484 未中奖
2026/05/28 23:06:28.761484 未中奖
2026/05/28 23:06:28.761484 未中奖
2026/05/28 23:06:28.761484 未中奖
2026/05/28 23:06:28.761484 未中奖
2026/05/28 23:06:28.761484 未中奖
2026/05/28 23:06:28.761484 未中奖
2026/05/28 23:06:28.761484 未中奖
2026/05/28 23:06:28.761484 未中奖
2026/05/28 23:06:28.761484 未中奖
2026/05/28 23:06:28.761484 未中奖
2026/05/28 23:06:28.761484 未中奖
2026/05/28 23:06:28.761484 未中奖
2026/05/28 23:06:28.761484 未中奖
2026/05/28 23:06:28.761484 未中奖
2026/05/28 23:06:28.761484 未中奖
2026/05/28 23:06:28.761484 未中奖
2026/05/28 23:06:28.761484 未中奖
2026/05/28 23:06:28.761484 未中奖
2026/05/28 23:06:28.761484 未中奖
2026/05/28 23:06:28.761484 未中奖
2026/05/28 23:06:28.761484 未中奖
2026/05/28 23:06:28.761484 未中奖
2026/05/28 23:06:28.761484 未中奖
2026/05/28 23:06:28.761484 未中奖
2026/05/28 23:06:28.761484 未中奖
2026/05/28 23:06:28.761484 奖品已发完
2026/05/28 23:06:28.761484 未中奖
2026/05/28 23:06:28.761484 未中奖
2026/05/28 23:06:28.761484 未中奖
2026/05/28 23:06:28.761484 未中奖
2026/05/28 23:06:28.761484 未中奖
2026/05/28 23:06:28.761484 奖品已发完
2026/05/28 23:06:28.761484 奖品已发完
2026/05/28 23:06:28.761484 未中奖
2026/05/28 23:06:28.761484 未中奖
2026/05/28 23:06:28.761484 未中奖
2026/05/28 23:06:28.761484 未中奖
2026/05/28 23:06:28.761484 未中奖
2026/05/28 23:06:28.761484 未中奖
2026/05/28 23:06:28.761484 未中奖
2026/05/28 23:06:28.761484 未中奖
2026/05/28 23:06:28.761484 未中奖
2026/05/28 23:06:28.761484 未中奖
2026/05/28 23:06:28.761484 奖品已发完
2026/05/28 23:06:28.761484 未中奖
2026/05/28 23:06:28.761484 未中奖
2026/05/28 23:06:28.761484 未中奖
2026/05/28 23:06:28.761484 未中奖
2026/05/28 23:06:28.761484 未中奖
2026/05/28 23:06:28.761484 未中奖
2026/05/28 23:06:28.761484 未中奖
2026/05/28 23:06:28.761484 未中奖
2026/05/28 23:06:28.761484 未中奖
2026/05/28 23:06:28.761484 未中奖
2026/05/28 23:06:28.761484 未中奖
2026/05/28 23:06:28.761484 未中奖
2026/05/28 23:06:28.761484 未中奖
2026/05/28 23:06:28.761484 未中奖
2026/05/28 23:06:28.761484 未中奖
2026/05/28 23:06:28.761484 未中奖
2026/05/28 23:06:28.761484 奖品已发完
2026/05/28 23:06:28.761484 奖品已发完
2026/05/28 23:06:28.762799 未中奖
2026/05/28 23:06:28.761484 未中奖
2026/05/28 23:06:28.762799 未中奖
2026/05/28 23:06:28.762799 未中奖
2026/05/28 23:06:28.762799 未中奖
2026/05/28 23:06:28.762799 未中奖
2026/05/28 23:06:28.762799 未中奖
2026/05/28 23:06:28.762799 未中奖
2026/05/28 23:06:28.762799 未中奖
2026/05/28 23:06:28.762799 未中奖
2026/05/28 23:06:28.762799 未中奖
2026/05/28 23:06:28.762799 未中奖
2026/05/28 23:06:28.762799 未中奖
2026/05/28 23:06:28.762799 未中奖
2026/05/28 23:06:28.762799 未中奖
2026/05/28 23:06:28.762799 未中奖
2026/05/28 23:06:28.762799 未中奖
2026/05/28 23:06:28.762799 奖品已发完
2026/05/28 23:06:28.762799 奖品已发完
2026/05/28 23:06:28.762799 未中奖
2026/05/28 23:06:28.762799 未中奖
2026/05/28 23:06:28.762799 未中奖
2026/05/28 23:06:28.762799 未中奖
2026/05/28 23:06:28.762799 未中奖
2026/05/28 23:06:28.762799 未中奖
2026/05/28 23:06:28.762799 未中奖
2026/05/28 23:06:28.762799 未中奖
2026/05/28 23:06:28.762799 未中奖
2026/05/28 23:06:28.762799 未中奖
2026/05/28 23:06:28.762799 未中奖
2026/05/28 23:06:28.762799 未中奖
2026/05/28 23:06:28.762799 奖品已发完
2026/05/28 23:06:28.762799 未中奖
2026/05/28 23:06:28.762799 未中奖
2026/05/28 23:06:28.762799 奖品已发完
2026/05/28 23:06:28.762799 未中奖
2026/05/28 23:06:28.762799 奖品已发完
2026/05/28 23:06:28.762799 未中奖
2026/05/28 23:06:28.762799 未中奖
2026/05/28 23:06:28.762799 未中奖
2026/05/28 23:06:28.762799 未中奖
2026/05/28 23:06:28.762799 未中奖
2026/05/28 23:06:28.762799 未中奖
2026/05/28 23:06:28.762799 未中奖
2026/05/28 23:06:28.762799 未中奖
2026/05/28 23:06:28.762799 未中奖
2026/05/28 23:06:28.762799 未中奖
2026/05/28 23:06:28.762799 未中奖
2026/05/28 23:06:28.762799 未中奖
2026/05/28 23:06:28.762799 未中奖
2026/05/28 23:06:28.762799 未中奖
2026/05/28 23:06:28.762799 未中奖
2026/05/28 23:06:28.762799 未中奖
2026/05/28 23:06:28.762799 未中奖
2026/05/28 23:06:28.762799 未中奖
2026/05/28 23:06:28.762799 未中奖
2026/05/28 23:06:28.762799 未中奖
2026/05/28 23:06:28.762799 未中奖
2026/05/28 23:06:28.762799 未中奖
2026/05/28 23:06:28.762799 未中奖
2026/05/28 23:06:28.762799 未中奖
2026/05/28 23:06:28.762799 未中奖
2026/05/28 23:06:28.762799 未中奖
2026/05/28 23:06:28.762799 未中奖
2026/05/28 23:06:28.762799 未中奖
2026/05/28 23:06:28.762799 未中奖
2026/05/28 23:06:28.762799 未中奖
2026/05/28 23:06:28.762799 未中奖
2026/05/28 23:06:28.762799 奖品已发完
2026/05/28 23:06:28.762799 未中奖
2026/05/28 23:06:28.762799 未中奖
2026/05/28 23:06:28.762799 未中奖
2026/05/28 23:06:28.762799 未中奖
2026/05/28 23:06:28.762799 未中奖
2026/05/28 23:06:28.762799 未中奖
2026/05/28 23:06:28.762799 未中奖
2026/05/28 23:06:28.762799 未中奖
2026/05/28 23:06:28.762799 未中奖
2026/05/28 23:06:28.762799 奖品已发完
2026/05/28 23:06:28.762799 未中奖
2026/05/28 23:06:28.762799 未中奖
2026/05/28 23:06:28.762799 未中奖
2026/05/28 23:06:28.762799 未中奖
2026/05/28 23:06:28.762799 未中奖
2026/05/28 23:06:28.762799 未中奖
2026/05/28 23:06:28.762799 未中奖
2026/05/28 23:06:28.762799 未中奖
2026/05/28 23:06:28.762799 未中奖
2026/05/28 23:06:28.762799 未中奖
2026/05/28 23:06:28.762799 未中奖
2026/05/28 23:06:28.762799 未中奖
2026/05/28 23:06:28.762799 未中奖
2026/05/28 23:06:28.762799 未中奖
2026/05/28 23:06:28.762799 未中奖
2026/05/28 23:06:28.762799 未中奖
2026/05/28 23:06:28.762799 未中奖
2026/05/28 23:06:28.762799 未中奖
2026/05/28 23:06:28.762799 未中奖
2026/05/28 23:06:28.762799 未中奖
2026/05/28 23:06:28.763984 未中奖
2026/05/28 23:06:28.762799 未中奖
2026/05/28 23:06:28.763984 未中奖
2026/05/28 23:06:28.762799 未中奖
2026/05/28 23:06:28.763984 未中奖
2026/05/28 23:06:28.763984 未中奖
2026/05/28 23:06:28.763984 未中奖
2026/05/28 23:06:28.763984 未中奖
2026/05/28 23:06:28.763984 未中奖
2026/05/28 23:06:28.763984 未中奖
2026/05/28 23:06:28.763984 未中奖
2026/05/28 23:06:28.763984 奖品已发完
2026/05/28 23:06:28.763984 未中奖
2026/05/28 23:06:28.763984 奖品已发完
2026/05/28 23:06:28.763984 未中奖
2026/05/28 23:06:28.763984 奖品已发完
2026/05/28 23:06:28.763984 未中奖
2026/05/28 23:06:28.763984 奖品已发完
2026/05/28 23:06:28.763984 未中奖
2026/05/28 23:06:28.763984 未中奖
2026/05/28 23:06:28.763984 未中奖
2026/05/28 23:06:28.763984 未中奖
2026/05/28 23:06:28.763984 未中奖
2026/05/28 23:06:28.763984 未中奖
2026/05/28 23:06:28.763984 未中奖
2026/05/28 23:06:28.763984 未中奖
2026/05/28 23:06:28.763984 未中奖
2026/05/28 23:06:28.763984 未中奖
2026/05/28 23:06:28.763984 未中奖
2026/05/28 23:06:28.763984 未中奖
2026/05/28 23:06:28.763984 未中奖
2026/05/28 23:06:28.763984 未中奖
2026/05/28 23:06:28.763984 未中奖
2026/05/28 23:06:28.763984 未中奖
2026/05/28 23:06:28.763984 未中奖
2026/05/28 23:06:28.763984 未中奖
2026/05/28 23:06:28.763984 未中奖
2026/05/28 23:06:28.763984 未中奖
2026/05/28 23:06:28.763984 未中奖
2026/05/28 23:06:28.763984 未中奖
2026/05/28 23:06:28.763984 未中奖
2026/05/28 23:06:28.763984 未中奖
2026/05/28 23:06:28.763984 未中奖
2026/05/28 23:06:28.763984 未中奖
2026/05/28 23:06:28.763984 未中奖
2026/05/28 23:06:28.763984 未中奖
2026/05/28 23:06:28.763984 奖品已发完
2026/05/28 23:06:28.763984 未中奖
2026/05/28 23:06:28.763984 未中奖
2026/05/28 23:06:28.763984 未中奖
2026/05/28 23:06:28.763984 未中奖
2026/05/28 23:06:28.763984 未中奖
2026/05/28 23:06:28.763984 未中奖
2026/05/28 23:06:28.763984 奖品已发完
2026/05/28 23:06:28.763984 未中奖
2026/05/28 23:06:28.763984 未中奖
2026/05/28 23:06:28.763984 未中奖
2026/05/28 23:06:28.763984 未中奖
2026/05/28 23:06:28.763984 未中奖
2026/05/28 23:06:28.763984 未中奖
2026/05/28 23:06:28.763984 未中奖
2026/05/28 23:06:28.763984 未中奖
2026/05/28 23:06:28.763984 未中奖
2026/05/28 23:06:28.763984 未中奖
2026/05/28 23:06:28.763984 未中奖
2026/05/28 23:06:28.763984 未中奖
2026/05/28 23:06:28.763984 未中奖
2026/05/28 23:06:28.763984 未中奖
2026/05/28 23:06:28.763984 未中奖
2026/05/28 23:06:28.763984 未中奖
2026/05/28 23:06:28.763984 未中奖
2026/05/28 23:06:28.763984 未中奖
2026/05/28 23:06:28.763984 未中奖
2026/05/28 23:06:28.763984 未中奖
2026/05/28 23:06:28.763984 未中奖
2026/05/28 23:06:28.763984 未中奖
2026/05/28 23:06:28.763984 奖品已发完
2026/05/28 23:06:28.763984 未中奖
2026/05/28 23:06:28.763984 未中奖
2026/05/28 23:06:28.763984 未中奖
2026/05/28 23:06:28.763984 未中奖
2026/05/28 23:06:28.763984 未中奖
2026/05/28 23:06:28.763984 未中奖
2026/05/28 23:06:28.763984 未中奖
2026/05/28 23:06:28.763984 未中奖
2026/05/28 23:06:28.763984 未中奖
2026/05/28 23:06:28.763984 未中奖
2026/05/28 23:06:28.763984 未中奖
2026/05/28 23:06:28.764990 奖品已发完
2026/05/28 23:06:28.763984 未中奖
2026/05/28 23:06:28.763984 未中奖
2026/05/28 23:06:28.763984 未中奖
2026/05/28 23:06:28.764990 未中奖
2026/05/28 23:06:28.764990 未中奖
2026/05/28 23:06:28.764990 未中奖
2026/05/28 23:06:28.764990 未中奖
2026/05/28 23:06:28.764990 未中奖
2026/05/28 23:06:28.764990 未中奖
2026/05/28 23:06:28.764990 奖品已发完
2026/05/28 23:06:28.764990 未中奖
2026/05/28 23:06:28.764990 未中奖
2026/05/28 23:06:28.764990 未中奖
2026/05/28 23:06:28.764990 未中奖
2026/05/28 23:06:28.764990 未中奖
2026/05/28 23:06:28.764990 未中奖
2026/05/28 23:06:28.764990 未中奖
2026/05/28 23:06:28.764990 未中奖
2026/05/28 23:06:28.764990 未中奖
2026/05/28 23:06:28.764990 未中奖
2026/05/28 23:06:28.764990 奖品已发完
2026/05/28 23:06:28.764990 未中奖
2026/05/28 23:06:28.764990 未中奖
2026/05/28 23:06:28.764990 未中奖
2026/05/28 23:06:28.764990 未中奖
2026/05/28 23:06:28.764990 未中奖
2026/05/28 23:06:28.764990 未中奖
2026/05/28 23:06:28.764990 未中奖
2026/05/28 23:06:28.764990 奖品已发完
2026/05/28 23:06:28.764990 奖品已发完
2026/05/28 23:06:28.764990 未中奖
2026/05/28 23:06:28.764990 未中奖
2026/05/28 23:06:28.764990 未中奖
2026/05/28 23:06:28.764990 未中奖
2026/05/28 23:06:28.764990 未中奖
2026/05/28 23:06:28.765506 未中奖
2026/05/28 23:06:28.765506 未中奖
2026/05/28 23:06:28.765506 未中奖
2026/05/28 23:06:28.764990 奖品已发完
2026/05/28 23:06:28.765506 未中奖
2026/05/28 23:06:28.764990 未中奖
2026/05/28 23:06:28.765506 奖品已发完
2026/05/28 23:06:28.764990 未中奖
2026/05/28 23:06:28.765506 未中奖
2026/05/28 23:06:28.765506 未中奖
2026/05/28 23:06:28.765506 未中奖
2026/05/28 23:06:28.765506 未中奖
2026/05/28 23:06:28.765506 未中奖
2026/05/28 23:06:28.765506 未中奖
2026/05/28 23:06:28.765506 未中奖
2026/05/28 23:06:28.765506 未中奖
2026/05/28 23:06:28.765506 未中奖
2026/05/28 23:06:28.765506 未中奖
2026/05/28 23:06:28.765506 未中奖
2026/05/28 23:06:28.765506 未中奖
2026/05/28 23:06:28.765506 未中奖
2026/05/28 23:06:28.765506 未中奖
2026/05/28 23:06:28.765506 奖品已发完
2026/05/28 23:06:28.765506 未中奖
2026/05/28 23:06:28.765506 未中奖
2026/05/28 23:06:28.765506 奖品已发完
2026/05/28 23:06:28.765506 未中奖
2026/05/28 23:06:28.765506 未中奖
2026/05/28 23:06:28.765506 奖品已发完
2026/05/28 23:06:28.765506 未中奖
2026/05/28 23:06:28.765506 未中奖
2026/05/28 23:06:28.765506 未中奖
2026/05/28 23:06:28.765506 未中奖
2026/05/28 23:06:28.765506 未中奖
2026/05/28 23:06:28.765506 未中奖
2026/05/28 23:06:28.765506 未中奖
2026/05/28 23:06:28.765506 未中奖
2026/05/28 23:06:28.765506 未中奖
2026/05/28 23:06:28.765506 未中奖
2026/05/28 23:06:28.765506 未中奖
2026/05/28 23:06:28.765506 奖品已发完
2026/05/28 23:06:28.765506 未中奖
2026/05/28 23:06:28.765506 奖品已发完
2026/05/28 23:06:28.765506 未中奖
2026/05/28 23:06:28.765506 未中奖
2026/05/28 23:06:28.765506 未中奖
2026/05/28 23:06:28.765506 未中奖
2026/05/28 23:06:28.765506 未中奖
2026/05/28 23:06:28.765506 未中奖
2026/05/28 23:06:28.765506 未中奖
2026/05/28 23:06:28.765506 未中奖
2026/05/28 23:06:28.765506 未中奖
2026/05/28 23:06:28.765506 未中奖
2026/05/28 23:06:28.765506 未中奖
2026/05/28 23:06:28.765506 未中奖
2026/05/28 23:06:28.765506 未中奖
2026/05/28 23:06:28.765506 未中奖
2026/05/28 23:06:28.765506 奖品已发完
2026/05/28 23:06:28.765506 未中奖
2026/05/28 23:06:28.765506 未中奖
2026/05/28 23:06:28.765506 未中奖
2026/05/28 23:06:28.765506 未中奖
2026/05/28 23:06:28.765506 未中奖
2026/05/28 23:06:28.765506 未中奖
2026/05/28 23:06:28.765506 未中奖
2026/05/28 23:06:28.765506 未中奖
2026/05/28 23:06:28.765506 未中奖
2026/05/28 23:06:28.765506 未中奖
2026/05/28 23:06:28.765506 未中奖
2026/05/28 23:06:28.765506 未中奖
2026/05/28 23:06:28.765506 未中奖
2026/05/28 23:06:28.765506 未中奖
2026/05/28 23:06:28.765506 未中奖
2026/05/28 23:06:28.765506 未中奖
2026/05/28 23:06:28.765506 未中奖
2026/05/28 23:06:28.765506 未中奖
2026/05/28 23:06:28.765506 未中奖
2026/05/28 23:06:28.765506 未中奖
2026/05/28 23:06:28.765506 未中奖
2026/05/28 23:06:28.765506 未中奖
2026/05/28 23:06:28.765506 奖品已发完
2026/05/28 23:06:28.766522 未中奖
2026/05/28 23:06:28.766522 未中奖
2026/05/28 23:06:28.765506 未中奖
2026/05/28 23:06:28.765506 未中奖
2026/05/28 23:06:28.765506 未中奖
2026/05/28 23:06:28.766522 未中奖
2026/05/28 23:06:28.766522 未中奖
2026/05/28 23:06:28.766522 未中奖
2026/05/28 23:06:28.766522 未中奖
2026/05/28 23:06:28.766522 奖品已发完
2026/05/28 23:06:28.766522 奖品已发完
2026/05/28 23:06:28.766522 奖品已发完
2026/05/28 23:06:28.766522 未中奖
2026/05/28 23:06:28.766522 未中奖
2026/05/28 23:06:28.766522 未中奖
2026/05/28 23:06:28.766522 未中奖
2026/05/28 23:06:28.766522 未中奖
2026/05/28 23:06:28.766522 奖品已发完
2026/05/28 23:06:28.766522 未中奖
2026/05/28 23:06:28.766522 未中奖
2026/05/28 23:06:28.766522 未中奖
2026/05/28 23:06:28.766522 未中奖
2026/05/28 23:06:28.766522 未中奖
2026/05/28 23:06:28.766522 未中奖
2026/05/28 23:06:28.766522 未中奖
2026/05/28 23:06:28.766522 未中奖
2026/05/28 23:06:28.766522 未中奖
2026/05/28 23:06:28.766522 未中奖
2026/05/28 23:06:28.766522 未中奖
2026/05/28 23:06:28.766522 未中奖
2026/05/28 23:06:28.766522 未中奖
2026/05/28 23:06:28.766522 未中奖
2026/05/28 23:06:28.766522 未中奖
2026/05/28 23:06:28.766522 未中奖
2026/05/28 23:06:28.766522 未中奖
2026/05/28 23:06:28.766522 未中奖
2026/05/28 23:06:28.766522 未中奖
2026/05/28 23:06:28.766522 奖品已发完
2026/05/28 23:06:28.766522 未中奖
2026/05/28 23:06:28.766522 未中奖
2026/05/28 23:06:28.766522 未中奖
2026/05/28 23:06:28.766522 未中奖
2026/05/28 23:06:28.766522 未中奖
2026/05/28 23:06:28.766522 未中奖
2026/05/28 23:06:28.766522 奖品已发完
2026/05/28 23:06:28.766522 奖品已发完
2026/05/28 23:06:28.766522 奖品已发完
2026/05/28 23:06:28.766522 未中奖
2026/05/28 23:06:28.766522 未中奖
2026/05/28 23:06:28.766522 未中奖
2026/05/28 23:06:28.766522 未中奖
2026/05/28 23:06:28.766522 未中奖
2026/05/28 23:06:28.766522 未中奖
2026/05/28 23:06:28.766522 未中奖
2026/05/28 23:06:28.766522 奖品已发完
2026/05/28 23:06:28.766522 未中奖
2026/05/28 23:06:28.766522 未中奖
2026/05/28 23:06:28.766522 未中奖
2026/05/28 23:06:28.766522 未中奖
2026/05/28 23:06:28.766522 未中奖
2026/05/28 23:06:28.766522 奖品已发完
2026/05/28 23:06:28.766522 未中奖
2026/05/28 23:06:28.766522 未中奖
2026/05/28 23:06:28.766522 未中奖
2026/05/28 23:06:28.766522 未中奖
2026/05/28 23:06:28.766522 未中奖
2026/05/28 23:06:28.766522 未中奖
2026/05/28 23:06:28.766522 未中奖
2026/05/28 23:06:28.766522 未中奖
2026/05/28 23:06:28.766522 未中奖
2026/05/28 23:06:28.766522 未中奖
2026/05/28 23:06:28.766522 未中奖
2026/05/28 23:06:28.766522 未中奖
2026/05/28 23:06:28.766522 未中奖
2026/05/28 23:06:28.766522 未中奖
2026/05/28 23:06:28.766522 未中奖
2026/05/28 23:06:28.766522 未中奖
2026/05/28 23:06:28.766522 未中奖
2026/05/28 23:06:28.766522 未中奖
2026/05/28 23:06:28.766522 未中奖
2026/05/28 23:06:28.766522 未中奖
2026/05/28 23:06:28.766522 未中奖
2026/05/28 23:06:28.766522 未中奖
2026/05/28 23:06:28.766522 未中奖
2026/05/28 23:06:28.766522 未中奖
2026/05/28 23:06:28.766522 未中奖
2026/05/28 23:06:28.766522 未中奖
2026/05/28 23:06:28.766522 未中奖
2026/05/28 23:06:28.766522 未中奖
2026/05/28 23:06:28.766522 未中奖
2026/05/28 23:06:28.766522 未中奖
2026/05/28 23:06:28.766522 未中奖
2026/05/28 23:06:28.766522 未中奖
2026/05/28 23:06:28.766522 未中奖
2026/05/28 23:06:28.766522 未中奖
2026/05/28 23:06:28.766522 未中奖
2026/05/28 23:06:28.766522 未中奖
2026/05/28 23:06:28.766522 未中奖
2026/05/28 23:06:28.766522 未中奖
2026/05/28 23:06:28.766522 未中奖
2026/05/28 23:06:28.766522 未中奖
2026/05/28 23:06:28.766522 未中奖
2026/05/28 23:06:28.766522 未中奖
2026/05/28 23:06:28.766522 未中奖
2026/05/28 23:06:28.767661 未中奖
2026/05/28 23:06:28.766522 奖品已发完
2026/05/28 23:06:28.766522 未中奖
2026/05/28 23:06:28.767661 奖品已发完
2026/05/28 23:06:28.767661 未中奖
2026/05/28 23:06:28.767661 未中奖
2026/05/28 23:06:28.767661 奖品已发完
2026/05/28 23:06:28.767661 未中奖
2026/05/28 23:06:28.767661 奖品已发完
2026/05/28 23:06:28.767661 未中奖
2026/05/28 23:06:28.767661 奖品已发完
2026/05/28 23:06:28.767661 未中奖
2026/05/28 23:06:28.767661 未中奖
2026/05/28 23:06:28.767661 未中奖
2026/05/28 23:06:28.767661 未中奖
2026/05/28 23:06:28.767661 未中奖
2026/05/28 23:06:28.767661 奖品已发完
2026/05/28 23:06:28.767661 未中奖
2026/05/28 23:06:28.767661 未中奖
2026/05/28 23:06:28.767661 未中奖
2026/05/28 23:06:28.767661 未中奖
2026/05/28 23:06:28.767661 未中奖
2026/05/28 23:06:28.767661 奖品已发完
2026/05/28 23:06:28.767661 未中奖
2026/05/28 23:06:28.767661 未中奖
2026/05/28 23:06:28.767661 未中奖
2026/05/28 23:06:28.767661 奖品已发完
2026/05/28 23:06:28.767661 未中奖
2026/05/28 23:06:28.767661 未中奖
2026/05/28 23:06:28.767661 未中奖
2026/05/28 23:06:28.767661 未中奖
2026/05/28 23:06:28.767661 未中奖
2026/05/28 23:06:28.767661 未中奖
2026/05/28 23:06:28.767661 未中奖
2026/05/28 23:06:28.767661 未中奖
2026/05/28 23:06:28.767661 未中奖
2026/05/28 23:06:28.767661 未中奖
2026/05/28 23:06:28.767661 未中奖
2026/05/28 23:06:28.767661 奖品已发完
2026/05/28 23:06:28.767661 未中奖
2026/05/28 23:06:28.767661 未中奖
2026/05/28 23:06:28.767661 未中奖
2026/05/28 23:06:28.767661 未中奖
2026/05/28 23:06:28.767661 未中奖
2026/05/28 23:06:28.767661 未中奖
2026/05/28 23:06:28.767661 未中奖
2026/05/28 23:06:28.767661 未中奖
2026/05/28 23:06:28.767661 未中奖
2026/05/28 23:06:28.767661 未中奖
2026/05/28 23:06:28.767661 未中奖
2026/05/28 23:06:28.767661 未中奖
2026/05/28 23:06:28.767661 未中奖
2026/05/28 23:06:28.767661 未中奖
2026/05/28 23:06:28.767661 未中奖
2026/05/28 23:06:28.767661 未中奖
2026/05/28 23:06:28.767661 未中奖
2026/05/28 23:06:28.767661 未中奖
2026/05/28 23:06:28.767661 未中奖
2026/05/28 23:06:28.767661 未中奖
2026/05/28 23:06:28.767661 未中奖
2026/05/28 23:06:28.767661 奖品已发完
2026/05/28 23:06:28.767661 未中奖
2026/05/28 23:06:28.767661 未中奖
2026/05/28 23:06:28.767661 未中奖
2026/05/28 23:06:28.767661 未中奖
2026/05/28 23:06:28.767661 未中奖
2026/05/28 23:06:28.767661 未中奖
2026/05/28 23:06:28.767661 未中奖
2026/05/28 23:06:28.767661 未中奖
2026/05/28 23:06:28.767661 未中奖
2026/05/28 23:06:28.767661 未中奖
2026/05/28 23:06:28.767661 未中奖
2026/05/28 23:06:28.767661 未中奖
2026/05/28 23:06:28.767661 未中奖
2026/05/28 23:06:28.767661 未中奖
2026/05/28 23:06:28.767661 奖品已发完
2026/05/28 23:06:28.767661 奖品已发完
2026/05/28 23:06:28.767661 奖品已发完
2026/05/28 23:06:28.767661 未中奖
2026/05/28 23:06:28.767661 奖品已发完
2026/05/28 23:06:28.767661 未中奖
2026/05/28 23:06:28.767661 未中奖
2026/05/28 23:06:28.767661 未中奖
2026/05/28 23:06:28.767661 奖品已发完
2026/05/28 23:06:28.767661 未中奖
2026/05/28 23:06:28.767661 未中奖
2026/05/28 23:06:28.767661 未中奖
2026/05/28 23:06:28.767661 未中奖
2026/05/28 23:06:28.767661 未中奖
2026/05/28 23:06:28.767661 未中奖
2026/05/28 23:06:28.767661 奖品已发完
2026/05/28 23:06:28.767661 未中奖
2026/05/28 23:06:28.767661 未中奖
2026/05/28 23:06:28.767661 奖品已发完
2026/05/28 23:06:28.767661 未中奖
2026/05/28 23:06:28.767661 未中奖
2026/05/28 23:06:28.767661 未中奖
2026/05/28 23:06:28.767661 未中奖
2026/05/28 23:06:28.768996 未中奖
2026/05/28 23:06:28.767661 未中奖
2026/05/28 23:06:28.767661 未中奖
2026/05/28 23:06:28.768996 未中奖
2026/05/28 23:06:28.767661 奖品已发完
2026/05/28 23:06:28.768996 未中奖
2026/05/28 23:06:28.768996 未中奖
2026/05/28 23:06:28.768996 未中奖
2026/05/28 23:06:28.768996 未中奖
2026/05/28 23:06:28.768996 未中奖
2026/05/28 23:06:28.768996 未中奖
2026/05/28 23:06:28.768996 未中奖
2026/05/28 23:06:28.768996 未中奖
2026/05/28 23:06:28.768996 未中奖
2026/05/28 23:06:28.768996 未中奖
2026/05/28 23:06:28.768996 未中奖
2026/05/28 23:06:28.768996 未中奖
2026/05/28 23:06:28.768996 未中奖
2026/05/28 23:06:28.768996 奖品已发完
2026/05/28 23:06:28.768996 未中奖
2026/05/28 23:06:28.768996 未中奖
2026/05/28 23:06:28.768996 未中奖
2026/05/28 23:06:28.768996 未中奖
2026/05/28 23:06:28.768996 未中奖
2026/05/28 23:06:28.768996 奖品已发完
2026/05/28 23:06:28.768996 奖品已发完
2026/05/28 23:06:28.768996 未中奖
2026/05/28 23:06:28.768996 未中奖
2026/05/28 23:06:28.768996 奖品已发完
2026/05/28 23:06:28.768996 未中奖
2026/05/28 23:06:28.768996 未中奖
2026/05/28 23:06:28.768996 未中奖
2026/05/28 23:06:28.768996 奖品已发完
2026/05/28 23:06:28.768996 未中奖
2026/05/28 23:06:28.768996 未中奖
2026/05/28 23:06:28.768996 未中奖
2026/05/28 23:06:28.768996 奖品已发完
2026/05/28 23:06:28.768996 未中奖
2026/05/28 23:06:28.768996 未中奖
2026/05/28 23:06:28.768996 未中奖
2026/05/28 23:06:28.768996 未中奖
2026/05/28 23:06:28.768996 未中奖
2026/05/28 23:06:28.768996 未中奖
2026/05/28 23:06:28.768996 奖品已发完
2026/05/28 23:06:28.768996 未中奖
2026/05/28 23:06:28.768996 未中奖
2026/05/28 23:06:28.768996 未中奖
2026/05/28 23:06:28.768996 未中奖
2026/05/28 23:06:28.768996 未中奖
2026/05/28 23:06:28.768996 未中奖
2026/05/28 23:06:28.768996 未中奖
2026/05/28 23:06:28.768996 未中奖
2026/05/28 23:06:28.768996 未中奖
2026/05/28 23:06:28.768996 未中奖
2026/05/28 23:06:28.768996 未中奖
2026/05/28 23:06:28.768996 未中奖
2026/05/28 23:06:28.768996 奖品已发完
2026/05/28 23:06:28.768996 未中奖
2026/05/28 23:06:28.768996 未中奖
2026/05/28 23:06:28.768996 奖品已发完
2026/05/28 23:06:28.768996 未中奖
2026/05/28 23:06:28.768996 未中奖
2026/05/28 23:06:28.768996 未中奖
2026/05/28 23:06:28.768996 未中奖
2026/05/28 23:06:28.768996 未中奖
2026/05/28 23:06:28.768996 未中奖
2026/05/28 23:06:28.768996 未中奖
2026/05/28 23:06:28.768996 未中奖
2026/05/28 23:06:28.768996 未中奖
2026/05/28 23:06:28.768996 未中奖
2026/05/28 23:06:28.768996 未中奖
2026/05/28 23:06:28.770005 未中奖
2026/05/28 23:06:28.768996 未中奖
2026/05/28 23:06:28.768996 未中奖
2026/05/28 23:06:28.768996 未中奖
2026/05/28 23:06:28.770005 未中奖
2026/05/28 23:06:28.770005 未中奖
2026/05/28 23:06:28.770005 未中奖
2026/05/28 23:06:28.770005 未中奖
2026/05/28 23:06:28.770005 奖品已发完
2026/05/28 23:06:28.770005 未中奖
2026/05/28 23:06:28.770005 未中奖
2026/05/28 23:06:28.770005 未中奖
2026/05/28 23:06:28.770005 未中奖
2026/05/28 23:06:28.770005 未中奖
2026/05/28 23:06:28.770005 未中奖
2026/05/28 23:06:28.770005 未中奖
2026/05/28 23:06:28.770005 奖品已发完
2026/05/28 23:06:28.770005 未中奖
2026/05/28 23:06:28.770005 未中奖
2026/05/28 23:06:28.770005 奖品已发完
2026/05/28 23:06:28.770005 未中奖
2026/05/28 23:06:28.770005 未中奖
2026/05/28 23:06:28.770005 未中奖
2026/05/28 23:06:28.770005 未中奖
2026/05/28 23:06:28.770005 未中奖
2026/05/28 23:06:28.770005 未中奖
2026/05/28 23:06:28.770005 奖品已发完
2026/05/28 23:06:28.770005 未中奖
2026/05/28 23:06:28.770005 未中奖
2026/05/28 23:06:28.770005 未中奖
2026/05/28 23:06:28.770005 未中奖
2026/05/28 23:06:28.770005 未中奖
2026/05/28 23:06:28.770005 未中奖
2026/05/28 23:06:28.770005 未中奖
2026/05/28 23:06:28.770005 未中奖
2026/05/28 23:06:28.770005 未中奖
2026/05/28 23:06:28.770005 未中奖
2026/05/28 23:06:28.770005 未中奖
2026/05/28 23:06:28.770005 未中奖
2026/05/28 23:06:28.770005 未中奖
2026/05/28 23:06:28.770005 未中奖
2026/05/28 23:06:28.770005 未中奖
2026/05/28 23:06:28.770005 未中奖
2026/05/28 23:06:28.770005 未中奖
2026/05/28 23:06:28.770005 未中奖
2026/05/28 23:06:28.770005 未中奖
2026/05/28 23:06:28.770005 未中奖
2026/05/28 23:06:28.770005 未中奖
2026/05/28 23:06:28.770005 未中奖
2026/05/28 23:06:28.770005 未中奖
2026/05/28 23:06:28.770005 未中奖
2026/05/28 23:06:28.770005 奖品已发完
2026/05/28 23:06:28.770005 未中奖
2026/05/28 23:06:28.770005 未中奖
2026/05/28 23:06:28.770005 未中奖
2026/05/28 23:06:28.770005 未中奖
2026/05/28 23:06:28.770005 未中奖
2026/05/28 23:06:28.770005 未中奖
2026/05/28 23:06:28.770005 未中奖
2026/05/28 23:06:28.770005 未中奖
2026/05/28 23:06:28.770005 未中奖
2026/05/28 23:06:28.770005 未中奖
2026/05/28 23:06:28.770005 未中奖
2026/05/28 23:06:28.770005 奖品已发完
2026/05/28 23:06:28.770005 未中奖
2026/05/28 23:06:28.770005 未中奖
2026/05/28 23:06:28.770005 未中奖
2026/05/28 23:06:28.770005 未中奖
2026/05/28 23:06:28.770005 未中奖
2026/05/28 23:06:28.770005 未中奖
2026/05/28 23:06:28.770005 未中奖
2026/05/28 23:06:28.770005 未中奖
2026/05/28 23:06:28.770005 未中奖
2026/05/28 23:06:28.770005 未中奖
2026/05/28 23:06:28.771234 未中奖
2026/05/28 23:06:28.771234 奖品已发完
2026/05/28 23:06:28.771234 未中奖
2026/05/28 23:06:28.771234 奖品已发完
2026/05/28 23:06:28.771234 未中奖
2026/05/28 23:06:28.771234 奖品已发完
2026/05/28 23:06:28.771234 未中奖
2026/05/28 23:06:28.771234 未中奖
2026/05/28 23:06:28.771234 未中奖
2026/05/28 23:06:28.771234 未中奖
2026/05/28 23:06:28.771234 未中奖
2026/05/28 23:06:28.771234 未中奖
2026/05/28 23:06:28.771234 未中奖
2026/05/28 23:06:28.771234 未中奖
2026/05/28 23:06:28.771234 未中奖
2026/05/28 23:06:28.771234 未中奖
2026/05/28 23:06:28.771234 未中奖
2026/05/28 23:06:28.771234 未中奖
2026/05/28 23:06:28.771234 未中奖
2026/05/28 23:06:28.771234 未中奖
2026/05/28 23:06:28.770005 未中奖
2026/05/28 23:06:28.770005 未中奖
2026/05/28 23:06:28.771234 未中奖
2026/05/28 23:06:28.771234 奖品已发完
2026/05/28 23:06:28.771234 未中奖
2026/05/28 23:06:28.770005 奖品已发完
2026/05/28 23:06:28.770005 未中奖
2026/05/28 23:06:28.771234 未中奖
2026/05/28 23:06:28.771234 未中奖
2026/05/28 23:06:28.771234 未中奖
2026/05/28 23:06:28.771234 未中奖
2026/05/28 23:06:28.771234 未中奖
2026/05/28 23:06:28.771234 奖品已发完
2026/05/28 23:06:28.771234 未中奖
2026/05/28 23:06:28.771234 未中奖
2026/05/28 23:06:28.771234 奖品已发完
2026/05/28 23:06:28.771234 未中奖
2026/05/28 23:06:28.771234 奖品已发完
2026/05/28 23:06:28.771234 未中奖
2026/05/28 23:06:28.771234 未中奖
2026/05/28 23:06:28.771234 未中奖
2026/05/28 23:06:28.771234 未中奖
2026/05/28 23:06:28.771234 未中奖
2026/05/28 23:06:28.771234 未中奖
2026/05/28 23:06:28.771234 未中奖
2026/05/28 23:06:28.771234 未中奖
2026/05/28 23:06:28.771234 未中奖
2026/05/28 23:06:28.771234 未中奖
2026/05/28 23:06:28.771234 未中奖
2026/05/28 23:06:28.771234 未中奖
2026/05/28 23:06:28.771234 未中奖
2026/05/28 23:06:28.771234 未中奖
2026/05/28 23:06:28.771234 未中奖
2026/05/28 23:06:28.771234 奖品已发完
2026/05/28 23:06:28.771234 未中奖
2026/05/28 23:06:28.771234 未中奖
2026/05/28 23:06:28.771234 未中奖
2026/05/28 23:06:28.771234 未中奖
2026/05/28 23:06:28.771234 未中奖
2026/05/28 23:06:28.771234 奖品已发完
2026/05/28 23:06:28.771234 未中奖
2026/05/28 23:06:28.771234 未中奖
2026/05/28 23:06:28.771234 未中奖
2026/05/28 23:06:28.771234 未中奖
2026/05/28 23:06:28.771234 未中奖
2026/05/28 23:06:28.771234 未中奖
2026/05/28 23:06:28.771234 未中奖
2026/05/28 23:06:28.771234 未中奖
2026/05/28 23:06:28.772519 未中奖
2026/05/28 23:06:28.772519 未中奖
2026/05/28 23:06:28.771234 未中奖
2026/05/28 23:06:28.771234 未中奖
2026/05/28 23:06:28.772519 未中奖
2026/05/28 23:06:28.772519 未中奖
2026/05/28 23:06:28.772519 奖品已发完
2026/05/28 23:06:28.772519 未中奖
2026/05/28 23:06:28.772519 奖品已发完
2026/05/28 23:06:28.772519 未中奖
2026/05/28 23:06:28.772519 未中奖
2026/05/28 23:06:28.772519 未中奖
2026/05/28 23:06:28.772519 未中奖
2026/05/28 23:06:28.772519 未中奖
2026/05/28 23:06:28.772519 奖品已发完
2026/05/28 23:06:28.772519 未中奖
2026/05/28 23:06:28.772519 未中奖
2026/05/28 23:06:28.772519 奖品已发完
2026/05/28 23:06:28.772519 未中奖
2026/05/28 23:06:28.772519 未中奖
2026/05/28 23:06:28.772519 未中奖
2026/05/28 23:06:28.772519 未中奖
2026/05/28 23:06:28.772519 未中奖
2026/05/28 23:06:28.772519 未中奖
2026/05/28 23:06:28.772519 未中奖
2026/05/28 23:06:28.772519 未中奖
2026/05/28 23:06:28.772519 未中奖
2026/05/28 23:06:28.772519 未中奖
2026/05/28 23:06:28.772519 未中奖
2026/05/28 23:06:28.772519 未中奖
2026/05/28 23:06:28.772519 未中奖
2026/05/28 23:06:28.772519 未中奖
2026/05/28 23:06:28.772519 未中奖
2026/05/28 23:06:28.772519 未中奖
2026/05/28 23:06:28.772519 未中奖
2026/05/28 23:06:28.772519 未中奖
2026/05/28 23:06:28.772519 未中奖
2026/05/28 23:06:28.772519 未中奖
2026/05/28 23:06:28.772519 未中奖
2026/05/28 23:06:28.772519 未中奖
2026/05/28 23:06:28.772519 未中奖
2026/05/28 23:06:28.772519 未中奖
2026/05/28 23:06:28.772519 未中奖
2026/05/28 23:06:28.772519 未中奖
2026/05/28 23:06:28.772519 未中奖
2026/05/28 23:06:28.772519 未中奖
2026/05/28 23:06:28.772519 未中奖
2026/05/28 23:06:28.772519 未中奖
2026/05/28 23:06:28.772519 未中奖
2026/05/28 23:06:28.772519 未中奖
2026/05/28 23:06:28.772519 未中奖
2026/05/28 23:06:28.772519 未中奖
2026/05/28 23:06:28.772519 未中奖
2026/05/28 23:06:28.772519 未中奖
2026/05/28 23:06:28.772519 未中奖
2026/05/28 23:06:28.772519 未中奖
2026/05/28 23:06:28.772519 未中奖
2026/05/28 23:06:28.772519 未中奖
2026/05/28 23:06:28.772519 未中奖
2026/05/28 23:06:28.772519 未中奖
2026/05/28 23:06:28.772519 未中奖
2026/05/28 23:06:28.772519 未中奖
2026/05/28 23:06:28.772519 奖品已发完
2026/05/28 23:06:28.772519 未中奖
2026/05/28 23:06:28.772519 未中奖
2026/05/28 23:06:28.772519 未中奖
2026/05/28 23:06:28.772519 未中奖
2026/05/28 23:06:28.772519 未中奖
2026/05/28 23:06:28.772519 未中奖
2026/05/28 23:06:28.772519 未中奖
2026/05/28 23:06:28.772519 奖品已发完
2026/05/28 23:06:28.772519 未中奖
2026/05/28 23:06:28.772519 未中奖
2026/05/28 23:06:28.772519 未中奖
2026/05/28 23:06:28.772519 奖品已发完
2026/05/28 23:06:28.772519 未中奖
2026/05/28 23:06:28.772519 奖品已发完
2026/05/28 23:06:28.772519 未中奖
2026/05/28 23:06:28.772519 未中奖
2026/05/28 23:06:28.772519 未中奖
2026/05/28 23:06:28.772519 未中奖
2026/05/28 23:06:28.772519 未中奖
2026/05/28 23:06:28.772519 未中奖
2026/05/28 23:06:28.772519 未中奖
2026/05/28 23:06:28.773526 奖品已发完
2026/05/28 23:06:28.773526 未中奖
2026/05/28 23:06:28.773526 未中奖
2026/05/28 23:06:28.772519 未中奖
2026/05/28 23:06:28.772519 未中奖
2026/05/28 23:06:28.773526 未中奖
2026/05/28 23:06:28.773526 未中奖
2026/05/28 23:06:28.773526 未中奖
2026/05/28 23:06:28.773526 未中奖
2026/05/28 23:06:28.773526 未中奖
2026/05/28 23:06:28.773526 未中奖
2026/05/28 23:06:28.773526 未中奖
2026/05/28 23:06:28.773526 未中奖
2026/05/28 23:06:28.773526 未中奖
2026/05/28 23:06:28.773526 未中奖
2026/05/28 23:06:28.773526 未中奖
2026/05/28 23:06:28.773526 未中奖
2026/05/28 23:06:28.773526 未中奖
2026/05/28 23:06:28.773526 未中奖
2026/05/28 23:06:28.773526 未中奖
2026/05/28 23:06:28.773526 未中奖
2026/05/28 23:06:28.773526 未中奖
2026/05/28 23:06:28.773526 未中奖
2026/05/28 23:06:28.773526 未中奖
2026/05/28 23:06:28.773526 未中奖
2026/05/28 23:06:28.773526 未中奖
2026/05/28 23:06:28.773526 未中奖
2026/05/28 23:06:28.773526 未中奖
2026/05/28 23:06:28.773526 未中奖
2026/05/28 23:06:28.773526 未中奖
2026/05/28 23:06:28.773526 未中奖
2026/05/28 23:06:28.773526 未中奖
2026/05/28 23:06:28.773526 未中奖
2026/05/28 23:06:28.773526 未中奖
2026/05/28 23:06:28.773526 未中奖
2026/05/28 23:06:28.773526 未中奖
2026/05/28 23:06:28.773526 未中奖
2026/05/28 23:06:28.773526 未中奖
2026/05/28 23:06:28.773526 奖品已发完
2026/05/28 23:06:28.773526 未中奖
2026/05/28 23:06:28.773526 未中奖
2026/05/28 23:06:28.773526 未中奖
2026/05/28 23:06:28.773526 未中奖
2026/05/28 23:06:28.773526 未中奖
2026/05/28 23:06:28.773526 未中奖
2026/05/28 23:06:28.773526 未中奖
2026/05/28 23:06:28.773526 未中奖
2026/05/28 23:06:28.773526 未中奖
2026/05/28 23:06:28.773526 未中奖
2026/05/28 23:06:28.774135 未中奖
2026/05/28 23:06:28.773526 未中奖
2026/05/28 23:06:28.774135 未中奖
2026/05/28 23:06:28.773526 奖品已发完
2026/05/28 23:06:28.773526 未中奖
2026/05/28 23:06:28.774135 未中奖
2026/05/28 23:06:28.774135 未中奖
2026/05/28 23:06:28.774135 未中奖
2026/05/28 23:06:28.774135 未中奖
2026/05/28 23:06:28.774135 未中奖
2026/05/28 23:06:28.774135 未中奖
2026/05/28 23:06:28.774135 未中奖
2026/05/28 23:06:28.774135 未中奖
2026/05/28 23:06:28.774135 未中奖
2026/05/28 23:06:28.774135 未中奖
2026/05/28 23:06:28.774135 未中奖
2026/05/28 23:06:28.774135 未中奖
2026/05/28 23:06:28.774135 未中奖
2026/05/28 23:06:28.774135 未中奖
2026/05/28 23:06:28.774135 未中奖
2026/05/28 23:06:28.774135 未中奖
2026/05/28 23:06:28.774135 未中奖
2026/05/28 23:06:28.774135 未中奖
2026/05/28 23:06:28.774135 未中奖
2026/05/28 23:06:28.774135 未中奖
2026/05/28 23:06:28.774135 未中奖
2026/05/28 23:06:28.774135 未中奖
2026/05/28 23:06:28.774135 未中奖
2026/05/28 23:06:28.774135 奖品已发完
2026/05/28 23:06:28.774135 未中奖
2026/05/28 23:06:28.774135 奖品已发完
2026/05/28 23:06:28.774135 未中奖
2026/05/28 23:06:28.774135 未中奖
2026/05/28 23:06:28.774135 未中奖
2026/05/28 23:06:28.774135 未中奖
2026/05/28 23:06:28.774135 未中奖
2026/05/28 23:06:28.774135 未中奖
2026/05/28 23:06:28.774135 未中奖
2026/05/28 23:06:28.774135 未中奖
2026/05/28 23:06:28.774135 未中奖
2026/05/28 23:06:28.774135 未中奖
2026/05/28 23:06:28.774135 未中奖
2026/05/28 23:06:28.774135 未中奖
2026/05/28 23:06:28.774135 未中奖
2026/05/28 23:06:28.774135 未中奖
2026/05/28 23:06:28.774135 未中奖
2026/05/28 23:06:28.774135 未中奖
2026/05/28 23:06:28.774135 奖品已发完
2026/05/28 23:06:28.774135 奖品已发完
2026/05/28 23:06:28.774135 未中奖
2026/05/28 23:06:28.774135 未中奖
2026/05/28 23:06:28.774135 未中奖
2026/05/28 23:06:28.774135 未中奖
2026/05/28 23:06:28.775189 未中奖
2026/05/28 23:06:28.774135 未中奖
2026/05/28 23:06:28.774135 未中奖
2026/05/28 23:06:28.774135 未中奖
2026/05/28 23:06:28.775189 未中奖
2026/05/28 23:06:28.775189 未中奖
2026/05/28 23:06:28.775189 未中奖
2026/05/28 23:06:28.775189 未中奖
2026/05/28 23:06:28.775189 未中奖
2026/05/28 23:06:28.775189 未中奖
2026/05/28 23:06:28.775189 未中奖
2026/05/28 23:06:28.775189 未中奖
2026/05/28 23:06:28.775189 奖品已发完
2026/05/28 23:06:28.775189 奖品已发完
2026/05/28 23:06:28.775189 未中奖
2026/05/28 23:06:28.775189 未中奖
2026/05/28 23:06:28.775189 未中奖
2026/05/28 23:06:28.775189 未中奖
2026/05/28 23:06:28.775189 未中奖
2026/05/28 23:06:28.775189 未中奖
2026/05/28 23:06:28.775189 未中奖
2026/05/28 23:06:28.775189 未中奖
2026/05/28 23:06:28.775189 未中奖
2026/05/28 23:06:28.775189 未中奖
2026/05/28 23:06:28.775619 未中奖
2026/05/28 23:06:28.775189 未中奖
2026/05/28 23:06:28.775619 未中奖
2026/05/28 23:06:28.775189 未中奖
2026/05/28 23:06:28.775619 未中奖
2026/05/28 23:06:28.775189 未中奖
2026/05/28 23:06:28.775619 未中奖
2026/05/28 23:06:28.775619 未中奖
2026/05/28 23:06:28.775189 未中奖
2026/05/28 23:06:28.775619 未中奖
2026/05/28 23:06:28.775619 未中奖
2026/05/28 23:06:28.775619 奖品已发完
2026/05/28 23:06:28.775619 未中奖
2026/05/28 23:06:28.775619 未中奖
2026/05/28 23:06:28.775619 未中奖
2026/05/28 23:06:28.775619 未中奖
2026/05/28 23:06:28.775619 未中奖
2026/05/28 23:06:28.775619 未中奖
2026/05/28 23:06:28.775619 未中奖
2026/05/28 23:06:28.775619 奖品已发完
2026/05/28 23:06:28.775619 未中奖
2026/05/28 23:06:28.775619 未中奖
2026/05/28 23:06:28.775619 未中奖
2026/05/28 23:06:28.775619 未中奖
2026/05/28 23:06:28.775619 未中奖
2026/05/28 23:06:28.775619 未中奖
2026/05/28 23:06:28.775619 未中奖
2026/05/28 23:06:28.775619 未中奖
2026/05/28 23:06:28.775619 未中奖
2026/05/28 23:06:28.775619 未中奖
2026/05/28 23:06:28.775619 未中奖
2026/05/28 23:06:28.775619 奖品已发完
2026/05/28 23:06:28.775619 未中奖
2026/05/28 23:06:28.775619 奖品已发完
2026/05/28 23:06:28.775619 未中奖
2026/05/28 23:06:28.775619 未中奖
2026/05/28 23:06:28.776201 奖品已发完
2026/05/28 23:06:28.776201 未中奖
2026/05/28 23:06:28.776201 未中奖
2026/05/28 23:06:28.776201 未中奖
2026/05/28 23:06:28.776201 未中奖
2026/05/28 23:06:28.775619 未中奖
2026/05/28 23:06:28.776201 未中奖
2026/05/28 23:06:28.775619 未中奖
2026/05/28 23:06:28.776201 未中奖
2026/05/28 23:06:28.776201 未中奖
2026/05/28 23:06:28.776201 奖品已发完
2026/05/28 23:06:28.776201 未中奖
2026/05/28 23:06:28.776201 奖品已发完
2026/05/28 23:06:28.776201 未中奖
2026/05/28 23:06:28.776201 未中奖
2026/05/28 23:06:28.776201 未中奖
2026/05/28 23:06:28.776201 未中奖
2026/05/28 23:06:28.776201 未中奖
2026/05/28 23:06:28.776201 未中奖
2026/05/28 23:06:28.776201 未中奖
2026/05/28 23:06:28.776201 未中奖
2026/05/28 23:06:28.776201 未中奖
2026/05/28 23:06:28.776201 未中奖
2026/05/28 23:06:28.776201 未中奖
2026/05/28 23:06:28.776201 未中奖
2026/05/28 23:06:28.776201 未中奖
2026/05/28 23:06:28.776201 未中奖
2026/05/28 23:06:28.776201 未中奖
2026/05/28 23:06:28.776201 未中奖
2026/05/28 23:06:28.776201 未中奖
2026/05/28 23:06:28.776201 未中奖
2026/05/28 23:06:28.776201 未中奖
2026/05/28 23:06:28.776201 未中奖
2026/05/28 23:06:28.776201 未中奖
2026/05/28 23:06:28.776201 未中奖
2026/05/28 23:06:28.776201 未中奖
2026/05/28 23:06:28.776201 奖品已发完
2026/05/28 23:06:28.776201 未中奖
2026/05/28 23:06:28.776201 未中奖
2026/05/28 23:06:28.776201 未中奖
2026/05/28 23:06:28.776201 奖品已发完
2026/05/28 23:06:28.776201 未中奖
2026/05/28 23:06:28.776201 未中奖
2026/05/28 23:06:28.776201 未中奖
2026/05/28 23:06:28.776201 奖品已发完
2026/05/28 23:06:28.776201 未中奖
2026/05/28 23:06:28.776201 奖品已发完
2026/05/28 23:06:28.776201 未中奖
2026/05/28 23:06:28.776201 未中奖
2026/05/28 23:06:28.776201 奖品已发完
2026/05/28 23:06:28.776201 奖品已发完
2026/05/28 23:06:28.776201 未中奖
2026/05/28 23:06:28.776201 未中奖
2026/05/28 23:06:28.776201 奖品已发完
2026/05/28 23:06:28.776201 未中奖
2026/05/28 23:06:28.776201 未中奖
2026/05/28 23:06:28.776201 奖品已发完
2026/05/28 23:06:28.776201 奖品已发完
2026/05/28 23:06:28.776201 未中奖
2026/05/28 23:06:28.776201 未中奖
2026/05/28 23:06:28.776201 未中奖
2026/05/28 23:06:28.776201 奖品已发完
2026/05/28 23:06:28.776201 未中奖
2026/05/28 23:06:28.776201 未中奖
2026/05/28 23:06:28.776201 未中奖
2026/05/28 23:06:28.776201 未中奖
2026/05/28 23:06:28.776201 未中奖
2026/05/28 23:06:28.776201 未中奖
2026/05/28 23:06:28.776201 未中奖
2026/05/28 23:06:28.776201 未中奖
2026/05/28 23:06:28.776201 未中奖
2026/05/28 23:06:28.776201 奖品已发完
2026/05/28 23:06:28.776201 未中奖
2026/05/28 23:06:28.776201 未中奖
2026/05/28 23:06:28.776201 未中奖
2026/05/28 23:06:28.776201 未中奖
2026/05/28 23:06:28.776201 未中奖
2026/05/28 23:06:28.776201 未中奖
2026/05/28 23:06:28.776201 未中奖
2026/05/28 23:06:28.776201 未中奖
2026/05/28 23:06:28.776201 未中奖
2026/05/28 23:06:28.776201 奖品已发完
2026/05/28 23:06:28.776201 奖品已发完
2026/05/28 23:06:28.776201 未中奖
2026/05/28 23:06:28.776201 奖品已发完
2026/05/28 23:06:28.776201 未中奖
2026/05/28 23:06:28.776201 未中奖
2026/05/28 23:06:28.776201 未中奖
2026/05/28 23:06:28.777199 奖品已发完
2026/05/28 23:06:28.776201 未中奖
2026/05/28 23:06:28.776201 未中奖
2026/05/28 23:06:28.776201 未中奖
2026/05/28 23:06:28.777199 未中奖
2026/05/28 23:06:28.777199 未中奖
2026/05/28 23:06:28.777199 未中奖
2026/05/28 23:06:28.777199 未中奖
2026/05/28 23:06:28.777199 未中奖
2026/05/28 23:06:28.777199 未中奖
2026/05/28 23:06:28.777199 未中奖
2026/05/28 23:06:28.777199 未中奖
2026/05/28 23:06:28.777199 未中奖
2026/05/28 23:06:28.777199 未中奖
2026/05/28 23:06:28.777199 未中奖
2026/05/28 23:06:28.777199 未中奖
2026/05/28 23:06:28.777199 未中奖
2026/05/28 23:06:28.777199 未中奖
2026/05/28 23:06:28.777199 未中奖
2026/05/28 23:06:28.777199 未中奖
2026/05/28 23:06:28.777199 未中奖
2026/05/28 23:06:28.777199 未中奖
2026/05/28 23:06:28.777199 奖品已发完
2026/05/28 23:06:28.777199 未中奖
2026/05/28 23:06:28.777199 未中奖
2026/05/28 23:06:28.777199 未中奖
2026/05/28 23:06:28.777199 未中奖
2026/05/28 23:06:28.777199 未中奖
2026/05/28 23:06:28.777199 未中奖
2026/05/28 23:06:28.777199 未中奖
2026/05/28 23:06:28.777199 未中奖
2026/05/28 23:06:28.777199 未中奖
2026/05/28 23:06:28.777199 未中奖
2026/05/28 23:06:28.777199 未中奖
2026/05/28 23:06:28.777199 未中奖
2026/05/28 23:06:28.777199 未中奖
2026/05/28 23:06:28.777199 未中奖
2026/05/28 23:06:28.777199 未中奖
2026/05/28 23:06:28.777199 未中奖
2026/05/28 23:06:28.777199 未中奖
2026/05/28 23:06:28.777199 未中奖
2026/05/28 23:06:28.777199 未中奖
2026/05/28 23:06:28.777199 未中奖
2026/05/28 23:06:28.777199 未中奖
2026/05/28 23:06:28.777199 未中奖
2026/05/28 23:06:28.777199 未中奖
2026/05/28 23:06:28.777199 未中奖
2026/05/28 23:06:28.777199 未中奖
2026/05/28 23:06:28.777199 未中奖
2026/05/28 23:06:28.777199 未中奖
2026/05/28 23:06:28.777199 奖品已发完
2026/05/28 23:06:28.777199 未中奖
2026/05/28 23:06:28.777199 未中奖
2026/05/28 23:06:28.777199 未中奖
2026/05/28 23:06:28.777199 未中奖
2026/05/28 23:06:28.777199 奖品已发完
2026/05/28 23:06:28.777199 奖品已发完
2026/05/28 23:06:28.777199 未中奖
2026/05/28 23:06:28.777199 未中奖
2026/05/28 23:06:28.777199 未中奖
2026/05/28 23:06:28.777199 未中奖
2026/05/28 23:06:28.777199 未中奖
2026/05/28 23:06:28.777199 未中奖
2026/05/28 23:06:28.777199 未中奖
2026/05/28 23:06:28.777199 未中奖
2026/05/28 23:06:28.777199 未中奖
2026/05/28 23:06:28.777199 未中奖
2026/05/28 23:06:28.777199 未中奖
2026/05/28 23:06:28.777199 未中奖
2026/05/28 23:06:28.777199 未中奖
2026/05/28 23:06:28.777199 未中奖
2026/05/28 23:06:28.777199 奖品已发完
2026/05/28 23:06:28.777199 未中奖
2026/05/28 23:06:28.777199 奖品已发完
2026/05/28 23:06:28.777199 奖品已发完
2026/05/28 23:06:28.777199 未中奖
2026/05/28 23:06:28.777199 未中奖
2026/05/28 23:06:28.777199 奖品已发完
2026/05/28 23:06:28.777199 未中奖
2026/05/28 23:06:28.777199 未中奖
2026/05/28 23:06:28.777199 未中奖
2026/05/28 23:06:28.777199 未中奖
2026/05/28 23:06:28.777199 奖品已发完
2026/05/28 23:06:28.777199 未中奖
2026/05/28 23:06:28.777199 未中奖
2026/05/28 23:06:28.777199 未中奖
2026/05/28 23:06:28.777199 未中奖
2026/05/28 23:06:28.777199 未中奖
2026/05/28 23:06:28.777199 未中奖
2026/05/28 23:06:28.778300 未中奖
2026/05/28 23:06:28.778300 未中奖
2026/05/28 23:06:28.778300 未中奖
2026/05/28 23:06:28.778300 未中奖
2026/05/28 23:06:28.778300 未中奖
2026/05/28 23:06:28.778300 未中奖
2026/05/28 23:06:28.778300 未中奖
2026/05/28 23:06:28.778300 未中奖
2026/05/28 23:06:28.778300 未中奖
2026/05/28 23:06:28.778300 未中奖
2026/05/28 23:06:28.778300 未中奖
2026/05/28 23:06:28.778300 未中奖
2026/05/28 23:06:28.778300 未中奖
2026/05/28 23:06:28.777199 未中奖
2026/05/28 23:06:28.778300 未中奖
2026/05/28 23:06:28.778300 未中奖
2026/05/28 23:06:28.778300 未中奖
2026/05/28 23:06:28.778300 奖品已发完
2026/05/28 23:06:28.778300 未中奖
2026/05/28 23:06:28.778300 未中奖
2026/05/28 23:06:28.778300 未中奖
2026/05/28 23:06:28.778300 未中奖
2026/05/28 23:06:28.778300 未中奖
2026/05/28 23:06:28.777199 未中奖
2026/05/28 23:06:28.778300 未中奖
2026/05/28 23:06:28.778300 奖品已发完
2026/05/28 23:06:28.778300 未中奖
2026/05/28 23:06:28.778300 未中奖
2026/05/28 23:06:28.778300 奖品已发完
2026/05/28 23:06:28.778300 未中奖
2026/05/28 23:06:28.778300 未中奖
2026/05/28 23:06:28.778300 未中奖
2026/05/28 23:06:28.778300 未中奖
2026/05/28 23:06:28.778300 未中奖
2026/05/28 23:06:28.778300 未中奖
2026/05/28 23:06:28.778300 未中奖
2026/05/28 23:06:28.778300 未中奖
2026/05/28 23:06:28.778300 未中奖
2026/05/28 23:06:28.778300 未中奖
2026/05/28 23:06:28.778300 未中奖
2026/05/28 23:06:28.778300 未中奖
2026/05/28 23:06:28.778300 未中奖
2026/05/28 23:06:28.778300 未中奖
2026/05/28 23:06:28.778300 未中奖
2026/05/28 23:06:28.778300 奖品已发完
2026/05/28 23:06:28.778300 未中奖
2026/05/28 23:06:28.778300 未中奖
2026/05/28 23:06:28.778300 未中奖
2026/05/28 23:06:28.778300 未中奖
2026/05/28 23:06:28.778300 未中奖
2026/05/28 23:06:28.778300 未中奖
2026/05/28 23:06:28.778300 未中奖
2026/05/28 23:06:28.778300 未中奖
2026/05/28 23:06:28.778300 未中奖
2026/05/28 23:06:28.778300 未中奖
2026/05/28 23:06:28.778300 未中奖
2026/05/28 23:06:28.778300 未中奖
2026/05/28 23:06:28.778300 未中奖
2026/05/28 23:06:28.778300 未中奖
2026/05/28 23:06:28.778300 未中奖
2026/05/28 23:06:28.778300 未中奖
2026/05/28 23:06:28.778300 未中奖
2026/05/28 23:06:28.778300 未中奖
2026/05/28 23:06:28.778300 未中奖
2026/05/28 23:06:28.778300 未中奖
2026/05/28 23:06:28.778300 未中奖
2026/05/28 23:06:28.778300 未中奖
2026/05/28 23:06:28.778300 奖品已发完
2026/05/28 23:06:28.778300 未中奖
2026/05/28 23:06:28.778300 未中奖
2026/05/28 23:06:28.778300 未中奖
2026/05/28 23:06:28.778300 未中奖
2026/05/28 23:06:28.778300 未中奖
2026/05/28 23:06:28.778300 未中奖
2026/05/28 23:06:28.778300 未中奖
2026/05/28 23:06:28.778300 未中奖
2026/05/28 23:06:28.778300 未中奖
2026/05/28 23:06:28.778300 奖品已发完
2026/05/28 23:06:28.778300 未中奖
2026/05/28 23:06:28.778300 未中奖
2026/05/28 23:06:28.778300 未中奖
2026/05/28 23:06:28.778300 未中奖
2026/05/28 23:06:28.778300 未中奖
2026/05/28 23:06:28.778300 未中奖
2026/05/28 23:06:28.778300 未中奖
2026/05/28 23:06:28.778300 未中奖
2026/05/28 23:06:28.778300 未中奖
2026/05/28 23:06:28.778300 未中奖
2026/05/28 23:06:28.778300 未中奖
2026/05/28 23:06:28.778300 未中奖
2026/05/28 23:06:28.778300 未中奖
2026/05/28 23:06:28.778300 未中奖
2026/05/28 23:06:28.778300 未中奖
2026/05/28 23:06:28.778300 未中奖
2026/05/28 23:06:28.778300 未中奖
2026/05/28 23:06:28.778300 奖品已发完
2026/05/28 23:06:28.779692 未中奖
2026/05/28 23:06:28.779692 未中奖
2026/05/28 23:06:28.778300 未中奖
2026/05/28 23:06:28.779692 未中奖
2026/05/28 23:06:28.779692 未中奖
2026/05/28 23:06:28.779692 未中奖
2026/05/28 23:06:28.779692 未中奖
2026/05/28 23:06:28.778300 未中奖
2026/05/28 23:06:28.779692 未中奖
2026/05/28 23:06:28.779692 未中奖
2026/05/28 23:06:28.779692 未中奖
2026/05/28 23:06:28.779692 未中奖
2026/05/28 23:06:28.779692 未中奖
2026/05/28 23:06:28.779692 未中奖
2026/05/28 23:06:28.779692 未中奖
2026/05/28 23:06:28.779692 未中奖
2026/05/28 23:06:28.779692 未中奖
2026/05/28 23:06:28.779692 未中奖
2026/05/28 23:06:28.779692 奖品已发完
2026/05/28 23:06:28.779692 未中奖
2026/05/28 23:06:28.779692 未中奖
2026/05/28 23:06:28.779692 未中奖
2026/05/28 23:06:28.779692 未中奖
2026/05/28 23:06:28.779692 未中奖
2026/05/28 23:06:28.779692 奖品已发完
2026/05/28 23:06:28.779692 未中奖
2026/05/28 23:06:28.779692 未中奖
2026/05/28 23:06:28.779692 奖品已发完
2026/05/28 23:06:28.779692 未中奖
2026/05/28 23:06:28.778300 未中奖
2026/05/28 23:06:28.779692 奖品已发完
2026/05/28 23:06:28.779692 奖品已发完
2026/05/28 23:06:28.779692 未中奖
2026/05/28 23:06:28.779692 未中奖
2026/05/28 23:06:28.779692 未中奖
2026/05/28 23:06:28.779692 未中奖
2026/05/28 23:06:28.779692 未中奖
2026/05/28 23:06:28.779692 未中奖
2026/05/28 23:06:28.779692 未中奖
2026/05/28 23:06:28.779692 未中奖
2026/05/28 23:06:28.779692 未中奖
2026/05/28 23:06:28.779692 未中奖
2026/05/28 23:06:28.779692 未中奖
2026/05/28 23:06:28.779692 未中奖
2026/05/28 23:06:28.779692 未中奖
2026/05/28 23:06:28.779692 未中奖
2026/05/28 23:06:28.779692 未中奖
2026/05/28 23:06:28.779692 未中奖
2026/05/28 23:06:28.779692 未中奖
2026/05/28 23:06:28.779692 奖品已发完
2026/05/28 23:06:28.779692 未中奖
2026/05/28 23:06:28.779692 未中奖
2026/05/28 23:06:28.779692 未中奖
2026/05/28 23:06:28.780198 奖品已发完
2026/05/28 23:06:28.780198 奖品已发完
2026/05/28 23:06:28.780198 未中奖
2026/05/28 23:06:28.780198 未中奖
2026/05/28 23:06:28.780198 奖品已发完
2026/05/28 23:06:28.780198 未中奖
2026/05/28 23:06:28.780198 未中奖
2026/05/28 23:06:28.780198 未中奖
2026/05/28 23:06:28.780198 未中奖
2026/05/28 23:06:28.780198 未中奖
2026/05/28 23:06:28.780198 未中奖
2026/05/28 23:06:28.780198 未中奖
2026/05/28 23:06:28.780198 未中奖
2026/05/28 23:06:28.780198 未中奖
2026/05/28 23:06:28.780198 未中奖
2026/05/28 23:06:28.780198 未中奖
2026/05/28 23:06:28.780198 未中奖
2026/05/28 23:06:28.780198 未中奖
2026/05/28 23:06:28.780198 未中奖
2026/05/28 23:06:28.780198 未中奖
2026/05/28 23:06:28.780198 未中奖
2026/05/28 23:06:28.780198 未中奖
2026/05/28 23:06:28.780198 未中奖
2026/05/28 23:06:28.780198 未中奖
2026/05/28 23:06:28.780198 未中奖
2026/05/28 23:06:28.780198 未中奖
2026/05/28 23:06:28.780198 未中奖
2026/05/28 23:06:28.780198 未中奖
2026/05/28 23:06:28.780198 未中奖
2026/05/28 23:06:28.780198 未中奖
2026/05/28 23:06:28.780198 奖品已发完
2026/05/28 23:06:28.780198 未中奖
2026/05/28 23:06:28.780198 奖品已发完
2026/05/28 23:06:28.780198 未中奖
2026/05/28 23:06:28.780198 奖品已发完
2026/05/28 23:06:28.780198 未中奖
2026/05/28 23:06:28.780198 奖品已发完
2026/05/28 23:06:28.780198 未中奖
2026/05/28 23:06:28.780198 奖品已发完
2026/05/28 23:06:28.780198 奖品已发完
2026/05/28 23:06:28.780198 未中奖
2026/05/28 23:06:28.780198 未中奖
2026/05/28 23:06:28.780198 未中奖
2026/05/28 23:06:28.780198 未中奖
2026/05/28 23:06:28.780198 未中奖
2026/05/28 23:06:28.780198 未中奖
2026/05/28 23:06:28.780198 未中奖
2026/05/28 23:06:28.780198 未中奖
2026/05/28 23:06:28.780198 未中奖
2026/05/28 23:06:28.780198 未中奖
2026/05/28 23:06:28.780715 未中奖
2026/05/28 23:06:28.780715 未中奖
2026/05/28 23:06:28.780198 未中奖
2026/05/28 23:06:28.780715 未中奖
2026/05/28 23:06:28.780715 未中奖
2026/05/28 23:06:28.780715 未中奖
2026/05/28 23:06:28.780715 未中奖
2026/05/28 23:06:28.780715 未中奖
2026/05/28 23:06:28.780715 奖品已发完
2026/05/28 23:06:28.780715 奖品已发完
2026/05/28 23:06:28.780715 未中奖
2026/05/28 23:06:28.780198 未中奖
2026/05/28 23:06:28.780715 未中奖
2026/05/28 23:06:28.780715 未中奖
2026/05/28 23:06:28.780715 未中奖
2026/05/28 23:06:28.780715 未中奖
2026/05/28 23:06:28.780715 未中奖
2026/05/28 23:06:28.780198 未中奖
2026/05/28 23:06:28.780715 未中奖
2026/05/28 23:06:28.780715 未中奖
2026/05/28 23:06:28.780715 未中奖
2026/05/28 23:06:28.780715 未中奖
2026/05/28 23:06:28.780715 未中奖
2026/05/28 23:06:28.780715 未中奖
2026/05/28 23:06:28.780715 未中奖
2026/05/28 23:06:28.780715 奖品已发完
2026/05/28 23:06:28.780715 未中奖
2026/05/28 23:06:28.780715 未中奖
2026/05/28 23:06:28.780715 未中奖
2026/05/28 23:06:28.780715 奖品已发完
2026/05/28 23:06:28.780715 未中奖
2026/05/28 23:06:28.780715 奖品已发完
2026/05/28 23:06:28.780715 未中奖
2026/05/28 23:06:28.780715 未中奖
2026/05/28 23:06:28.780715 未中奖
2026/05/28 23:06:28.780715 未中奖
2026/05/28 23:06:28.780715 未中奖
2026/05/28 23:06:28.780715 未中奖
2026/05/28 23:06:28.780715 未中奖
2026/05/28 23:06:28.780715 未中奖
2026/05/28 23:06:28.780715 未中奖
2026/05/28 23:06:28.780715 未中奖
2026/05/28 23:06:28.780715 未中奖
2026/05/28 23:06:28.780715 未中奖
2026/05/28 23:06:28.780715 奖品已发完
2026/05/28 23:06:28.780715 未中奖
2026/05/28 23:06:28.780715 未中奖
2026/05/28 23:06:28.780715 未中奖
2026/05/28 23:06:28.780715 未中奖
2026/05/28 23:06:28.780715 未中奖
2026/05/28 23:06:28.780715 奖品已发完
2026/05/28 23:06:28.780715 未中奖
2026/05/28 23:06:28.780715 未中奖
2026/05/28 23:06:28.780715 未中奖
2026/05/28 23:06:28.780715 未中奖
2026/05/28 23:06:28.780715 未中奖
2026/05/28 23:06:28.780715 未中奖
2026/05/28 23:06:28.780715 未中奖
2026/05/28 23:06:28.780715 未中奖
2026/05/28 23:06:28.780715 未中奖
2026/05/28 23:06:28.780715 未中奖
2026/05/28 23:06:28.780715 未中奖
2026/05/28 23:06:28.780715 未中奖
2026/05/28 23:06:28.780715 未中奖
2026/05/28 23:06:28.780715 未中奖
2026/05/28 23:06:28.780715 未中奖
2026/05/28 23:06:28.780715 未中奖
2026/05/28 23:06:28.780715 未中奖
2026/05/28 23:06:28.780715 未中奖
2026/05/28 23:06:28.780715 奖品已发完
2026/05/28 23:06:28.780715 未中奖
2026/05/28 23:06:28.780715 未中奖
2026/05/28 23:06:28.780715 未中奖
2026/05/28 23:06:28.780715 未中奖
2026/05/28 23:06:28.780715 未中奖
2026/05/28 23:06:28.780715 奖品已发完
2026/05/28 23:06:28.780715 未中奖
2026/05/28 23:06:28.780715 未中奖
2026/05/28 23:06:28.780715 未中奖
2026/05/28 23:06:28.780715 未中奖
2026/05/28 23:06:28.780715 未中奖
2026/05/28 23:06:28.780715 未中奖
2026/05/28 23:06:28.780715 未中奖
2026/05/28 23:06:28.780715 未中奖
2026/05/28 23:06:28.780715 未中奖
2026/05/28 23:06:28.780715 未中奖
2026/05/28 23:06:28.780715 未中奖
2026/05/28 23:06:28.780715 未中奖
2026/05/28 23:06:28.780715 未中奖
2026/05/28 23:06:28.780715 未中奖
2026/05/28 23:06:28.780715 未中奖
2026/05/28 23:06:28.780715 未中奖
2026/05/28 23:06:28.780715 未中奖
2026/05/28 23:06:28.780715 未中奖
2026/05/28 23:06:28.780715 未中奖
2026/05/28 23:06:28.780715 未中奖
2026/05/28 23:06:28.780715 未中奖
2026/05/28 23:06:28.780715 未中奖
2026/05/28 23:06:28.780715 未中奖
2026/05/28 23:06:28.780715 未中奖
2026/05/28 23:06:28.780715 未中奖
2026/05/28 23:06:28.780715 未中奖
2026/05/28 23:06:28.780715 未中奖
2026/05/28 23:06:28.780715 未中奖
2026/05/28 23:06:28.780715 奖品已发完
2026/05/28 23:06:28.780715 未中奖
2026/05/28 23:06:28.780715 未中奖
2026/05/28 23:06:28.780715 奖品已发完
2026/05/28 23:06:28.780715 未中奖
2026/05/28 23:06:28.780715 未中奖
2026/05/28 23:06:28.780715 未中奖
2026/05/28 23:06:28.780715 未中奖
2026/05/28 23:06:28.780715 未中奖
2026/05/28 23:06:28.780715 未中奖
2026/05/28 23:06:28.780715 奖品已发完
2026/05/28 23:06:28.780715 未中奖
2026/05/28 23:06:28.780715 未中奖
2026/05/28 23:06:28.780715 未中奖
2026/05/28 23:06:28.780715 未中奖
2026/05/28 23:06:28.780715 未中奖
2026/05/28 23:06:28.780715 未中奖
2026/05/28 23:06:28.780715 未中奖
2026/05/28 23:06:28.780715 未中奖
2026/05/28 23:06:28.780715 未中奖
2026/05/28 23:06:28.780715 未中奖
2026/05/28 23:06:28.780715 未中奖
2026/05/28 23:06:28.780715 未中奖
2026/05/28 23:06:28.780715 未中奖
2026/05/28 23:06:28.780715 未中奖
2026/05/28 23:06:28.780715 未中奖
2026/05/28 23:06:28.780715 未中奖
2026/05/28 23:06:28.780715 未中奖
2026/05/28 23:06:28.780715 未中奖
2026/05/28 23:06:28.782124 未中奖
2026/05/28 23:06:28.780715 未中奖
2026/05/28 23:06:28.780715 未中奖
2026/05/28 23:06:28.782124 未中奖
2026/05/28 23:06:28.782124 未中奖
2026/05/28 23:06:28.782124 奖品已发完
2026/05/28 23:06:28.782124 未中奖
2026/05/28 23:06:28.782124 未中奖
2026/05/28 23:06:28.782124 未中奖
2026/05/28 23:06:28.782124 未中奖
2026/05/28 23:06:28.782124 未中奖
2026/05/28 23:06:28.782124 奖品已发完
2026/05/28 23:06:28.782124 未中奖
2026/05/28 23:06:28.782124 未中奖
2026/05/28 23:06:28.782124 奖品已发完
2026/05/28 23:06:28.782124 奖品已发完
2026/05/28 23:06:28.782124 未中奖
2026/05/28 23:06:28.782124 未中奖
2026/05/28 23:06:28.782124 未中奖
2026/05/28 23:06:28.782124 未中奖
2026/05/28 23:06:28.782124 未中奖
2026/05/28 23:06:28.782124 未中奖
2026/05/28 23:06:28.782124 奖品已发完
2026/05/28 23:06:28.782124 未中奖
2026/05/28 23:06:28.782124 未中奖
2026/05/28 23:06:28.782124 未中奖
2026/05/28 23:06:28.782124 未中奖
2026/05/28 23:06:28.782124 未中奖
2026/05/28 23:06:28.782124 未中奖
2026/05/28 23:06:28.782124 未中奖
2026/05/28 23:06:28.782124 奖品已发完
2026/05/28 23:06:28.782124 未中奖
2026/05/28 23:06:28.782124 未中奖
2026/05/28 23:06:28.782124 未中奖
2026/05/28 23:06:28.782124 未中奖
2026/05/28 23:06:28.782124 未中奖
2026/05/28 23:06:28.782124 未中奖
2026/05/28 23:06:28.782124 未中奖
2026/05/28 23:06:28.782124 未中奖
2026/05/28 23:06:28.782124 未中奖
2026/05/28 23:06:28.782124 未中奖
2026/05/28 23:06:28.782124 未中奖
2026/05/28 23:06:28.782124 奖品已发完
2026/05/28 23:06:28.782124 未中奖
2026/05/28 23:06:28.782124 奖品已发完
2026/05/28 23:06:28.782124 未中奖
2026/05/28 23:06:28.782124 未中奖
2026/05/28 23:06:28.782124 奖品已发完
2026/05/28 23:06:28.782124 未中奖
2026/05/28 23:06:28.782124 未中奖
2026/05/28 23:06:28.782124 未中奖
2026/05/28 23:06:28.782124 未中奖
2026/05/28 23:06:28.782124 未中奖
2026/05/28 23:06:28.782124 奖品已发完
2026/05/28 23:06:28.782124 未中奖
2026/05/28 23:06:28.782124 奖品已发完
2026/05/28 23:06:28.782124 未中奖
2026/05/28 23:06:28.782124 奖品已发完
2026/05/28 23:06:28.782124 未中奖
2026/05/28 23:06:28.782124 未中奖
2026/05/28 23:06:28.782124 未中奖
2026/05/28 23:06:28.782124 未中奖
2026/05/28 23:06:28.782124 未中奖
2026/05/28 23:06:28.782124 未中奖
2026/05/28 23:06:28.782124 未中奖
2026/05/28 23:06:28.782124 未中奖
2026/05/28 23:06:28.782124 未中奖
2026/05/28 23:06:28.782124 未中奖
2026/05/28 23:06:28.782124 奖品已发完
2026/05/28 23:06:28.782124 未中奖
2026/05/28 23:06:28.782124 未中奖
2026/05/28 23:06:28.782124 未中奖
2026/05/28 23:06:28.782124 未中奖
2026/05/28 23:06:28.783070 未中奖
2026/05/28 23:06:28.783070 未中奖
2026/05/28 23:06:28.783070 未中奖
2026/05/28 23:06:28.783070 未中奖
2026/05/28 23:06:28.783070 奖品已发完
2026/05/28 23:06:28.783070 未中奖
2026/05/28 23:06:28.783070 未中奖
2026/05/28 23:06:28.783070 奖品已发完
2026/05/28 23:06:28.783070 奖品已发完
2026/05/28 23:06:28.782124 未中奖
2026/05/28 23:06:28.783070 未中奖
2026/05/28 23:06:28.783070 未中奖
2026/05/28 23:06:28.783070 未中奖
2026/05/28 23:06:28.783070 奖品已发完
2026/05/28 23:06:28.782124 未中奖
2026/05/28 23:06:28.782124 未中奖
2026/05/28 23:06:28.783070 未中奖
2026/05/28 23:06:28.783070 未中奖
2026/05/28 23:06:28.783070 未中奖
2026/05/28 23:06:28.783070 未中奖
2026/05/28 23:06:28.783070 未中奖
2026/05/28 23:06:28.783070 未中奖
2026/05/28 23:06:28.783070 未中奖
2026/05/28 23:06:28.783070 未中奖
2026/05/28 23:06:28.783070 未中奖
2026/05/28 23:06:28.783070 奖品已发完
2026/05/28 23:06:28.783070 未中奖
2026/05/28 23:06:28.783070 未中奖
2026/05/28 23:06:28.783070 未中奖
2026/05/28 23:06:28.783070 奖品已发完
2026/05/28 23:06:28.783070 未中奖
2026/05/28 23:06:28.783070 未中奖
2026/05/28 23:06:28.783070 奖品已发完
2026/05/28 23:06:28.783070 未中奖
2026/05/28 23:06:28.783070 未中奖
2026/05/28 23:06:28.783070 未中奖
2026/05/28 23:06:28.783070 未中奖
2026/05/28 23:06:28.783070 奖品已发完
2026/05/28 23:06:28.783070 奖品已发完
2026/05/28 23:06:28.783070 未中奖
2026/05/28 23:06:28.783070 未中奖
2026/05/28 23:06:28.783070 未中奖
2026/05/28 23:06:28.783070 未中奖
2026/05/28 23:06:28.783070 奖品已发完
2026/05/28 23:06:28.783070 未中奖
2026/05/28 23:06:28.783070 未中奖
2026/05/28 23:06:28.783070 未中奖
2026/05/28 23:06:28.783070 未中奖
2026/05/28 23:06:28.783070 未中奖
2026/05/28 23:06:28.783070 未中奖
2026/05/28 23:06:28.783070 未中奖
2026/05/28 23:06:28.783070 未中奖
2026/05/28 23:06:28.783070 未中奖
2026/05/28 23:06:28.783070 未中奖
2026/05/28 23:06:28.783070 未中奖
2026/05/28 23:06:28.783070 未中奖
2026/05/28 23:06:28.783070 未中奖
2026/05/28 23:06:28.783070 未中奖
2026/05/28 23:06:28.783070 未中奖
2026/05/28 23:06:28.783070 奖品已发完
2026/05/28 23:06:28.783070 未中奖
2026/05/28 23:06:28.783070 未中奖
2026/05/28 23:06:28.783070 未中奖
2026/05/28 23:06:28.783070 未中奖
2026/05/28 23:06:28.783070 未中奖
2026/05/28 23:06:28.783070 未中奖
2026/05/28 23:06:28.783070 未中奖
2026/05/28 23:06:28.783070 未中奖
2026/05/28 23:06:28.783070 未中奖
2026/05/28 23:06:28.783070 未中奖
2026/05/28 23:06:28.783070 未中奖
2026/05/28 23:06:28.783070 未中奖
2026/05/28 23:06:28.783070 未中奖
2026/05/28 23:06:28.783070 奖品已发完
2026/05/28 23:06:28.783070 未中奖
2026/05/28 23:06:28.783070 未中奖
2026/05/28 23:06:28.783070 未中奖
2026/05/28 23:06:28.783070 未中奖
2026/05/28 23:06:28.783070 未中奖
2026/05/28 23:06:28.783070 未中奖
2026/05/28 23:06:28.783070 未中奖
2026/05/28 23:06:28.783070 未中奖
2026/05/28 23:06:28.783070 未中奖
2026/05/28 23:06:28.783070 未中奖
2026/05/28 23:06:28.783070 未中奖
2026/05/28 23:06:28.783070 未中奖
2026/05/28 23:06:28.783070 奖品已发完
2026/05/28 23:06:28.783070 未中奖
2026/05/28 23:06:28.783070 未中奖
2026/05/28 23:06:28.783070 未中奖
2026/05/28 23:06:28.783070 奖品已发完
2026/05/28 23:06:28.784211 未中奖
2026/05/28 23:06:28.784211 未中奖
2026/05/28 23:06:28.784211 奖品已发完
2026/05/28 23:06:28.784211 奖品已发完
2026/05/28 23:06:28.784211 未中奖
2026/05/28 23:06:28.784211 奖品已发完
2026/05/28 23:06:28.784211 奖品已发完
2026/05/28 23:06:28.784211 未中奖
2026/05/28 23:06:28.783070 未中奖
2026/05/28 23:06:28.783070 未中奖
2026/05/28 23:06:28.784211 未中奖
2026/05/28 23:06:28.784211 未中奖
2026/05/28 23:06:28.784211 未中奖
2026/05/28 23:06:28.783070 未中奖
2026/05/28 23:06:28.784211 未中奖
2026/05/28 23:06:28.784211 未中奖
2026/05/28 23:06:28.784211 未中奖
2026/05/28 23:06:28.784211 未中奖
2026/05/28 23:06:28.784211 未中奖
2026/05/28 23:06:28.784211 未中奖
2026/05/28 23:06:28.784211 未中奖
2026/05/28 23:06:28.784211 未中奖
2026/05/28 23:06:28.784211 未中奖
2026/05/28 23:06:28.784211 未中奖
2026/05/28 23:06:28.784211 未中奖
2026/05/28 23:06:28.784211 未中奖
2026/05/28 23:06:28.784211 未中奖
2026/05/28 23:06:28.784211 未中奖
2026/05/28 23:06:28.784211 未中奖
2026/05/28 23:06:28.784211 未中奖
2026/05/28 23:06:28.784211 未中奖
2026/05/28 23:06:28.784211 未中奖
2026/05/28 23:06:28.784211 未中奖
2026/05/28 23:06:28.784211 未中奖
2026/05/28 23:06:28.784211 未中奖
2026/05/28 23:06:28.784211 未中奖
2026/05/28 23:06:28.784211 未中奖
2026/05/28 23:06:28.784211 未中奖
2026/05/28 23:06:28.784211 未中奖
2026/05/28 23:06:28.784211 未中奖
2026/05/28 23:06:28.784211 未中奖
2026/05/28 23:06:28.784211 奖品已发完
2026/05/28 23:06:28.784211 未中奖
2026/05/28 23:06:28.784211 未中奖
2026/05/28 23:06:28.784211 未中奖
2026/05/28 23:06:28.784211 未中奖
2026/05/28 23:06:28.784211 奖品已发完
2026/05/28 23:06:28.784211 未中奖
2026/05/28 23:06:28.784211 未中奖
2026/05/28 23:06:28.784211 未中奖
2026/05/28 23:06:28.784211 未中奖
2026/05/28 23:06:28.784211 未中奖
2026/05/28 23:06:28.784211 未中奖
2026/05/28 23:06:28.784211 未中奖
2026/05/28 23:06:28.784716 奖品已发完
2026/05/28 23:06:28.784716 未中奖
2026/05/28 23:06:28.784211 未中奖
2026/05/28 23:06:28.784716 未中奖
2026/05/28 23:06:28.784716 未中奖
2026/05/28 23:06:28.784716 未中奖
2026/05/28 23:06:28.784716 未中奖
2026/05/28 23:06:28.784211 未中奖
2026/05/28 23:06:28.784716 未中奖
2026/05/28 23:06:28.784716 未中奖
2026/05/28 23:06:28.784716 未中奖
2026/05/28 23:06:28.784716 未中奖
2026/05/28 23:06:28.784716 未中奖
2026/05/28 23:06:28.784716 未中奖
2026/05/28 23:06:28.784716 未中奖
2026/05/28 23:06:28.784716 未中奖
2026/05/28 23:06:28.784716 未中奖
2026/05/28 23:06:28.784716 未中奖
2026/05/28 23:06:28.784716 未中奖
2026/05/28 23:06:28.784211 未中奖
2026/05/28 23:06:28.784716 未中奖
2026/05/28 23:06:28.784716 未中奖
2026/05/28 23:06:28.784716 未中奖
2026/05/28 23:06:28.784716 未中奖
2026/05/28 23:06:28.784716 未中奖
2026/05/28 23:06:28.784716 未中奖
2026/05/28 23:06:28.784716 未中奖
2026/05/28 23:06:28.784716 未中奖
2026/05/28 23:06:28.784716 未中奖
2026/05/28 23:06:28.784716 未中奖
2026/05/28 23:06:28.784716 未中奖
2026/05/28 23:06:28.784716 未中奖
2026/05/28 23:06:28.784716 未中奖
2026/05/28 23:06:28.784716 未中奖
2026/05/28 23:06:28.784716 未中奖
2026/05/28 23:06:28.784716 未中奖
2026/05/28 23:06:28.784716 未中奖
2026/05/28 23:06:28.784716 未中奖
2026/05/28 23:06:28.784716 未中奖
2026/05/28 23:06:28.784716 奖品已发完
2026/05/28 23:06:28.784716 奖品已发完
2026/05/28 23:06:28.784716 未中奖
2026/05/28 23:06:28.784716 未中奖
2026/05/28 23:06:28.784716 未中奖
2026/05/28 23:06:28.784716 奖品已发完
2026/05/28 23:06:28.784716 未中奖
2026/05/28 23:06:28.784716 未中奖
2026/05/28 23:06:28.784716 未中奖
2026/05/28 23:06:28.784716 未中奖
2026/05/28 23:06:28.784716 未中奖
2026/05/28 23:06:28.784716 未中奖
2026/05/28 23:06:28.784716 奖品已发完
2026/05/28 23:06:28.784716 未中奖
2026/05/28 23:06:28.784716 未中奖
2026/05/28 23:06:28.784716 未中奖
2026/05/28 23:06:28.784716 未中奖
2026/05/28 23:06:28.784716 奖品已发完
2026/05/28 23:06:28.784716 未中奖
2026/05/28 23:06:28.784716 未中奖
2026/05/28 23:06:28.784716 未中奖
2026/05/28 23:06:28.784716 未中奖
2026/05/28 23:06:28.784716 未中奖
2026/05/28 23:06:28.784716 未中奖
2026/05/28 23:06:28.784716 未中奖
2026/05/28 23:06:28.784716 未中奖
2026/05/28 23:06:28.784716 未中奖
2026/05/28 23:06:28.784716 未中奖
2026/05/28 23:06:28.784716 未中奖
2026/05/28 23:06:28.784716 未中奖
2026/05/28 23:06:28.784716 奖品已发完
2026/05/28 23:06:28.784716 未中奖
2026/05/28 23:06:28.784716 未中奖
2026/05/28 23:06:28.784716 奖品已发完
2026/05/28 23:06:28.784716 未中奖
2026/05/28 23:06:28.784716 未中奖
2026/05/28 23:06:28.784716 未中奖
2026/05/28 23:06:28.784716 未中奖
2026/05/28 23:06:28.784716 未中奖
2026/05/28 23:06:28.784716 未中奖
2026/05/28 23:06:28.784716 未中奖
2026/05/28 23:06:28.784716 未中奖
2026/05/28 23:06:28.784716 未中奖
2026/05/28 23:06:28.784716 未中奖
2026/05/28 23:06:28.784716 未中奖
2026/05/28 23:06:28.784716 未中奖
2026/05/28 23:06:28.784716 未中奖
2026/05/28 23:06:28.785793 未中奖
2026/05/28 23:06:28.784716 未中奖
2026/05/28 23:06:28.785793 未中奖
2026/05/28 23:06:28.785793 未中奖
2026/05/28 23:06:28.785793 未中奖
2026/05/28 23:06:28.785793 未中奖
2026/05/28 23:06:28.785793 未中奖
2026/05/28 23:06:28.784716 奖品已发完
2026/05/28 23:06:28.785793 未中奖
2026/05/28 23:06:28.784716 未中奖
2026/05/28 23:06:28.785793 未中奖
2026/05/28 23:06:28.785793 未中奖
2026/05/28 23:06:28.785793 未中奖
2026/05/28 23:06:28.785793 未中奖
2026/05/28 23:06:28.785793 未中奖
2026/05/28 23:06:28.785793 奖品已发完
2026/05/28 23:06:28.785793 奖品已发完
2026/05/28 23:06:28.785793 未中奖
2026/05/28 23:06:28.785793 未中奖
2026/05/28 23:06:28.785793 未中奖
2026/05/28 23:06:28.785793 未中奖
2026/05/28 23:06:28.785793 未中奖
2026/05/28 23:06:28.785793 未中奖
2026/05/28 23:06:28.785793 未中奖
2026/05/28 23:06:28.785793 未中奖
2026/05/28 23:06:28.785793 未中奖
2026/05/28 23:06:28.785793 未中奖
2026/05/28 23:06:28.785793 未中奖
2026/05/28 23:06:28.785793 未中奖
2026/05/28 23:06:28.785793 未中奖
2026/05/28 23:06:28.785793 未中奖
2026/05/28 23:06:28.785793 未中奖
2026/05/28 23:06:28.785793 未中奖
2026/05/28 23:06:28.785793 未中奖
2026/05/28 23:06:28.785793 未中奖
2026/05/28 23:06:28.785793 未中奖
2026/05/28 23:06:28.785793 未中奖
2026/05/28 23:06:28.785793 未中奖
2026/05/28 23:06:28.785793 未中奖
2026/05/28 23:06:28.785793 未中奖
2026/05/28 23:06:28.785793 未中奖
2026/05/28 23:06:28.785793 未中奖
2026/05/28 23:06:28.785793 未中奖
2026/05/28 23:06:28.785793 未中奖
2026/05/28 23:06:28.785793 未中奖
2026/05/28 23:06:28.785793 未中奖
2026/05/28 23:06:28.785793 奖品已发完
2026/05/28 23:06:28.785793 未中奖
2026/05/28 23:06:28.785793 未中奖
2026/05/28 23:06:28.785793 未中奖
2026/05/28 23:06:28.785793 未中奖
2026/05/28 23:06:28.785793 未中奖
2026/05/28 23:06:28.785793 未中奖
2026/05/28 23:06:28.785793 未中奖
2026/05/28 23:06:28.785793 未中奖
2026/05/28 23:06:28.785793 未中奖
2026/05/28 23:06:28.785793 奖品已发完
2026/05/28 23:06:28.785793 未中奖
2026/05/28 23:06:28.785793 未中奖
2026/05/28 23:06:28.785793 奖品已发完
2026/05/28 23:06:28.785793 未中奖
2026/05/28 23:06:28.785793 未中奖
2026/05/28 23:06:28.785793 未中奖
2026/05/28 23:06:28.785793 未中奖
2026/05/28 23:06:28.785793 未中奖
2026/05/28 23:06:28.785793 奖品已发完
2026/05/28 23:06:28.785793 未中奖
2026/05/28 23:06:28.785793 未中奖
2026/05/28 23:06:28.785793 未中奖
2026/05/28 23:06:28.785793 未中奖
2026/05/28 23:06:28.785793 未中奖
2026/05/28 23:06:28.785793 未中奖
2026/05/28 23:06:28.785793 奖品已发完
2026/05/28 23:06:28.785793 未中奖
2026/05/28 23:06:28.785793 未中奖
2026/05/28 23:06:28.785793 未中奖
2026/05/28 23:06:28.785793 未中奖
2026/05/28 23:06:28.785793 未中奖
2026/05/28 23:06:28.785793 未中奖
2026/05/28 23:06:28.785793 未中奖
2026/05/28 23:06:28.785793 未中奖
2026/05/28 23:06:28.785793 未中奖
2026/05/28 23:06:28.785793 奖品已发完
2026/05/28 23:06:28.785793 未中奖
2026/05/28 23:06:28.785793 奖品已发完
2026/05/28 23:06:28.785793 奖品已发完
2026/05/28 23:06:28.785793 未中奖
2026/05/28 23:06:28.785793 未中奖
2026/05/28 23:06:28.785793 未中奖
2026/05/28 23:06:28.786803 未中奖
2026/05/28 23:06:28.786803 未中奖
2026/05/28 23:06:28.786803 未中奖
2026/05/28 23:06:28.786803 未中奖
2026/05/28 23:06:28.786803 未中奖
2026/05/28 23:06:28.786803 未中奖
2026/05/28 23:06:28.786803 未中奖
2026/05/28 23:06:28.786803 未中奖
2026/05/28 23:06:28.786803 未中奖
2026/05/28 23:06:28.786803 未中奖
2026/05/28 23:06:28.786803 未中奖
2026/05/28 23:06:28.786803 未中奖
2026/05/28 23:06:28.786803 未中奖
2026/05/28 23:06:28.786803 未中奖
2026/05/28 23:06:28.786803 未中奖
2026/05/28 23:06:28.786803 未中奖
2026/05/28 23:06:28.786803 奖品已发完
2026/05/28 23:06:28.786803 未中奖
2026/05/28 23:06:28.786803 未中奖
2026/05/28 23:06:28.786803 未中奖
2026/05/28 23:06:28.786803 未中奖
2026/05/28 23:06:28.786803 未中奖
2026/05/28 23:06:28.786803 未中奖
2026/05/28 23:06:28.786803 未中奖
2026/05/28 23:06:28.786803 未中奖
2026/05/28 23:06:28.786803 未中奖
2026/05/28 23:06:28.786803 未中奖
2026/05/28 23:06:28.786803 奖品已发完
2026/05/28 23:06:28.786803 未中奖
2026/05/28 23:06:28.786803 未中奖
2026/05/28 23:06:28.786803 未中奖
2026/05/28 23:06:28.786803 未中奖
2026/05/28 23:06:28.786803 未中奖
2026/05/28 23:06:28.786803 未中奖
2026/05/28 23:06:28.786803 奖品已发完
2026/05/28 23:06:28.786803 奖品已发完
2026/05/28 23:06:28.786803 未中奖
2026/05/28 23:06:28.786803 未中奖
2026/05/28 23:06:28.786803 未中奖
2026/05/28 23:06:28.786803 未中奖
2026/05/28 23:06:28.786803 未中奖
2026/05/28 23:06:28.786803 未中奖
2026/05/28 23:06:28.786803 未中奖
2026/05/28 23:06:28.786803 未中奖
2026/05/28 23:06:28.786803 未中奖
2026/05/28 23:06:28.786803 未中奖
2026/05/28 23:06:28.787841 未中奖
2026/05/28 23:06:28.787841 未中奖
2026/05/28 23:06:28.787841 未中奖
2026/05/28 23:06:28.786803 未中奖
2026/05/28 23:06:28.787841 未中奖
2026/05/28 23:06:28.786803 未中奖
2026/05/28 23:06:28.786803 未中奖
2026/05/28 23:06:28.787841 未中奖
2026/05/28 23:06:28.787841 未中奖
2026/05/28 23:06:28.787841 奖品已发完
2026/05/28 23:06:28.787841 未中奖
2026/05/28 23:06:28.787841 未中奖
2026/05/28 23:06:28.787841 未中奖
2026/05/28 23:06:28.787841 奖品已发完
2026/05/28 23:06:28.787841 未中奖
2026/05/28 23:06:28.787841 未中奖
2026/05/28 23:06:28.787841 未中奖
2026/05/28 23:06:28.787841 未中奖
2026/05/28 23:06:28.787841 未中奖
2026/05/28 23:06:28.787841 未中奖
2026/05/28 23:06:28.787841 未中奖
2026/05/28 23:06:28.787841 未中奖
2026/05/28 23:06:28.787841 未中奖
2026/05/28 23:06:28.787841 未中奖
2026/05/28 23:06:28.787841 未中奖
2026/05/28 23:06:28.787841 未中奖
2026/05/28 23:06:28.787841 未中奖
2026/05/28 23:06:28.787841 未中奖
2026/05/28 23:06:28.787841 未中奖
2026/05/28 23:06:28.787841 未中奖
2026/05/28 23:06:28.787841 未中奖
2026/05/28 23:06:28.787841 未中奖
2026/05/28 23:06:28.787841 未中奖
2026/05/28 23:06:28.787841 未中奖
2026/05/28 23:06:28.787841 未中奖
2026/05/28 23:06:28.787841 未中奖
2026/05/28 23:06:28.787841 未中奖
2026/05/28 23:06:28.787841 未中奖
2026/05/28 23:06:28.787841 未中奖
2026/05/28 23:06:28.787841 奖品已发完
2026/05/28 23:06:28.787841 未中奖
2026/05/28 23:06:28.787841 未中奖
2026/05/28 23:06:28.787841 未中奖
2026/05/28 23:06:28.787841 未中奖
2026/05/28 23:06:28.787841 奖品已发完
2026/05/28 23:06:28.787841 未中奖
2026/05/28 23:06:28.787841 奖品已发完
2026/05/28 23:06:28.787841 未中奖
2026/05/28 23:06:28.787841 未中奖
2026/05/28 23:06:28.787841 未中奖
2026/05/28 23:06:28.787841 未中奖
2026/05/28 23:06:28.787841 未中奖
2026/05/28 23:06:28.787841 未中奖
2026/05/28 23:06:28.787841 未中奖
2026/05/28 23:06:28.787841 奖品已发完
2026/05/28 23:06:28.787841 未中奖
2026/05/28 23:06:28.787841 未中奖
2026/05/28 23:06:28.787841 未中奖
2026/05/28 23:06:28.787841 未中奖
2026/05/28 23:06:28.787841 未中奖
2026/05/28 23:06:28.787841 未中奖
2026/05/28 23:06:28.787841 奖品已发完
2026/05/28 23:06:28.787841 未中奖
2026/05/28 23:06:28.787841 未中奖
2026/05/28 23:06:28.787841 未中奖
2026/05/28 23:06:28.787841 未中奖
2026/05/28 23:06:28.787841 未中奖
2026/05/28 23:06:28.787841 未中奖
2026/05/28 23:06:28.787841 未中奖
2026/05/28 23:06:28.787841 未中奖
2026/05/28 23:06:28.787841 未中奖
2026/05/28 23:06:28.787841 未中奖
2026/05/28 23:06:28.789066 未中奖
2026/05/28 23:06:28.787841 未中奖
2026/05/28 23:06:28.787841 未中奖
2026/05/28 23:06:28.787841 未中奖
2026/05/28 23:06:28.789066 未中奖
2026/05/28 23:06:28.789066 奖品已发完
2026/05/28 23:06:28.789066 未中奖
2026/05/28 23:06:28.789066 未中奖
2026/05/28 23:06:28.789066 未中奖
2026/05/28 23:06:28.789066 未中奖
2026/05/28 23:06:28.789066 未中奖
2026/05/28 23:06:28.789066 未中奖
2026/05/28 23:06:28.789066 奖品已发完
2026/05/28 23:06:28.789066 未中奖
2026/05/28 23:06:28.789066 未中奖
2026/05/28 23:06:28.789066 未中奖
2026/05/28 23:06:28.789066 未中奖
2026/05/28 23:06:28.789066 未中奖
2026/05/28 23:06:28.789066 未中奖
2026/05/28 23:06:28.789066 未中奖
2026/05/28 23:06:28.789066 未中奖
2026/05/28 23:06:28.789066 奖品已发完
2026/05/28 23:06:28.789066 奖品已发完
2026/05/28 23:06:28.789066 未中奖
2026/05/28 23:06:28.789066 未中奖
2026/05/28 23:06:28.789066 奖品已发完
2026/05/28 23:06:28.789066 未中奖
2026/05/28 23:06:28.789066 未中奖
2026/05/28 23:06:28.789066 未中奖
2026/05/28 23:06:28.789066 未中奖
2026/05/28 23:06:28.789066 未中奖
2026/05/28 23:06:28.789066 奖品已发完
2026/05/28 23:06:28.789066 奖品已发完
2026/05/28 23:06:28.789066 未中奖
2026/05/28 23:06:28.789066 未中奖
2026/05/28 23:06:28.789066 奖品已发完
2026/05/28 23:06:28.789066 未中奖
2026/05/28 23:06:28.789066 奖品已发完
2026/05/28 23:06:28.789066 奖品已发完
2026/05/28 23:06:28.789066 奖品已发完
2026/05/28 23:06:28.789571 未中奖
2026/05/28 23:06:28.789571 未中奖
2026/05/28 23:06:28.789571 未中奖
2026/05/28 23:06:28.789571 未中奖
2026/05/28 23:06:28.789571 奖品已发完
2026/05/28 23:06:28.789571 奖品已发完
2026/05/28 23:06:28.789571 未中奖
2026/05/28 23:06:28.789571 未中奖
2026/05/28 23:06:28.789066 奖品已发完
2026/05/28 23:06:28.789066 未中奖
2026/05/28 23:06:28.789571 未中奖
2026/05/28 23:06:28.789571 未中奖
2026/05/28 23:06:28.789571 未中奖
2026/05/28 23:06:28.789066 未中奖
2026/05/28 23:06:28.789571 未中奖
2026/05/28 23:06:28.789571 奖品已发完
2026/05/28 23:06:28.789571 未中奖
2026/05/28 23:06:28.789571 未中奖
2026/05/28 23:06:28.789571 未中奖
2026/05/28 23:06:28.789571 未中奖
2026/05/28 23:06:28.789571 未中奖
2026/05/28 23:06:28.789571 未中奖
2026/05/28 23:06:28.789571 未中奖
2026/05/28 23:06:28.789571 未中奖
2026/05/28 23:06:28.789571 未中奖
2026/05/28 23:06:28.789571 奖品已发完
2026/05/28 23:06:28.789571 未中奖
2026/05/28 23:06:28.789571 奖品已发完
2026/05/28 23:06:28.789571 奖品已发完
2026/05/28 23:06:28.789571 未中奖
2026/05/28 23:06:28.789571 未中奖
2026/05/28 23:06:28.789571 未中奖
2026/05/28 23:06:28.789571 未中奖
2026/05/28 23:06:28.789571 奖品已发完
2026/05/28 23:06:28.789571 未中奖
2026/05/28 23:06:28.789571 未中奖
2026/05/28 23:06:28.789571 奖品已发完
2026/05/28 23:06:28.789571 未中奖
2026/05/28 23:06:28.789571 未中奖
2026/05/28 23:06:28.789571 未中奖
2026/05/28 23:06:28.789571 未中奖
2026/05/28 23:06:28.789571 未中奖
2026/05/28 23:06:28.789571 未中奖
2026/05/28 23:06:28.789571 未中奖
2026/05/28 23:06:28.789571 未中奖
2026/05/28 23:06:28.789571 未中奖
2026/05/28 23:06:28.789571 未中奖
2026/05/28 23:06:28.789571 未中奖
2026/05/28 23:06:28.789571 未中奖
2026/05/28 23:06:28.789571 未中奖
2026/05/28 23:06:28.789571 未中奖
2026/05/28 23:06:28.789571 未中奖
2026/05/28 23:06:28.789571 未中奖
2026/05/28 23:06:28.789571 未中奖
2026/05/28 23:06:28.789571 奖品已发完
2026/05/28 23:06:28.789571 未中奖
2026/05/28 23:06:28.789571 奖品已发完
2026/05/28 23:06:28.789571 未中奖
2026/05/28 23:06:28.789571 未中奖
2026/05/28 23:06:28.789571 奖品已发完
2026/05/28 23:06:28.789571 未中奖
2026/05/28 23:06:28.789571 未中奖
2026/05/28 23:06:28.789571 未中奖
2026/05/28 23:06:28.789571 未中奖
2026/05/28 23:06:28.789571 未中奖
2026/05/28 23:06:28.789571 奖品已发完
2026/05/28 23:06:28.789571 未中奖
2026/05/28 23:06:28.789571 未中奖
2026/05/28 23:06:28.789571 未中奖
2026/05/28 23:06:28.789571 未中奖
2026/05/28 23:06:28.789571 未中奖
2026/05/28 23:06:28.789571 未中奖
2026/05/28 23:06:28.789571 未中奖
2026/05/28 23:06:28.789571 未中奖
2026/05/28 23:06:28.789571 未中奖
2026/05/28 23:06:28.790577 未中奖
2026/05/28 23:06:28.790577 未中奖
2026/05/28 23:06:28.789571 未中奖
2026/05/28 23:06:28.789571 未中奖
2026/05/28 23:06:28.789571 未中奖
2026/05/28 23:06:28.790577 未中奖
2026/05/28 23:06:28.790577 未中奖
2026/05/28 23:06:28.790577 未中奖
2026/05/28 23:06:28.790577 未中奖
2026/05/28 23:06:28.790577 未中奖
2026/05/28 23:06:28.790577 未中奖
2026/05/28 23:06:28.790577 未中奖
2026/05/28 23:06:28.790577 奖品已发完
2026/05/28 23:06:28.790577 未中奖
2026/05/28 23:06:28.790577 未中奖
2026/05/28 23:06:28.790577 未中奖
2026/05/28 23:06:28.790577 奖品已发完
2026/05/28 23:06:28.790577 未中奖
2026/05/28 23:06:28.790577 未中奖
2026/05/28 23:06:28.790577 奖品已发完
2026/05/28 23:06:28.790577 未中奖
2026/05/28 23:06:28.790577 奖品已发完
2026/05/28 23:06:28.790577 未中奖
2026/05/28 23:06:28.790577 未中奖
2026/05/28 23:06:28.790577 未中奖
2026/05/28 23:06:28.790577 未中奖
2026/05/28 23:06:28.790577 未中奖
2026/05/28 23:06:28.790577 未中奖
2026/05/28 23:06:28.790577 未中奖
2026/05/28 23:06:28.790577 未中奖
2026/05/28 23:06:28.790577 未中奖
2026/05/28 23:06:28.790577 未中奖
2026/05/28 23:06:28.790577 未中奖
2026/05/28 23:06:28.790577 未中奖
2026/05/28 23:06:28.790577 未中奖
2026/05/28 23:06:28.790577 未中奖
2026/05/28 23:06:28.790577 未中奖
2026/05/28 23:06:28.790577 未中奖
2026/05/28 23:06:28.790577 未中奖
2026/05/28 23:06:28.790577 未中奖
2026/05/28 23:06:28.790577 未中奖
2026/05/28 23:06:28.790577 未中奖
2026/05/28 23:06:28.790577 未中奖
2026/05/28 23:06:28.790577 未中奖
2026/05/28 23:06:28.790577 未中奖
2026/05/28 23:06:28.790577 未中奖
2026/05/28 23:06:28.790577 未中奖
2026/05/28 23:06:28.790577 未中奖
2026/05/28 23:06:28.790577 未中奖
2026/05/28 23:06:28.790577 奖品已发完
2026/05/28 23:06:28.790577 未中奖
2026/05/28 23:06:28.790577 未中奖
2026/05/28 23:06:28.790577 未中奖
2026/05/28 23:06:28.790577 未中奖
2026/05/28 23:06:28.790577 未中奖
2026/05/28 23:06:28.790577 奖品已发完
2026/05/28 23:06:28.790577 奖品已发完
2026/05/28 23:06:28.790577 未中奖
2026/05/28 23:06:28.790577 未中奖
2026/05/28 23:06:28.790577 未中奖
2026/05/28 23:06:28.790577 未中奖
2026/05/28 23:06:28.790577 未中奖
2026/05/28 23:06:28.790577 未中奖
2026/05/28 23:06:28.790577 未中奖
2026/05/28 23:06:28.790577 未中奖
2026/05/28 23:06:28.790577 未中奖
2026/05/28 23:06:28.790577 未中奖
2026/05/28 23:06:28.790577 未中奖
2026/05/28 23:06:28.790577 未中奖
2026/05/28 23:06:28.790577 未中奖
2026/05/28 23:06:28.790577 未中奖
2026/05/28 23:06:28.790577 未中奖
2026/05/28 23:06:28.790577 未中奖
2026/05/28 23:06:28.790577 奖品已发完
2026/05/28 23:06:28.790577 未中奖
2026/05/28 23:06:28.790577 未中奖
2026/05/28 23:06:28.790577 未中奖
2026/05/28 23:06:28.790577 未中奖
2026/05/28 23:06:28.790577 未中奖
2026/05/28 23:06:28.790577 未中奖
2026/05/28 23:06:28.790577 未中奖
2026/05/28 23:06:28.790577 未中奖
2026/05/28 23:06:28.790577 未中奖
2026/05/28 23:06:28.791588 未中奖
2026/05/28 23:06:28.790577 未中奖
2026/05/28 23:06:28.790577 未中奖
2026/05/28 23:06:28.790577 奖品已发完
2026/05/28 23:06:28.791588 未中奖
2026/05/28 23:06:28.791588 未中奖
2026/05/28 23:06:28.791588 未中奖
2026/05/28 23:06:28.791588 未中奖
2026/05/28 23:06:28.791588 未中奖
2026/05/28 23:06:28.791588 未中奖
2026/05/28 23:06:28.791588 未中奖
2026/05/28 23:06:28.791588 未中奖
2026/05/28 23:06:28.791588 未中奖
2026/05/28 23:06:28.791588 未中奖
2026/05/28 23:06:28.791588 未中奖
2026/05/28 23:06:28.791588 未中奖
2026/05/28 23:06:28.791588 未中奖
2026/05/28 23:06:28.791588 未中奖
2026/05/28 23:06:28.791588 未中奖
2026/05/28 23:06:28.791588 未中奖
2026/05/28 23:06:28.791588 未中奖
2026/05/28 23:06:28.791588 未中奖
2026/05/28 23:06:28.791588 未中奖
2026/05/28 23:06:28.791588 未中奖
2026/05/28 23:06:28.791588 未中奖
2026/05/28 23:06:28.791588 未中奖
2026/05/28 23:06:28.791588 未中奖
2026/05/28 23:06:28.791588 未中奖
2026/05/28 23:06:28.791588 未中奖
2026/05/28 23:06:28.791588 未中奖
2026/05/28 23:06:28.791588 未中奖
2026/05/28 23:06:28.791588 未中奖
2026/05/28 23:06:28.791588 未中奖
2026/05/28 23:06:28.791588 未中奖
2026/05/28 23:06:28.791588 未中奖
2026/05/28 23:06:28.791588 未中奖
2026/05/28 23:06:28.791588 未中奖
2026/05/28 23:06:28.791588 未中奖
2026/05/28 23:06:28.791588 未中奖
2026/05/28 23:06:28.791588 未中奖
2026/05/28 23:06:28.791588 未中奖
2026/05/28 23:06:28.791588 未中奖
2026/05/28 23:06:28.791588 未中奖
2026/05/28 23:06:28.791588 未中奖
2026/05/28 23:06:28.791588 奖品已发完
2026/05/28 23:06:28.791588 未中奖
2026/05/28 23:06:28.791588 未中奖
2026/05/28 23:06:28.791588 奖品已发完
2026/05/28 23:06:28.791588 奖品已发完
2026/05/28 23:06:28.791588 未中奖
2026/05/28 23:06:28.791588 未中奖
2026/05/28 23:06:28.791588 未中奖
2026/05/28 23:06:28.791588 未中奖
2026/05/28 23:06:28.791588 未中奖
2026/05/28 23:06:28.791588 未中奖
2026/05/28 23:06:28.791588 未中奖
2026/05/28 23:06:28.791588 未中奖
2026/05/28 23:06:28.791588 未中奖
2026/05/28 23:06:28.791588 未中奖
2026/05/28 23:06:28.791588 未中奖
2026/05/28 23:06:28.791588 未中奖
2026/05/28 23:06:28.791588 未中奖
2026/05/28 23:06:28.791588 未中奖
2026/05/28 23:06:28.791588 未中奖
2026/05/28 23:06:28.791588 未中奖
2026/05/28 23:06:28.791588 未中奖
2026/05/28 23:06:28.791588 未中奖
2026/05/28 23:06:28.791588 未中奖
2026/05/28 23:06:28.791588 奖品已发完
2026/05/28 23:06:28.791588 未中奖
2026/05/28 23:06:28.791588 未中奖
2026/05/28 23:06:28.791588 未中奖
2026/05/28 23:06:28.791588 未中奖
2026/05/28 23:06:28.791588 未中奖
2026/05/28 23:06:28.791588 未中奖
2026/05/28 23:06:28.791588 未中奖
2026/05/28 23:06:28.791588 未中奖
2026/05/28 23:06:28.791588 未中奖
2026/05/28 23:06:28.791588 未中奖
2026/05/28 23:06:28.792695 未中奖
2026/05/28 23:06:28.791588 未中奖
2026/05/28 23:06:28.791588 未中奖
2026/05/28 23:06:28.791588 未中奖
2026/05/28 23:06:28.792695 未中奖
2026/05/28 23:06:28.792695 奖品已发完
2026/05/28 23:06:28.792695 未中奖
2026/05/28 23:06:28.792695 奖品已发完
2026/05/28 23:06:28.792695 未中奖
2026/05/28 23:06:28.792695 未中奖
2026/05/28 23:06:28.792695 未中奖
2026/05/28 23:06:28.792695 未中奖
2026/05/28 23:06:28.792695 未中奖
2026/05/28 23:06:28.792695 奖品已发完
2026/05/28 23:06:28.792695 未中奖
2026/05/28 23:06:28.792695 未中奖
2026/05/28 23:06:28.792695 未中奖
2026/05/28 23:06:28.792695 未中奖
2026/05/28 23:06:28.792695 未中奖
2026/05/28 23:06:28.792695 未中奖
2026/05/28 23:06:28.792695 未中奖
2026/05/28 23:06:28.792695 未中奖
2026/05/28 23:06:28.792695 未中奖
2026/05/28 23:06:28.792695 未中奖
2026/05/28 23:06:28.792695 奖品已发完
2026/05/28 23:06:28.792695 未中奖
2026/05/28 23:06:28.792695 未中奖
2026/05/28 23:06:28.792695 未中奖
2026/05/28 23:06:28.792695 未中奖
2026/05/28 23:06:28.792695 未中奖
2026/05/28 23:06:28.792695 奖品已发完
2026/05/28 23:06:28.792695 未中奖
2026/05/28 23:06:28.792695 奖品已发完
2026/05/28 23:06:28.792695 未中奖
2026/05/28 23:06:28.792695 未中奖
2026/05/28 23:06:28.792695 未中奖
2026/05/28 23:06:28.792695 未中奖
2026/05/28 23:06:28.792695 未中奖
2026/05/28 23:06:28.792695 未中奖
2026/05/28 23:06:28.792695 未中奖
2026/05/28 23:06:28.792695 未中奖
2026/05/28 23:06:28.792695 未中奖
2026/05/28 23:06:28.792695 未中奖
2026/05/28 23:06:28.792695 未中奖
2026/05/28 23:06:28.792695 未中奖
2026/05/28 23:06:28.792695 未中奖
2026/05/28 23:06:28.792695 未中奖
2026/05/28 23:06:28.792695 未中奖
2026/05/28 23:06:28.792695 未中奖
2026/05/28 23:06:28.792695 奖品已发完
2026/05/28 23:06:28.792695 未中奖
2026/05/28 23:06:28.792695 未中奖
2026/05/28 23:06:28.792695 未中奖
2026/05/28 23:06:28.792695 未中奖
2026/05/28 23:06:28.792695 未中奖
2026/05/28 23:06:28.792695 未中奖
2026/05/28 23:06:28.792695 未中奖
2026/05/28 23:06:28.792695 未中奖
2026/05/28 23:06:28.792695 未中奖
2026/05/28 23:06:28.792695 未中奖
2026/05/28 23:06:28.792695 未中奖
2026/05/28 23:06:28.792695 奖品已发完
2026/05/28 23:06:28.792695 未中奖
2026/05/28 23:06:28.792695 未中奖
2026/05/28 23:06:28.792695 未中奖
2026/05/28 23:06:28.792695 奖品已发完
2026/05/28 23:06:28.792695 未中奖
2026/05/28 23:06:28.792695 未中奖
2026/05/28 23:06:28.792695 奖品已发完
2026/05/28 23:06:28.792695 未中奖
2026/05/28 23:06:28.792695 未中奖
2026/05/28 23:06:28.792695 未中奖
2026/05/28 23:06:28.793704 未中奖
2026/05/28 23:06:28.793704 未中奖
2026/05/28 23:06:28.793704 未中奖
2026/05/28 23:06:28.793704 未中奖
2026/05/28 23:06:28.793704 奖品已发完
2026/05/28 23:06:28.793704 未中奖
2026/05/28 23:06:28.793704 未中奖
2026/05/28 23:06:28.793704 未中奖
2026/05/28 23:06:28.793704 未中奖
2026/05/28 23:06:28.793704 未中奖
2026/05/28 23:06:28.793704 奖品已发完
2026/05/28 23:06:28.793704 未中奖
2026/05/28 23:06:28.793704 未中奖
2026/05/28 23:06:28.793704 未中奖
2026/05/28 23:06:28.793704 未中奖
2026/05/28 23:06:28.793704 未中奖
2026/05/28 23:06:28.793704 未中奖
2026/05/28 23:06:28.793704 未中奖
2026/05/28 23:06:28.793704 奖品已发完
2026/05/28 23:06:28.793704 奖品已发完
2026/05/28 23:06:28.793704 未中奖
2026/05/28 23:06:28.793704 未中奖
2026/05/28 23:06:28.793704 未中奖
2026/05/28 23:06:28.793704 未中奖
2026/05/28 23:06:28.793704 未中奖
2026/05/28 23:06:28.793704 未中奖
2026/05/28 23:06:28.793704 未中奖
2026/05/28 23:06:28.793704 奖品已发完
2026/05/28 23:06:28.793704 未中奖
2026/05/28 23:06:28.793704 奖品已发完
2026/05/28 23:06:28.793704 未中奖
2026/05/28 23:06:28.793704 未中奖
2026/05/28 23:06:28.793704 未中奖
2026/05/28 23:06:28.793704 未中奖
2026/05/28 23:06:28.793704 未中奖
2026/05/28 23:06:28.793704 未中奖
2026/05/28 23:06:28.793704 奖品已发完
2026/05/28 23:06:28.793704 未中奖
2026/05/28 23:06:28.793704 未中奖
2026/05/28 23:06:28.793704 未中奖
2026/05/28 23:06:28.793704 未中奖
2026/05/28 23:06:28.793704 未中奖
2026/05/28 23:06:28.793704 未中奖
2026/05/28 23:06:28.793704 未中奖
2026/05/28 23:06:28.793704 未中奖
2026/05/28 23:06:28.793704 未中奖
2026/05/28 23:06:28.793704 未中奖
2026/05/28 23:06:28.793704 未中奖
2026/05/28 23:06:28.793704 未中奖
2026/05/28 23:06:28.793704 未中奖
2026/05/28 23:06:28.793704 未中奖
2026/05/28 23:06:28.793704 未中奖
2026/05/28 23:06:28.793704 未中奖
2026/05/28 23:06:28.793704 未中奖
2026/05/28 23:06:28.793704 未中奖
2026/05/28 23:06:28.793704 未中奖
2026/05/28 23:06:28.793704 未中奖
2026/05/28 23:06:28.793704 未中奖
2026/05/28 23:06:28.793704 未中奖
2026/05/28 23:06:28.793704 未中奖
2026/05/28 23:06:28.794705 未中奖
2026/05/28 23:06:28.793704 未中奖
2026/05/28 23:06:28.793704 未中奖
2026/05/28 23:06:28.793704 未中奖
2026/05/28 23:06:28.794705 未中奖
2026/05/28 23:06:28.794705 未中奖
2026/05/28 23:06:28.794705 未中奖
2026/05/28 23:06:28.794705 未中奖
2026/05/28 23:06:28.794705 未中奖
2026/05/28 23:06:28.794705 未中奖
2026/05/28 23:06:28.794705 未中奖
2026/05/28 23:06:28.794705 未中奖
2026/05/28 23:06:28.794705 未中奖
2026/05/28 23:06:28.794705 未中奖
2026/05/28 23:06:28.794705 未中奖
2026/05/28 23:06:28.794705 未中奖
2026/05/28 23:06:28.794705 未中奖
2026/05/28 23:06:28.794705 未中奖
2026/05/28 23:06:28.794705 未中奖
2026/05/28 23:06:28.794705 奖品已发完
2026/05/28 23:06:28.794705 未中奖
2026/05/28 23:06:28.794705 未中奖
2026/05/28 23:06:28.794705 未中奖
2026/05/28 23:06:28.794705 未中奖
2026/05/28 23:06:28.794705 未中奖
2026/05/28 23:06:28.794705 未中奖
2026/05/28 23:06:28.794705 未中奖
2026/05/28 23:06:28.794705 未中奖
2026/05/28 23:06:28.794705 未中奖
2026/05/28 23:06:28.794705 未中奖
2026/05/28 23:06:28.794705 未中奖
2026/05/28 23:06:28.794705 奖品已发完
2026/05/28 23:06:28.794705 未中奖
2026/05/28 23:06:28.794705 未中奖
2026/05/28 23:06:28.794705 未中奖
2026/05/28 23:06:28.794705 未中奖
2026/05/28 23:06:28.794705 未中奖
2026/05/28 23:06:28.794705 未中奖
2026/05/28 23:06:28.794705 未中奖
2026/05/28 23:06:28.795210 未中奖
2026/05/28 23:06:28.794705 未中奖
2026/05/28 23:06:28.795210 未中奖
2026/05/28 23:06:28.795210 未中奖
2026/05/28 23:06:28.795210 未中奖
2026/05/28 23:06:28.795210 未中奖
2026/05/28 23:06:28.795210 奖品已发完
2026/05/28 23:06:28.795210 未中奖
2026/05/28 23:06:28.795210 未中奖
2026/05/28 23:06:28.795210 未中奖
2026/05/28 23:06:28.794705 未中奖
2026/05/28 23:06:28.795210 未中奖
2026/05/28 23:06:28.795210 未中奖
2026/05/28 23:06:28.795210 奖品已发完
2026/05/28 23:06:28.795210 未中奖
2026/05/28 23:06:28.795210 未中奖
2026/05/28 23:06:28.795210 未中奖
2026/05/28 23:06:28.795210 未中奖
2026/05/28 23:06:28.795210 未中奖
2026/05/28 23:06:28.795210 未中奖
2026/05/28 23:06:28.795210 未中奖
2026/05/28 23:06:28.795210 未中奖
2026/05/28 23:06:28.795210 未中奖
2026/05/28 23:06:28.795210 奖品已发完
2026/05/28 23:06:28.795210 未中奖
2026/05/28 23:06:28.795210 未中奖
2026/05/28 23:06:28.795210 未中奖
2026/05/28 23:06:28.795210 未中奖
2026/05/28 23:06:28.795210 未中奖
2026/05/28 23:06:28.795210 奖品已发完
2026/05/28 23:06:28.795210 奖品已发完
2026/05/28 23:06:28.795210 未中奖
2026/05/28 23:06:28.795210 未中奖
2026/05/28 23:06:28.795210 未中奖
2026/05/28 23:06:28.795210 未中奖
2026/05/28 23:06:28.795210 未中奖
2026/05/28 23:06:28.795210 未中奖
2026/05/28 23:06:28.795210 奖品已发完
2026/05/28 23:06:28.795210 未中奖
2026/05/28 23:06:28.795210 奖品已发完
2026/05/28 23:06:28.795210 未中奖
2026/05/28 23:06:28.795210 未中奖
2026/05/28 23:06:28.795210 未中奖
2026/05/28 23:06:28.795210 未中奖
2026/05/28 23:06:28.795714 未中奖
2026/05/28 23:06:28.795714 未中奖
2026/05/28 23:06:28.795714 奖品已发完
2026/05/28 23:06:28.795714 未中奖
2026/05/28 23:06:28.795714 未中奖
2026/05/28 23:06:28.795714 未中奖
2026/05/28 23:06:28.795714 未中奖
2026/05/28 23:06:28.795714 未中奖
2026/05/28 23:06:28.795210 未中奖
2026/05/28 23:06:28.795210 未中奖
2026/05/28 23:06:28.795210 未中奖
2026/05/28 23:06:28.795714 未中奖
2026/05/28 23:06:28.795714 未中奖
2026/05/28 23:06:28.795714 未中奖
2026/05/28 23:06:28.795714 未中奖
2026/05/28 23:06:28.795714 未中奖
2026/05/28 23:06:28.795210 未中奖
2026/05/28 23:06:28.795714 未中奖
2026/05/28 23:06:28.795714 未中奖
2026/05/28 23:06:28.795714 未中奖
2026/05/28 23:06:28.795714 未中奖
2026/05/28 23:06:28.795714 未中奖
2026/05/28 23:06:28.795714 未中奖
2026/05/28 23:06:28.795714 未中奖
2026/05/28 23:06:28.795714 未中奖
2026/05/28 23:06:28.795714 未中奖
2026/05/28 23:06:28.795714 未中奖
2026/05/28 23:06:28.795714 未中奖
2026/05/28 23:06:28.795714 未中奖
2026/05/28 23:06:28.795714 未中奖
2026/05/28 23:06:28.795714 未中奖
2026/05/28 23:06:28.795714 未中奖
2026/05/28 23:06:28.795714 奖品已发完
2026/05/28 23:06:28.795714 未中奖
2026/05/28 23:06:28.795714 未中奖
2026/05/28 23:06:28.795714 未中奖
2026/05/28 23:06:28.795714 未中奖
2026/05/28 23:06:28.795714 奖品已发完
2026/05/28 23:06:28.795714 未中奖
2026/05/28 23:06:28.795714 未中奖
2026/05/28 23:06:28.795714 未中奖
2026/05/28 23:06:28.795714 未中奖
2026/05/28 23:06:28.795714 未中奖
2026/05/28 23:06:28.795714 未中奖
2026/05/28 23:06:28.795714 未中奖
2026/05/28 23:06:28.795714 未中奖
2026/05/28 23:06:28.795714 未中奖
2026/05/28 23:06:28.795714 未中奖
2026/05/28 23:06:28.795714 未中奖
2026/05/28 23:06:28.795714 未中奖
2026/05/28 23:06:28.795714 奖品已发完
2026/05/28 23:06:28.795714 未中奖
2026/05/28 23:06:28.795714 未中奖
2026/05/28 23:06:28.795714 未中奖
2026/05/28 23:06:28.795714 奖品已发完
2026/05/28 23:06:28.795714 未中奖
2026/05/28 23:06:28.795714 未中奖
2026/05/28 23:06:28.795714 未中奖
2026/05/28 23:06:28.795714 奖品已发完
2026/05/28 23:06:28.795714 未中奖
2026/05/28 23:06:28.795714 未中奖
2026/05/28 23:06:28.795714 未中奖
2026/05/28 23:06:28.795714 未中奖
2026/05/28 23:06:28.795714 未中奖
2026/05/28 23:06:28.795714 未中奖
2026/05/28 23:06:28.795714 未中奖
2026/05/28 23:06:28.795714 未中奖
2026/05/28 23:06:28.795714 未中奖
2026/05/28 23:06:28.795714 未中奖
2026/05/28 23:06:28.795714 未中奖
2026/05/28 23:06:28.796722 未中奖
2026/05/28 23:06:28.796722 未中奖
2026/05/28 23:06:28.796722 未中奖
2026/05/28 23:06:28.796722 奖品已发完
2026/05/28 23:06:28.796722 未中奖
2026/05/28 23:06:28.796722 未中奖
2026/05/28 23:06:28.796722 未中奖
2026/05/28 23:06:28.796722 奖品已发完
2026/05/28 23:06:28.796722 未中奖
2026/05/28 23:06:28.796722 奖品已发完
2026/05/28 23:06:28.796722 未中奖
2026/05/28 23:06:28.796722 奖品已发完
2026/05/28 23:06:28.796722 未中奖
2026/05/28 23:06:28.796722 未中奖
2026/05/28 23:06:28.796722 未中奖
2026/05/28 23:06:28.796722 未中奖
2026/05/28 23:06:28.796722 未中奖
2026/05/28 23:06:28.796722 未中奖
2026/05/28 23:06:28.796722 奖品已发完
2026/05/28 23:06:28.796722 未中奖
2026/05/28 23:06:28.796722 未中奖
2026/05/28 23:06:28.796722 奖品已发完
2026/05/28 23:06:28.796722 未中奖
2026/05/28 23:06:28.796722 未中奖
2026/05/28 23:06:28.796722 奖品已发完
2026/05/28 23:06:28.796722 未中奖
2026/05/28 23:06:28.796722 未中奖
2026/05/28 23:06:28.796722 未中奖
2026/05/28 23:06:28.796722 未中奖
2026/05/28 23:06:28.796722 奖品已发完
2026/05/28 23:06:28.796722 未中奖
2026/05/28 23:06:28.796722 未中奖
2026/05/28 23:06:28.796722 未中奖
2026/05/28 23:06:28.796722 未中奖
2026/05/28 23:06:28.796722 未中奖
2026/05/28 23:06:28.796722 未中奖
2026/05/28 23:06:28.796722 未中奖
2026/05/28 23:06:28.796722 未中奖
2026/05/28 23:06:28.796722 未中奖
2026/05/28 23:06:28.796722 未中奖
2026/05/28 23:06:28.796722 未中奖
2026/05/28 23:06:28.796722 未中奖
2026/05/28 23:06:28.796722 奖品已发完
2026/05/28 23:06:28.796722 未中奖
2026/05/28 23:06:28.796722 未中奖
2026/05/28 23:06:28.796722 奖品已发完
2026/05/28 23:06:28.796722 未中奖
2026/05/28 23:06:28.796722 未中奖
2026/05/28 23:06:28.796722 未中奖
2026/05/28 23:06:28.796722 未中奖
2026/05/28 23:06:28.796722 未中奖
2026/05/28 23:06:28.796722 未中奖
2026/05/28 23:06:28.796722 未中奖
2026/05/28 23:06:28.796722 未中奖
2026/05/28 23:06:28.796722 奖品已发完
2026/05/28 23:06:28.796722 奖品已发完
2026/05/28 23:06:28.797867 未中奖
2026/05/28 23:06:28.797867 未中奖
2026/05/28 23:06:28.797867 未中奖
2026/05/28 23:06:28.797867 未中奖
2026/05/28 23:06:28.797867 未中奖
2026/05/28 23:06:28.797867 未中奖
2026/05/28 23:06:28.797867 未中奖
2026/05/28 23:06:28.797867 未中奖
2026/05/28 23:06:28.797867 未中奖
2026/05/28 23:06:28.797867 未中奖
2026/05/28 23:06:28.797867 未中奖
2026/05/28 23:06:28.797867 未中奖
2026/05/28 23:06:28.797867 未中奖
2026/05/28 23:06:28.797867 未中奖
2026/05/28 23:06:28.797867 未中奖
2026/05/28 23:06:28.797867 未中奖
2026/05/28 23:06:28.797867 未中奖
2026/05/28 23:06:28.797867 未中奖
2026/05/28 23:06:28.797867 未中奖
2026/05/28 23:06:28.797867 未中奖
2026/05/28 23:06:28.797867 奖品已发完
2026/05/28 23:06:28.797867 未中奖
2026/05/28 23:06:28.797867 未中奖
2026/05/28 23:06:28.797867 未中奖
2026/05/28 23:06:28.797867 奖品已发完
2026/05/28 23:06:28.797867 奖品已发完
2026/05/28 23:06:28.797867 奖品已发完
2026/05/28 23:06:28.797867 未中奖
2026/05/28 23:06:28.797867 未中奖
2026/05/28 23:06:28.797867 未中奖
2026/05/28 23:06:28.797867 未中奖
2026/05/28 23:06:28.797867 未中奖
2026/05/28 23:06:28.797867 未中奖
2026/05/28 23:06:28.797867 未中奖
2026/05/28 23:06:28.797867 未中奖
2026/05/28 23:06:28.797867 未中奖
2026/05/28 23:06:28.797867 未中奖
2026/05/28 23:06:28.797867 未中奖
2026/05/28 23:06:28.797867 未中奖
2026/05/28 23:06:28.797867 未中奖
2026/05/28 23:06:28.797867 未中奖
2026/05/28 23:06:28.797867 奖品已发完
2026/05/28 23:06:28.797867 未中奖
2026/05/28 23:06:28.797867 未中奖
2026/05/28 23:06:28.797867 未中奖
2026/05/28 23:06:28.797867 未中奖
2026/05/28 23:06:28.797867 未中奖
2026/05/28 23:06:28.797867 未中奖
2026/05/28 23:06:28.797867 未中奖
2026/05/28 23:06:28.797867 未中奖
2026/05/28 23:06:28.797867 未中奖
2026/05/28 23:06:28.797867 未中奖
2026/05/28 23:06:28.797867 奖品已发完
2026/05/28 23:06:28.797867 奖品已发完
2026/05/28 23:06:28.797867 未中奖
2026/05/28 23:06:28.797867 未中奖
2026/05/28 23:06:28.797867 未中奖
2026/05/28 23:06:28.797867 未中奖
2026/05/28 23:06:28.797867 未中奖
2026/05/28 23:06:28.797867 未中奖
2026/05/28 23:06:28.797867 未中奖
2026/05/28 23:06:28.797867 奖品已发完
2026/05/28 23:06:28.797867 未中奖
2026/05/28 23:06:28.797867 未中奖
2026/05/28 23:06:28.797867 奖品已发完
2026/05/28 23:06:28.797867 未中奖
2026/05/28 23:06:28.797867 未中奖
2026/05/28 23:06:28.797867 未中奖
2026/05/28 23:06:28.797867 未中奖
2026/05/28 23:06:28.797867 奖品已发完
2026/05/28 23:06:28.797867 未中奖
2026/05/28 23:06:28.797867 未中奖
2026/05/28 23:06:28.797867 未中奖
2026/05/28 23:06:28.797867 未中奖
2026/05/28 23:06:28.797867 未中奖
2026/05/28 23:06:28.797867 未中奖
2026/05/28 23:06:28.797867 未中奖
2026/05/28 23:06:28.797867 未中奖
2026/05/28 23:06:28.797867 未中奖
2026/05/28 23:06:28.797867 未中奖
2026/05/28 23:06:28.797867 未中奖
2026/05/28 23:06:28.797867 未中奖
2026/05/28 23:06:28.797867 未中奖
2026/05/28 23:06:28.797867 未中奖
2026/05/28 23:06:28.797867 未中奖
2026/05/28 23:06:28.797867 未中奖
2026/05/28 23:06:28.797867 未中奖
2026/05/28 23:06:28.797867 未中奖
2026/05/28 23:06:28.797867 未中奖
2026/05/28 23:06:28.797867 未中奖
2026/05/28 23:06:28.797867 未中奖
2026/05/28 23:06:28.798941 未中奖
2026/05/28 23:06:28.798941 未中奖
2026/05/28 23:06:28.798941 未中奖
2026/05/28 23:06:28.798941 未中奖
2026/05/28 23:06:28.798941 未中奖
2026/05/28 23:06:28.798941 奖品已发完
2026/05/28 23:06:28.798941 未中奖
2026/05/28 23:06:28.798941 未中奖
2026/05/28 23:06:28.798941 未中奖
2026/05/28 23:06:28.798941 奖品已发完
2026/05/28 23:06:28.798941 未中奖
2026/05/28 23:06:28.798941 未中奖
2026/05/28 23:06:28.798941 奖品已发完
2026/05/28 23:06:28.798941 未中奖
2026/05/28 23:06:28.798941 未中奖
2026/05/28 23:06:28.798941 奖品已发完
2026/05/28 23:06:28.798941 未中奖
2026/05/28 23:06:28.798941 未中奖
2026/05/28 23:06:28.798941 未中奖
2026/05/28 23:06:28.798941 未中奖
2026/05/28 23:06:28.798941 未中奖
2026/05/28 23:06:28.798941 未中奖
2026/05/28 23:06:28.798941 未中奖
2026/05/28 23:06:28.798941 未中奖
2026/05/28 23:06:28.798941 未中奖
2026/05/28 23:06:28.798941 未中奖
2026/05/28 23:06:28.798941 未中奖
2026/05/28 23:06:28.798941 未中奖
2026/05/28 23:06:28.798941 未中奖
2026/05/28 23:06:28.798941 奖品已发完
2026/05/28 23:06:28.798941 未中奖
2026/05/28 23:06:28.798941 未中奖
2026/05/28 23:06:28.798941 未中奖
2026/05/28 23:06:28.798941 奖品已发完
2026/05/28 23:06:28.798941 未中奖
2026/05/28 23:06:28.798941 未中奖
2026/05/28 23:06:28.798941 未中奖
2026/05/28 23:06:28.798941 未中奖
2026/05/28 23:06:28.798941 未中奖
2026/05/28 23:06:28.798941 未中奖
2026/05/28 23:06:28.798941 未中奖
2026/05/28 23:06:28.798941 未中奖
2026/05/28 23:06:28.798941 未中奖
2026/05/28 23:06:28.798941 未中奖
2026/05/28 23:06:28.798941 未中奖
2026/05/28 23:06:28.798941 未中奖
2026/05/28 23:06:28.798941 未中奖
2026/05/28 23:06:28.798941 未中奖
2026/05/28 23:06:28.798941 未中奖
2026/05/28 23:06:28.798941 未中奖
2026/05/28 23:06:28.798941 奖品已发完
2026/05/28 23:06:28.798941 未中奖
2026/05/28 23:06:28.798941 未中奖
2026/05/28 23:06:28.798941 奖品已发完
2026/05/28 23:06:28.798941 未中奖
2026/05/28 23:06:28.798941 未中奖
2026/05/28 23:06:28.798941 未中奖
2026/05/28 23:06:28.798941 未中奖
2026/05/28 23:06:28.798941 未中奖
2026/05/28 23:06:28.798941 未中奖
2026/05/28 23:06:28.798941 未中奖
2026/05/28 23:06:28.798941 未中奖
2026/05/28 23:06:28.798941 未中奖
2026/05/28 23:06:28.798941 奖品已发完
2026/05/28 23:06:28.798941 未中奖
2026/05/28 23:06:28.798941 未中奖
2026/05/28 23:06:28.798941 未中奖
2026/05/28 23:06:28.798941 未中奖
2026/05/28 23:06:28.798941 未中奖
2026/05/28 23:06:28.798941 未中奖
2026/05/28 23:06:28.798941 未中奖
2026/05/28 23:06:28.798941 奖品已发完
2026/05/28 23:06:28.798941 未中奖
2026/05/28 23:06:28.798941 未中奖
2026/05/28 23:06:28.798941 未中奖
2026/05/28 23:06:28.798941 未中奖
2026/05/28 23:06:28.799947 奖品已发完
2026/05/28 23:06:28.799947 未中奖
2026/05/28 23:06:28.798941 未中奖
2026/05/28 23:06:28.799947 未中奖
2026/05/28 23:06:28.799947 未中奖
2026/05/28 23:06:28.798941 未中奖
2026/05/28 23:06:28.799947 未中奖
2026/05/28 23:06:28.799947 未中奖
2026/05/28 23:06:28.799947 未中奖
2026/05/28 23:06:28.799947 未中奖
2026/05/28 23:06:28.799947 未中奖
2026/05/28 23:06:28.799947 未中奖
2026/05/28 23:06:28.799947 未中奖
2026/05/28 23:06:28.799947 未中奖
2026/05/28 23:06:28.799947 未中奖
2026/05/28 23:06:28.799947 未中奖
2026/05/28 23:06:28.799947 未中奖
2026/05/28 23:06:28.799947 未中奖
2026/05/28 23:06:28.799947 未中奖
2026/05/28 23:06:28.799947 未中奖
2026/05/28 23:06:28.799947 未中奖
2026/05/28 23:06:28.799947 奖品已发完
2026/05/28 23:06:28.799947 未中奖
2026/05/28 23:06:28.799947 未中奖
2026/05/28 23:06:28.799947 未中奖
2026/05/28 23:06:28.799947 未中奖
2026/05/28 23:06:28.799947 未中奖
2026/05/28 23:06:28.799947 未中奖
2026/05/28 23:06:28.799947 未中奖
2026/05/28 23:06:28.799947 未中奖
2026/05/28 23:06:28.799947 未中奖
2026/05/28 23:06:28.799947 未中奖
2026/05/28 23:06:28.799947 未中奖
2026/05/28 23:06:28.799947 未中奖
2026/05/28 23:06:28.799947 未中奖
2026/05/28 23:06:28.799947 未中奖
2026/05/28 23:06:28.799947 未中奖
2026/05/28 23:06:28.799947 未中奖
2026/05/28 23:06:28.799947 奖品已发完
2026/05/28 23:06:28.799947 未中奖
2026/05/28 23:06:28.799947 未中奖
2026/05/28 23:06:28.799947 未中奖
2026/05/28 23:06:28.799947 未中奖
2026/05/28 23:06:28.799947 未中奖
2026/05/28 23:06:28.799947 未中奖
2026/05/28 23:06:28.799947 未中奖
2026/05/28 23:06:28.799947 未中奖
2026/05/28 23:06:28.799947 奖品已发完
2026/05/28 23:06:28.799947 未中奖
2026/05/28 23:06:28.799947 未中奖
2026/05/28 23:06:28.799947 未中奖
2026/05/28 23:06:28.799947 未中奖
2026/05/28 23:06:28.799947 奖品已发完
2026/05/28 23:06:28.799947 未中奖
2026/05/28 23:06:28.799947 未中奖
2026/05/28 23:06:28.799947 未中奖
2026/05/28 23:06:28.799947 未中奖
2026/05/28 23:06:28.799947 未中奖
2026/05/28 23:06:28.799947 未中奖
2026/05/28 23:06:28.799947 未中奖
2026/05/28 23:06:28.799947 未中奖
2026/05/28 23:06:28.799947 未中奖
2026/05/28 23:06:28.799947 未中奖
2026/05/28 23:06:28.799947 未中奖
2026/05/28 23:06:28.799947 未中奖
2026/05/28 23:06:28.799947 未中奖
2026/05/28 23:06:28.799947 未中奖
2026/05/28 23:06:28.799947 未中奖
2026/05/28 23:06:28.800880 未中奖
2026/05/28 23:06:28.800880 未中奖
2026/05/28 23:06:28.800880 未中奖
2026/05/28 23:06:28.800880 未中奖
2026/05/28 23:06:28.800880 未中奖
2026/05/28 23:06:28.800880 未中奖
2026/05/28 23:06:28.800880 未中奖
2026/05/28 23:06:28.800880 未中奖
2026/05/28 23:06:28.800880 未中奖
2026/05/28 23:06:28.800880 未中奖
2026/05/28 23:06:28.800880 未中奖
2026/05/28 23:06:28.800880 奖品已发完
2026/05/28 23:06:28.800880 未中奖
2026/05/28 23:06:28.800880 未中奖
2026/05/28 23:06:28.800880 未中奖
2026/05/28 23:06:28.800880 未中奖
2026/05/28 23:06:28.800880 未中奖
2026/05/28 23:06:28.800880 未中奖
2026/05/28 23:06:28.800880 未中奖
2026/05/28 23:06:28.800880 未中奖
2026/05/28 23:06:28.800880 未中奖
2026/05/28 23:06:28.800880 未中奖
2026/05/28 23:06:28.800880 未中奖
2026/05/28 23:06:28.800880 未中奖
2026/05/28 23:06:28.800880 未中奖
2026/05/28 23:06:28.800880 未中奖
2026/05/28 23:06:28.800880 未中奖
2026/05/28 23:06:28.800880 未中奖
2026/05/28 23:06:28.800880 未中奖
2026/05/28 23:06:28.800880 未中奖
2026/05/28 23:06:28.800880 未中奖
2026/05/28 23:06:28.800880 未中奖
2026/05/28 23:06:28.800880 未中奖
2026/05/28 23:06:28.800880 未中奖
2026/05/28 23:06:28.800880 未中奖
2026/05/28 23:06:28.800880 未中奖
2026/05/28 23:06:28.800880 未中奖
2026/05/28 23:06:28.800880 未中奖
2026/05/28 23:06:28.800880 未中奖
2026/05/28 23:06:28.800880 未中奖
2026/05/28 23:06:28.800880 未中奖
2026/05/28 23:06:28.800880 未中奖
2026/05/28 23:06:28.800880 未中奖
2026/05/28 23:06:28.800880 未中奖
2026/05/28 23:06:28.800880 未中奖
2026/05/28 23:06:28.800880 未中奖
2026/05/28 23:06:28.800880 奖品已发完
2026/05/28 23:06:28.800880 奖品已发完
2026/05/28 23:06:28.800880 未中奖
2026/05/28 23:06:28.800880 未中奖
2026/05/28 23:06:28.800880 未中奖
2026/05/28 23:06:28.800880 未中奖
2026/05/28 23:06:28.800880 未中奖
2026/05/28 23:06:28.800880 未中奖
2026/05/28 23:06:28.800880 未中奖
2026/05/28 23:06:28.800880 未中奖
2026/05/28 23:06:28.800880 奖品已发完
2026/05/28 23:06:28.800880 未中奖
2026/05/28 23:06:28.800880 奖品已发完
2026/05/28 23:06:28.800880 未中奖
2026/05/28 23:06:28.800880 未中奖
2026/05/28 23:06:28.800880 未中奖
2026/05/28 23:06:28.801888 未中奖
2026/05/28 23:06:28.801888 未中奖
2026/05/28 23:06:28.800880 奖品已发完
2026/05/28 23:06:28.801888 奖品已发完
2026/05/28 23:06:28.800880 未中奖
2026/05/28 23:06:28.800880 未中奖
2026/05/28 23:06:28.801888 未中奖
2026/05/28 23:06:28.801888 未中奖
2026/05/28 23:06:28.801888 未中奖
2026/05/28 23:06:28.801888 奖品已发完
2026/05/28 23:06:28.801888 未中奖
2026/05/28 23:06:28.801888 未中奖
2026/05/28 23:06:28.801888 未中奖
2026/05/28 23:06:28.801888 未中奖
2026/05/28 23:06:28.801888 未中奖
2026/05/28 23:06:28.801888 未中奖
2026/05/28 23:06:28.801888 未中奖
2026/05/28 23:06:28.801888 未中奖
2026/05/28 23:06:28.801888 未中奖
2026/05/28 23:06:28.801888 未中奖
2026/05/28 23:06:28.801888 未中奖
2026/05/28 23:06:28.801888 未中奖
2026/05/28 23:06:28.801888 未中奖
2026/05/28 23:06:28.801888 未中奖
2026/05/28 23:06:28.801888 未中奖
2026/05/28 23:06:28.801888 未中奖
2026/05/28 23:06:28.801888 未中奖
2026/05/28 23:06:28.801888 未中奖
2026/05/28 23:06:28.801888 未中奖
2026/05/28 23:06:28.801888 未中奖
2026/05/28 23:06:28.801888 未中奖
2026/05/28 23:06:28.801888 未中奖
2026/05/28 23:06:28.801888 未中奖
2026/05/28 23:06:28.801888 奖品已发完
2026/05/28 23:06:28.801888 未中奖
2026/05/28 23:06:28.801888 未中奖
2026/05/28 23:06:28.801888 未中奖
2026/05/28 23:06:28.801888 未中奖
2026/05/28 23:06:28.802557 未中奖
2026/05/28 23:06:28.801888 未中奖
2026/05/28 23:06:28.802557 未中奖
2026/05/28 23:06:28.802557 未中奖
2026/05/28 23:06:28.802557 未中奖
2026/05/28 23:06:28.802557 未中奖
2026/05/28 23:06:28.802557 未中奖
2026/05/28 23:06:28.802557 未中奖
2026/05/28 23:06:28.802557 未中奖
2026/05/28 23:06:28.802557 奖品已发完
2026/05/28 23:06:28.802557 未中奖
2026/05/28 23:06:28.802557 未中奖
2026/05/28 23:06:28.802557 未中奖
2026/05/28 23:06:28.802557 未中奖
2026/05/28 23:06:28.802557 未中奖
2026/05/28 23:06:28.802557 未中奖
2026/05/28 23:06:28.802557 未中奖
2026/05/28 23:06:28.802557 未中奖
2026/05/28 23:06:28.802557 未中奖
2026/05/28 23:06:28.802557 未中奖
2026/05/28 23:06:28.802557 未中奖
2026/05/28 23:06:28.802557 未中奖
2026/05/28 23:06:28.802557 未中奖
2026/05/28 23:06:28.802557 奖品已发完
2026/05/28 23:06:28.802557 未中奖
2026/05/28 23:06:28.802557 未中奖
2026/05/28 23:06:28.802557 未中奖
2026/05/28 23:06:28.802557 奖品已发完
2026/05/28 23:06:28.802557 未中奖
2026/05/28 23:06:28.802557 未中奖
2026/05/28 23:06:28.802557 未中奖
2026/05/28 23:06:28.802557 未中奖
2026/05/28 23:06:28.802557 未中奖
2026/05/28 23:06:28.802557 未中奖
2026/05/28 23:06:28.802557 未中奖
2026/05/28 23:06:28.802557 未中奖
2026/05/28 23:06:28.802557 未中奖
2026/05/28 23:06:28.802557 奖品已发完
2026/05/28 23:06:28.802557 未中奖
2026/05/28 23:06:28.802557 未中奖
2026/05/28 23:06:28.802557 奖品已发完
2026/05/28 23:06:28.802557 未中奖
2026/05/28 23:06:28.802557 未中奖
2026/05/28 23:06:28.802557 未中奖
2026/05/28 23:06:28.802557 奖品已发完
2026/05/28 23:06:28.802557 未中奖
2026/05/28 23:06:28.802557 未中奖
2026/05/28 23:06:28.802557 未中奖
2026/05/28 23:06:28.802557 未中奖
2026/05/28 23:06:28.802557 未中奖
2026/05/28 23:06:28.802557 未中奖
2026/05/28 23:06:28.802557 未中奖
2026/05/28 23:06:28.802557 未中奖
2026/05/28 23:06:28.802557 未中奖
2026/05/28 23:06:28.802557 未中奖
2026/05/28 23:06:28.802557 未中奖
2026/05/28 23:06:28.802557 未中奖
2026/05/28 23:06:28.802557 未中奖
2026/05/28 23:06:28.802557 奖品已发完
2026/05/28 23:06:28.802557 奖品已发完
2026/05/28 23:06:28.802557 奖品已发完
2026/05/28 23:06:28.802557 未中奖
2026/05/28 23:06:28.802557 未中奖
2026/05/28 23:06:28.802557 未中奖
2026/05/28 23:06:28.802557 未中奖
2026/05/28 23:06:28.802557 未中奖
2026/05/28 23:06:28.802557 未中奖
2026/05/28 23:06:28.802557 未中奖
2026/05/28 23:06:28.802557 未中奖
2026/05/28 23:06:28.802557 未中奖
2026/05/28 23:06:28.802557 奖品已发完
2026/05/28 23:06:28.803564 未中奖
2026/05/28 23:06:28.803564 未中奖
2026/05/28 23:06:28.803564 未中奖
2026/05/28 23:06:28.803564 未中奖
2026/05/28 23:06:28.803564 未中奖
2026/05/28 23:06:28.803564 未中奖
2026/05/28 23:06:28.803564 未中奖
2026/05/28 23:06:28.803564 未中奖
2026/05/28 23:06:28.803564 未中奖
2026/05/28 23:06:28.803564 未中奖
2026/05/28 23:06:28.803564 未中奖
2026/05/28 23:06:28.803564 未中奖
2026/05/28 23:06:28.803564 未中奖
2026/05/28 23:06:28.803564 未中奖
2026/05/28 23:06:28.803564 未中奖
2026/05/28 23:06:28.803564 未中奖
2026/05/28 23:06:28.803564 未中奖
2026/05/28 23:06:28.803564 未中奖
2026/05/28 23:06:28.803564 未中奖
2026/05/28 23:06:28.803564 未中奖
2026/05/28 23:06:28.803564 未中奖
2026/05/28 23:06:28.803564 未中奖
2026/05/28 23:06:28.803564 未中奖
2026/05/28 23:06:28.803564 未中奖
2026/05/28 23:06:28.803564 未中奖
2026/05/28 23:06:28.803564 未中奖
2026/05/28 23:06:28.803564 未中奖
2026/05/28 23:06:28.803564 未中奖
2026/05/28 23:06:28.803564 未中奖
2026/05/28 23:06:28.803564 奖品已发完
2026/05/28 23:06:28.803564 未中奖
2026/05/28 23:06:28.803564 未中奖
2026/05/28 23:06:28.803564 未中奖
2026/05/28 23:06:28.804177 奖品已发完
2026/05/28 23:06:28.804177 未中奖
2026/05/28 23:06:28.804177 未中奖
2026/05/28 23:06:28.804177 未中奖
2026/05/28 23:06:28.804177 未中奖
2026/05/28 23:06:28.804177 奖品已发完
2026/05/28 23:06:28.803564 未中奖
2026/05/28 23:06:28.804177 未中奖
2026/05/28 23:06:28.803564 未中奖
2026/05/28 23:06:28.804177 未中奖
2026/05/28 23:06:28.804177 未中奖
2026/05/28 23:06:28.804177 未中奖
2026/05/28 23:06:28.804177 未中奖
2026/05/28 23:06:28.804177 未中奖
2026/05/28 23:06:28.804177 未中奖
2026/05/28 23:06:28.804177 奖品已发完
2026/05/28 23:06:28.804177 未中奖
2026/05/28 23:06:28.804177 奖品已发完
2026/05/28 23:06:28.804177 未中奖
2026/05/28 23:06:28.804177 奖品已发完
2026/05/28 23:06:28.804177 未中奖
2026/05/28 23:06:28.804177 未中奖
2026/05/28 23:06:28.804177 未中奖
2026/05/28 23:06:28.804177 未中奖
2026/05/28 23:06:28.804758 奖品已发完
2026/05/28 23:06:28.804758 未中奖
2026/05/28 23:06:28.804758 未中奖
2026/05/28 23:06:28.804758 未中奖
2026/05/28 23:06:28.804758 未中奖
2026/05/28 23:06:28.804758 未中奖
2026/05/28 23:06:28.804758 未中奖
2026/05/28 23:06:28.804758 未中奖
2026/05/28 23:06:28.804758 未中奖
2026/05/28 23:06:28.804758 未中奖
2026/05/28 23:06:28.804758 未中奖
2026/05/28 23:06:28.804758 未中奖
2026/05/28 23:06:28.804177 未中奖
2026/05/28 23:06:28.804177 未中奖
2026/05/28 23:06:28.804177 未中奖
2026/05/28 23:06:28.804177 未中奖
2026/05/28 23:06:28.804758 未中奖
2026/05/28 23:06:28.804758 未中奖
2026/05/28 23:06:28.804758 未中奖
2026/05/28 23:06:28.804758 奖品已发完
2026/05/28 23:06:28.804758 未中奖
2026/05/28 23:06:28.804758 未中奖
2026/05/28 23:06:28.804758 未中奖
2026/05/28 23:06:28.804758 未中奖
2026/05/28 23:06:28.804758 未中奖
2026/05/28 23:06:28.804758 未中奖
2026/05/28 23:06:28.804758 未中奖
2026/05/28 23:06:28.804758 未中奖
2026/05/28 23:06:28.804758 未中奖
2026/05/28 23:06:28.804758 未中奖
2026/05/28 23:06:28.804758 未中奖
2026/05/28 23:06:28.804758 未中奖
2026/05/28 23:06:28.804758 未中奖
2026/05/28 23:06:28.804758 未中奖
2026/05/28 23:06:28.804758 未中奖
2026/05/28 23:06:28.804758 未中奖
2026/05/28 23:06:28.804758 未中奖
2026/05/28 23:06:28.804758 未中奖
2026/05/28 23:06:28.804758 未中奖
2026/05/28 23:06:28.804758 未中奖
2026/05/28 23:06:28.804758 未中奖
2026/05/28 23:06:28.804758 未中奖
2026/05/28 23:06:28.804758 奖品已发完
2026/05/28 23:06:28.804758 未中奖
2026/05/28 23:06:28.804758 奖品已发完
2026/05/28 23:06:28.804758 未中奖
2026/05/28 23:06:28.804758 奖品已发完
2026/05/28 23:06:28.804758 未中奖
2026/05/28 23:06:28.804758 未中奖
2026/05/28 23:06:28.804758 未中奖
2026/05/28 23:06:28.804758 未中奖
2026/05/28 23:06:28.804758 未中奖
2026/05/28 23:06:28.804758 未中奖
2026/05/28 23:06:28.804758 奖品已发完
2026/05/28 23:06:28.804758 未中奖
2026/05/28 23:06:28.804758 未中奖
2026/05/28 23:06:28.804758 奖品已发完
2026/05/28 23:06:28.804758 未中奖
2026/05/28 23:06:28.804758 未中奖
2026/05/28 23:06:28.804758 未中奖
2026/05/28 23:06:28.804758 奖品已发完
2026/05/28 23:06:28.804758 未中奖
2026/05/28 23:06:28.804758 未中奖
2026/05/28 23:06:28.804758 未中奖
2026/05/28 23:06:28.804758 未中奖
2026/05/28 23:06:28.804758 未中奖
2026/05/28 23:06:28.804758 未中奖
2026/05/28 23:06:28.804758 未中奖
2026/05/28 23:06:28.804758 未中奖
2026/05/28 23:06:28.805770 未中奖
2026/05/28 23:06:28.805770 未中奖
2026/05/28 23:06:28.805770 未中奖
2026/05/28 23:06:28.804758 奖品已发完
2026/05/28 23:06:28.805770 未中奖
2026/05/28 23:06:28.804758 未中奖
2026/05/28 23:06:28.804758 奖品已发完
2026/05/28 23:06:28.805770 未中奖
2026/05/28 23:06:28.805770 未中奖
2026/05/28 23:06:28.805770 未中奖
2026/05/28 23:06:28.805770 奖品已发完
2026/05/28 23:06:28.805770 未中奖
2026/05/28 23:06:28.805770 未中奖
2026/05/28 23:06:28.805770 未中奖
2026/05/28 23:06:28.805770 未中奖
2026/05/28 23:06:28.805770 未中奖
2026/05/28 23:06:28.805770 未中奖
2026/05/28 23:06:28.805770 未中奖
2026/05/28 23:06:28.805770 未中奖
2026/05/28 23:06:28.805770 未中奖
2026/05/28 23:06:28.805770 未中奖
2026/05/28 23:06:28.805770 未中奖
2026/05/28 23:06:28.805770 未中奖
2026/05/28 23:06:28.805770 未中奖
2026/05/28 23:06:28.805770 未中奖
2026/05/28 23:06:28.805770 未中奖
2026/05/28 23:06:28.805770 未中奖
2026/05/28 23:06:28.805770 未中奖
2026/05/28 23:06:28.805770 未中奖
2026/05/28 23:06:28.805770 未中奖
2026/05/28 23:06:28.805770 未中奖
2026/05/28 23:06:28.805770 未中奖
2026/05/28 23:06:28.805770 未中奖
2026/05/28 23:06:28.805770 奖品已发完
2026/05/28 23:06:28.805770 未中奖
2026/05/28 23:06:28.805770 未中奖
2026/05/28 23:06:28.805770 未中奖
2026/05/28 23:06:28.805770 未中奖
2026/05/28 23:06:28.805770 未中奖
2026/05/28 23:06:28.805770 未中奖
2026/05/28 23:06:28.805770 未中奖
2026/05/28 23:06:28.805770 未中奖
2026/05/28 23:06:28.805770 未中奖
2026/05/28 23:06:28.805770 未中奖
2026/05/28 23:06:28.805770 未中奖
2026/05/28 23:06:28.805770 未中奖
2026/05/28 23:06:28.805770 未中奖
2026/05/28 23:06:28.805770 未中奖
2026/05/28 23:06:28.805770 未中奖
2026/05/28 23:06:28.805770 未中奖
2026/05/28 23:06:28.805770 未中奖
2026/05/28 23:06:28.805770 未中奖
2026/05/28 23:06:28.805770 未中奖
2026/05/28 23:06:28.805770 奖品已发完
2026/05/28 23:06:28.805770 未中奖
2026/05/28 23:06:28.805770 未中奖
2026/05/28 23:06:28.805770 未中奖
2026/05/28 23:06:28.805770 未中奖
2026/05/28 23:06:28.805770 未中奖
2026/05/28 23:06:28.805770 未中奖
2026/05/28 23:06:28.805770 未中奖
2026/05/28 23:06:28.805770 未中奖
2026/05/28 23:06:28.805770 未中奖
2026/05/28 23:06:28.805770 未中奖
2026/05/28 23:06:28.805770 未中奖
2026/05/28 23:06:28.805770 未中奖
2026/05/28 23:06:28.805770 未中奖
2026/05/28 23:06:28.805770 未中奖
2026/05/28 23:06:28.805770 未中奖
2026/05/28 23:06:28.805770 未中奖
2026/05/28 23:06:28.805770 未中奖
2026/05/28 23:06:28.805770 未中奖
2026/05/28 23:06:28.805770 未中奖
2026/05/28 23:06:28.805770 未中奖
2026/05/28 23:06:28.805770 未中奖
2026/05/28 23:06:28.805770 未中奖
2026/05/28 23:06:28.805770 未中奖
2026/05/28 23:06:28.805770 未中奖
2026/05/28 23:06:28.805770 未中奖
2026/05/28 23:06:28.805770 未中奖
2026/05/28 23:06:28.805770 未中奖
2026/05/28 23:06:28.805770 未中奖
2026/05/28 23:06:28.805770 未中奖
2026/05/28 23:06:28.805770 未中奖
2026/05/28 23:06:28.805770 未中奖
2026/05/28 23:06:28.805770 未中奖
2026/05/28 23:06:28.805770 未中奖
2026/05/28 23:06:28.805770 未中奖
2026/05/28 23:06:28.805770 未中奖
2026/05/28 23:06:28.805770 未中奖
2026/05/28 23:06:28.805770 奖品已发完
2026/05/28 23:06:28.805770 未中奖
2026/05/28 23:06:28.805770 未中奖
2026/05/28 23:06:28.805770 未中奖
2026/05/28 23:06:28.805770 未中奖
2026/05/28 23:06:28.805770 未中奖
2026/05/28 23:06:28.805770 未中奖
2026/05/28 23:06:28.805770 未中奖
2026/05/28 23:06:28.805770 未中奖
2026/05/28 23:06:28.805770 未中奖
2026/05/28 23:06:28.805770 未中奖
2026/05/28 23:06:28.805770 未中奖
2026/05/28 23:06:28.805770 未中奖
2026/05/28 23:06:28.807153 未中奖
2026/05/28 23:06:28.807153 未中奖
2026/05/28 23:06:28.805770 未中奖
2026/05/28 23:06:28.807153 未中奖
2026/05/28 23:06:28.807153 未中奖
2026/05/28 23:06:28.807153 未中奖
2026/05/28 23:06:28.807153 奖品已发完
2026/05/28 23:06:28.807153 未中奖
2026/05/28 23:06:28.807153 奖品已发完
2026/05/28 23:06:28.807153 未中奖
2026/05/28 23:06:28.807153 未中奖
2026/05/28 23:06:28.807153 未中奖
2026/05/28 23:06:28.807153 未中奖
2026/05/28 23:06:28.807153 未中奖
2026/05/28 23:06:28.807153 未中奖
2026/05/28 23:06:28.807153 奖品已发完
2026/05/28 23:06:28.807153 未中奖
2026/05/28 23:06:28.807153 未中奖
2026/05/28 23:06:28.807153 未中奖
2026/05/28 23:06:28.807153 未中奖
2026/05/28 23:06:28.807153 未中奖
2026/05/28 23:06:28.807153 奖品已发完
2026/05/28 23:06:28.807153 奖品已发完
2026/05/28 23:06:28.807153 未中奖
2026/05/28 23:06:28.807153 未中奖
2026/05/28 23:06:28.807153 未中奖
2026/05/28 23:06:28.807153 未中奖
2026/05/28 23:06:28.807153 奖品已发完
2026/05/28 23:06:28.807153 未中奖
2026/05/28 23:06:28.807153 未中奖
2026/05/28 23:06:28.807153 未中奖
2026/05/28 23:06:28.807153 未中奖
2026/05/28 23:06:28.807153 未中奖
2026/05/28 23:06:28.807153 未中奖
2026/05/28 23:06:28.807153 未中奖
2026/05/28 23:06:28.807153 未中奖
2026/05/28 23:06:28.807153 未中奖
2026/05/28 23:06:28.807153 未中奖
2026/05/28 23:06:28.807153 未中奖
2026/05/28 23:06:28.807153 奖品已发完
2026/05/28 23:06:28.807153 奖品已发完
2026/05/28 23:06:28.807153 未中奖
2026/05/28 23:06:28.807153 未中奖
2026/05/28 23:06:28.807153 未中奖
2026/05/28 23:06:28.807153 未中奖
2026/05/28 23:06:28.807153 未中奖
2026/05/28 23:06:28.807153 未中奖
2026/05/28 23:06:28.807153 未中奖
2026/05/28 23:06:28.807153 未中奖
2026/05/28 23:06:28.807153 未中奖
2026/05/28 23:06:28.807153 未中奖
2026/05/28 23:06:28.807153 未中奖
2026/05/28 23:06:28.807153 未中奖
2026/05/28 23:06:28.807153 未中奖
2026/05/28 23:06:28.807153 奖品已发完
2026/05/28 23:06:28.808164 未中奖
2026/05/28 23:06:28.807153 未中奖
2026/05/28 23:06:28.808164 未中奖
2026/05/28 23:06:28.808164 未中奖
2026/05/28 23:06:28.808164 未中奖
2026/05/28 23:06:28.808164 奖品已发完
2026/05/28 23:06:28.808164 未中奖
2026/05/28 23:06:28.807153 未中奖
2026/05/28 23:06:28.807153 未中奖
2026/05/28 23:06:28.808164 未中奖
2026/05/28 23:06:28.808164 未中奖
2026/05/28 23:06:28.808164 未中奖
2026/05/28 23:06:28.808164 未中奖
2026/05/28 23:06:28.808164 未中奖
2026/05/28 23:06:28.808164 未中奖
2026/05/28 23:06:28.808164 未中奖
2026/05/28 23:06:28.808164 未中奖
2026/05/28 23:06:28.808164 奖品已发完
2026/05/28 23:06:28.808164 未中奖
2026/05/28 23:06:28.808164 未中奖
2026/05/28 23:06:28.808164 未中奖
2026/05/28 23:06:28.808164 未中奖
2026/05/28 23:06:28.808164 未中奖
2026/05/28 23:06:28.808164 未中奖
2026/05/28 23:06:28.808164 未中奖
2026/05/28 23:06:28.808164 未中奖
2026/05/28 23:06:28.808164 未中奖
2026/05/28 23:06:28.808164 未中奖
2026/05/28 23:06:28.808164 奖品已发完
2026/05/28 23:06:28.808164 奖品已发完
2026/05/28 23:06:28.808164 奖品已发完
2026/05/28 23:06:28.808164 未中奖
2026/05/28 23:06:28.808164 未中奖
2026/05/28 23:06:28.808164 未中奖
2026/05/28 23:06:28.808164 未中奖
2026/05/28 23:06:28.808164 未中奖
2026/05/28 23:06:28.808164 未中奖
2026/05/28 23:06:28.808164 未中奖
2026/05/28 23:06:28.808164 奖品已发完
2026/05/28 23:06:28.808164 未中奖
2026/05/28 23:06:28.808164 未中奖
2026/05/28 23:06:28.808164 未中奖
2026/05/28 23:06:28.808164 未中奖
2026/05/28 23:06:28.808164 未中奖
2026/05/28 23:06:28.808164 未中奖
2026/05/28 23:06:28.808164 奖品已发完
2026/05/28 23:06:28.808164 未中奖
2026/05/28 23:06:28.808164 未中奖
2026/05/28 23:06:28.808164 未中奖
2026/05/28 23:06:28.808164 未中奖
2026/05/28 23:06:28.808164 未中奖
2026/05/28 23:06:28.808164 未中奖
2026/05/28 23:06:28.808164 未中奖
2026/05/28 23:06:28.808164 未中奖
2026/05/28 23:06:28.808164 未中奖
2026/05/28 23:06:28.808164 未中奖
2026/05/28 23:06:28.808164 奖品已发完
2026/05/28 23:06:28.808164 奖品已发完
2026/05/28 23:06:28.808164 未中奖
2026/05/28 23:06:28.808164 未中奖
2026/05/28 23:06:28.808164 未中奖
2026/05/28 23:06:28.808164 未中奖
2026/05/28 23:06:28.808164 未中奖
2026/05/28 23:06:28.808164 奖品已发完
2026/05/28 23:06:28.808164 未中奖
2026/05/28 23:06:28.808164 未中奖
2026/05/28 23:06:28.808164 未中奖
2026/05/28 23:06:28.808164 未中奖
2026/05/28 23:06:28.808164 未中奖
2026/05/28 23:06:28.808164 奖品已发完
2026/05/28 23:06:28.808164 未中奖
2026/05/28 23:06:28.808164 未中奖
2026/05/28 23:06:28.808164 未中奖
2026/05/28 23:06:28.808164 未中奖
2026/05/28 23:06:28.808164 未中奖
2026/05/28 23:06:28.808164 未中奖
2026/05/28 23:06:28.808164 未中奖
2026/05/28 23:06:28.808164 未中奖
2026/05/28 23:06:28.808164 奖品已发完
2026/05/28 23:06:28.808164 未中奖
2026/05/28 23:06:28.808164 未中奖
2026/05/28 23:06:28.808164 未中奖
2026/05/28 23:06:28.808164 未中奖
2026/05/28 23:06:28.808164 未中奖
2026/05/28 23:06:28.808164 未中奖
2026/05/28 23:06:28.809273 未中奖
2026/05/28 23:06:28.809273 未中奖
2026/05/28 23:06:28.809273 未中奖
2026/05/28 23:06:28.809273 未中奖
2026/05/28 23:06:28.808164 未中奖
2026/05/28 23:06:28.808164 未中奖
2026/05/28 23:06:28.808164 未中奖
2026/05/28 23:06:28.809273 未中奖
2026/05/28 23:06:28.809273 未中奖
2026/05/28 23:06:28.809273 未中奖
2026/05/28 23:06:28.809273 未中奖
2026/05/28 23:06:28.809273 未中奖
2026/05/28 23:06:28.809273 奖品已发完
2026/05/28 23:06:28.809273 未中奖
2026/05/28 23:06:28.809273 未中奖
2026/05/28 23:06:28.809273 未中奖
2026/05/28 23:06:28.809273 奖品已发完
2026/05/28 23:06:28.809273 未中奖
2026/05/28 23:06:28.809273 未中奖
2026/05/28 23:06:28.809273 未中奖
2026/05/28 23:06:28.809273 未中奖
2026/05/28 23:06:28.809273 未中奖
2026/05/28 23:06:28.809273 未中奖
2026/05/28 23:06:28.809273 奖品已发完
2026/05/28 23:06:28.809273 未中奖
2026/05/28 23:06:28.809273 未中奖
2026/05/28 23:06:28.809273 未中奖
2026/05/28 23:06:28.809273 未中奖
2026/05/28 23:06:28.809273 未中奖
2026/05/28 23:06:28.809273 未中奖
2026/05/28 23:06:28.809273 奖品已发完
2026/05/28 23:06:28.809273 未中奖
2026/05/28 23:06:28.809273 未中奖
2026/05/28 23:06:28.809273 未中奖
2026/05/28 23:06:28.809273 未中奖
2026/05/28 23:06:28.809273 未中奖
2026/05/28 23:06:28.809273 未中奖
2026/05/28 23:06:28.809273 奖品已发完
2026/05/28 23:06:28.809273 未中奖
2026/05/28 23:06:28.809273 未中奖
2026/05/28 23:06:28.809273 未中奖
2026/05/28 23:06:28.809273 未中奖
2026/05/28 23:06:28.809273 未中奖
2026/05/28 23:06:28.809273 未中奖
2026/05/28 23:06:28.809273 未中奖
2026/05/28 23:06:28.809273 奖品已发完
2026/05/28 23:06:28.809273 奖品已发完
2026/05/28 23:06:28.809273 奖品已发完
2026/05/28 23:06:28.809273 未中奖
2026/05/28 23:06:28.809273 未中奖
2026/05/28 23:06:28.809273 未中奖
2026/05/28 23:06:28.809273 未中奖
2026/05/28 23:06:28.809273 未中奖
2026/05/28 23:06:28.809273 未中奖
2026/05/28 23:06:28.809273 未中奖
2026/05/28 23:06:28.809273 未中奖
2026/05/28 23:06:28.809273 未中奖
2026/05/28 23:06:28.809273 未中奖
2026/05/28 23:06:28.809273 未中奖
2026/05/28 23:06:28.809273 未中奖
2026/05/28 23:06:28.809273 未中奖
2026/05/28 23:06:28.809273 未中奖
2026/05/28 23:06:28.809273 未中奖
2026/05/28 23:06:28.809273 未中奖
2026/05/28 23:06:28.809273 未中奖
2026/05/28 23:06:28.809273 未中奖
2026/05/28 23:06:28.809273 奖品已发完
2026/05/28 23:06:28.809273 未中奖
2026/05/28 23:06:28.809273 未中奖
2026/05/28 23:06:28.809273 未中奖
2026/05/28 23:06:28.809273 未中奖
2026/05/28 23:06:28.809273 未中奖
2026/05/28 23:06:28.809273 未中奖
2026/05/28 23:06:28.809273 未中奖
2026/05/28 23:06:28.809273 未中奖
2026/05/28 23:06:28.809273 未中奖
2026/05/28 23:06:28.809273 未中奖
2026/05/28 23:06:28.809273 未中奖
2026/05/28 23:06:28.809273 奖品已发完
2026/05/28 23:06:28.809273 奖品已发完
2026/05/28 23:06:28.809273 奖品已发完
2026/05/28 23:06:28.810930 未中奖
2026/05/28 23:06:28.809273 未中奖
2026/05/28 23:06:28.809273 未中奖
2026/05/28 23:06:28.809273 未中奖
2026/05/28 23:06:28.809273 未中奖
2026/05/28 23:06:28.810930 未中奖
2026/05/28 23:06:28.810930 未中奖
2026/05/28 23:06:28.810930 未中奖
2026/05/28 23:06:28.810930 未中奖
2026/05/28 23:06:28.810930 奖品已发完
2026/05/28 23:06:28.810930 未中奖
2026/05/28 23:06:28.810930 未中奖
2026/05/28 23:06:28.810930 未中奖
2026/05/28 23:06:28.810930 未中奖
2026/05/28 23:06:28.810930 奖品已发完
2026/05/28 23:06:28.810930 未中奖
2026/05/28 23:06:28.810930 未中奖
2026/05/28 23:06:28.810930 未中奖
2026/05/28 23:06:28.810930 未中奖
2026/05/28 23:06:28.810930 未中奖
2026/05/28 23:06:28.810930 未中奖
2026/05/28 23:06:28.810930 未中奖
2026/05/28 23:06:28.810930 奖品已发完
2026/05/28 23:06:28.810930 未中奖
2026/05/28 23:06:28.810930 未中奖
2026/05/28 23:06:28.810930 未中奖
2026/05/28 23:06:28.810930 奖品已发完
2026/05/28 23:06:28.810930 未中奖
2026/05/28 23:06:28.810930 未中奖
2026/05/28 23:06:28.810930 未中奖
2026/05/28 23:06:28.812134 未中奖
2026/05/28 23:06:28.810930 奖品已发完
2026/05/28 23:06:28.812134 未中奖
2026/05/28 23:06:28.812134 奖品已发完
2026/05/28 23:06:28.810930 未中奖
2026/05/28 23:06:28.812134 未中奖
2026/05/28 23:06:28.812134 未中奖
2026/05/28 23:06:28.812134 未中奖
2026/05/28 23:06:28.812134 奖品已发完
2026/05/28 23:06:28.812134 未中奖
2026/05/28 23:06:28.812134 奖品已发完
2026/05/28 23:06:28.812134 奖品已发完
2026/05/28 23:06:28.812134 未中奖
2026/05/28 23:06:28.812134 未中奖
2026/05/28 23:06:28.812134 未中奖
2026/05/28 23:06:28.812134 未中奖
2026/05/28 23:06:28.812134 未中奖
2026/05/28 23:06:28.812134 未中奖
2026/05/28 23:06:28.812134 未中奖
2026/05/28 23:06:28.812134 未中奖
2026/05/28 23:06:28.810930 未中奖
2026/05/28 23:06:28.812134 未中奖
2026/05/28 23:06:28.812134 奖品已发完
2026/05/28 23:06:28.812134 未中奖
2026/05/28 23:06:28.812134 未中奖
2026/05/28 23:06:28.812134 未中奖
2026/05/28 23:06:28.812134 未中奖
2026/05/28 23:06:28.812134 未中奖
2026/05/28 23:06:28.812134 未中奖
2026/05/28 23:06:28.812134 未中奖
2026/05/28 23:06:28.812134 奖品已发完
2026/05/28 23:06:28.812134 奖品已发完
2026/05/28 23:06:28.812134 未中奖
2026/05/28 23:06:28.812134 未中奖
2026/05/28 23:06:28.812134 未中奖
2026/05/28 23:06:28.812134 未中奖
2026/05/28 23:06:28.812134 未中奖
2026/05/28 23:06:28.812134 未中奖
2026/05/28 23:06:28.812134 未中奖
2026/05/28 23:06:28.812134 未中奖
2026/05/28 23:06:28.812134 未中奖
2026/05/28 23:06:28.812134 未中奖
2026/05/28 23:06:28.812134 奖品已发完
2026/05/28 23:06:28.812134 未中奖
2026/05/28 23:06:28.812134 未中奖
2026/05/28 23:06:28.812134 未中奖
2026/05/28 23:06:28.812134 未中奖
2026/05/28 23:06:28.812134 未中奖
2026/05/28 23:06:28.812134 未中奖
2026/05/28 23:06:28.812134 未中奖
2026/05/28 23:06:28.812134 未中奖
2026/05/28 23:06:28.812134 未中奖
2026/05/28 23:06:28.812134 未中奖
2026/05/28 23:06:28.812134 未中奖
2026/05/28 23:06:28.812134 未中奖
2026/05/28 23:06:28.812134 未中奖
2026/05/28 23:06:28.812134 奖品已发完
2026/05/28 23:06:28.812134 未中奖
2026/05/28 23:06:28.812134 未中奖
2026/05/28 23:06:28.812134 未中奖
2026/05/28 23:06:28.812134 未中奖
2026/05/28 23:06:28.812134 未中奖
2026/05/28 23:06:28.812134 未中奖
2026/05/28 23:06:28.812134 未中奖
2026/05/28 23:06:28.812134 未中奖
2026/05/28 23:06:28.812134 未中奖
2026/05/28 23:06:28.812134 未中奖
2026/05/28 23:06:28.812134 未中奖
2026/05/28 23:06:28.812134 奖品已发完
2026/05/28 23:06:28.812134 未中奖
2026/05/28 23:06:28.812134 未中奖
2026/05/28 23:06:28.812134 未中奖
2026/05/28 23:06:28.812134 未中奖
2026/05/28 23:06:28.812134 未中奖
2026/05/28 23:06:28.812134 未中奖
2026/05/28 23:06:28.812134 未中奖
2026/05/28 23:06:28.812134 未中奖
2026/05/28 23:06:28.812134 未中奖
2026/05/28 23:06:28.812134 未中奖
2026/05/28 23:06:28.812134 未中奖
2026/05/28 23:06:28.812134 未中奖
2026/05/28 23:06:28.812134 未中奖
2026/05/28 23:06:28.812134 未中奖
2026/05/28 23:06:28.812134 未中奖
2026/05/28 23:06:28.812134 奖品已发完
2026/05/28 23:06:28.812134 奖品已发完
2026/05/28 23:06:28.812134 未中奖
2026/05/28 23:06:28.812134 未中奖
2026/05/28 23:06:28.812134 未中奖
2026/05/28 23:06:28.812134 未中奖
2026/05/28 23:06:28.812134 未中奖
2026/05/28 23:06:28.812134 奖品已发完
2026/05/28 23:06:28.812134 奖品已发完
2026/05/28 23:06:28.812134 未中奖
2026/05/28 23:06:28.812134 未中奖
2026/05/28 23:06:28.812134 未中奖
2026/05/28 23:06:28.812134 未中奖
2026/05/28 23:06:28.812134 奖品已发完
2026/05/28 23:06:28.813501 未中奖
2026/05/28 23:06:28.812134 未中奖
2026/05/28 23:06:28.812134 未中奖
2026/05/28 23:06:28.813501 未中奖
2026/05/28 23:06:28.813501 未中奖
2026/05/28 23:06:28.813501 未中奖
2026/05/28 23:06:28.813501 未中奖
2026/05/28 23:06:28.813501 未中奖
2026/05/28 23:06:28.813501 未中奖
2026/05/28 23:06:28.813501 未中奖
2026/05/28 23:06:28.813501 未中奖
2026/05/28 23:06:28.813501 未中奖
2026/05/28 23:06:28.813501 未中奖
2026/05/28 23:06:28.813501 未中奖
2026/05/28 23:06:28.813501 未中奖
2026/05/28 23:06:28.813501 未中奖
2026/05/28 23:06:28.813501 未中奖
2026/05/28 23:06:28.813501 未中奖
2026/05/28 23:06:28.813501 未中奖
2026/05/28 23:06:28.813501 未中奖
2026/05/28 23:06:28.813501 未中奖
2026/05/28 23:06:28.813501 未中奖
2026/05/28 23:06:28.813501 未中奖
2026/05/28 23:06:28.813501 未中奖
2026/05/28 23:06:28.813501 奖品已发完
2026/05/28 23:06:28.813501 未中奖
2026/05/28 23:06:28.813501 未中奖
2026/05/28 23:06:28.813501 未中奖
2026/05/28 23:06:28.813501 未中奖
2026/05/28 23:06:28.813501 未中奖
2026/05/28 23:06:28.813501 未中奖
2026/05/28 23:06:28.813501 未中奖
2026/05/28 23:06:28.813501 未中奖
2026/05/28 23:06:28.813501 未中奖
2026/05/28 23:06:28.813501 未中奖
2026/05/28 23:06:28.813501 未中奖
2026/05/28 23:06:28.813501 未中奖
2026/05/28 23:06:28.813501 未中奖
2026/05/28 23:06:28.813501 未中奖
2026/05/28 23:06:28.813501 未中奖
2026/05/28 23:06:28.813501 未中奖
2026/05/28 23:06:28.813501 奖品已发完
2026/05/28 23:06:28.813501 未中奖
2026/05/28 23:06:28.813501 未中奖
2026/05/28 23:06:28.813501 未中奖
2026/05/28 23:06:28.813501 未中奖
2026/05/28 23:06:28.813501 未中奖
2026/05/28 23:06:28.813501 未中奖
2026/05/28 23:06:28.813501 未中奖
2026/05/28 23:06:28.813501 奖品已发完
2026/05/28 23:06:28.813501 未中奖
2026/05/28 23:06:28.813501 未中奖
2026/05/28 23:06:28.813501 未中奖
2026/05/28 23:06:28.813501 未中奖
2026/05/28 23:06:28.813501 未中奖
2026/05/28 23:06:28.813501 未中奖
2026/05/28 23:06:28.813501 未中奖
2026/05/28 23:06:28.813501 奖品已发完
2026/05/28 23:06:28.813501 未中奖
2026/05/28 23:06:28.813501 未中奖
2026/05/28 23:06:28.813501 未中奖
2026/05/28 23:06:28.813501 未中奖
2026/05/28 23:06:28.813501 未中奖
2026/05/28 23:06:28.813501 未中奖
2026/05/28 23:06:28.813501 未中奖
2026/05/28 23:06:28.813501 未中奖
2026/05/28 23:06:28.813501 未中奖
2026/05/28 23:06:28.813501 未中奖
2026/05/28 23:06:28.813501 未中奖
2026/05/28 23:06:28.813501 未中奖
2026/05/28 23:06:28.813501 未中奖
2026/05/28 23:06:28.813501 未中奖
2026/05/28 23:06:28.813501 未中奖
2026/05/28 23:06:28.813501 未中奖
2026/05/28 23:06:28.813501 未中奖
2026/05/28 23:06:28.813501 未中奖
2026/05/28 23:06:28.813501 未中奖
2026/05/28 23:06:28.813501 未中奖
2026/05/28 23:06:28.813501 未中奖
2026/05/28 23:06:28.813501 未中奖
2026/05/28 23:06:28.813501 未中奖
2026/05/28 23:06:28.813501 未中奖
2026/05/28 23:06:28.813501 未中奖
2026/05/28 23:06:28.813501 未中奖
2026/05/28 23:06:28.813501 未中奖
2026/05/28 23:06:28.813501 未中奖
2026/05/28 23:06:28.813501 未中奖
2026/05/28 23:06:28.813501 未中奖
2026/05/28 23:06:28.813501 未中奖
2026/05/28 23:06:28.813501 未中奖
2026/05/28 23:06:28.813501 未中奖
2026/05/28 23:06:28.813501 未中奖
2026/05/28 23:06:28.813501 未中奖
2026/05/28 23:06:28.813501 未中奖
2026/05/28 23:06:28.813501 未中奖
2026/05/28 23:06:28.813501 未中奖
2026/05/28 23:06:28.813501 未中奖
2026/05/28 23:06:28.813501 未中奖
2026/05/28 23:06:28.813501 未中奖
2026/05/28 23:06:28.813501 奖品已发完
2026/05/28 23:06:28.813501 未中奖
2026/05/28 23:06:28.813501 未中奖
2026/05/28 23:06:28.813501 未中奖
2026/05/28 23:06:28.813501 未中奖
2026/05/28 23:06:28.813501 未中奖
2026/05/28 23:06:28.813501 未中奖
2026/05/28 23:06:28.813501 奖品已发完
2026/05/28 23:06:28.813501 未中奖
2026/05/28 23:06:28.813501 未中奖
2026/05/28 23:06:28.813501 未中奖
2026/05/28 23:06:28.813501 奖品已发完
2026/05/28 23:06:28.813501 未中奖
2026/05/28 23:06:28.813501 未中奖
2026/05/28 23:06:28.813501 未中奖
2026/05/28 23:06:28.813501 未中奖
2026/05/28 23:06:28.813501 奖品已发完
2026/05/28 23:06:28.813501 未中奖
2026/05/28 23:06:28.813501 未中奖
2026/05/28 23:06:28.813501 未中奖
2026/05/28 23:06:28.813501 未中奖
2026/05/28 23:06:28.813501 未中奖
2026/05/28 23:06:28.813501 未中奖
2026/05/28 23:06:28.813501 未中奖
2026/05/28 23:06:28.813501 未中奖
2026/05/28 23:06:28.813501 未中奖
2026/05/28 23:06:28.813501 未中奖
2026/05/28 23:06:28.813501 未中奖
2026/05/28 23:06:28.813501 未中奖
2026/05/28 23:06:28.813501 未中奖
2026/05/28 23:06:28.813501 未中奖
2026/05/28 23:06:28.813501 奖品已发完
2026/05/28 23:06:28.813501 未中奖
2026/05/28 23:06:28.813501 奖品已发完
2026/05/28 23:06:28.813501 未中奖
2026/05/28 23:06:28.813501 未中奖
2026/05/28 23:06:28.813501 未中奖
2026/05/28 23:06:28.815008 未中奖
2026/05/28 23:06:28.813501 未中奖
2026/05/28 23:06:28.813501 未中奖
2026/05/28 23:06:28.815008 未中奖
2026/05/28 23:06:28.815008 未中奖
2026/05/28 23:06:28.815008 未中奖
2026/05/28 23:06:28.815008 未中奖
2026/05/28 23:06:28.815008 未中奖
2026/05/28 23:06:28.815008 未中奖
2026/05/28 23:06:28.815008 未中奖
2026/05/28 23:06:28.815008 未中奖
2026/05/28 23:06:28.815008 未中奖
2026/05/28 23:06:28.815008 未中奖
2026/05/28 23:06:28.815008 未中奖
2026/05/28 23:06:28.815008 奖品已发完
2026/05/28 23:06:28.815008 未中奖
2026/05/28 23:06:28.815008 未中奖
2026/05/28 23:06:28.815008 未中奖
2026/05/28 23:06:28.815008 奖品已发完
2026/05/28 23:06:28.815008 未中奖
2026/05/28 23:06:28.815008 奖品已发完
2026/05/28 23:06:28.815008 未中奖
2026/05/28 23:06:28.815008 未中奖
2026/05/28 23:06:28.815008 未中奖
2026/05/28 23:06:28.815008 未中奖
2026/05/28 23:06:28.815008 未中奖
2026/05/28 23:06:28.815008 未中奖
2026/05/28 23:06:28.815008 未中奖
2026/05/28 23:06:28.815008 奖品已发完
2026/05/28 23:06:28.815008 未中奖
2026/05/28 23:06:28.815008 未中奖
2026/05/28 23:06:28.815008 未中奖
2026/05/28 23:06:28.815008 未中奖
2026/05/28 23:06:28.815008 未中奖
2026/05/28 23:06:28.815008 未中奖
2026/05/28 23:06:28.815008 未中奖
2026/05/28 23:06:28.815008 未中奖
2026/05/28 23:06:28.815008 未中奖
2026/05/28 23:06:28.815008 奖品已发完
2026/05/28 23:06:28.815008 未中奖
2026/05/28 23:06:28.815008 未中奖
2026/05/28 23:06:28.815008 未中奖
2026/05/28 23:06:28.815008 未中奖
2026/05/28 23:06:28.815008 未中奖
2026/05/28 23:06:28.815008 未中奖
2026/05/28 23:06:28.815008 未中奖
2026/05/28 23:06:28.815008 未中奖
2026/05/28 23:06:28.815008 未中奖
2026/05/28 23:06:28.815008 未中奖
2026/05/28 23:06:28.815008 未中奖
2026/05/28 23:06:28.815008 未中奖
2026/05/28 23:06:28.815008 未中奖
2026/05/28 23:06:28.815008 未中奖
2026/05/28 23:06:28.815008 未中奖
2026/05/28 23:06:28.815008 未中奖
2026/05/28 23:06:28.815008 未中奖
2026/05/28 23:06:28.815008 未中奖
2026/05/28 23:06:28.815008 未中奖
2026/05/28 23:06:28.815008 未中奖
2026/05/28 23:06:28.815008 未中奖
2026/05/28 23:06:28.815008 未中奖
2026/05/28 23:06:28.815008 未中奖
2026/05/28 23:06:28.815008 未中奖
2026/05/28 23:06:28.815008 未中奖
2026/05/28 23:06:28.815008 奖品已发完
2026/05/28 23:06:28.815008 奖品已发完
2026/05/28 23:06:28.815008 未中奖
2026/05/28 23:06:28.815008 奖品已发完
2026/05/28 23:06:28.815008 未中奖
2026/05/28 23:06:28.815008 未中奖
2026/05/28 23:06:28.815008 未中奖
2026/05/28 23:06:28.815008 未中奖
2026/05/28 23:06:28.815008 未中奖
2026/05/28 23:06:28.815008 未中奖
2026/05/28 23:06:28.815008 未中奖
2026/05/28 23:06:28.815008 未中奖
2026/05/28 23:06:28.815008 未中奖
2026/05/28 23:06:28.815008 未中奖
2026/05/28 23:06:28.815008 未中奖
2026/05/28 23:06:28.815008 未中奖
2026/05/28 23:06:28.815008 未中奖
2026/05/28 23:06:28.815008 奖品已发完
2026/05/28 23:06:28.815008 未中奖
2026/05/28 23:06:28.815008 未中奖
2026/05/28 23:06:28.815008 未中奖
2026/05/28 23:06:28.815008 未中奖
2026/05/28 23:06:28.815008 未中奖
2026/05/28 23:06:28.815008 未中奖
2026/05/28 23:06:28.815008 未中奖
2026/05/28 23:06:28.815008 未中奖
2026/05/28 23:06:28.815008 奖品已发完
2026/05/28 23:06:28.815008 奖品已发完
2026/05/28 23:06:28.815008 未中奖
2026/05/28 23:06:28.815008 未中奖
2026/05/28 23:06:28.815008 未中奖
2026/05/28 23:06:28.815008 未中奖
2026/05/28 23:06:28.815008 未中奖
2026/05/28 23:06:28.815008 未中奖
2026/05/28 23:06:28.815008 未中奖
2026/05/28 23:06:28.815008 未中奖
2026/05/28 23:06:28.815008 未中奖
2026/05/28 23:06:28.815008 未中奖
2026/05/28 23:06:28.815008 未中奖
2026/05/28 23:06:28.815008 未中奖
2026/05/28 23:06:28.815008 未中奖
2026/05/28 23:06:28.815008 未中奖
2026/05/28 23:06:28.815008 未中奖
2026/05/28 23:06:28.815008 未中奖
2026/05/28 23:06:28.815008 未中奖
2026/05/28 23:06:28.815008 未中奖
2026/05/28 23:06:28.815008 未中奖
2026/05/28 23:06:28.815008 未中奖
2026/05/28 23:06:28.815008 未中奖
2026/05/28 23:06:28.815008 未中奖
2026/05/28 23:06:28.815008 未中奖
2026/05/28 23:06:28.815008 未中奖
2026/05/28 23:06:28.815008 未中奖
2026/05/28 23:06:28.815008 未中奖
2026/05/28 23:06:28.816470 未中奖
2026/05/28 23:06:28.816470 未中奖
2026/05/28 23:06:28.815008 未中奖
2026/05/28 23:06:28.816470 未中奖
2026/05/28 23:06:28.815008 未中奖
2026/05/28 23:06:28.816470 未中奖
2026/05/28 23:06:28.816470 未中奖
2026/05/28 23:06:28.816470 奖品已发完
2026/05/28 23:06:28.816470 未中奖
2026/05/28 23:06:28.816470 未中奖
2026/05/28 23:06:28.816470 未中奖
2026/05/28 23:06:28.816470 未中奖
2026/05/28 23:06:28.816470 未中奖
2026/05/28 23:06:28.816470 奖品已发完
2026/05/28 23:06:28.816470 未中奖
2026/05/28 23:06:28.816470 未中奖
2026/05/28 23:06:28.816470 未中奖
2026/05/28 23:06:28.816470 奖品已发完
2026/05/28 23:06:28.816470 未中奖
2026/05/28 23:06:28.816470 未中奖
2026/05/28 23:06:28.816470 未中奖
2026/05/28 23:06:28.816470 未中奖
2026/05/28 23:06:28.816470 未中奖
2026/05/28 23:06:28.816470 未中奖
2026/05/28 23:06:28.816470 未中奖
2026/05/28 23:06:28.816470 未中奖
2026/05/28 23:06:28.816470 奖品已发完
2026/05/28 23:06:28.816470 未中奖
2026/05/28 23:06:28.816470 未中奖
2026/05/28 23:06:28.816470 未中奖
2026/05/28 23:06:28.816470 未中奖
2026/05/28 23:06:28.816470 未中奖
2026/05/28 23:06:28.816470 未中奖
2026/05/28 23:06:28.816470 未中奖
2026/05/28 23:06:28.816470 未中奖
2026/05/28 23:06:28.816470 未中奖
2026/05/28 23:06:28.816470 未中奖
2026/05/28 23:06:28.816470 未中奖
2026/05/28 23:06:28.816470 未中奖
2026/05/28 23:06:28.816470 未中奖
2026/05/28 23:06:28.816470 未中奖
2026/05/28 23:06:28.816470 未中奖
2026/05/28 23:06:28.816470 未中奖
2026/05/28 23:06:28.816470 未中奖
2026/05/28 23:06:28.816470 未中奖
2026/05/28 23:06:28.816470 未中奖
2026/05/28 23:06:28.816470 未中奖
2026/05/28 23:06:28.816470 未中奖
2026/05/28 23:06:28.816470 未中奖
2026/05/28 23:06:28.816470 未中奖
2026/05/28 23:06:28.816470 未中奖
2026/05/28 23:06:28.816470 未中奖
2026/05/28 23:06:28.816470 未中奖
2026/05/28 23:06:28.816470 未中奖
2026/05/28 23:06:28.816470 未中奖
2026/05/28 23:06:28.816470 未中奖
2026/05/28 23:06:28.816470 未中奖
2026/05/28 23:06:28.816470 未中奖
2026/05/28 23:06:28.816470 未中奖
2026/05/28 23:06:28.816470 奖品已发完
2026/05/28 23:06:28.816470 未中奖
2026/05/28 23:06:28.816470 未中奖
2026/05/28 23:06:28.816470 未中奖
2026/05/28 23:06:28.816470 未中奖
2026/05/28 23:06:28.817797 未中奖
2026/05/28 23:06:28.816470 未中奖
2026/05/28 23:06:28.816470 未中奖
2026/05/28 23:06:28.816470 未中奖
2026/05/28 23:06:28.817797 未中奖
2026/05/28 23:06:28.817797 未中奖
2026/05/28 23:06:28.817797 未中奖
2026/05/28 23:06:28.817797 未中奖
2026/05/28 23:06:28.817797 未中奖
2026/05/28 23:06:28.817797 未中奖
2026/05/28 23:06:28.817797 未中奖
2026/05/28 23:06:28.817797 奖品已发完
2026/05/28 23:06:28.817797 未中奖
2026/05/28 23:06:28.817797 未中奖
2026/05/28 23:06:28.817797 未中奖
2026/05/28 23:06:28.817797 未中奖
2026/05/28 23:06:28.817797 奖品已发完
2026/05/28 23:06:28.817797 未中奖
2026/05/28 23:06:28.817797 未中奖
2026/05/28 23:06:28.817797 未中奖
2026/05/28 23:06:28.817797 未中奖
2026/05/28 23:06:28.817797 未中奖
2026/05/28 23:06:28.817797 未中奖
2026/05/28 23:06:28.817797 未中奖
2026/05/28 23:06:28.817797 奖品已发完
2026/05/28 23:06:28.817797 未中奖
2026/05/28 23:06:28.817797 奖品已发完
2026/05/28 23:06:28.817797 未中奖
2026/05/28 23:06:28.817797 未中奖
2026/05/28 23:06:28.817797 未中奖
2026/05/28 23:06:28.817797 未中奖
2026/05/28 23:06:28.817797 未中奖
2026/05/28 23:06:28.817797 未中奖
2026/05/28 23:06:28.817797 未中奖
2026/05/28 23:06:28.817797 未中奖
2026/05/28 23:06:28.817797 未中奖
2026/05/28 23:06:28.817797 奖品已发完
2026/05/28 23:06:28.817797 奖品已发完
2026/05/28 23:06:28.817797 未中奖
2026/05/28 23:06:28.817797 奖品已发完
2026/05/28 23:06:28.817797 未中奖
2026/05/28 23:06:28.817797 未中奖
2026/05/28 23:06:28.817797 未中奖
2026/05/28 23:06:28.817797 未中奖
2026/05/28 23:06:28.817797 奖品已发完
2026/05/28 23:06:28.817797 未中奖
2026/05/28 23:06:28.817797 未中奖
2026/05/28 23:06:28.817797 奖品已发完
2026/05/28 23:06:28.817797 奖品已发完
2026/05/28 23:06:28.817797 未中奖
2026/05/28 23:06:28.817797 未中奖
2026/05/28 23:06:28.817797 未中奖
2026/05/28 23:06:28.817797 未中奖
2026/05/28 23:06:28.817797 未中奖
2026/05/28 23:06:28.818804 未中奖
2026/05/28 23:06:28.818804 未中奖
2026/05/28 23:06:28.817797 未中奖
2026/05/28 23:06:28.818804 奖品已发完
2026/05/28 23:06:28.818804 未中奖
2026/05/28 23:06:28.818804 未中奖
2026/05/28 23:06:28.817797 未中奖
2026/05/28 23:06:28.818804 未中奖
2026/05/28 23:06:28.817797 未中奖
2026/05/28 23:06:28.818804 未中奖
2026/05/28 23:06:28.818804 未中奖
2026/05/28 23:06:28.818804 未中奖
2026/05/28 23:06:28.818804 未中奖
2026/05/28 23:06:28.818804 未中奖
2026/05/28 23:06:28.818804 未中奖
2026/05/28 23:06:28.818804 未中奖
2026/05/28 23:06:28.818804 未中奖
2026/05/28 23:06:28.818804 未中奖
2026/05/28 23:06:28.818804 未中奖
2026/05/28 23:06:28.818804 未中奖
2026/05/28 23:06:28.818804 未中奖
2026/05/28 23:06:28.818804 未中奖
2026/05/28 23:06:28.818804 未中奖
2026/05/28 23:06:28.818804 未中奖
2026/05/28 23:06:28.818804 未中奖
2026/05/28 23:06:28.818804 未中奖
2026/05/28 23:06:28.818804 未中奖
2026/05/28 23:06:28.818804 未中奖
2026/05/28 23:06:28.818804 未中奖
2026/05/28 23:06:28.818804 未中奖
2026/05/28 23:06:28.818804 未中奖
2026/05/28 23:06:28.818804 奖品已发完
2026/05/28 23:06:28.818804 未中奖
2026/05/28 23:06:28.818804 奖品已发完
2026/05/28 23:06:28.818804 未中奖
2026/05/28 23:06:28.818804 未中奖
2026/05/28 23:06:28.818804 未中奖
2026/05/28 23:06:28.818804 未中奖
2026/05/28 23:06:28.818804 奖品已发完
2026/05/28 23:06:28.818804 未中奖
2026/05/28 23:06:28.818804 未中奖
2026/05/28 23:06:28.818804 未中奖
2026/05/28 23:06:28.818804 未中奖
2026/05/28 23:06:28.818804 未中奖
2026/05/28 23:06:28.818804 奖品已发完
2026/05/28 23:06:28.818804 未中奖
2026/05/28 23:06:28.818804 未中奖
2026/05/28 23:06:28.818804 未中奖
2026/05/28 23:06:28.818804 未中奖
2026/05/28 23:06:28.818804 未中奖
2026/05/28 23:06:28.818804 未中奖
2026/05/28 23:06:28.818804 未中奖
2026/05/28 23:06:28.818804 未中奖
2026/05/28 23:06:28.818804 未中奖
2026/05/28 23:06:28.818804 未中奖
2026/05/28 23:06:28.818804 未中奖
2026/05/28 23:06:28.818804 未中奖
2026/05/28 23:06:28.818804 未中奖
2026/05/28 23:06:28.818804 未中奖
2026/05/28 23:06:28.818804 未中奖
2026/05/28 23:06:28.818804 未中奖
2026/05/28 23:06:28.818804 未中奖
2026/05/28 23:06:28.818804 未中奖
2026/05/28 23:06:28.818804 未中奖
2026/05/28 23:06:28.818804 未中奖
2026/05/28 23:06:28.818804 未中奖
2026/05/28 23:06:28.818804 未中奖
2026/05/28 23:06:28.818804 未中奖
2026/05/28 23:06:28.818804 未中奖
2026/05/28 23:06:28.818804 奖品已发完
2026/05/28 23:06:28.818804 未中奖
2026/05/28 23:06:28.818804 未中奖
2026/05/28 23:06:28.818804 未中奖
2026/05/28 23:06:28.818804 未中奖
2026/05/28 23:06:28.818804 未中奖
2026/05/28 23:06:28.818804 未中奖
2026/05/28 23:06:28.818804 未中奖
2026/05/28 23:06:28.818804 未中奖
2026/05/28 23:06:28.818804 奖品已发完
2026/05/28 23:06:28.818804 未中奖
2026/05/28 23:06:28.818804 未中奖
2026/05/28 23:06:28.818804 未中奖
2026/05/28 23:06:28.818804 未中奖
2026/05/28 23:06:28.818804 未中奖
2026/05/28 23:06:28.818804 未中奖
2026/05/28 23:06:28.818804 未中奖
2026/05/28 23:06:28.819804 未中奖
2026/05/28 23:06:28.818804 未中奖
2026/05/28 23:06:28.819804 未中奖
2026/05/28 23:06:28.819804 奖品已发完
2026/05/28 23:06:28.819804 奖品已发完
2026/05/28 23:06:28.819804 未中奖
2026/05/28 23:06:28.819804 未中奖
2026/05/28 23:06:28.819804 奖品已发完
2026/05/28 23:06:28.819804 未中奖
2026/05/28 23:06:28.819804 奖品已发完
2026/05/28 23:06:28.819804 奖品已发完
2026/05/28 23:06:28.819804 未中奖
2026/05/28 23:06:28.818804 未中奖
2026/05/28 23:06:28.818804 未中奖
2026/05/28 23:06:28.818804 未中奖
2026/05/28 23:06:28.819804 未中奖
2026/05/28 23:06:28.819804 未中奖
2026/05/28 23:06:28.819804 奖品已发完
2026/05/28 23:06:28.819804 未中奖
2026/05/28 23:06:28.819804 未中奖
2026/05/28 23:06:28.819804 未中奖
2026/05/28 23:06:28.819804 未中奖
2026/05/28 23:06:28.819804 未中奖
2026/05/28 23:06:28.819804 未中奖
2026/05/28 23:06:28.819804 未中奖
2026/05/28 23:06:28.819804 未中奖
2026/05/28 23:06:28.819804 奖品已发完
2026/05/28 23:06:28.819804 未中奖
2026/05/28 23:06:28.819804 未中奖
2026/05/28 23:06:28.819804 未中奖
2026/05/28 23:06:28.819804 未中奖
2026/05/28 23:06:28.819804 未中奖
2026/05/28 23:06:28.819804 未中奖
2026/05/28 23:06:28.819804 未中奖
2026/05/28 23:06:28.819804 未中奖
2026/05/28 23:06:28.819804 未中奖
2026/05/28 23:06:28.819804 奖品已发完
2026/05/28 23:06:28.819804 未中奖
2026/05/28 23:06:28.819804 未中奖
2026/05/28 23:06:28.819804 未中奖
2026/05/28 23:06:28.819804 未中奖
2026/05/28 23:06:28.819804 未中奖
2026/05/28 23:06:28.819804 未中奖
2026/05/28 23:06:28.819804 未中奖
2026/05/28 23:06:28.819804 未中奖
2026/05/28 23:06:28.819804 未中奖
2026/05/28 23:06:28.819804 未中奖
2026/05/28 23:06:28.819804 未中奖
2026/05/28 23:06:28.819804 未中奖
2026/05/28 23:06:28.819804 未中奖
2026/05/28 23:06:28.819804 未中奖
2026/05/28 23:06:28.819804 未中奖
2026/05/28 23:06:28.819804 未中奖
2026/05/28 23:06:28.819804 未中奖
2026/05/28 23:06:28.819804 未中奖
2026/05/28 23:06:28.820463 未中奖
2026/05/28 23:06:28.819804 未中奖
2026/05/28 23:06:28.819804 未中奖
2026/05/28 23:06:28.820463 未中奖
2026/05/28 23:06:28.819804 未中奖
2026/05/28 23:06:28.820463 未中奖
2026/05/28 23:06:28.820463 未中奖
2026/05/28 23:06:28.820463 未中奖
2026/05/28 23:06:28.820463 未中奖
2026/05/28 23:06:28.820463 未中奖
2026/05/28 23:06:28.820463 未中奖
2026/05/28 23:06:28.820463 未中奖
2026/05/28 23:06:28.820463 未中奖
2026/05/28 23:06:28.820463 奖品已发完
2026/05/28 23:06:28.820463 未中奖
2026/05/28 23:06:28.820463 未中奖
2026/05/28 23:06:28.820463 未中奖
2026/05/28 23:06:28.820463 未中奖
2026/05/28 23:06:28.820463 未中奖
2026/05/28 23:06:28.820463 未中奖
2026/05/28 23:06:28.820463 未中奖
2026/05/28 23:06:28.820463 未中奖
2026/05/28 23:06:28.820463 未中奖
2026/05/28 23:06:28.820463 未中奖
2026/05/28 23:06:28.820463 奖品已发完
2026/05/28 23:06:28.820463 未中奖
2026/05/28 23:06:28.820463 未中奖
2026/05/28 23:06:28.820463 未中奖
2026/05/28 23:06:28.820463 奖品已发完
2026/05/28 23:06:28.820463 未中奖
2026/05/28 23:06:28.820463 未中奖
2026/05/28 23:06:28.820463 未中奖
2026/05/28 23:06:28.820463 未中奖
2026/05/28 23:06:28.820463 未中奖
2026/05/28 23:06:28.820463 奖品已发完
2026/05/28 23:06:28.820463 未中奖
2026/05/28 23:06:28.820463 未中奖
2026/05/28 23:06:28.820463 未中奖
2026/05/28 23:06:28.820463 未中奖
2026/05/28 23:06:28.820463 未中奖
2026/05/28 23:06:28.820463 未中奖
2026/05/28 23:06:28.820463 未中奖
2026/05/28 23:06:28.820463 未中奖
2026/05/28 23:06:28.820463 未中奖
2026/05/28 23:06:28.820463 未中奖
2026/05/28 23:06:28.820463 未中奖
2026/05/28 23:06:28.820463 未中奖
2026/05/28 23:06:28.820463 未中奖
2026/05/28 23:06:28.820463 未中奖
2026/05/28 23:06:28.820463 未中奖
2026/05/28 23:06:28.820463 未中奖
2026/05/28 23:06:28.820463 未中奖
2026/05/28 23:06:28.820463 未中奖
2026/05/28 23:06:28.820463 未中奖
2026/05/28 23:06:28.820463 未中奖
2026/05/28 23:06:28.821492 未中奖
2026/05/28 23:06:28.821492 未中奖
2026/05/28 23:06:28.821492 未中奖
2026/05/28 23:06:28.821492 未中奖
2026/05/28 23:06:28.821492 未中奖
2026/05/28 23:06:28.821492 未中奖
2026/05/28 23:06:28.821492 未中奖
2026/05/28 23:06:28.821492 未中奖
2026/05/28 23:06:28.821492 未中奖
2026/05/28 23:06:28.821492 未中奖
2026/05/28 23:06:28.821492 未中奖
2026/05/28 23:06:28.821492 未中奖
2026/05/28 23:06:28.821492 未中奖
2026/05/28 23:06:28.821813 未中奖
2026/05/28 23:06:28.821813 未中奖
2026/05/28 23:06:28.821813 未中奖
2026/05/28 23:06:28.821813 未中奖
2026/05/28 23:06:28.821813 未中奖
2026/05/28 23:06:28.821813 未中奖
2026/05/28 23:06:28.821813 奖品已发完
2026/05/28 23:06:28.821813 奖品已发完
2026/05/28 23:06:28.821813 未中奖
2026/05/28 23:06:28.821813 未中奖
2026/05/28 23:06:28.821813 未中奖
2026/05/28 23:06:28.821813 未中奖
2026/05/28 23:06:28.821813 未中奖
2026/05/28 23:06:28.821813 未中奖
2026/05/28 23:06:28.821813 未中奖
2026/05/28 23:06:28.821813 未中奖
2026/05/28 23:06:28.821813 未中奖
2026/05/28 23:06:28.821813 未中奖
2026/05/28 23:06:28.821813 未中奖
2026/05/28 23:06:28.821813 未中奖
2026/05/28 23:06:28.821813 未中奖
2026/05/28 23:06:28.821813 未中奖
2026/05/28 23:06:28.821813 未中奖
2026/05/28 23:06:28.821813 未中奖
2026/05/28 23:06:28.821813 未中奖
2026/05/28 23:06:28.821813 未中奖
2026/05/28 23:06:28.821813 未中奖
2026/05/28 23:06:28.821813 未中奖
2026/05/28 23:06:28.821813 未中奖
2026/05/28 23:06:28.821813 未中奖
2026/05/28 23:06:28.821813 未中奖
2026/05/28 23:06:28.821813 未中奖
2026/05/28 23:06:28.821813 未中奖
2026/05/28 23:06:28.821813 未中奖
2026/05/28 23:06:28.821813 未中奖
2026/05/28 23:06:28.821813 未中奖
2026/05/28 23:06:28.821813 未中奖
2026/05/28 23:06:28.821813 奖品已发完
2026/05/28 23:06:28.821813 未中奖
2026/05/28 23:06:28.821813 未中奖
2026/05/28 23:06:28.821813 未中奖
2026/05/28 23:06:28.821813 未中奖
2026/05/28 23:06:28.822499 未中奖
2026/05/28 23:06:28.821813 奖品已发完
2026/05/28 23:06:28.822499 未中奖
2026/05/28 23:06:28.822499 未中奖
2026/05/28 23:06:28.822499 未中奖
2026/05/28 23:06:28.822499 未中奖
2026/05/28 23:06:28.821813 未中奖
2026/05/28 23:06:28.822499 未中奖
2026/05/28 23:06:28.821813 未中奖
2026/05/28 23:06:28.822499 未中奖
2026/05/28 23:06:28.822499 未中奖
2026/05/28 23:06:28.822499 未中奖
2026/05/28 23:06:28.822499 未中奖
2026/05/28 23:06:28.822499 未中奖
2026/05/28 23:06:28.822499 未中奖
2026/05/28 23:06:28.822499 未中奖
2026/05/28 23:06:28.822499 未中奖
2026/05/28 23:06:28.822499 未中奖
2026/05/28 23:06:28.822499 未中奖
2026/05/28 23:06:28.822499 未中奖
2026/05/28 23:06:28.822499 未中奖
2026/05/28 23:06:28.822499 奖品已发完
2026/05/28 23:06:28.822499 未中奖
2026/05/28 23:06:28.822499 未中奖
2026/05/28 23:06:28.822499 未中奖
2026/05/28 23:06:28.822499 未中奖
2026/05/28 23:06:28.822499 未中奖
2026/05/28 23:06:28.822499 未中奖
2026/05/28 23:06:28.822499 未中奖
2026/05/28 23:06:28.822499 未中奖
2026/05/28 23:06:28.822499 未中奖
2026/05/28 23:06:28.822499 未中奖
2026/05/28 23:06:28.822499 未中奖
2026/05/28 23:06:28.822499 未中奖
2026/05/28 23:06:28.822499 未中奖
2026/05/28 23:06:28.822499 未中奖
2026/05/28 23:06:28.822499 未中奖
2026/05/28 23:06:28.822499 未中奖
2026/05/28 23:06:28.822499 未中奖
2026/05/28 23:06:28.822499 未中奖
2026/05/28 23:06:28.822499 未中奖
2026/05/28 23:06:28.822499 未中奖
2026/05/28 23:06:28.822499 未中奖
2026/05/28 23:06:28.822499 未中奖
2026/05/28 23:06:28.822499 未中奖
2026/05/28 23:06:28.822499 未中奖
2026/05/28 23:06:28.822499 未中奖
2026/05/28 23:06:28.822499 未中奖
2026/05/28 23:06:28.822499 未中奖
2026/05/28 23:06:28.822499 未中奖
2026/05/28 23:06:28.822499 未中奖
2026/05/28 23:06:28.822499 未中奖
2026/05/28 23:06:28.822499 未中奖
2026/05/28 23:06:28.822499 奖品已发完
2026/05/28 23:06:28.822499 未中奖
2026/05/28 23:06:28.822499 奖品已发完
2026/05/28 23:06:28.822499 奖品已发完
2026/05/28 23:06:28.822499 未中奖
2026/05/28 23:06:28.822499 未中奖
2026/05/28 23:06:28.822499 未中奖
2026/05/28 23:06:28.822499 未中奖
2026/05/28 23:06:28.822499 未中奖
2026/05/28 23:06:28.822499 未中奖
2026/05/28 23:06:28.822499 未中奖
2026/05/28 23:06:28.822499 未中奖
2026/05/28 23:06:28.822499 未中奖
2026/05/28 23:06:28.822499 未中奖
2026/05/28 23:06:28.822499 未中奖
2026/05/28 23:06:28.822499 未中奖
2026/05/28 23:06:28.822499 未中奖
2026/05/28 23:06:28.822499 未中奖
2026/05/28 23:06:28.822499 未中奖
2026/05/28 23:06:28.823493 未中奖
2026/05/28 23:06:28.823493 未中奖
2026/05/28 23:06:28.823493 未中奖
2026/05/28 23:06:28.823493 未中奖
2026/05/28 23:06:28.823493 未中奖
2026/05/28 23:06:28.823493 未中奖
2026/05/28 23:06:28.822499 未中奖
2026/05/28 23:06:28.823493 未中奖
2026/05/28 23:06:28.823493 未中奖
2026/05/28 23:06:28.823493 未中奖
2026/05/28 23:06:28.823493 未中奖
2026/05/28 23:06:28.823493 未中奖
2026/05/28 23:06:28.823493 未中奖
2026/05/28 23:06:28.823493 奖品已发完
2026/05/28 23:06:28.823493 未中奖
2026/05/28 23:06:28.823493 未中奖
2026/05/28 23:06:28.823493 未中奖
2026/05/28 23:06:28.823493 未中奖
2026/05/28 23:06:28.823493 未中奖
2026/05/28 23:06:28.823493 未中奖
2026/05/28 23:06:28.823493 奖品已发完
2026/05/28 23:06:28.823493 未中奖
2026/05/28 23:06:28.823493 未中奖
2026/05/28 23:06:28.823493 未中奖
2026/05/28 23:06:28.823493 未中奖
2026/05/28 23:06:28.823493 未中奖
2026/05/28 23:06:28.823493 未中奖
2026/05/28 23:06:28.823493 未中奖
2026/05/28 23:06:28.823493 未中奖
2026/05/28 23:06:28.823493 未中奖
2026/05/28 23:06:28.823493 未中奖
2026/05/28 23:06:28.823493 未中奖
2026/05/28 23:06:28.823493 未中奖
2026/05/28 23:06:28.823493 未中奖
2026/05/28 23:06:28.823493 未中奖
2026/05/28 23:06:28.823493 未中奖
2026/05/28 23:06:28.823493 未中奖
2026/05/28 23:06:28.823493 未中奖
2026/05/28 23:06:28.823493 未中奖
2026/05/28 23:06:28.823493 奖品已发完
2026/05/28 23:06:28.823493 未中奖
2026/05/28 23:06:28.823493 未中奖
2026/05/28 23:06:28.823493 未中奖
2026/05/28 23:06:28.823493 未中奖
2026/05/28 23:06:28.823493 未中奖
2026/05/28 23:06:28.823493 未中奖
2026/05/28 23:06:28.823493 未中奖
2026/05/28 23:06:28.823493 未中奖
2026/05/28 23:06:28.823493 未中奖
2026/05/28 23:06:28.823493 未中奖
2026/05/28 23:06:28.823493 未中奖
2026/05/28 23:06:28.823493 未中奖
2026/05/28 23:06:28.823493 未中奖
2026/05/28 23:06:28.824044 未中奖
2026/05/28 23:06:28.823493 奖品已发完
2026/05/28 23:06:28.824044 未中奖
2026/05/28 23:06:28.824044 未中奖
2026/05/28 23:06:28.824044 未中奖
2026/05/28 23:06:28.824044 未中奖
2026/05/28 23:06:28.824044 未中奖
2026/05/28 23:06:28.824044 未中奖
2026/05/28 23:06:28.824044 未中奖
2026/05/28 23:06:28.824044 未中奖
2026/05/28 23:06:28.824044 未中奖
2026/05/28 23:06:28.824044 未中奖
2026/05/28 23:06:28.824044 未中奖
2026/05/28 23:06:28.824044 奖品已发完
2026/05/28 23:06:28.824044 未中奖
2026/05/28 23:06:28.824044 未中奖
2026/05/28 23:06:28.824044 未中奖
2026/05/28 23:06:28.824044 未中奖
2026/05/28 23:06:28.824044 未中奖
2026/05/28 23:06:28.824044 未中奖
2026/05/28 23:06:28.824044 未中奖
2026/05/28 23:06:28.824044 未中奖
2026/05/28 23:06:28.824044 未中奖
2026/05/28 23:06:28.824044 奖品已发完
2026/05/28 23:06:28.824044 未中奖
2026/05/28 23:06:28.824044 未中奖
2026/05/28 23:06:28.824044 未中奖
2026/05/28 23:06:28.824044 未中奖
2026/05/28 23:06:28.824044 未中奖
2026/05/28 23:06:28.824044 未中奖
2026/05/28 23:06:28.824044 未中奖
2026/05/28 23:06:28.824044 未中奖
2026/05/28 23:06:28.824044 未中奖
2026/05/28 23:06:28.824044 未中奖
2026/05/28 23:06:28.824044 未中奖
2026/05/28 23:06:28.824044 奖品已发完
2026/05/28 23:06:28.824044 未中奖
2026/05/28 23:06:28.824044 未中奖
2026/05/28 23:06:28.824044 未中奖
2026/05/28 23:06:28.824044 未中奖
2026/05/28 23:06:28.824044 奖品已发完
2026/05/28 23:06:28.824044 未中奖
2026/05/28 23:06:28.824044 奖品已发完
2026/05/28 23:06:28.824044 未中奖
2026/05/28 23:06:28.824044 未中奖
2026/05/28 23:06:28.824044 未中奖
2026/05/28 23:06:28.824044 未中奖
2026/05/28 23:06:28.824044 未中奖
2026/05/28 23:06:28.824044 未中奖
2026/05/28 23:06:28.824044 未中奖
2026/05/28 23:06:28.824044 未中奖
2026/05/28 23:06:28.824044 未中奖
2026/05/28 23:06:28.824044 未中奖
2026/05/28 23:06:28.824044 奖品已发完
2026/05/28 23:06:28.824044 未中奖
2026/05/28 23:06:28.824044 奖品已发完
2026/05/28 23:06:28.824044 未中奖
2026/05/28 23:06:28.824044 未中奖
2026/05/28 23:06:28.824044 未中奖
2026/05/28 23:06:28.824044 未中奖
2026/05/28 23:06:28.824044 未中奖
2026/05/28 23:06:28.824044 未中奖
2026/05/28 23:06:28.824044 奖品已发完
2026/05/28 23:06:28.824044 奖品已发完
2026/05/28 23:06:28.824044 未中奖
2026/05/28 23:06:28.824044 未中奖
2026/05/28 23:06:28.824044 未中奖
2026/05/28 23:06:28.824044 未中奖
2026/05/28 23:06:28.824044 未中奖
2026/05/28 23:06:28.824044 未中奖
2026/05/28 23:06:28.824044 未中奖
2026/05/28 23:06:28.824044 奖品已发完
2026/05/28 23:06:28.824044 未中奖
2026/05/28 23:06:28.824044 未中奖
2026/05/28 23:06:28.824044 未中奖
2026/05/28 23:06:28.825048 未中奖
2026/05/28 23:06:28.824044 未中奖
2026/05/28 23:06:28.824044 未中奖
2026/05/28 23:06:28.824044 未中奖
2026/05/28 23:06:28.825048 未中奖
2026/05/28 23:06:28.825048 未中奖
2026/05/28 23:06:28.825048 未中奖
2026/05/28 23:06:28.825048 未中奖
2026/05/28 23:06:28.825048 未中奖
2026/05/28 23:06:28.825048 奖品已发完
2026/05/28 23:06:28.825048 未中奖
2026/05/28 23:06:28.825048 未中奖
2026/05/28 23:06:28.825048 未中奖
2026/05/28 23:06:28.825048 未中奖
2026/05/28 23:06:28.825048 未中奖
2026/05/28 23:06:28.825048 未中奖
2026/05/28 23:06:28.825048 未中奖
2026/05/28 23:06:28.825048 未中奖
2026/05/28 23:06:28.825048 未中奖
2026/05/28 23:06:28.825048 未中奖
2026/05/28 23:06:28.825048 未中奖
2026/05/28 23:06:28.825048 未中奖
2026/05/28 23:06:28.825048 未中奖
2026/05/28 23:06:28.825048 未中奖
2026/05/28 23:06:28.825048 未中奖
2026/05/28 23:06:28.825048 未中奖
2026/05/28 23:06:28.825048 未中奖
2026/05/28 23:06:28.825048 奖品已发完
2026/05/28 23:06:28.825048 未中奖
2026/05/28 23:06:28.825048 未中奖
2026/05/28 23:06:28.825048 未中奖
2026/05/28 23:06:28.825048 未中奖
2026/05/28 23:06:28.825048 未中奖
2026/05/28 23:06:28.825048 未中奖
2026/05/28 23:06:28.825048 未中奖
2026/05/28 23:06:28.825048 未中奖
2026/05/28 23:06:28.825048 未中奖
2026/05/28 23:06:28.825048 未中奖
2026/05/28 23:06:28.825048 未中奖
2026/05/28 23:06:28.825048 未中奖
2026/05/28 23:06:28.825048 未中奖
2026/05/28 23:06:28.825048 未中奖
2026/05/28 23:06:28.825048 未中奖
2026/05/28 23:06:28.825048 未中奖
2026/05/28 23:06:28.825048 未中奖
2026/05/28 23:06:28.825048 未中奖
2026/05/28 23:06:28.825048 未中奖
2026/05/28 23:06:28.825048 未中奖
2026/05/28 23:06:28.825048 未中奖
2026/05/28 23:06:28.825048 未中奖
2026/05/28 23:06:28.825048 未中奖
2026/05/28 23:06:28.825048 未中奖
2026/05/28 23:06:28.825048 未中奖
2026/05/28 23:06:28.825048 奖品已发完
2026/05/28 23:06:28.825048 未中奖
2026/05/28 23:06:28.825048 未中奖
2026/05/28 23:06:28.825048 未中奖
2026/05/28 23:06:28.825048 未中奖
2026/05/28 23:06:28.825048 奖品已发完
2026/05/28 23:06:28.825048 未中奖
2026/05/28 23:06:28.825048 未中奖
2026/05/28 23:06:28.825048 未中奖
2026/05/28 23:06:28.825048 未中奖
2026/05/28 23:06:28.825048 未中奖
2026/05/28 23:06:28.825048 未中奖
2026/05/28 23:06:28.825048 未中奖
2026/05/28 23:06:28.825048 未中奖
2026/05/28 23:06:28.825048 未中奖
2026/05/28 23:06:28.825048 未中奖
2026/05/28 23:06:28.825048 未中奖
2026/05/28 23:06:28.825048 未中奖
2026/05/28 23:06:28.825048 未中奖
2026/05/28 23:06:28.826087 未中奖
2026/05/28 23:06:28.826087 奖品已发完
2026/05/28 23:06:28.825048 未中奖
2026/05/28 23:06:28.826087 未中奖
2026/05/28 23:06:28.826087 奖品已发完
2026/05/28 23:06:28.826087 奖品已发完
2026/05/28 23:06:28.826087 未中奖
2026/05/28 23:06:28.826087 未中奖
2026/05/28 23:06:28.826087 未中奖
2026/05/28 23:06:28.825048 未中奖
2026/05/28 23:06:28.825048 未中奖
2026/05/28 23:06:28.825048 未中奖
2026/05/28 23:06:28.826087 未中奖
2026/05/28 23:06:28.826087 未中奖
2026/05/28 23:06:28.826087 未中奖
2026/05/28 23:06:28.826087 未中奖
2026/05/28 23:06:28.826087 奖品已发完
2026/05/28 23:06:28.826087 未中奖
2026/05/28 23:06:28.826087 未中奖
2026/05/28 23:06:28.826087 未中奖
2026/05/28 23:06:28.826087 未中奖
2026/05/28 23:06:28.826087 奖品已发完
2026/05/28 23:06:28.826087 未中奖
2026/05/28 23:06:28.826087 未中奖
2026/05/28 23:06:28.826087 未中奖
2026/05/28 23:06:28.826087 未中奖
2026/05/28 23:06:28.826087 未中奖
2026/05/28 23:06:28.826087 奖品已发完
2026/05/28 23:06:28.826087 未中奖
2026/05/28 23:06:28.826087 未中奖
2026/05/28 23:06:28.826087 未中奖
2026/05/28 23:06:28.826087 未中奖
2026/05/28 23:06:28.826087 奖品已发完
2026/05/28 23:06:28.826087 未中奖
2026/05/28 23:06:28.826087 未中奖
2026/05/28 23:06:28.826087 未中奖
2026/05/28 23:06:28.826087 未中奖
2026/05/28 23:06:28.826087 未中奖
2026/05/28 23:06:28.826087 奖品已发完
2026/05/28 23:06:28.826087 奖品已发完
2026/05/28 23:06:28.826087 未中奖
2026/05/28 23:06:28.826087 未中奖
2026/05/28 23:06:28.826087 未中奖
2026/05/28 23:06:28.826087 未中奖
2026/05/28 23:06:28.826087 未中奖
2026/05/28 23:06:28.826087 奖品已发完
2026/05/28 23:06:28.826087 未中奖
2026/05/28 23:06:28.826087 未中奖
2026/05/28 23:06:28.826087 未中奖
2026/05/28 23:06:28.826087 未中奖
2026/05/28 23:06:28.826087 未中奖
2026/05/28 23:06:28.826087 未中奖
2026/05/28 23:06:28.826087 未中奖
2026/05/28 23:06:28.826087 未中奖
2026/05/28 23:06:28.827104 未中奖
2026/05/28 23:06:28.827104 未中奖
2026/05/28 23:06:28.827104 未中奖
2026/05/28 23:06:28.827104 未中奖
2026/05/28 23:06:28.827104 未中奖
2026/05/28 23:06:28.827104 未中奖
2026/05/28 23:06:28.827104 未中奖
2026/05/28 23:06:28.827104 未中奖
2026/05/28 23:06:28.827104 未中奖
2026/05/28 23:06:28.827104 奖品已发完
2026/05/28 23:06:28.827104 未中奖
2026/05/28 23:06:28.827104 未中奖
2026/05/28 23:06:28.827104 未中奖
2026/05/28 23:06:28.827104 奖品已发完
2026/05/28 23:06:28.827104 未中奖
2026/05/28 23:06:28.827104 未中奖
2026/05/28 23:06:28.827104 未中奖
2026/05/28 23:06:28.827104 奖品已发完
2026/05/28 23:06:28.827104 未中奖
2026/05/28 23:06:28.827104 未中奖
2026/05/28 23:06:28.827104 未中奖
2026/05/28 23:06:28.827104 未中奖
2026/05/28 23:06:28.827104 未中奖
2026/05/28 23:06:28.827104 未中奖
2026/05/28 23:06:28.827104 奖品已发完
2026/05/28 23:06:28.827104 未中奖
2026/05/28 23:06:28.827104 未中奖
2026/05/28 23:06:28.827104 未中奖
2026/05/28 23:06:28.827104 未中奖
2026/05/28 23:06:28.827104 未中奖
2026/05/28 23:06:28.827104 奖品已发完
2026/05/28 23:06:28.827104 未中奖
2026/05/28 23:06:28.827104 未中奖
2026/05/28 23:06:28.827104 未中奖
2026/05/28 23:06:28.827104 未中奖
2026/05/28 23:06:28.827104 未中奖
2026/05/28 23:06:28.827104 未中奖
2026/05/28 23:06:28.827104 未中奖
2026/05/28 23:06:28.827104 未中奖
2026/05/28 23:06:28.827104 未中奖
2026/05/28 23:06:28.827104 未中奖
2026/05/28 23:06:28.827104 奖品已发完
2026/05/28 23:06:28.827104 未中奖
2026/05/28 23:06:28.827104 未中奖
2026/05/28 23:06:28.827104 未中奖
2026/05/28 23:06:28.827104 未中奖
2026/05/28 23:06:28.828110 未中奖
2026/05/28 23:06:28.828110 未中奖
2026/05/28 23:06:28.828110 未中奖
2026/05/28 23:06:28.828110 未中奖
2026/05/28 23:06:28.828110 未中奖
2026/05/28 23:06:28.828110 未中奖
2026/05/28 23:06:28.828110 未中奖
2026/05/28 23:06:28.828110 未中奖
2026/05/28 23:06:28.828110 未中奖
2026/05/28 23:06:28.828110 奖品已发完
2026/05/28 23:06:28.828110 未中奖
2026/05/28 23:06:28.828110 未中奖
2026/05/28 23:06:28.828110 奖品已发完
2026/05/28 23:06:28.828110 未中奖
2026/05/28 23:06:28.828110 未中奖
2026/05/28 23:06:28.828110 未中奖
2026/05/28 23:06:28.828110 未中奖
2026/05/28 23:06:28.828110 未中奖
2026/05/28 23:06:28.828110 未中奖
2026/05/28 23:06:28.828110 未中奖
2026/05/28 23:06:28.828110 未中奖
2026/05/28 23:06:28.828614 未中奖
2026/05/28 23:06:28.828110 未中奖
2026/05/28 23:06:28.828614 未中奖
2026/05/28 23:06:28.828110 未中奖
2026/05/28 23:06:28.828110 未中奖
2026/05/28 23:06:28.828614 未中奖
2026/05/28 23:06:28.828614 未中奖
2026/05/28 23:06:28.828614 未中奖
2026/05/28 23:06:28.828614 未中奖
2026/05/28 23:06:28.828614 未中奖
2026/05/28 23:06:28.828614 未中奖
2026/05/28 23:06:28.828614 未中奖
2026/05/28 23:06:28.828614 奖品已发完
2026/05/28 23:06:28.828614 未中奖
2026/05/28 23:06:28.828614 未中奖
2026/05/28 23:06:28.828614 未中奖
2026/05/28 23:06:28.828614 未中奖
2026/05/28 23:06:28.828614 未中奖
2026/05/28 23:06:28.828614 未中奖
2026/05/28 23:06:28.828614 未中奖
2026/05/28 23:06:28.828614 未中奖
2026/05/28 23:06:28.828614 未中奖
2026/05/28 23:06:28.828614 奖品已发完
2026/05/28 23:06:28.828614 奖品已发完
2026/05/28 23:06:28.828614 未中奖
2026/05/28 23:06:28.828614 未中奖
2026/05/28 23:06:28.828614 未中奖
2026/05/28 23:06:28.828614 未中奖
2026/05/28 23:06:28.828614 未中奖
2026/05/28 23:06:28.828614 未中奖
2026/05/28 23:06:28.828614 未中奖
2026/05/28 23:06:28.828614 奖品已发完
2026/05/28 23:06:28.828614 未中奖
2026/05/28 23:06:28.828614 未中奖
2026/05/28 23:06:28.828614 未中奖
2026/05/28 23:06:28.828614 未中奖
2026/05/28 23:06:28.828614 未中奖
2026/05/28 23:06:28.828614 未中奖
2026/05/28 23:06:28.828614 未中奖
2026/05/28 23:06:28.828614 未中奖
2026/05/28 23:06:28.828614 未中奖
2026/05/28 23:06:28.828614 未中奖
2026/05/28 23:06:28.828614 未中奖
2026/05/28 23:06:28.828614 未中奖
2026/05/28 23:06:28.828614 奖品已发完
2026/05/28 23:06:28.828614 奖品已发完
2026/05/28 23:06:28.828614 未中奖
2026/05/28 23:06:28.828614 未中奖
2026/05/28 23:06:28.828614 未中奖
2026/05/28 23:06:28.828614 奖品已发完
2026/05/28 23:06:28.828614 未中奖
2026/05/28 23:06:28.828614 未中奖
2026/05/28 23:06:28.828614 奖品已发完
2026/05/28 23:06:28.828614 奖品已发完
2026/05/28 23:06:28.828614 未中奖
2026/05/28 23:06:28.828614 未中奖
2026/05/28 23:06:28.828614 未中奖
2026/05/28 23:06:28.828614 未中奖
2026/05/28 23:06:28.828614 未中奖
2026/05/28 23:06:28.828614 未中奖
2026/05/28 23:06:28.828614 未中奖
2026/05/28 23:06:28.828614 未中奖
2026/05/28 23:06:28.828614 未中奖
2026/05/28 23:06:28.828614 未中奖
2026/05/28 23:06:28.828614 未中奖
2026/05/28 23:06:28.828614 未中奖
2026/05/28 23:06:28.828614 未中奖
2026/05/28 23:06:28.828614 未中奖
2026/05/28 23:06:28.828614 未中奖
2026/05/28 23:06:28.828614 未中奖
2026/05/28 23:06:28.828614 未中奖
2026/05/28 23:06:28.828614 奖品已发完
2026/05/28 23:06:28.828614 未中奖
2026/05/28 23:06:28.828614 未中奖
2026/05/28 23:06:28.828614 奖品已发完
2026/05/28 23:06:28.828614 未中奖
2026/05/28 23:06:28.828614 未中奖
2026/05/28 23:06:28.828614 未中奖
2026/05/28 23:06:28.828614 未中奖
2026/05/28 23:06:28.828614 未中奖
2026/05/28 23:06:28.828614 未中奖
2026/05/28 23:06:28.828614 未中奖
2026/05/28 23:06:28.828614 奖品已发完
2026/05/28 23:06:28.828614 未中奖
2026/05/28 23:06:28.828614 未中奖
2026/05/28 23:06:28.828614 未中奖
2026/05/28 23:06:28.828614 未中奖
2026/05/28 23:06:28.828614 未中奖
2026/05/28 23:06:28.828614 未中奖
2026/05/28 23:06:28.828614 奖品已发完
2026/05/28 23:06:28.828614 奖品已发完
2026/05/28 23:06:28.828614 未中奖
2026/05/28 23:06:28.828614 未中奖
2026/05/28 23:06:28.828614 未中奖
2026/05/28 23:06:28.828614 奖品已发完
2026/05/28 23:06:28.828614 未中奖
2026/05/28 23:06:28.828614 未中奖
2026/05/28 23:06:28.828614 未中奖
2026/05/28 23:06:28.828614 未中奖
2026/05/28 23:06:28.828614 未中奖
2026/05/28 23:06:28.829819 未中奖
2026/05/28 23:06:28.829819 未中奖
2026/05/28 23:06:28.828614 奖品已发完
2026/05/28 23:06:28.828614 奖品已发完
2026/05/28 23:06:28.828614 未中奖
2026/05/28 23:06:28.829819 奖品已发完
2026/05/28 23:06:28.829819 未中奖
2026/05/28 23:06:28.829819 未中奖
2026/05/28 23:06:28.829819 未中奖
2026/05/28 23:06:28.829819 奖品已发完
2026/05/28 23:06:28.829819 未中奖
2026/05/28 23:06:28.829819 未中奖
2026/05/28 23:06:28.829819 未中奖
2026/05/28 23:06:28.829819 未中奖
2026/05/28 23:06:28.829819 奖品已发完
2026/05/28 23:06:28.829819 未中奖
2026/05/28 23:06:28.829819 奖品已发完
2026/05/28 23:06:28.829819 未中奖
2026/05/28 23:06:28.829819 未中奖
2026/05/28 23:06:28.829819 未中奖
2026/05/28 23:06:28.829819 未中奖
2026/05/28 23:06:28.829819 未中奖
2026/05/28 23:06:28.829819 未中奖
2026/05/28 23:06:28.829819 未中奖
2026/05/28 23:06:28.829819 未中奖
2026/05/28 23:06:28.829819 未中奖
2026/05/28 23:06:28.829819 未中奖
2026/05/28 23:06:28.829819 未中奖
2026/05/28 23:06:28.829819 未中奖
2026/05/28 23:06:28.829819 未中奖
2026/05/28 23:06:28.829819 奖品已发完
2026/05/28 23:06:28.829819 未中奖
2026/05/28 23:06:28.829819 未中奖
2026/05/28 23:06:28.829819 未中奖
2026/05/28 23:06:28.829819 奖品已发完
2026/05/28 23:06:28.829819 未中奖
2026/05/28 23:06:28.829819 未中奖
2026/05/28 23:06:28.829819 未中奖
2026/05/28 23:06:28.829819 未中奖
2026/05/28 23:06:28.829819 未中奖
2026/05/28 23:06:28.829819 未中奖
2026/05/28 23:06:28.829819 未中奖
2026/05/28 23:06:28.829819 未中奖
2026/05/28 23:06:28.829819 未中奖
2026/05/28 23:06:28.829819 未中奖
2026/05/28 23:06:28.829819 未中奖
2026/05/28 23:06:28.829819 未中奖
2026/05/28 23:06:28.829819 奖品已发完
2026/05/28 23:06:28.829819 未中奖
2026/05/28 23:06:28.829819 未中奖
2026/05/28 23:06:28.829819 未中奖
2026/05/28 23:06:28.829819 未中奖
2026/05/28 23:06:28.829819 未中奖
2026/05/28 23:06:28.829819 未中奖
2026/05/28 23:06:28.829819 未中奖
2026/05/28 23:06:28.829819 未中奖
2026/05/28 23:06:28.829819 未中奖
2026/05/28 23:06:28.829819 未中奖
2026/05/28 23:06:28.829819 未中奖
2026/05/28 23:06:28.829819 未中奖
2026/05/28 23:06:28.829819 未中奖
2026/05/28 23:06:28.829819 未中奖
2026/05/28 23:06:28.829819 未中奖
2026/05/28 23:06:28.829819 未中奖
2026/05/28 23:06:28.829819 未中奖
2026/05/28 23:06:28.829819 奖品已发完
2026/05/28 23:06:28.829819 未中奖
2026/05/28 23:06:28.829819 未中奖
2026/05/28 23:06:28.829819 奖品已发完
2026/05/28 23:06:28.830826 未中奖
2026/05/28 23:06:28.829819 未中奖
2026/05/28 23:06:28.829819 未中奖
2026/05/28 23:06:28.829819 未中奖
2026/05/28 23:06:28.830826 未中奖
2026/05/28 23:06:28.830826 奖品已发完
2026/05/28 23:06:28.830826 未中奖
2026/05/28 23:06:28.830826 奖品已发完
2026/05/28 23:06:28.830826 未中奖
2026/05/28 23:06:28.830826 未中奖
2026/05/28 23:06:28.830826 未中奖
2026/05/28 23:06:28.830826 奖品已发完
2026/05/28 23:06:28.830826 未中奖
2026/05/28 23:06:28.830826 未中奖
2026/05/28 23:06:28.830826 未中奖
2026/05/28 23:06:28.830826 未中奖
2026/05/28 23:06:28.830826 未中奖
2026/05/28 23:06:28.830826 未中奖
2026/05/28 23:06:28.830826 未中奖
2026/05/28 23:06:28.830826 未中奖
2026/05/28 23:06:28.830826 未中奖
2026/05/28 23:06:28.830826 未中奖
2026/05/28 23:06:28.830826 未中奖
2026/05/28 23:06:28.830826 未中奖
2026/05/28 23:06:28.830826 奖品已发完
2026/05/28 23:06:28.830826 奖品已发完
2026/05/28 23:06:28.830826 奖品已发完
2026/05/28 23:06:28.830826 未中奖
2026/05/28 23:06:28.830826 未中奖
2026/05/28 23:06:28.830826 未中奖
2026/05/28 23:06:28.830826 未中奖
2026/05/28 23:06:28.830826 未中奖
2026/05/28 23:06:28.830826 未中奖
2026/05/28 23:06:28.830826 未中奖
2026/05/28 23:06:28.830826 未中奖
2026/05/28 23:06:28.830826 未中奖
2026/05/28 23:06:28.830826 未中奖
2026/05/28 23:06:28.830826 未中奖
2026/05/28 23:06:28.830826 未中奖
2026/05/28 23:06:28.830826 未中奖
2026/05/28 23:06:28.830826 未中奖
2026/05/28 23:06:28.830826 未中奖
2026/05/28 23:06:28.830826 未中奖
2026/05/28 23:06:28.830826 奖品已发完
2026/05/28 23:06:28.830826 未中奖
2026/05/28 23:06:28.830826 未中奖
2026/05/28 23:06:28.830826 未中奖
2026/05/28 23:06:28.830826 奖品已发完
2026/05/28 23:06:28.830826 未中奖
2026/05/28 23:06:28.830826 未中奖
2026/05/28 23:06:28.830826 未中奖
2026/05/28 23:06:28.830826 未中奖
2026/05/28 23:06:28.830826 未中奖
2026/05/28 23:06:28.830826 未中奖
2026/05/28 23:06:28.830826 未中奖
2026/05/28 23:06:28.830826 未中奖
2026/05/28 23:06:28.830826 未中奖
2026/05/28 23:06:28.830826 未中奖
2026/05/28 23:06:28.830826 未中奖
2026/05/28 23:06:28.830826 未中奖
2026/05/28 23:06:28.830826 未中奖
2026/05/28 23:06:28.830826 未中奖
2026/05/28 23:06:28.830826 奖品已发完
2026/05/28 23:06:28.830826 奖品已发完
2026/05/28 23:06:28.830826 未中奖
2026/05/28 23:06:28.830826 未中奖
2026/05/28 23:06:28.830826 未中奖
2026/05/28 23:06:28.830826 奖品已发完
2026/05/28 23:06:28.830826 奖品已发完
2026/05/28 23:06:28.830826 未中奖
2026/05/28 23:06:28.830826 未中奖
2026/05/28 23:06:28.830826 未中奖
2026/05/28 23:06:28.830826 奖品已发完
2026/05/28 23:06:28.830826 未中奖
2026/05/28 23:06:28.830826 未中奖
2026/05/28 23:06:28.830826 未中奖
2026/05/28 23:06:28.830826 未中奖
2026/05/28 23:06:28.830826 未中奖
2026/05/28 23:06:28.830826 未中奖
2026/05/28 23:06:28.830826 未中奖
2026/05/28 23:06:28.830826 未中奖
2026/05/28 23:06:28.830826 未中奖
2026/05/28 23:06:28.831825 未中奖
2026/05/28 23:06:28.830826 未中奖
2026/05/28 23:06:28.831825 未中奖
2026/05/28 23:06:28.831825 未中奖
2026/05/28 23:06:28.831825 未中奖
2026/05/28 23:06:28.831825 未中奖
2026/05/28 23:06:28.831825 未中奖
2026/05/28 23:06:28.831825 未中奖
2026/05/28 23:06:28.831825 未中奖
2026/05/28 23:06:28.830826 未中奖
2026/05/28 23:06:28.831825 未中奖
2026/05/28 23:06:28.831825 未中奖
2026/05/28 23:06:28.831825 未中奖
2026/05/28 23:06:28.831825 未中奖
2026/05/28 23:06:28.831825 未中奖
2026/05/28 23:06:28.831825 未中奖
2026/05/28 23:06:28.831825 未中奖
2026/05/28 23:06:28.831825 未中奖
2026/05/28 23:06:28.831825 未中奖
2026/05/28 23:06:28.831825 未中奖
2026/05/28 23:06:28.831825 未中奖
2026/05/28 23:06:28.831825 未中奖
2026/05/28 23:06:28.831825 未中奖
2026/05/28 23:06:28.831825 未中奖
2026/05/28 23:06:28.831825 未中奖
2026/05/28 23:06:28.831825 未中奖
2026/05/28 23:06:28.831825 奖品已发完
2026/05/28 23:06:28.831825 未中奖
2026/05/28 23:06:28.831825 未中奖
2026/05/28 23:06:28.831825 奖品已发完
2026/05/28 23:06:28.831825 未中奖
2026/05/28 23:06:28.831825 奖品已发完
2026/05/28 23:06:28.831825 未中奖
2026/05/28 23:06:28.831825 未中奖
2026/05/28 23:06:28.831825 未中奖
2026/05/28 23:06:28.831825 未中奖
2026/05/28 23:06:28.831825 未中奖
2026/05/28 23:06:28.831825 奖品已发完
2026/05/28 23:06:28.831825 未中奖
2026/05/28 23:06:28.831825 奖品已发完
2026/05/28 23:06:28.831825 未中奖
2026/05/28 23:06:28.831825 未中奖
2026/05/28 23:06:28.831825 未中奖
2026/05/28 23:06:28.831825 未中奖
2026/05/28 23:06:28.831825 奖品已发完
2026/05/28 23:06:28.831825 未中奖
2026/05/28 23:06:28.832330 未中奖
2026/05/28 23:06:28.832330 未中奖
2026/05/28 23:06:28.831825 未中奖
2026/05/28 23:06:28.832330 未中奖
2026/05/28 23:06:28.832330 未中奖
2026/05/28 23:06:28.832330 未中奖
2026/05/28 23:06:28.832330 未中奖
2026/05/28 23:06:28.832330 未中奖
2026/05/28 23:06:28.832330 未中奖
2026/05/28 23:06:28.832330 未中奖
2026/05/28 23:06:28.832330 未中奖
2026/05/28 23:06:28.831825 奖品已发完
2026/05/28 23:06:28.832330 未中奖
2026/05/28 23:06:28.831825 未中奖
2026/05/28 23:06:28.832330 未中奖
2026/05/28 23:06:28.832330 未中奖
2026/05/28 23:06:28.832330 未中奖
2026/05/28 23:06:28.832330 未中奖
2026/05/28 23:06:28.832330 未中奖
2026/05/28 23:06:28.832330 未中奖
2026/05/28 23:06:28.832330 未中奖
2026/05/28 23:06:28.832330 奖品已发完
2026/05/28 23:06:28.832330 未中奖
2026/05/28 23:06:28.832330 未中奖
2026/05/28 23:06:28.832330 未中奖
2026/05/28 23:06:28.832330 未中奖
2026/05/28 23:06:28.832330 未中奖
2026/05/28 23:06:28.832330 未中奖
2026/05/28 23:06:28.832330 未中奖
2026/05/28 23:06:28.832330 未中奖
2026/05/28 23:06:28.832330 未中奖
2026/05/28 23:06:28.832330 未中奖
2026/05/28 23:06:28.832330 未中奖
2026/05/28 23:06:28.832330 未中奖
2026/05/28 23:06:28.832330 未中奖
2026/05/28 23:06:28.832330 奖品已发完
2026/05/28 23:06:28.832330 奖品已发完
2026/05/28 23:06:28.832330 未中奖
2026/05/28 23:06:28.832330 未中奖
2026/05/28 23:06:28.832330 奖品已发完
2026/05/28 23:06:28.832330 未中奖
2026/05/28 23:06:28.832330 奖品已发完
2026/05/28 23:06:28.832330 未中奖
2026/05/28 23:06:28.832330 未中奖
2026/05/28 23:06:28.832330 未中奖
2026/05/28 23:06:28.832330 未中奖
2026/05/28 23:06:28.832330 未中奖
2026/05/28 23:06:28.832330 奖品已发完
2026/05/28 23:06:28.832330 未中奖
2026/05/28 23:06:28.832330 未中奖
2026/05/28 23:06:28.832330 未中奖
2026/05/28 23:06:28.832330 未中奖
2026/05/28 23:06:28.832965 未中奖
2026/05/28 23:06:28.832330 未中奖
2026/05/28 23:06:28.832330 奖品已发完
2026/05/28 23:06:28.832965 未中奖
2026/05/28 23:06:28.832965 未中奖
2026/05/28 23:06:28.832965 未中奖
2026/05/28 23:06:28.832965 未中奖
2026/05/28 23:06:28.832965 未中奖
2026/05/28 23:06:28.832965 未中奖
2026/05/28 23:06:28.832965 未中奖
2026/05/28 23:06:28.832965 未中奖
2026/05/28 23:06:28.832965 未中奖
2026/05/28 23:06:28.832965 未中奖
2026/05/28 23:06:28.832965 未中奖
2026/05/28 23:06:28.832965 未中奖
2026/05/28 23:06:28.832965 未中奖
2026/05/28 23:06:28.832965 未中奖
2026/05/28 23:06:28.832965 未中奖
2026/05/28 23:06:28.832965 未中奖
2026/05/28 23:06:28.832965 未中奖
2026/05/28 23:06:28.832965 未中奖
2026/05/28 23:06:28.832965 未中奖
2026/05/28 23:06:28.832965 未中奖
2026/05/28 23:06:28.832965 未中奖
2026/05/28 23:06:28.832965 未中奖
2026/05/28 23:06:28.832965 未中奖
2026/05/28 23:06:28.832965 未中奖
2026/05/28 23:06:28.832965 未中奖
2026/05/28 23:06:28.832965 未中奖
2026/05/28 23:06:28.832965 未中奖
2026/05/28 23:06:28.832965 未中奖
2026/05/28 23:06:28.832965 未中奖
2026/05/28 23:06:28.832965 奖品已发完
2026/05/28 23:06:28.832965 未中奖
2026/05/28 23:06:28.832965 未中奖
2026/05/28 23:06:28.832965 未中奖
2026/05/28 23:06:28.832965 奖品已发完
2026/05/28 23:06:28.832965 奖品已发完
2026/05/28 23:06:28.832965 未中奖
2026/05/28 23:06:28.832965 未中奖
2026/05/28 23:06:28.832965 未中奖
2026/05/28 23:06:28.832965 未中奖
2026/05/28 23:06:28.832965 未中奖
2026/05/28 23:06:28.832965 未中奖
2026/05/28 23:06:28.832965 未中奖
2026/05/28 23:06:28.832965 未中奖
2026/05/28 23:06:28.832965 未中奖
2026/05/28 23:06:28.832965 未中奖
2026/05/28 23:06:28.832965 未中奖
2026/05/28 23:06:28.832965 未中奖
2026/05/28 23:06:28.832965 未中奖
2026/05/28 23:06:28.832965 未中奖
2026/05/28 23:06:28.832965 未中奖
2026/05/28 23:06:28.832965 未中奖
2026/05/28 23:06:28.832965 未中奖
2026/05/28 23:06:28.832965 未中奖
2026/05/28 23:06:28.832965 未中奖
2026/05/28 23:06:28.832965 未中奖
2026/05/28 23:06:28.832965 未中奖
2026/05/28 23:06:28.832965 奖品已发完
2026/05/28 23:06:28.832965 未中奖
2026/05/28 23:06:28.832965 未中奖
2026/05/28 23:06:28.832965 未中奖
2026/05/28 23:06:28.832965 未中奖
2026/05/28 23:06:28.832965 未中奖
2026/05/28 23:06:28.832965 未中奖
2026/05/28 23:06:28.832965 未中奖
2026/05/28 23:06:28.832965 未中奖
2026/05/28 23:06:28.832965 未中奖
2026/05/28 23:06:28.832965 未中奖
2026/05/28 23:06:28.832965 未中奖
2026/05/28 23:06:28.832965 奖品已发完
2026/05/28 23:06:28.832965 奖品已发完
2026/05/28 23:06:28.832965 未中奖
2026/05/28 23:06:28.834008 未中奖
2026/05/28 23:06:28.834008 未中奖
2026/05/28 23:06:28.832965 未中奖
2026/05/28 23:06:28.832965 未中奖
2026/05/28 23:06:28.832965 未中奖
2026/05/28 23:06:28.834008 未中奖
2026/05/28 23:06:28.834008 未中奖
2026/05/28 23:06:28.834008 未中奖
2026/05/28 23:06:28.834008 奖品已发完
2026/05/28 23:06:28.834008 未中奖
2026/05/28 23:06:28.834008 未中奖
2026/05/28 23:06:28.834008 未中奖
2026/05/28 23:06:28.834008 未中奖
2026/05/28 23:06:28.834008 奖品已发完
2026/05/28 23:06:28.834008 未中奖
2026/05/28 23:06:28.834008 未中奖
2026/05/28 23:06:28.834008 奖品已发完
2026/05/28 23:06:28.834008 奖品已发完
2026/05/28 23:06:28.834008 未中奖
2026/05/28 23:06:28.834008 未中奖
2026/05/28 23:06:28.834008 未中奖
2026/05/28 23:06:28.834008 未中奖
2026/05/28 23:06:28.834008 未中奖
2026/05/28 23:06:28.834008 未中奖
2026/05/28 23:06:28.834008 未中奖
2026/05/28 23:06:28.834008 未中奖
2026/05/28 23:06:28.834008 未中奖
2026/05/28 23:06:28.834008 未中奖
2026/05/28 23:06:28.834008 未中奖
2026/05/28 23:06:28.834008 未中奖
2026/05/28 23:06:28.834008 未中奖
2026/05/28 23:06:28.834008 未中奖
2026/05/28 23:06:28.834008 未中奖
2026/05/28 23:06:28.834008 未中奖
2026/05/28 23:06:28.834008 未中奖
2026/05/28 23:06:28.834008 未中奖
2026/05/28 23:06:28.834008 未中奖
2026/05/28 23:06:28.834008 未中奖
2026/05/28 23:06:28.834008 未中奖
2026/05/28 23:06:28.834008 未中奖
2026/05/28 23:06:28.834008 未中奖
2026/05/28 23:06:28.834008 未中奖
2026/05/28 23:06:28.834008 未中奖
2026/05/28 23:06:28.834008 奖品已发完
2026/05/28 23:06:28.834008 未中奖
2026/05/28 23:06:28.834008 未中奖
2026/05/28 23:06:28.834008 未中奖
2026/05/28 23:06:28.834008 未中奖
2026/05/28 23:06:28.834008 未中奖
2026/05/28 23:06:28.834008 奖品已发完
2026/05/28 23:06:28.834008 未中奖
2026/05/28 23:06:28.834008 未中奖
2026/05/28 23:06:28.834008 奖品已发完
2026/05/28 23:06:28.834008 未中奖
2026/05/28 23:06:28.834008 未中奖
2026/05/28 23:06:28.834008 奖品已发完
2026/05/28 23:06:28.834008 未中奖
2026/05/28 23:06:28.834008 未中奖
2026/05/28 23:06:28.834008 未中奖
2026/05/28 23:06:28.834008 未中奖
2026/05/28 23:06:28.834008 未中奖
2026/05/28 23:06:28.834008 未中奖
2026/05/28 23:06:28.834008 未中奖
2026/05/28 23:06:28.834008 奖品已发完
2026/05/28 23:06:28.834008 未中奖
2026/05/28 23:06:28.834008 未中奖
2026/05/28 23:06:28.834008 未中奖
2026/05/28 23:06:28.834008 未中奖
2026/05/28 23:06:28.834008 未中奖
2026/05/28 23:06:28.834008 未中奖
2026/05/28 23:06:28.834008 未中奖
2026/05/28 23:06:28.834008 未中奖
2026/05/28 23:06:28.834008 未中奖
2026/05/28 23:06:28.834008 未中奖
2026/05/28 23:06:28.835014 未中奖
2026/05/28 23:06:28.835014 未中奖
2026/05/28 23:06:28.834008 未中奖
2026/05/28 23:06:28.835014 未中奖
2026/05/28 23:06:28.835014 未中奖
2026/05/28 23:06:28.835014 未中奖
2026/05/28 23:06:28.835014 未中奖
2026/05/28 23:06:28.835014 奖品已发完
2026/05/28 23:06:28.835014 未中奖
2026/05/28 23:06:28.835014 未中奖
2026/05/28 23:06:28.835014 未中奖
2026/05/28 23:06:28.835014 未中奖
2026/05/28 23:06:28.835014 奖品已发完
2026/05/28 23:06:28.835014 未中奖
2026/05/28 23:06:28.835014 未中奖
2026/05/28 23:06:28.835014 未中奖
2026/05/28 23:06:28.835014 未中奖
2026/05/28 23:06:28.835014 奖品已发完
2026/05/28 23:06:28.834008 奖品已发完
2026/05/28 23:06:28.835014 未中奖
2026/05/28 23:06:28.835014 奖品已发完
2026/05/28 23:06:28.835014 未中奖
2026/05/28 23:06:28.835014 未中奖
2026/05/28 23:06:28.835014 未中奖
2026/05/28 23:06:28.835014 未中奖
2026/05/28 23:06:28.835014 未中奖
2026/05/28 23:06:28.835014 未中奖
2026/05/28 23:06:28.835014 未中奖
2026/05/28 23:06:28.835014 奖品已发完
2026/05/28 23:06:28.835014 未中奖
2026/05/28 23:06:28.835014 未中奖
2026/05/28 23:06:28.835014 未中奖
2026/05/28 23:06:28.835014 奖品已发完
2026/05/28 23:06:28.835014 未中奖
2026/05/28 23:06:28.835014 未中奖
2026/05/28 23:06:28.835014 未中奖
2026/05/28 23:06:28.835014 未中奖
2026/05/28 23:06:28.835014 未中奖
2026/05/28 23:06:28.835014 奖品已发完
2026/05/28 23:06:28.835014 未中奖
2026/05/28 23:06:28.835014 奖品已发完
2026/05/28 23:06:28.835014 未中奖
2026/05/28 23:06:28.835014 未中奖
2026/05/28 23:06:28.834008 奖品已发完
2026/05/28 23:06:28.835014 未中奖
2026/05/28 23:06:28.835014 未中奖
2026/05/28 23:06:28.835014 未中奖
2026/05/28 23:06:28.835014 未中奖
2026/05/28 23:06:28.835014 未中奖
2026/05/28 23:06:28.835014 奖品已发完
2026/05/28 23:06:28.835014 未中奖
2026/05/28 23:06:28.835014 未中奖
2026/05/28 23:06:28.835014 未中奖
2026/05/28 23:06:28.835014 未中奖
2026/05/28 23:06:28.835014 未中奖
2026/05/28 23:06:28.835014 未中奖
2026/05/28 23:06:28.835014 未中奖
2026/05/28 23:06:28.835014 未中奖
2026/05/28 23:06:28.835014 未中奖
2026/05/28 23:06:28.835014 未中奖
2026/05/28 23:06:28.835014 奖品已发完
2026/05/28 23:06:28.835014 未中奖
2026/05/28 23:06:28.835014 未中奖
2026/05/28 23:06:28.835014 奖品已发完
2026/05/28 23:06:28.835014 未中奖
2026/05/28 23:06:28.835014 未中奖
2026/05/28 23:06:28.835014 未中奖
2026/05/28 23:06:28.835014 未中奖
2026/05/28 23:06:28.835014 未中奖
2026/05/28 23:06:28.835014 未中奖
2026/05/28 23:06:28.835014 未中奖
2026/05/28 23:06:28.835014 未中奖
2026/05/28 23:06:28.835014 未中奖
2026/05/28 23:06:28.835014 未中奖
2026/05/28 23:06:28.835014 未中奖
2026/05/28 23:06:28.835014 未中奖
2026/05/28 23:06:28.835014 未中奖
2026/05/28 23:06:28.835014 未中奖
2026/05/28 23:06:28.835014 未中奖
2026/05/28 23:06:28.835014 奖品已发完
2026/05/28 23:06:28.835014 未中奖
2026/05/28 23:06:28.835014 未中奖
2026/05/28 23:06:28.835014 未中奖
2026/05/28 23:06:28.835014 未中奖
2026/05/28 23:06:28.835014 未中奖
2026/05/28 23:06:28.835014 未中奖
2026/05/28 23:06:28.835014 未中奖
2026/05/28 23:06:28.835014 奖品已发完
2026/05/28 23:06:28.835014 未中奖
2026/05/28 23:06:28.835014 未中奖
2026/05/28 23:06:28.835014 未中奖
2026/05/28 23:06:28.835014 奖品已发完
2026/05/28 23:06:28.836073 未中奖
2026/05/28 23:06:28.836073 未中奖
2026/05/28 23:06:28.836073 未中奖
2026/05/28 23:06:28.835014 未中奖
2026/05/28 23:06:28.836073 未中奖
2026/05/28 23:06:28.836073 未中奖
2026/05/28 23:06:28.836073 未中奖
2026/05/28 23:06:28.836073 未中奖
2026/05/28 23:06:28.836073 奖品已发完
2026/05/28 23:06:28.836073 未中奖
2026/05/28 23:06:28.836073 未中奖
2026/05/28 23:06:28.836073 未中奖
2026/05/28 23:06:28.836073 未中奖
2026/05/28 23:06:28.836073 未中奖
2026/05/28 23:06:28.836073 未中奖
2026/05/28 23:06:28.836073 未中奖
2026/05/28 23:06:28.836073 奖品已发完
2026/05/28 23:06:28.836073 未中奖
2026/05/28 23:06:28.836073 未中奖
2026/05/28 23:06:28.836073 未中奖
2026/05/28 23:06:28.836073 未中奖
2026/05/28 23:06:28.836073 未中奖
2026/05/28 23:06:28.836073 未中奖
2026/05/28 23:06:28.836073 奖品已发完
2026/05/28 23:06:28.836073 未中奖
2026/05/28 23:06:28.836073 未中奖
2026/05/28 23:06:28.836073 未中奖
2026/05/28 23:06:28.836073 未中奖
2026/05/28 23:06:28.836073 未中奖
2026/05/28 23:06:28.836073 未中奖
2026/05/28 23:06:28.836073 未中奖
2026/05/28 23:06:28.836073 未中奖
2026/05/28 23:06:28.836073 未中奖
2026/05/28 23:06:28.836073 未中奖
2026/05/28 23:06:28.835014 未中奖
2026/05/28 23:06:28.836073 未中奖
2026/05/28 23:06:28.836073 未中奖
2026/05/28 23:06:28.836073 未中奖
2026/05/28 23:06:28.836073 未中奖
2026/05/28 23:06:28.836073 未中奖
2026/05/28 23:06:28.836073 未中奖
2026/05/28 23:06:28.836073 未中奖
2026/05/28 23:06:28.836073 未中奖
2026/05/28 23:06:28.836073 未中奖
2026/05/28 23:06:28.836073 未中奖
2026/05/28 23:06:28.837074 未中奖
2026/05/28 23:06:28.836073 未中奖
2026/05/28 23:06:28.836073 未中奖
2026/05/28 23:06:28.837074 未中奖
2026/05/28 23:06:28.837074 未中奖
2026/05/28 23:06:28.836073 未中奖
2026/05/28 23:06:28.836073 未中奖
2026/05/28 23:06:28.837074 未中奖
2026/05/28 23:06:28.837074 未中奖
2026/05/28 23:06:28.837074 未中奖
2026/05/28 23:06:28.837074 未中奖
2026/05/28 23:06:28.837074 未中奖
2026/05/28 23:06:28.837074 奖品已发完
2026/05/28 23:06:28.837074 未中奖
2026/05/28 23:06:28.837074 未中奖
2026/05/28 23:06:28.837074 未中奖
2026/05/28 23:06:28.837074 未中奖
2026/05/28 23:06:28.837074 未中奖
2026/05/28 23:06:28.837074 未中奖
2026/05/28 23:06:28.837074 未中奖
2026/05/28 23:06:28.837074 未中奖
2026/05/28 23:06:28.837074 未中奖
2026/05/28 23:06:28.837074 未中奖
2026/05/28 23:06:28.837074 未中奖
2026/05/28 23:06:28.837074 奖品已发完
2026/05/28 23:06:28.837074 奖品已发完
2026/05/28 23:06:28.837074 未中奖
2026/05/28 23:06:28.837074 未中奖
2026/05/28 23:06:28.837074 未中奖
2026/05/28 23:06:28.837074 未中奖
2026/05/28 23:06:28.837074 未中奖
2026/05/28 23:06:28.837074 未中奖
2026/05/28 23:06:28.837074 未中奖
2026/05/28 23:06:28.837074 未中奖
2026/05/28 23:06:28.837074 未中奖
2026/05/28 23:06:28.837074 奖品已发完
2026/05/28 23:06:28.837074 未中奖
2026/05/28 23:06:28.837074 未中奖
2026/05/28 23:06:28.837074 奖品已发完
2026/05/28 23:06:28.837074 未中奖
2026/05/28 23:06:28.837074 未中奖
2026/05/28 23:06:28.837074 未中奖
2026/05/28 23:06:28.837074 未中奖
2026/05/28 23:06:28.837074 奖品已发完
2026/05/28 23:06:28.837074 未中奖
2026/05/28 23:06:28.838086 未中奖
2026/05/28 23:06:28.838086 未中奖
2026/05/28 23:06:28.838086 未中奖
2026/05/28 23:06:28.837074 未中奖
2026/05/28 23:06:28.838086 未中奖
2026/05/28 23:06:28.838086 未中奖
2026/05/28 23:06:28.837074 奖品已发完
2026/05/28 23:06:28.837074 未中奖
2026/05/28 23:06:28.838086 奖品已发完
2026/05/28 23:06:28.837074 奖品已发完
2026/05/28 23:06:28.838086 未中奖
2026/05/28 23:06:28.838086 未中奖
2026/05/28 23:06:28.838086 奖品已发完
2026/05/28 23:06:28.838620 未中奖
2026/05/28 23:06:28.838086 未中奖
2026/05/28 23:06:28.838620 未中奖
2026/05/28 23:06:28.838086 未中奖
2026/05/28 23:06:28.838620 未中奖
2026/05/28 23:06:28.838620 未中奖
2026/05/28 23:06:28.838620 未中奖
2026/05/28 23:06:28.838620 未中奖
2026/05/28 23:06:28.838620 未中奖
2026/05/28 23:06:28.838620 奖品已发完
2026/05/28 23:06:28.838620 奖品已发完
2026/05/28 23:06:28.838620 未中奖
2026/05/28 23:06:28.838620 未中奖
2026/05/28 23:06:28.838620 未中奖
2026/05/28 23:06:28.838620 未中奖
2026/05/28 23:06:28.838620 未中奖
2026/05/28 23:06:28.838620 未中奖
2026/05/28 23:06:28.838620 奖品已发完
2026/05/28 23:06:28.838620 奖品已发完
2026/05/28 23:06:28.838620 未中奖
2026/05/28 23:06:28.838620 未中奖
2026/05/28 23:06:28.838620 未中奖
2026/05/28 23:06:28.838620 奖品已发完
2026/05/28 23:06:28.838620 未中奖
2026/05/28 23:06:28.838620 未中奖
2026/05/28 23:06:28.838620 奖品已发完
2026/05/28 23:06:28.838620 未中奖
2026/05/28 23:06:28.838620 未中奖
2026/05/28 23:06:28.838620 未中奖
2026/05/28 23:06:28.838620 奖品已发完
2026/05/28 23:06:28.838620 未中奖
2026/05/28 23:06:28.838620 未中奖
2026/05/28 23:06:28.838620 未中奖
2026/05/28 23:06:28.838620 未中奖
2026/05/28 23:06:28.838620 未中奖
2026/05/28 23:06:28.838620 未中奖
2026/05/28 23:06:28.838620 未中奖
2026/05/28 23:06:28.839244 未中奖
2026/05/28 23:06:28.839244 未中奖
2026/05/28 23:06:28.839244 未中奖
2026/05/28 23:06:28.839244 未中奖
2026/05/28 23:06:28.839244 未中奖
2026/05/28 23:06:28.839244 未中奖
2026/05/28 23:06:28.839244 未中奖
2026/05/28 23:06:28.839244 未中奖
2026/05/28 23:06:28.839244 未中奖
2026/05/28 23:06:28.839244 未中奖
2026/05/28 23:06:28.839244 未中奖
2026/05/28 23:06:28.839244 未中奖
2026/05/28 23:06:28.839244 未中奖
2026/05/28 23:06:28.839244 未中奖
2026/05/28 23:06:28.839244 未中奖
2026/05/28 23:06:28.839244 未中奖
2026/05/28 23:06:28.839244 未中奖
2026/05/28 23:06:28.839244 未中奖
2026/05/28 23:06:28.839244 未中奖
2026/05/28 23:06:28.839244 奖品已发完
2026/05/28 23:06:28.839244 未中奖
2026/05/28 23:06:28.839244 未中奖
2026/05/28 23:06:28.839244 未中奖
2026/05/28 23:06:28.839244 奖品已发完
2026/05/28 23:06:28.839244 未中奖
2026/05/28 23:06:28.839244 未中奖
2026/05/28 23:06:28.839244 未中奖
2026/05/28 23:06:28.839244 未中奖
2026/05/28 23:06:28.839244 奖品已发完
2026/05/28 23:06:28.839244 未中奖
2026/05/28 23:06:28.839244 未中奖
2026/05/28 23:06:28.839244 未中奖
2026/05/28 23:06:28.839244 奖品已发完
2026/05/28 23:06:28.839244 未中奖
2026/05/28 23:06:28.839244 未中奖
2026/05/28 23:06:28.839244 未中奖
2026/05/28 23:06:28.839244 未中奖
2026/05/28 23:06:28.839244 奖品已发完
2026/05/28 23:06:28.839244 未中奖
2026/05/28 23:06:28.839244 未中奖
2026/05/28 23:06:28.839244 未中奖
2026/05/28 23:06:28.839244 未中奖
2026/05/28 23:06:28.839244 未中奖
2026/05/28 23:06:28.839244 未中奖
2026/05/28 23:06:28.839244 未中奖
2026/05/28 23:06:28.839244 未中奖
2026/05/28 23:06:28.839244 未中奖
2026/05/28 23:06:28.839244 未中奖
2026/05/28 23:06:28.839244 未中奖
2026/05/28 23:06:28.839244 未中奖
2026/05/28 23:06:28.839244 奖品已发完
2026/05/28 23:06:28.839244 未中奖
2026/05/28 23:06:28.839244 未中奖
2026/05/28 23:06:28.839244 未中奖
2026/05/28 23:06:28.839244 未中奖
2026/05/28 23:06:28.839244 奖品已发完
2026/05/28 23:06:28.839244 未中奖
2026/05/28 23:06:28.839244 未中奖
2026/05/28 23:06:28.839244 未中奖
2026/05/28 23:06:28.839244 未中奖
2026/05/28 23:06:28.839244 未中奖
2026/05/28 23:06:28.839244 未中奖
2026/05/28 23:06:28.839244 未中奖
2026/05/28 23:06:28.839244 未中奖
2026/05/28 23:06:28.839244 未中奖
2026/05/28 23:06:28.839244 奖品已发完
2026/05/28 23:06:28.839244 未中奖
2026/05/28 23:06:28.839244 未中奖
2026/05/28 23:06:28.839244 未中奖
2026/05/28 23:06:28.839244 奖品已发完
2026/05/28 23:06:28.839244 未中奖
2026/05/28 23:06:28.839244 未中奖
2026/05/28 23:06:28.839244 未中奖
2026/05/28 23:06:28.839244 未中奖
2026/05/28 23:06:28.839244 未中奖
2026/05/28 23:06:28.839244 未中奖
2026/05/28 23:06:28.839244 未中奖
2026/05/28 23:06:28.839244 未中奖
2026/05/28 23:06:28.839244 未中奖
2026/05/28 23:06:28.839244 奖品已发完
2026/05/28 23:06:28.840250 未中奖
2026/05/28 23:06:28.840250 未中奖
2026/05/28 23:06:28.839244 未中奖
2026/05/28 23:06:28.839244 未中奖
2026/05/28 23:06:28.839244 未中奖
2026/05/28 23:06:28.840250 奖品已发完
2026/05/28 23:06:28.840250 未中奖
2026/05/28 23:06:28.840250 未中奖
2026/05/28 23:06:28.840250 未中奖
2026/05/28 23:06:28.840250 未中奖
2026/05/28 23:06:28.840250 未中奖
2026/05/28 23:06:28.840250 未中奖
2026/05/28 23:06:28.840250 未中奖
2026/05/28 23:06:28.840250 未中奖
2026/05/28 23:06:28.840250 未中奖
2026/05/28 23:06:28.840250 未中奖
2026/05/28 23:06:28.840250 未中奖
2026/05/28 23:06:28.840250 未中奖
2026/05/28 23:06:28.840250 未中奖
2026/05/28 23:06:28.840250 奖品已发完
2026/05/28 23:06:28.840250 奖品已发完
2026/05/28 23:06:28.840250 未中奖
2026/05/28 23:06:28.840250 未中奖
2026/05/28 23:06:28.840250 未中奖
2026/05/28 23:06:28.840250 未中奖
2026/05/28 23:06:28.840250 未中奖
2026/05/28 23:06:28.840250 未中奖
2026/05/28 23:06:28.840250 未中奖
2026/05/28 23:06:28.840250 未中奖
2026/05/28 23:06:28.840250 未中奖
2026/05/28 23:06:28.840250 奖品已发完
2026/05/28 23:06:28.840250 未中奖
2026/05/28 23:06:28.840250 未中奖
2026/05/28 23:06:28.840250 未中奖
2026/05/28 23:06:28.840250 未中奖
2026/05/28 23:06:28.840250 未中奖
2026/05/28 23:06:28.840250 未中奖
2026/05/28 23:06:28.840250 未中奖
2026/05/28 23:06:28.840250 未中奖
2026/05/28 23:06:28.840250 未中奖
2026/05/28 23:06:28.840250 未中奖
2026/05/28 23:06:28.840250 未中奖
2026/05/28 23:06:28.840250 未中奖
2026/05/28 23:06:28.840250 未中奖
2026/05/28 23:06:28.840250 未中奖
2026/05/28 23:06:28.840250 奖品已发完
2026/05/28 23:06:28.840250 未中奖
2026/05/28 23:06:28.840250 未中奖
2026/05/28 23:06:28.840250 未中奖
2026/05/28 23:06:28.840250 未中奖
2026/05/28 23:06:28.840250 未中奖
2026/05/28 23:06:28.840250 未中奖
2026/05/28 23:06:28.840250 未中奖
2026/05/28 23:06:28.840250 未中奖
2026/05/28 23:06:28.840250 未中奖
2026/05/28 23:06:28.840250 奖品已发完
2026/05/28 23:06:28.840250 未中奖
2026/05/28 23:06:28.840250 奖品已发完
2026/05/28 23:06:28.840250 未中奖
2026/05/28 23:06:28.840250 未中奖
2026/05/28 23:06:28.840250 未中奖
2026/05/28 23:06:28.841249 未中奖
2026/05/28 23:06:28.840250 奖品已发完
2026/05/28 23:06:28.841249 奖品已发完
2026/05/28 23:06:28.840250 奖品已发完
2026/05/28 23:06:28.841249 奖品已发完
2026/05/28 23:06:28.841249 未中奖
2026/05/28 23:06:28.841249 未中奖
2026/05/28 23:06:28.841249 未中奖
2026/05/28 23:06:28.840250 未中奖
2026/05/28 23:06:28.841249 未中奖
2026/05/28 23:06:28.841249 未中奖
2026/05/28 23:06:28.841249 未中奖
2026/05/28 23:06:28.841249 未中奖
2026/05/28 23:06:28.841249 未中奖
2026/05/28 23:06:28.841249 未中奖
2026/05/28 23:06:28.841249 未中奖
2026/05/28 23:06:28.841249 未中奖
2026/05/28 23:06:28.841249 未中奖
2026/05/28 23:06:28.841249 未中奖
2026/05/28 23:06:28.841249 未中奖
2026/05/28 23:06:28.841249 未中奖
2026/05/28 23:06:28.841249 未中奖
2026/05/28 23:06:28.841249 未中奖
2026/05/28 23:06:28.841249 未中奖
2026/05/28 23:06:28.841249 未中奖
2026/05/28 23:06:28.841249 未中奖
2026/05/28 23:06:28.841249 未中奖
2026/05/28 23:06:28.841249 未中奖
2026/05/28 23:06:28.841249 奖品已发完
2026/05/28 23:06:28.841249 未中奖
2026/05/28 23:06:28.841249 未中奖
2026/05/28 23:06:28.841249 未中奖
2026/05/28 23:06:28.841249 未中奖
2026/05/28 23:06:28.841249 未中奖
2026/05/28 23:06:28.841249 未中奖
2026/05/28 23:06:28.841249 未中奖
2026/05/28 23:06:28.841249 未中奖
2026/05/28 23:06:28.841249 未中奖
2026/05/28 23:06:28.841249 未中奖
2026/05/28 23:06:28.841249 未中奖
2026/05/28 23:06:28.841249 未中奖
2026/05/28 23:06:28.841249 奖品已发完
2026/05/28 23:06:28.841249 未中奖
2026/05/28 23:06:28.841249 未中奖
2026/05/28 23:06:28.841249 未中奖
2026/05/28 23:06:28.841249 未中奖
2026/05/28 23:06:28.841249 未中奖
2026/05/28 23:06:28.841249 未中奖
2026/05/28 23:06:28.841249 未中奖
2026/05/28 23:06:28.841249 未中奖
2026/05/28 23:06:28.841249 未中奖
2026/05/28 23:06:28.841249 未中奖
2026/05/28 23:06:28.841249 未中奖
2026/05/28 23:06:28.841249 奖品已发完
2026/05/28 23:06:28.841249 未中奖
2026/05/28 23:06:28.841249 未中奖
2026/05/28 23:06:28.841249 未中奖
2026/05/28 23:06:28.841249 奖品已发完
2026/05/28 23:06:28.841249 未中奖
2026/05/28 23:06:28.841249 未中奖
2026/05/28 23:06:28.841249 未中奖
2026/05/28 23:06:28.841249 未中奖
2026/05/28 23:06:28.841249 未中奖
2026/05/28 23:06:28.841249 未中奖
2026/05/28 23:06:28.841249 未中奖
2026/05/28 23:06:28.841249 未中奖
2026/05/28 23:06:28.841249 未中奖
2026/05/28 23:06:28.841249 未中奖
2026/05/28 23:06:28.841249 未中奖
2026/05/28 23:06:28.841249 未中奖
2026/05/28 23:06:28.841249 未中奖
2026/05/28 23:06:28.841249 未中奖
2026/05/28 23:06:28.842251 奖品已发完
2026/05/28 23:06:28.842251 未中奖
2026/05/28 23:06:28.841249 未中奖
2026/05/28 23:06:28.841249 未中奖
2026/05/28 23:06:28.842251 未中奖
2026/05/28 23:06:28.842251 未中奖
2026/05/28 23:06:28.842251 未中奖
2026/05/28 23:06:28.842251 未中奖
2026/05/28 23:06:28.842251 奖品已发完
2026/05/28 23:06:28.842251 未中奖
2026/05/28 23:06:28.842251 未中奖
2026/05/28 23:06:28.842251 奖品已发完
2026/05/28 23:06:28.842251 未中奖
2026/05/28 23:06:28.842251 未中奖
2026/05/28 23:06:28.842251 未中奖
2026/05/28 23:06:28.842251 未中奖
2026/05/28 23:06:28.842251 未中奖
2026/05/28 23:06:28.842251 未中奖
2026/05/28 23:06:28.842251 未中奖
2026/05/28 23:06:28.842251 未中奖
2026/05/28 23:06:28.842251 未中奖
2026/05/28 23:06:28.842251 奖品已发完
2026/05/28 23:06:28.842251 未中奖
2026/05/28 23:06:28.842251 未中奖
2026/05/28 23:06:28.842251 未中奖
2026/05/28 23:06:28.842251 未中奖
2026/05/28 23:06:28.842251 未中奖
2026/05/28 23:06:28.842251 未中奖
2026/05/28 23:06:28.842251 未中奖
2026/05/28 23:06:28.842251 未中奖
2026/05/28 23:06:28.842251 未中奖
2026/05/28 23:06:28.842251 未中奖
2026/05/28 23:06:28.842251 未中奖
2026/05/28 23:06:28.842251 奖品已发完
2026/05/28 23:06:28.842251 未中奖
2026/05/28 23:06:28.842251 未中奖
2026/05/28 23:06:28.842251 未中奖
2026/05/28 23:06:28.842251 未中奖
2026/05/28 23:06:28.842251 未中奖
2026/05/28 23:06:28.842251 未中奖
2026/05/28 23:06:28.842251 未中奖
2026/05/28 23:06:28.842757 未中奖
2026/05/28 23:06:28.842251 未中奖
2026/05/28 23:06:28.842757 未中奖
2026/05/28 23:06:28.842251 未中奖
2026/05/28 23:06:28.842757 未中奖
2026/05/28 23:06:28.842757 未中奖
2026/05/28 23:06:28.842757 未中奖
2026/05/28 23:06:28.842757 未中奖
2026/05/28 23:06:28.842757 未中奖
2026/05/28 23:06:28.842757 未中奖
2026/05/28 23:06:28.842757 未中奖
2026/05/28 23:06:28.842757 未中奖
2026/05/28 23:06:28.842757 未中奖
2026/05/28 23:06:28.842757 未中奖
2026/05/28 23:06:28.842757 未中奖
2026/05/28 23:06:28.842757 未中奖
2026/05/28 23:06:28.842757 未中奖
2026/05/28 23:06:28.842757 奖品已发完
2026/05/28 23:06:28.842251 奖品已发完
2026/05/28 23:06:28.842757 未中奖
2026/05/28 23:06:28.842757 未中奖
2026/05/28 23:06:28.842757 未中奖
2026/05/28 23:06:28.842757 未中奖
2026/05/28 23:06:28.842757 未中奖
2026/05/28 23:06:28.842757 未中奖
2026/05/28 23:06:28.842757 未中奖
2026/05/28 23:06:28.842757 未中奖
2026/05/28 23:06:28.842757 未中奖
2026/05/28 23:06:28.842757 未中奖
2026/05/28 23:06:28.842757 未中奖
2026/05/28 23:06:28.842757 未中奖
2026/05/28 23:06:28.842757 未中奖
2026/05/28 23:06:28.842757 未中奖
2026/05/28 23:06:28.842757 未中奖
2026/05/28 23:06:28.842757 未中奖
2026/05/28 23:06:28.842757 未中奖
2026/05/28 23:06:28.842757 未中奖
2026/05/28 23:06:28.842757 未中奖
2026/05/28 23:06:28.842757 未中奖
2026/05/28 23:06:28.842757 未中奖
2026/05/28 23:06:28.842757 未中奖
2026/05/28 23:06:28.842757 奖品已发完
2026/05/28 23:06:28.842757 未中奖
2026/05/28 23:06:28.842757 未中奖
2026/05/28 23:06:28.842757 未中奖
2026/05/28 23:06:28.842757 奖品已发完
2026/05/28 23:06:28.842757 未中奖
2026/05/28 23:06:28.842757 未中奖
2026/05/28 23:06:28.842757 未中奖
2026/05/28 23:06:28.842757 未中奖
2026/05/28 23:06:28.842757 未中奖
2026/05/28 23:06:28.842757 未中奖
2026/05/28 23:06:28.842757 未中奖
2026/05/28 23:06:28.842757 未中奖
2026/05/28 23:06:28.842757 未中奖
2026/05/28 23:06:28.842757 未中奖
2026/05/28 23:06:28.842757 未中奖
2026/05/28 23:06:28.842757 未中奖
2026/05/28 23:06:28.842757 未中奖
2026/05/28 23:06:28.842757 未中奖
2026/05/28 23:06:28.842757 未中奖
2026/05/28 23:06:28.843400 未中奖
2026/05/28 23:06:28.843400 未中奖
2026/05/28 23:06:28.842757 未中奖
2026/05/28 23:06:28.842757 未中奖
2026/05/28 23:06:28.843400 未中奖
2026/05/28 23:06:28.843400 奖品已发完
2026/05/28 23:06:28.843400 未中奖
2026/05/28 23:06:28.843400 奖品已发完
2026/05/28 23:06:28.843400 未中奖
2026/05/28 23:06:28.843400 未中奖
2026/05/28 23:06:28.843400 未中奖
2026/05/28 23:06:28.843400 未中奖
2026/05/28 23:06:28.843400 奖品已发完
2026/05/28 23:06:28.843400 未中奖
2026/05/28 23:06:28.843400 未中奖
2026/05/28 23:06:28.843400 未中奖
2026/05/28 23:06:28.843400 未中奖
2026/05/28 23:06:28.843400 未中奖
2026/05/28 23:06:28.843400 奖品已发完
2026/05/28 23:06:28.843400 未中奖
2026/05/28 23:06:28.843400 奖品已发完
2026/05/28 23:06:28.843400 未中奖
2026/05/28 23:06:28.843400 未中奖
2026/05/28 23:06:28.843400 未中奖
2026/05/28 23:06:28.843400 未中奖
2026/05/28 23:06:28.843400 未中奖
2026/05/28 23:06:28.843400 未中奖
2026/05/28 23:06:28.843400 未中奖
2026/05/28 23:06:28.843400 未中奖
2026/05/28 23:06:28.843400 未中奖
2026/05/28 23:06:28.843400 未中奖
2026/05/28 23:06:28.843400 未中奖
2026/05/28 23:06:28.843400 未中奖
2026/05/28 23:06:28.843400 未中奖
2026/05/28 23:06:28.843400 未中奖
2026/05/28 23:06:28.843400 未中奖
2026/05/28 23:06:28.843400 未中奖
2026/05/28 23:06:28.843400 未中奖
2026/05/28 23:06:28.843400 未中奖
2026/05/28 23:06:28.843400 奖品已发完
2026/05/28 23:06:28.843400 未中奖
2026/05/28 23:06:28.843400 未中奖
2026/05/28 23:06:28.843400 奖品已发完
2026/05/28 23:06:28.843400 未中奖
2026/05/28 23:06:28.843400 奖品已发完
2026/05/28 23:06:28.843400 未中奖
2026/05/28 23:06:28.843400 未中奖
2026/05/28 23:06:28.843400 未中奖
2026/05/28 23:06:28.843400 未中奖
2026/05/28 23:06:28.843400 未中奖
2026/05/28 23:06:28.843400 未中奖
2026/05/28 23:06:28.843400 未中奖
2026/05/28 23:06:28.843400 未中奖
2026/05/28 23:06:28.843400 未中奖
2026/05/28 23:06:28.843400 未中奖
2026/05/28 23:06:28.843400 未中奖
2026/05/28 23:06:28.843400 奖品已发完
2026/05/28 23:06:28.844124 未中奖
2026/05/28 23:06:28.844124 未中奖
2026/05/28 23:06:28.843400 奖品已发完
2026/05/28 23:06:28.844124 未中奖
2026/05/28 23:06:28.844124 未中奖
2026/05/28 23:06:28.844124 未中奖
2026/05/28 23:06:28.844124 未中奖
2026/05/28 23:06:28.844124 未中奖
2026/05/28 23:06:28.844124 未中奖
2026/05/28 23:06:28.844124 未中奖
2026/05/28 23:06:28.844124 未中奖
2026/05/28 23:06:28.844124 未中奖
2026/05/28 23:06:28.844124 未中奖
2026/05/28 23:06:28.844124 未中奖
2026/05/28 23:06:28.844124 未中奖
2026/05/28 23:06:28.844124 未中奖
2026/05/28 23:06:28.844124 未中奖
2026/05/28 23:06:28.844124 未中奖
2026/05/28 23:06:28.844124 奖品已发完
2026/05/28 23:06:28.844124 未中奖
2026/05/28 23:06:28.844124 未中奖
2026/05/28 23:06:28.844124 未中奖
2026/05/28 23:06:28.844124 未中奖
2026/05/28 23:06:28.844124 未中奖
2026/05/28 23:06:28.844124 未中奖
2026/05/28 23:06:28.844124 未中奖
2026/05/28 23:06:28.844124 奖品已发完
2026/05/28 23:06:28.844124 未中奖
2026/05/28 23:06:28.844124 奖品已发完
2026/05/28 23:06:28.844124 未中奖
2026/05/28 23:06:28.844124 未中奖
2026/05/28 23:06:28.844124 未中奖
2026/05/28 23:06:28.844124 未中奖
2026/05/28 23:06:28.844124 未中奖
2026/05/28 23:06:28.844124 未中奖
2026/05/28 23:06:28.844124 未中奖
2026/05/28 23:06:28.844124 未中奖
2026/05/28 23:06:28.844124 未中奖
2026/05/28 23:06:28.844124 未中奖
2026/05/28 23:06:28.844124 奖品已发完
2026/05/28 23:06:28.844124 未中奖
2026/05/28 23:06:28.844124 未中奖
2026/05/28 23:06:28.844124 奖品已发完
2026/05/28 23:06:28.844124 未中奖
2026/05/28 23:06:28.844124 未中奖
2026/05/28 23:06:28.844124 未中奖
2026/05/28 23:06:28.844124 未中奖
2026/05/28 23:06:28.844124 未中奖
2026/05/28 23:06:28.844124 未中奖
2026/05/28 23:06:28.844124 未中奖
2026/05/28 23:06:28.844124 未中奖
2026/05/28 23:06:28.844124 未中奖
2026/05/28 23:06:28.844124 未中奖
2026/05/28 23:06:28.844124 未中奖
2026/05/28 23:06:28.844124 未中奖
2026/05/28 23:06:28.844124 未中奖
2026/05/28 23:06:28.844124 未中奖
2026/05/28 23:06:28.844124 未中奖
2026/05/28 23:06:28.844124 奖品已发完
2026/05/28 23:06:28.844124 未中奖
2026/05/28 23:06:28.844124 未中奖
2026/05/28 23:06:28.844124 未中奖
2026/05/28 23:06:28.844124 未中奖
2026/05/28 23:06:28.844124 未中奖
2026/05/28 23:06:28.844124 未中奖
2026/05/28 23:06:28.844124 未中奖
2026/05/28 23:06:28.844124 奖品已发完
2026/05/28 23:06:28.844124 未中奖
2026/05/28 23:06:28.844124 未中奖
2026/05/28 23:06:28.844124 奖品已发完
2026/05/28 23:06:28.844124 未中奖
2026/05/28 23:06:28.844124 未中奖
2026/05/28 23:06:28.844124 未中奖
2026/05/28 23:06:28.844124 未中奖
2026/05/28 23:06:28.844124 未中奖
2026/05/28 23:06:28.845132 未中奖
2026/05/28 23:06:28.844124 未中奖
2026/05/28 23:06:28.845132 奖品已发完
2026/05/28 23:06:28.844124 未中奖
2026/05/28 23:06:28.844124 未中奖
2026/05/28 23:06:28.845132 未中奖
2026/05/28 23:06:28.845132 未中奖
2026/05/28 23:06:28.845132 未中奖
2026/05/28 23:06:28.845132 未中奖
2026/05/28 23:06:28.845132 未中奖
2026/05/28 23:06:28.845132 未中奖
2026/05/28 23:06:28.845132 未中奖
2026/05/28 23:06:28.845132 未中奖
2026/05/28 23:06:28.845132 未中奖
2026/05/28 23:06:28.845132 未中奖
2026/05/28 23:06:28.845132 未中奖
2026/05/28 23:06:28.845132 未中奖
2026/05/28 23:06:28.845132 未中奖
2026/05/28 23:06:28.845132 未中奖
2026/05/28 23:06:28.845132 未中奖
2026/05/28 23:06:28.845132 奖品已发完
2026/05/28 23:06:28.845132 未中奖
2026/05/28 23:06:28.845132 未中奖
2026/05/28 23:06:28.845132 未中奖
2026/05/28 23:06:28.845132 未中奖
2026/05/28 23:06:28.845132 未中奖
2026/05/28 23:06:28.845132 未中奖
2026/05/28 23:06:28.845132 未中奖
2026/05/28 23:06:28.845132 未中奖
2026/05/28 23:06:28.845132 未中奖
2026/05/28 23:06:28.845132 未中奖
2026/05/28 23:06:28.845132 未中奖
2026/05/28 23:06:28.845132 未中奖
2026/05/28 23:06:28.845132 奖品已发完
2026/05/28 23:06:28.845132 未中奖
2026/05/28 23:06:28.845132 未中奖
2026/05/28 23:06:28.845132 未中奖
2026/05/28 23:06:28.845132 未中奖
2026/05/28 23:06:28.845132 未中奖
2026/05/28 23:06:28.845132 未中奖
2026/05/28 23:06:28.845132 未中奖
2026/05/28 23:06:28.845132 未中奖
2026/05/28 23:06:28.845132 未中奖
2026/05/28 23:06:28.845132 未中奖
2026/05/28 23:06:28.845132 未中奖
2026/05/28 23:06:28.845132 未中奖
2026/05/28 23:06:28.845132 未中奖
2026/05/28 23:06:28.845132 奖品已发完
2026/05/28 23:06:28.845132 未中奖
2026/05/28 23:06:28.845132 未中奖
2026/05/28 23:06:28.845132 未中奖
2026/05/28 23:06:28.845132 未中奖
2026/05/28 23:06:28.845132 未中奖
2026/05/28 23:06:28.845132 未中奖
2026/05/28 23:06:28.845132 未中奖
2026/05/28 23:06:28.845132 未中奖
2026/05/28 23:06:28.845132 未中奖
2026/05/28 23:06:28.845132 未中奖
2026/05/28 23:06:28.845132 未中奖
2026/05/28 23:06:28.845132 奖品已发完
2026/05/28 23:06:28.845132 未中奖
2026/05/28 23:06:28.845132 未中奖
2026/05/28 23:06:28.846142 奖品已发完
2026/05/28 23:06:28.845132 未中奖
2026/05/28 23:06:28.845132 未中奖
2026/05/28 23:06:28.845132 未中奖
2026/05/28 23:06:28.846142 未中奖
2026/05/28 23:06:28.846142 未中奖
2026/05/28 23:06:28.846142 未中奖
2026/05/28 23:06:28.846142 未中奖
2026/05/28 23:06:28.846142 未中奖
2026/05/28 23:06:28.846142 未中奖
2026/05/28 23:06:28.846142 未中奖
2026/05/28 23:06:28.846142 未中奖
2026/05/28 23:06:28.846142 未中奖
2026/05/28 23:06:28.846142 奖品已发完
2026/05/28 23:06:28.846142 未中奖
2026/05/28 23:06:28.846142 未中奖
2026/05/28 23:06:28.846142 未中奖
2026/05/28 23:06:28.846142 未中奖
2026/05/28 23:06:28.846142 未中奖
2026/05/28 23:06:28.846142 未中奖
2026/05/28 23:06:28.846142 未中奖
2026/05/28 23:06:28.846142 未中奖
2026/05/28 23:06:28.846142 未中奖
2026/05/28 23:06:28.846142 未中奖
2026/05/28 23:06:28.846142 未中奖
2026/05/28 23:06:28.846142 奖品已发完
2026/05/28 23:06:28.846142 未中奖
2026/05/28 23:06:28.846142 未中奖
2026/05/28 23:06:28.846142 未中奖
2026/05/28 23:06:28.846142 未中奖
2026/05/28 23:06:28.846142 未中奖
2026/05/28 23:06:28.846142 奖品已发完
2026/05/28 23:06:28.846142 未中奖
2026/05/28 23:06:28.846142 未中奖
2026/05/28 23:06:28.846142 未中奖
2026/05/28 23:06:28.846142 未中奖
2026/05/28 23:06:28.846142 未中奖
2026/05/28 23:06:28.846142 未中奖
2026/05/28 23:06:28.846142 未中奖
2026/05/28 23:06:28.846142 未中奖
2026/05/28 23:06:28.846142 未中奖
2026/05/28 23:06:28.846142 奖品已发完
2026/05/28 23:06:28.846142 未中奖
2026/05/28 23:06:28.846142 未中奖
2026/05/28 23:06:28.846142 未中奖
2026/05/28 23:06:28.846142 奖品已发完
2026/05/28 23:06:28.846142 未中奖
2026/05/28 23:06:28.846142 未中奖
2026/05/28 23:06:28.846142 未中奖
2026/05/28 23:06:28.846142 未中奖
2026/05/28 23:06:28.846142 未中奖
2026/05/28 23:06:28.846142 未中奖
2026/05/28 23:06:28.846142 未中奖
2026/05/28 23:06:28.846142 未中奖
2026/05/28 23:06:28.846142 未中奖
2026/05/28 23:06:28.846142 奖品已发完
2026/05/28 23:06:28.846142 未中奖
2026/05/28 23:06:28.846142 未中奖
2026/05/28 23:06:28.846142 未中奖
2026/05/28 23:06:28.846142 未中奖
2026/05/28 23:06:28.846142 未中奖
2026/05/28 23:06:28.846142 未中奖
2026/05/28 23:06:28.846142 未中奖
2026/05/28 23:06:28.846142 未中奖
2026/05/28 23:06:28.847387 未中奖
2026/05/28 23:06:28.847387 未中奖
2026/05/28 23:06:28.847387 未中奖
2026/05/28 23:06:28.847387 未中奖
2026/05/28 23:06:28.847387 未中奖
2026/05/28 23:06:28.847387 未中奖
2026/05/28 23:06:28.847387 未中奖
2026/05/28 23:06:28.847387 未中奖
2026/05/28 23:06:28.847387 未中奖
2026/05/28 23:06:28.846142 未中奖
2026/05/28 23:06:28.847387 未中奖
2026/05/28 23:06:28.847387 未中奖
2026/05/28 23:06:28.846142 未中奖
2026/05/28 23:06:28.847387 未中奖
2026/05/28 23:06:28.847387 未中奖
2026/05/28 23:06:28.847387 未中奖
2026/05/28 23:06:28.847387 奖品已发完
2026/05/28 23:06:28.847387 未中奖
2026/05/28 23:06:28.847387 未中奖
2026/05/28 23:06:28.847387 未中奖
2026/05/28 23:06:28.847387 未中奖
2026/05/28 23:06:28.847387 未中奖
2026/05/28 23:06:28.847387 未中奖
2026/05/28 23:06:28.847387 未中奖
2026/05/28 23:06:28.847387 未中奖
2026/05/28 23:06:28.847387 未中奖
2026/05/28 23:06:28.847387 未中奖
2026/05/28 23:06:28.847387 未中奖
2026/05/28 23:06:28.847387 未中奖
2026/05/28 23:06:28.847387 未中奖
2026/05/28 23:06:28.847387 未中奖
2026/05/28 23:06:28.847387 未中奖
2026/05/28 23:06:28.847387 未中奖
2026/05/28 23:06:28.847387 未中奖
2026/05/28 23:06:28.847387 未中奖
2026/05/28 23:06:28.847387 未中奖
2026/05/28 23:06:28.847387 未中奖
2026/05/28 23:06:28.847387 奖品已发完
2026/05/28 23:06:28.847387 未中奖
2026/05/28 23:06:28.847387 未中奖
2026/05/28 23:06:28.847387 未中奖
2026/05/28 23:06:28.847387 未中奖
2026/05/28 23:06:28.847387 未中奖
2026/05/28 23:06:28.847387 未中奖
2026/05/28 23:06:28.847387 未中奖
2026/05/28 23:06:28.847387 未中奖
2026/05/28 23:06:28.847387 未中奖
2026/05/28 23:06:28.847387 奖品已发完
2026/05/28 23:06:28.847387 未中奖
2026/05/28 23:06:28.847387 未中奖
2026/05/28 23:06:28.847387 未中奖
2026/05/28 23:06:28.847387 未中奖
2026/05/28 23:06:28.847387 未中奖
2026/05/28 23:06:28.847387 未中奖
2026/05/28 23:06:28.847387 未中奖
2026/05/28 23:06:28.847387 奖品已发完
2026/05/28 23:06:28.847387 未中奖
2026/05/28 23:06:28.847387 奖品已发完
2026/05/28 23:06:28.847387 未中奖
2026/05/28 23:06:28.847387 奖品已发完
2026/05/28 23:06:28.847387 未中奖
2026/05/28 23:06:28.847387 未中奖
2026/05/28 23:06:28.847387 未中奖
2026/05/28 23:06:28.847387 未中奖
2026/05/28 23:06:28.847387 未中奖
2026/05/28 23:06:28.847387 未中奖
