2026/05/28 23:00:10.698209 未中奖
2026/05/28 23:00:10.725481 中奖：三等奖
2026/05/28 23:00:10.725481 未中奖
2026/05/28 23:00:10.725481 未中奖
2026/05/28 23:00:10.726009 未中奖
2026/05/28 23:00:10.726009 未中奖
2026/05/28 23:00:10.726009 未中奖
2026/05/28 23:00:10.726009 未中奖
2026/05/28 23:00:10.726009 未中奖
2026/05/28 23:00:10.726009 未中奖
2026/05/28 23:00:10.726009 未中奖
2026/05/28 23:00:10.726009 未中奖
2026/05/28 23:00:10.726009 未中奖
2026/05/28 23:00:10.726009 未中奖
2026/05/28 23:00:10.726009 未中奖
2026/05/28 23:00:10.726009 中奖：三等奖
2026/05/28 23:00:10.726009 未中奖
2026/05/28 23:00:10.726009 未中奖
2026/05/28 23:00:10.726009 未中奖
2026/05/28 23:00:10.726009 未中奖
2026/05/28 23:00:10.726009 未中奖
2026/05/28 23:00:10.726009 未中奖
2026/05/28 23:00:10.726009 未中奖
2026/05/28 23:00:10.726009 未中奖
2026/05/28 23:00:10.726009 中奖：二等奖
2026/05/28 23:00:10.726009 未中奖
2026/05/28 23:00:10.726009 中奖：三等奖
2026/05/28 23:00:10.726009 未中奖
2026/05/28 23:00:10.726009 未中奖
2026/05/28 23:00:10.726009 未中奖
2026/05/28 23:00:10.726009 未中奖
2026/05/28 23:00:10.726009 未中奖
2026/05/28 23:00:10.726009 未中奖
2026/05/28 23:00:10.726009 未中奖
2026/05/28 23:00:10.726009 未中奖
2026/05/28 23:00:10.726009 未中奖
2026/05/28 23:00:10.726009 未中奖
2026/05/28 23:00:10.726009 未中奖
2026/05/28 23:00:10.726009 未中奖
2026/05/28 23:00:10.726009 未中奖
2026/05/28 23:00:10.726009 未中奖
2026/05/28 23:00:10.726009 未中奖
2026/05/28 23:00:10.726009 未中奖
2026/05/28 23:00:10.726009 未中奖
2026/05/28 23:00:10.726009 未中奖
2026/05/28 23:00:10.726009 中奖：三等奖
2026/05/28 23:00:10.726009 中奖：三等奖
2026/05/28 23:00:10.726009 未中奖
2026/05/28 23:00:10.726009 未中奖
2026/05/28 23:00:10.726009 未中奖
2026/05/28 23:00:10.726009 未中奖
2026/05/28 23:00:10.726009 未中奖
2026/05/28 23:00:10.726009 未中奖
2026/05/28 23:00:10.726009 未中奖
2026/05/28 23:00:10.726009 未中奖
2026/05/28 23:00:10.726009 未中奖
2026/05/28 23:00:10.726009 未中奖
2026/05/28 23:00:10.726009 未中奖
2026/05/28 23:00:10.726009 未中奖
2026/05/28 23:00:10.726009 未中奖
2026/05/28 23:00:10.726009 未中奖
2026/05/28 23:00:10.726009 未中奖
2026/05/28 23:00:10.726009 未中奖
2026/05/28 23:00:10.726009 未中奖
2026/05/28 23:00:10.726009 中奖：三等奖
2026/05/28 23:00:10.726009 未中奖
2026/05/28 23:00:10.726009 未中奖
2026/05/28 23:00:10.726009 未中奖
2026/05/28 23:00:10.726009 未中奖
2026/05/28 23:00:10.726009 未中奖
2026/05/28 23:00:10.726009 未中奖
2026/05/28 23:00:10.726009 未中奖
2026/05/28 23:00:10.726009 未中奖
2026/05/28 23:00:10.726009 未中奖
2026/05/28 23:00:10.726009 未中奖
2026/05/28 23:00:10.726009 未中奖
2026/05/28 23:00:10.726009 未中奖
2026/05/28 23:00:10.726009 未中奖
2026/05/28 23:00:10.726009 未中奖
2026/05/28 23:00:10.726009 未中奖
2026/05/28 23:00:10.726009 未中奖
2026/05/28 23:00:10.726009 中奖：二等奖
2026/05/28 23:00:10.726540 未中奖
2026/05/28 23:00:10.726540 未中奖
2026/05/28 23:00:10.726540 中奖：二等奖
2026/05/28 23:00:10.726540 未中奖
2026/05/28 23:00:10.726540 未中奖
2026/05/28 23:00:10.726540 中奖：三等奖
2026/05/28 23:00:10.726540 中奖：三等奖
2026/05/28 23:00:10.726540 未中奖
2026/05/28 23:00:10.726540 未中奖
2026/05/28 23:00:10.726540 中奖：三等奖
2026/05/28 23:00:10.726540 未中奖
2026/05/28 23:00:10.726540 未中奖
2026/05/28 23:00:10.726540 未中奖
2026/05/28 23:00:10.726540 未中奖
2026/05/28 23:00:10.726540 未中奖
2026/05/28 23:00:10.726540 未中奖
2026/05/28 23:00:10.726540 未中奖
2026/05/28 23:00:10.726540 未中奖
2026/05/28 23:00:10.726540 未中奖
2026/05/28 23:00:10.726540 中奖：三等奖
2026/05/28 23:00:10.726540 未中奖
2026/05/28 23:00:10.726540 未中奖
2026/05/28 23:00:10.726540 未中奖
2026/05/28 23:00:10.726540 未中奖
2026/05/28 23:00:10.726540 未中奖
2026/05/28 23:00:10.726540 未中奖
2026/05/28 23:00:10.726540 未中奖
2026/05/28 23:00:10.726540 未中奖
2026/05/28 23:00:10.726540 中奖：一等奖
2026/05/28 23:00:10.726540 未中奖
2026/05/28 23:00:10.726540 未中奖
2026/05/28 23:00:10.726540 未中奖
2026/05/28 23:00:10.726540 未中奖
2026/05/28 23:00:10.726540 未中奖
2026/05/28 23:00:10.726540 中奖：三等奖
2026/05/28 23:00:10.726540 未中奖
2026/05/28 23:00:10.726540 未中奖
2026/05/28 23:00:10.726540 未中奖
2026/05/28 23:00:10.726540 未中奖
2026/05/28 23:00:10.726540 未中奖
2026/05/28 23:00:10.726540 未中奖
2026/05/28 23:00:10.726540 未中奖
2026/05/28 23:00:10.726540 未中奖
2026/05/28 23:00:10.726540 未中奖
2026/05/28 23:00:10.726540 未中奖
2026/05/28 23:00:10.726540 未中奖
2026/05/28 23:00:10.726540 未中奖
2026/05/28 23:00:10.726540 未中奖
2026/05/28 23:00:10.726540 中奖：三等奖
2026/05/28 23:00:10.726540 未中奖
2026/05/28 23:00:10.726540 未中奖
2026/05/28 23:00:10.726540 中奖：三等奖
2026/05/28 23:00:10.726540 未中奖
2026/05/28 23:00:10.726540 未中奖
2026/05/28 23:00:10.726540 未中奖
2026/05/28 23:00:10.726540 未中奖
2026/05/28 23:00:10.726540 未中奖
2026/05/28 23:00:10.726540 未中奖
2026/05/28 23:00:10.726540 未中奖
2026/05/28 23:00:10.726540 未中奖
2026/05/28 23:00:10.726540 未中奖
2026/05/28 23:00:10.726540 未中奖
2026/05/28 23:00:10.726540 未中奖
2026/05/28 23:00:10.726540 未中奖
2026/05/28 23:00:10.726540 未中奖
2026/05/28 23:00:10.726540 未中奖
2026/05/28 23:00:10.726540 未中奖
2026/05/28 23:00:10.726540 未中奖
2026/05/28 23:00:10.726540 中奖：三等奖
2026/05/28 23:00:10.726540 未中奖
2026/05/28 23:00:10.726540 未中奖
2026/05/28 23:00:10.726540 未中奖
2026/05/28 23:00:10.726540 未中奖
2026/05/28 23:00:10.726540 未中奖
2026/05/28 23:00:10.726540 未中奖
2026/05/28 23:00:10.727100 未中奖
2026/05/28 23:00:10.727100 未中奖
2026/05/28 23:00:10.727100 未中奖
2026/05/28 23:00:10.727100 未中奖
2026/05/28 23:00:10.727100 未中奖
2026/05/28 23:00:10.727100 未中奖
2026/05/28 23:00:10.727100 未中奖
2026/05/28 23:00:10.727100 未中奖
2026/05/28 23:00:10.727100 未中奖
2026/05/28 23:00:10.727100 未中奖
2026/05/28 23:00:10.727100 未中奖
2026/05/28 23:00:10.727100 未中奖
2026/05/28 23:00:10.727100 未中奖
2026/05/28 23:00:10.727100 中奖：三等奖
2026/05/28 23:00:10.727100 未中奖
2026/05/28 23:00:10.727100 中奖：二等奖
2026/05/28 23:00:10.727100 未中奖
2026/05/28 23:00:10.727100 未中奖
2026/05/28 23:00:10.727100 中奖：二等奖
2026/05/28 23:00:10.727100 未中奖
2026/05/28 23:00:10.727100 未中奖
2026/05/28 23:00:10.727100 中奖：三等奖
2026/05/28 23:00:10.727100 中奖：三等奖
2026/05/28 23:00:10.727100 未中奖
2026/05/28 23:00:10.727100 未中奖
2026/05/28 23:00:10.727100 未中奖
2026/05/28 23:00:10.727100 未中奖
2026/05/28 23:00:10.727100 未中奖
2026/05/28 23:00:10.727100 未中奖
2026/05/28 23:00:10.727100 中奖：一等奖
2026/05/28 23:00:10.727100 未中奖
2026/05/28 23:00:10.727100 未中奖
2026/05/28 23:00:10.727100 中奖：二等奖
2026/05/28 23:00:10.727100 未中奖
2026/05/28 23:00:10.727100 未中奖
2026/05/28 23:00:10.727100 未中奖
2026/05/28 23:00:10.727100 未中奖
2026/05/28 23:00:10.727100 未中奖
2026/05/28 23:00:10.727100 未中奖
2026/05/28 23:00:10.727100 中奖：三等奖
2026/05/28 23:00:10.727100 未中奖
2026/05/28 23:00:10.727100 未中奖
2026/05/28 23:00:10.727100 未中奖
2026/05/28 23:00:10.727100 未中奖
2026/05/28 23:00:10.727100 未中奖
2026/05/28 23:00:10.727100 未中奖
2026/05/28 23:00:10.727100 中奖：三等奖
2026/05/28 23:00:10.727100 未中奖
2026/05/28 23:00:10.727100 未中奖
2026/05/28 23:00:10.727100 中奖：二等奖
2026/05/28 23:00:10.727100 未中奖
2026/05/28 23:00:10.727100 未中奖
2026/05/28 23:00:10.727100 中奖：三等奖
2026/05/28 23:00:10.727100 未中奖
2026/05/28 23:00:10.727100 未中奖
2026/05/28 23:00:10.727100 中奖：三等奖
2026/05/28 23:00:10.727100 未中奖
2026/05/28 23:00:10.727100 未中奖
2026/05/28 23:00:10.727100 未中奖
2026/05/28 23:00:10.727100 未中奖
2026/05/28 23:00:10.727100 未中奖
2026/05/28 23:00:10.727100 未中奖
2026/05/28 23:00:10.727100 中奖：二等奖
2026/05/28 23:00:10.727100 未中奖
2026/05/28 23:00:10.727100 中奖：二等奖
2026/05/28 23:00:10.727100 未中奖
2026/05/28 23:00:10.727100 未中奖
2026/05/28 23:00:10.727100 未中奖
2026/05/28 23:00:10.727100 未中奖
2026/05/28 23:00:10.727100 未中奖
2026/05/28 23:00:10.727100 未中奖
2026/05/28 23:00:10.727100 未中奖
2026/05/28 23:00:10.727100 未中奖
2026/05/28 23:00:10.727100 未中奖
2026/05/28 23:00:10.727100 未中奖
2026/05/28 23:00:10.727100 未中奖
2026/05/28 23:00:10.727628 中奖：一等奖
2026/05/28 23:00:10.727628 未中奖
2026/05/28 23:00:10.727628 未中奖
2026/05/28 23:00:10.727628 未中奖
2026/05/28 23:00:10.727628 未中奖
2026/05/28 23:00:10.727628 未中奖
2026/05/28 23:00:10.727628 未中奖
2026/05/28 23:00:10.727628 未中奖
2026/05/28 23:00:10.727628 未中奖
2026/05/28 23:00:10.727628 未中奖
2026/05/28 23:00:10.727628 未中奖
2026/05/28 23:00:10.727628 未中奖
2026/05/28 23:00:10.727628 未中奖
2026/05/28 23:00:10.727628 未中奖
2026/05/28 23:00:10.727628 中奖：三等奖
2026/05/28 23:00:10.727628 未中奖
2026/05/28 23:00:10.727628 未中奖
2026/05/28 23:00:10.727628 未中奖
2026/05/28 23:00:10.727628 未中奖
2026/05/28 23:00:10.727628 未中奖
2026/05/28 23:00:10.727628 未中奖
2026/05/28 23:00:10.727628 未中奖
2026/05/28 23:00:10.727628 未中奖
2026/05/28 23:00:10.727628 未中奖
2026/05/28 23:00:10.727628 未中奖
2026/05/28 23:00:10.727628 未中奖
2026/05/28 23:00:10.727628 未中奖
2026/05/28 23:00:10.727628 未中奖
2026/05/28 23:00:10.727628 未中奖
2026/05/28 23:00:10.727628 未中奖
2026/05/28 23:00:10.727628 未中奖
2026/05/28 23:00:10.727628 未中奖
2026/05/28 23:00:10.727628 未中奖
2026/05/28 23:00:10.727628 未中奖
2026/05/28 23:00:10.727628 未中奖
2026/05/28 23:00:10.727628 中奖：三等奖
2026/05/28 23:00:10.727628 未中奖
2026/05/28 23:00:10.727628 未中奖
2026/05/28 23:00:10.727628 未中奖
2026/05/28 23:00:10.727628 未中奖
2026/05/28 23:00:10.727628 未中奖
2026/05/28 23:00:10.727628 中奖：三等奖
2026/05/28 23:00:10.727628 未中奖
2026/05/28 23:00:10.727628 未中奖
2026/05/28 23:00:10.727628 未中奖
2026/05/28 23:00:10.727628 未中奖
2026/05/28 23:00:10.727628 未中奖
2026/05/28 23:00:10.727628 未中奖
2026/05/28 23:00:10.727628 未中奖
2026/05/28 23:00:10.727628 未中奖
2026/05/28 23:00:10.727628 未中奖
2026/05/28 23:00:10.727628 未中奖
2026/05/28 23:00:10.727628 未中奖
2026/05/28 23:00:10.727628 中奖：二等奖
2026/05/28 23:00:10.727628 未中奖
2026/05/28 23:00:10.727628 未中奖
2026/05/28 23:00:10.727628 未中奖
2026/05/28 23:00:10.727628 未中奖
2026/05/28 23:00:10.727628 未中奖
2026/05/28 23:00:10.727628 未中奖
2026/05/28 23:00:10.727628 中奖：三等奖
2026/05/28 23:00:10.727628 未中奖
2026/05/28 23:00:10.727628 奖品已发完
2026/05/28 23:00:10.727628 未中奖
2026/05/28 23:00:10.727628 未中奖
2026/05/28 23:00:10.727628 未中奖
2026/05/28 23:00:10.727628 奖品已发完
2026/05/28 23:00:10.727628 未中奖
2026/05/28 23:00:10.727628 未中奖
2026/05/28 23:00:10.727628 未中奖
2026/05/28 23:00:10.727628 未中奖
2026/05/28 23:00:10.727628 未中奖
2026/05/28 23:00:10.727628 奖品已发完
2026/05/28 23:00:10.727628 未中奖
2026/05/28 23:00:10.727628 未中奖
2026/05/28 23:00:10.728149 未中奖
2026/05/28 23:00:10.728149 中奖：一等奖
2026/05/28 23:00:10.728149 未中奖
2026/05/28 23:00:10.728149 未中奖
2026/05/28 23:00:10.728149 未中奖
2026/05/28 23:00:10.728149 未中奖
2026/05/28 23:00:10.728149 未中奖
2026/05/28 23:00:10.728149 未中奖
2026/05/28 23:00:10.728149 未中奖
2026/05/28 23:00:10.728149 未中奖
2026/05/28 23:00:10.728149 中奖：三等奖
2026/05/28 23:00:10.728149 未中奖
2026/05/28 23:00:10.728149 未中奖
2026/05/28 23:00:10.728149 未中奖
2026/05/28 23:00:10.728149 未中奖
2026/05/28 23:00:10.728149 未中奖
2026/05/28 23:00:10.728149 未中奖
2026/05/28 23:00:10.728149 未中奖
2026/05/28 23:00:10.728149 未中奖
2026/05/28 23:00:10.728149 未中奖
2026/05/28 23:00:10.728149 未中奖
2026/05/28 23:00:10.728149 未中奖
2026/05/28 23:00:10.728149 未中奖
2026/05/28 23:00:10.728149 未中奖
2026/05/28 23:00:10.728149 未中奖
2026/05/28 23:00:10.728149 未中奖
2026/05/28 23:00:10.728149 未中奖
2026/05/28 23:00:10.728149 未中奖
2026/05/28 23:00:10.728149 未中奖
2026/05/28 23:00:10.728149 中奖：三等奖
2026/05/28 23:00:10.728149 未中奖
2026/05/28 23:00:10.728149 未中奖
2026/05/28 23:00:10.728149 未中奖
2026/05/28 23:00:10.728149 未中奖
2026/05/28 23:00:10.728149 未中奖
2026/05/28 23:00:10.728149 未中奖
2026/05/28 23:00:10.728149 未中奖
2026/05/28 23:00:10.728149 中奖：三等奖
2026/05/28 23:00:10.728149 中奖：一等奖
2026/05/28 23:00:10.728149 未中奖
2026/05/28 23:00:10.728149 中奖：三等奖
2026/05/28 23:00:10.728149 未中奖
2026/05/28 23:00:10.728149 未中奖
2026/05/28 23:00:10.728149 未中奖
2026/05/28 23:00:10.728149 未中奖
2026/05/28 23:00:10.728149 未中奖
2026/05/28 23:00:10.728149 未中奖
2026/05/28 23:00:10.728149 中奖：三等奖
2026/05/28 23:00:10.728149 中奖：三等奖
2026/05/28 23:00:10.728149 未中奖
2026/05/28 23:00:10.728149 未中奖
2026/05/28 23:00:10.728149 未中奖
2026/05/28 23:00:10.728149 中奖：三等奖
2026/05/28 23:00:10.728149 未中奖
2026/05/28 23:00:10.728149 未中奖
2026/05/28 23:00:10.728149 未中奖
2026/05/28 23:00:10.728149 未中奖
2026/05/28 23:00:10.728149 中奖：三等奖
2026/05/28 23:00:10.728149 未中奖
2026/05/28 23:00:10.728149 未中奖
2026/05/28 23:00:10.728149 未中奖
2026/05/28 23:00:10.728149 未中奖
2026/05/28 23:00:10.728149 未中奖
2026/05/28 23:00:10.728149 未中奖
2026/05/28 23:00:10.728149 未中奖
2026/05/28 23:00:10.728149 未中奖
2026/05/28 23:00:10.728149 未中奖
2026/05/28 23:00:10.728149 未中奖
2026/05/28 23:00:10.728149 未中奖
2026/05/28 23:00:10.728149 奖品已发完
2026/05/28 23:00:10.728149 中奖：三等奖
2026/05/28 23:00:10.728149 未中奖
2026/05/28 23:00:10.728149 奖品已发完
2026/05/28 23:00:10.728149 未中奖
2026/05/28 23:00:10.728149 未中奖
2026/05/28 23:00:10.728149 未中奖
2026/05/28 23:00:10.728149 未中奖
2026/05/28 23:00:10.728149 未中奖
2026/05/28 23:00:10.728674 未中奖
2026/05/28 23:00:10.728674 未中奖
2026/05/28 23:00:10.728674 未中奖
2026/05/28 23:00:10.728674 未中奖
2026/05/28 23:00:10.728674 未中奖
2026/05/28 23:00:10.728674 中奖：三等奖
2026/05/28 23:00:10.728674 未中奖
2026/05/28 23:00:10.728674 未中奖
2026/05/28 23:00:10.728674 中奖：三等奖
2026/05/28 23:00:10.728674 未中奖
2026/05/28 23:00:10.728674 未中奖
2026/05/28 23:00:10.728674 未中奖
2026/05/28 23:00:10.728674 未中奖
2026/05/28 23:00:10.728674 未中奖
2026/05/28 23:00:10.728674 未中奖
2026/05/28 23:00:10.728674 未中奖
2026/05/28 23:00:10.728674 未中奖
2026/05/28 23:00:10.728674 未中奖
2026/05/28 23:00:10.728674 中奖：三等奖
2026/05/28 23:00:10.728674 未中奖
2026/05/28 23:00:10.728674 未中奖
2026/05/28 23:00:10.728674 中奖：三等奖
2026/05/28 23:00:10.728674 未中奖
2026/05/28 23:00:10.728674 未中奖
2026/05/28 23:00:10.728674 未中奖
2026/05/28 23:00:10.728674 未中奖
2026/05/28 23:00:10.728674 未中奖
2026/05/28 23:00:10.728674 未中奖
2026/05/28 23:00:10.728674 中奖：三等奖
2026/05/28 23:00:10.728674 未中奖
2026/05/28 23:00:10.728674 未中奖
2026/05/28 23:00:10.728674 未中奖
2026/05/28 23:00:10.728674 未中奖
2026/05/28 23:00:10.728674 未中奖
2026/05/28 23:00:10.728674 中奖：三等奖
2026/05/28 23:00:10.728674 未中奖
2026/05/28 23:00:10.728674 未中奖
2026/05/28 23:00:10.728674 未中奖
2026/05/28 23:00:10.728674 未中奖
2026/05/28 23:00:10.728674 未中奖
2026/05/28 23:00:10.728674 未中奖
2026/05/28 23:00:10.728674 中奖：三等奖
2026/05/28 23:00:10.728674 未中奖
2026/05/28 23:00:10.728674 未中奖
2026/05/28 23:00:10.728674 未中奖
2026/05/28 23:00:10.728674 未中奖
2026/05/28 23:00:10.728674 未中奖
2026/05/28 23:00:10.728674 未中奖
2026/05/28 23:00:10.728674 未中奖
2026/05/28 23:00:10.728674 中奖：三等奖
2026/05/28 23:00:10.728674 未中奖
2026/05/28 23:00:10.728674 未中奖
2026/05/28 23:00:10.728674 未中奖
2026/05/28 23:00:10.728674 未中奖
2026/05/28 23:00:10.728674 中奖：三等奖
2026/05/28 23:00:10.729190 未中奖
2026/05/28 23:00:10.729190 未中奖
2026/05/28 23:00:10.729190 奖品已发完
2026/05/28 23:00:10.729190 未中奖
2026/05/28 23:00:10.729190 未中奖
2026/05/28 23:00:10.729190 未中奖
2026/05/28 23:00:10.729190 未中奖
2026/05/28 23:00:10.729190 中奖：三等奖
2026/05/28 23:00:10.729190 未中奖
2026/05/28 23:00:10.729190 未中奖
2026/05/28 23:00:10.729190 未中奖
2026/05/28 23:00:10.729190 未中奖
2026/05/28 23:00:10.729190 未中奖
2026/05/28 23:00:10.729190 未中奖
2026/05/28 23:00:10.729190 未中奖
2026/05/28 23:00:10.729190 未中奖
2026/05/28 23:00:10.729190 未中奖
2026/05/28 23:00:10.729190 未中奖
2026/05/28 23:00:10.729190 未中奖
2026/05/28 23:00:10.729190 未中奖
2026/05/28 23:00:10.729190 未中奖
2026/05/28 23:00:10.729190 未中奖
2026/05/28 23:00:10.729190 未中奖
2026/05/28 23:00:10.729190 未中奖
2026/05/28 23:00:10.729190 未中奖
2026/05/28 23:00:10.729190 未中奖
2026/05/28 23:00:10.729190 未中奖
2026/05/28 23:00:10.729190 未中奖
2026/05/28 23:00:10.729190 中奖：三等奖
2026/05/28 23:00:10.729190 未中奖
2026/05/28 23:00:10.729190 中奖：三等奖
2026/05/28 23:00:10.729190 未中奖
2026/05/28 23:00:10.729190 未中奖
2026/05/28 23:00:10.729190 未中奖
2026/05/28 23:00:10.729190 未中奖
2026/05/28 23:00:10.729190 未中奖
2026/05/28 23:00:10.729190 未中奖
2026/05/28 23:00:10.729190 未中奖
2026/05/28 23:00:10.729190 未中奖
2026/05/28 23:00:10.729714 未中奖
2026/05/28 23:00:10.729714 未中奖
2026/05/28 23:00:10.729714 未中奖
2026/05/28 23:00:10.729714 未中奖
2026/05/28 23:00:10.729714 未中奖
2026/05/28 23:00:10.729714 未中奖
2026/05/28 23:00:10.729714 未中奖
2026/05/28 23:00:10.729714 未中奖
2026/05/28 23:00:10.729714 未中奖
2026/05/28 23:00:10.729714 未中奖
2026/05/28 23:00:10.729714 未中奖
2026/05/28 23:00:10.729714 未中奖
2026/05/28 23:00:10.729714 奖品已发完
2026/05/28 23:00:10.729714 未中奖
2026/05/28 23:00:10.729714 未中奖
2026/05/28 23:00:10.729714 未中奖
2026/05/28 23:00:10.729714 未中奖
2026/05/28 23:00:10.729714 未中奖
2026/05/28 23:00:10.729714 中奖：三等奖
2026/05/28 23:00:10.729714 未中奖
2026/05/28 23:00:10.729714 未中奖
2026/05/28 23:00:10.729714 未中奖
2026/05/28 23:00:10.729714 奖品已发完
2026/05/28 23:00:10.729714 未中奖
2026/05/28 23:00:10.729714 未中奖
2026/05/28 23:00:10.729714 未中奖
2026/05/28 23:00:10.729714 奖品已发完
2026/05/28 23:00:10.729714 未中奖
2026/05/28 23:00:10.729714 未中奖
2026/05/28 23:00:10.729714 中奖：三等奖
2026/05/28 23:00:10.729714 未中奖
2026/05/28 23:00:10.729714 未中奖
2026/05/28 23:00:10.729714 未中奖
2026/05/28 23:00:10.729714 未中奖
2026/05/28 23:00:10.729714 未中奖
2026/05/28 23:00:10.729714 未中奖
2026/05/28 23:00:10.729714 未中奖
2026/05/28 23:00:10.729714 未中奖
2026/05/28 23:00:10.729714 未中奖
2026/05/28 23:00:10.729714 未中奖
2026/05/28 23:00:10.729714 未中奖
2026/05/28 23:00:10.729714 未中奖
2026/05/28 23:00:10.729714 未中奖
2026/05/28 23:00:10.729714 未中奖
2026/05/28 23:00:10.729714 未中奖
2026/05/28 23:00:10.729714 未中奖
2026/05/28 23:00:10.729714 未中奖
2026/05/28 23:00:10.729714 中奖：三等奖
2026/05/28 23:00:10.730260 未中奖
2026/05/28 23:00:10.730260 未中奖
2026/05/28 23:00:10.730260 未中奖
2026/05/28 23:00:10.730260 中奖：三等奖
2026/05/28 23:00:10.730260 未中奖
2026/05/28 23:00:10.730260 未中奖
2026/05/28 23:00:10.730260 未中奖
2026/05/28 23:00:10.730260 未中奖
2026/05/28 23:00:10.730260 未中奖
2026/05/28 23:00:10.730260 未中奖
2026/05/28 23:00:10.730260 未中奖
2026/05/28 23:00:10.730260 未中奖
2026/05/28 23:00:10.730260 中奖：三等奖
2026/05/28 23:00:10.730260 中奖：三等奖
2026/05/28 23:00:10.730260 未中奖
2026/05/28 23:00:10.730260 未中奖
2026/05/28 23:00:10.730260 未中奖
2026/05/28 23:00:10.730260 未中奖
2026/05/28 23:00:10.730260 未中奖
2026/05/28 23:00:10.730260 奖品已发完
2026/05/28 23:00:10.730260 未中奖
2026/05/28 23:00:10.730787 未中奖
2026/05/28 23:00:10.730787 未中奖
2026/05/28 23:00:10.731315 未中奖
2026/05/28 23:00:10.731315 未中奖
2026/05/28 23:00:10.731315 未中奖
2026/05/28 23:00:10.731315 未中奖
2026/05/28 23:00:10.731315 未中奖
2026/05/28 23:00:10.731315 未中奖
2026/05/28 23:00:10.731315 未中奖
2026/05/28 23:00:10.731315 未中奖
2026/05/28 23:00:10.731315 中奖：三等奖
2026/05/28 23:00:10.731315 未中奖
2026/05/28 23:00:10.731315 未中奖
2026/05/28 23:00:10.731315 未中奖
2026/05/28 23:00:10.731315 未中奖
2026/05/28 23:00:10.731315 未中奖
2026/05/28 23:00:10.731315 未中奖
2026/05/28 23:00:10.731315 奖品已发完
2026/05/28 23:00:10.731315 中奖：三等奖
2026/05/28 23:00:10.731315 未中奖
2026/05/28 23:00:10.731315 未中奖
2026/05/28 23:00:10.731315 未中奖
2026/05/28 23:00:10.731315 未中奖
2026/05/28 23:00:10.731315 未中奖
2026/05/28 23:00:10.731315 未中奖
2026/05/28 23:00:10.731315 未中奖
2026/05/28 23:00:10.731315 未中奖
2026/05/28 23:00:10.731315 未中奖
2026/05/28 23:00:10.731315 未中奖
2026/05/28 23:00:10.731315 未中奖
2026/05/28 23:00:10.731315 未中奖
2026/05/28 23:00:10.731315 未中奖
2026/05/28 23:00:10.731315 未中奖
2026/05/28 23:00:10.731315 未中奖
2026/05/28 23:00:10.731315 未中奖
2026/05/28 23:00:10.731315 未中奖
2026/05/28 23:00:10.731315 未中奖
2026/05/28 23:00:10.731315 未中奖
2026/05/28 23:00:10.731315 未中奖
2026/05/28 23:00:10.731315 奖品已发完
2026/05/28 23:00:10.731315 未中奖
2026/05/28 23:00:10.731315 未中奖
2026/05/28 23:00:10.731315 未中奖
2026/05/28 23:00:10.731872 未中奖
2026/05/28 23:00:10.731872 未中奖
2026/05/28 23:00:10.731872 未中奖
2026/05/28 23:00:10.731872 未中奖
2026/05/28 23:00:10.731872 未中奖
2026/05/28 23:00:10.731872 未中奖
2026/05/28 23:00:10.731872 未中奖
2026/05/28 23:00:10.731872 未中奖
2026/05/28 23:00:10.731872 未中奖
2026/05/28 23:00:10.731872 未中奖
2026/05/28 23:00:10.731872 未中奖
2026/05/28 23:00:10.731872 未中奖
2026/05/28 23:00:10.731872 未中奖
2026/05/28 23:00:10.731872 未中奖
2026/05/28 23:00:10.731872 未中奖
2026/05/28 23:00:10.731872 未中奖
2026/05/28 23:00:10.731872 未中奖
2026/05/28 23:00:10.731872 未中奖
2026/05/28 23:00:10.731872 未中奖
2026/05/28 23:00:10.731872 未中奖
2026/05/28 23:00:10.731872 未中奖
2026/05/28 23:00:10.731872 未中奖
2026/05/28 23:00:10.731872 未中奖
2026/05/28 23:00:10.731872 未中奖
2026/05/28 23:00:10.731872 未中奖
2026/05/28 23:00:10.731872 未中奖
2026/05/28 23:00:10.731872 未中奖
2026/05/28 23:00:10.731872 未中奖
2026/05/28 23:00:10.731872 未中奖
2026/05/28 23:00:10.731872 未中奖
2026/05/28 23:00:10.731872 未中奖
2026/05/28 23:00:10.731872 未中奖
2026/05/28 23:00:10.731872 未中奖
2026/05/28 23:00:10.731872 未中奖
2026/05/28 23:00:10.731872 奖品已发完
2026/05/28 23:00:10.731872 未中奖
2026/05/28 23:00:10.731872 未中奖
2026/05/28 23:00:10.731872 未中奖
2026/05/28 23:00:10.731872 未中奖
2026/05/28 23:00:10.731872 未中奖
2026/05/28 23:00:10.731872 未中奖
2026/05/28 23:00:10.731872 未中奖
2026/05/28 23:00:10.732397 未中奖
2026/05/28 23:00:10.732397 未中奖
2026/05/28 23:00:10.732397 未中奖
2026/05/28 23:00:10.732397 未中奖
2026/05/28 23:00:10.732397 未中奖
2026/05/28 23:00:10.732397 未中奖
2026/05/28 23:00:10.732397 未中奖
2026/05/28 23:00:10.732397 未中奖
2026/05/28 23:00:10.732397 未中奖
2026/05/28 23:00:10.732397 未中奖
2026/05/28 23:00:10.732397 未中奖
2026/05/28 23:00:10.732397 未中奖
2026/05/28 23:00:10.732397 未中奖
2026/05/28 23:00:10.732397 中奖：三等奖
2026/05/28 23:00:10.732397 未中奖
2026/05/28 23:00:10.732397 奖品已发完
2026/05/28 23:00:10.732397 未中奖
2026/05/28 23:00:10.732397 未中奖
2026/05/28 23:00:10.732397 未中奖
2026/05/28 23:00:10.732397 未中奖
2026/05/28 23:00:10.732397 未中奖
2026/05/28 23:00:10.732397 奖品已发完
2026/05/28 23:00:10.732397 未中奖
2026/05/28 23:00:10.732397 未中奖
2026/05/28 23:00:10.732397 未中奖
2026/05/28 23:00:10.732397 未中奖
2026/05/28 23:00:10.732397 未中奖
2026/05/28 23:00:10.732397 未中奖
2026/05/28 23:00:10.732397 未中奖
2026/05/28 23:00:10.732397 未中奖
2026/05/28 23:00:10.732397 未中奖
2026/05/28 23:00:10.732397 未中奖
2026/05/28 23:00:10.732397 未中奖
2026/05/28 23:00:10.732920 未中奖
2026/05/28 23:00:10.732920 未中奖
2026/05/28 23:00:10.732920 未中奖
2026/05/28 23:00:10.732920 未中奖
2026/05/28 23:00:10.732920 未中奖
2026/05/28 23:00:10.732920 未中奖
2026/05/28 23:00:10.732920 奖品已发完
2026/05/28 23:00:10.732920 未中奖
2026/05/28 23:00:10.732920 未中奖
2026/05/28 23:00:10.732920 未中奖
2026/05/28 23:00:10.732920 未中奖
2026/05/28 23:00:10.732920 未中奖
2026/05/28 23:00:10.732920 未中奖
2026/05/28 23:00:10.732920 未中奖
2026/05/28 23:00:10.732920 未中奖
2026/05/28 23:00:10.732920 未中奖
2026/05/28 23:00:10.732920 未中奖
2026/05/28 23:00:10.732920 未中奖
2026/05/28 23:00:10.732920 中奖：三等奖
2026/05/28 23:00:10.732920 未中奖
2026/05/28 23:00:10.732920 奖品已发完
2026/05/28 23:00:10.732920 中奖：三等奖
2026/05/28 23:00:10.732920 未中奖
2026/05/28 23:00:10.732920 未中奖
2026/05/28 23:00:10.732920 未中奖
2026/05/28 23:00:10.732920 未中奖
2026/05/28 23:00:10.732920 未中奖
2026/05/28 23:00:10.732920 未中奖
2026/05/28 23:00:10.732920 未中奖
2026/05/28 23:00:10.732920 未中奖
2026/05/28 23:00:10.732920 未中奖
2026/05/28 23:00:10.732920 未中奖
2026/05/28 23:00:10.732920 未中奖
2026/05/28 23:00:10.732920 未中奖
2026/05/28 23:00:10.732920 未中奖
2026/05/28 23:00:10.733441 未中奖
2026/05/28 23:00:10.733441 中奖：三等奖
2026/05/28 23:00:10.733441 未中奖
2026/05/28 23:00:10.733441 中奖：三等奖
2026/05/28 23:00:10.733441 中奖：三等奖
2026/05/28 23:00:10.733441 未中奖
2026/05/28 23:00:10.733441 未中奖
2026/05/28 23:00:10.733441 未中奖
2026/05/28 23:00:10.733441 未中奖
2026/05/28 23:00:10.733441 未中奖
2026/05/28 23:00:10.733441 未中奖
2026/05/28 23:00:10.733441 未中奖
2026/05/28 23:00:10.733441 未中奖
2026/05/28 23:00:10.733441 未中奖
2026/05/28 23:00:10.733441 未中奖
2026/05/28 23:00:10.733441 未中奖
2026/05/28 23:00:10.733441 未中奖
2026/05/28 23:00:10.733441 未中奖
2026/05/28 23:00:10.733441 未中奖
2026/05/28 23:00:10.733441 未中奖
2026/05/28 23:00:10.733441 未中奖
2026/05/28 23:00:10.733441 奖品已发完
2026/05/28 23:00:10.733441 未中奖
2026/05/28 23:00:10.733441 未中奖
2026/05/28 23:00:10.733441 未中奖
2026/05/28 23:00:10.733441 未中奖
2026/05/28 23:00:10.733441 未中奖
2026/05/28 23:00:10.733441 未中奖
2026/05/28 23:00:10.733441 未中奖
2026/05/28 23:00:10.733441 未中奖
2026/05/28 23:00:10.733441 中奖：三等奖
2026/05/28 23:00:10.733441 未中奖
2026/05/28 23:00:10.733978 未中奖
2026/05/28 23:00:10.733978 未中奖
2026/05/28 23:00:10.733978 未中奖
2026/05/28 23:00:10.733978 未中奖
2026/05/28 23:00:10.733978 未中奖
2026/05/28 23:00:10.733978 未中奖
2026/05/28 23:00:10.733978 未中奖
2026/05/28 23:00:10.733978 奖品已发完
2026/05/28 23:00:10.733978 未中奖
2026/05/28 23:00:10.733978 未中奖
2026/05/28 23:00:10.733978 未中奖
2026/05/28 23:00:10.733978 未中奖
2026/05/28 23:00:10.733978 未中奖
2026/05/28 23:00:10.733978 未中奖
2026/05/28 23:00:10.733978 未中奖
2026/05/28 23:00:10.733978 未中奖
2026/05/28 23:00:10.733978 未中奖
2026/05/28 23:00:10.733978 未中奖
2026/05/28 23:00:10.733978 未中奖
2026/05/28 23:00:10.733978 未中奖
2026/05/28 23:00:10.733978 未中奖
2026/05/28 23:00:10.733978 未中奖
2026/05/28 23:00:10.733978 未中奖
2026/05/28 23:00:10.733978 未中奖
2026/05/28 23:00:10.733978 中奖：三等奖
2026/05/28 23:00:10.733978 未中奖
2026/05/28 23:00:10.733978 未中奖
2026/05/28 23:00:10.733978 奖品已发完
2026/05/28 23:00:10.734502 中奖：三等奖
2026/05/28 23:00:10.734502 未中奖
2026/05/28 23:00:10.734502 未中奖
2026/05/28 23:00:10.734502 中奖：三等奖
2026/05/28 23:00:10.734502 未中奖
2026/05/28 23:00:10.734502 未中奖
2026/05/28 23:00:10.734502 未中奖
2026/05/28 23:00:10.734502 未中奖
2026/05/28 23:00:10.734502 未中奖
2026/05/28 23:00:10.734502 未中奖
2026/05/28 23:00:10.734502 未中奖
2026/05/28 23:00:10.734502 未中奖
2026/05/28 23:00:10.734502 未中奖
2026/05/28 23:00:10.734502 未中奖
2026/05/28 23:00:10.734502 未中奖
2026/05/28 23:00:10.734502 未中奖
2026/05/28 23:00:10.734502 中奖：三等奖
2026/05/28 23:00:10.734502 未中奖
2026/05/28 23:00:10.734502 未中奖
2026/05/28 23:00:10.734502 未中奖
2026/05/28 23:00:10.734502 未中奖
2026/05/28 23:00:10.734502 未中奖
2026/05/28 23:00:10.734502 未中奖
2026/05/28 23:00:10.734502 中奖：三等奖
2026/05/28 23:00:10.734502 未中奖
2026/05/28 23:00:10.734502 未中奖
2026/05/28 23:00:10.734502 未中奖
2026/05/28 23:00:10.734502 未中奖
2026/05/28 23:00:10.734502 未中奖
2026/05/28 23:00:10.734502 未中奖
2026/05/28 23:00:10.735013 未中奖
2026/05/28 23:00:10.735013 未中奖
2026/05/28 23:00:10.735013 未中奖
2026/05/28 23:00:10.735013 未中奖
2026/05/28 23:00:10.735013 未中奖
2026/05/28 23:00:10.735013 奖品已发完
2026/05/28 23:00:10.735013 未中奖
2026/05/28 23:00:10.735013 未中奖
2026/05/28 23:00:10.735013 中奖：三等奖
2026/05/28 23:00:10.735013 未中奖
2026/05/28 23:00:10.735013 未中奖
2026/05/28 23:00:10.735013 未中奖
2026/05/28 23:00:10.735013 未中奖
2026/05/28 23:00:10.735013 中奖：三等奖
2026/05/28 23:00:10.735013 中奖：三等奖
2026/05/28 23:00:10.735013 未中奖
2026/05/28 23:00:10.735013 未中奖
2026/05/28 23:00:10.735013 未中奖
2026/05/28 23:00:10.735013 未中奖
2026/05/28 23:00:10.735013 中奖：三等奖
2026/05/28 23:00:10.735013 未中奖
2026/05/28 23:00:10.735013 中奖：三等奖
2026/05/28 23:00:10.735013 未中奖
2026/05/28 23:00:10.735013 未中奖
2026/05/28 23:00:10.735013 未中奖
2026/05/28 23:00:10.735013 未中奖
2026/05/28 23:00:10.735013 未中奖
2026/05/28 23:00:10.735013 未中奖
2026/05/28 23:00:10.735013 未中奖
2026/05/28 23:00:10.735555 未中奖
2026/05/28 23:00:10.735555 未中奖
2026/05/28 23:00:10.735555 未中奖
2026/05/28 23:00:10.735555 未中奖
2026/05/28 23:00:10.735555 未中奖
2026/05/28 23:00:10.735555 未中奖
2026/05/28 23:00:10.735555 未中奖
2026/05/28 23:00:10.735555 未中奖
2026/05/28 23:00:10.735555 未中奖
2026/05/28 23:00:10.735555 未中奖
2026/05/28 23:00:10.735555 未中奖
2026/05/28 23:00:10.735555 未中奖
2026/05/28 23:00:10.735555 未中奖
2026/05/28 23:00:10.735555 未中奖
2026/05/28 23:00:10.735555 未中奖
2026/05/28 23:00:10.735555 未中奖
2026/05/28 23:00:10.735555 未中奖
2026/05/28 23:00:10.735555 中奖：三等奖
2026/05/28 23:00:10.735555 未中奖
2026/05/28 23:00:10.735555 未中奖
2026/05/28 23:00:10.735555 未中奖
2026/05/28 23:00:10.735555 未中奖
2026/05/28 23:00:10.735555 未中奖
2026/05/28 23:00:10.735555 未中奖
2026/05/28 23:00:10.735555 奖品已发完
2026/05/28 23:00:10.735555 未中奖
2026/05/28 23:00:10.735555 未中奖
2026/05/28 23:00:10.735555 未中奖
2026/05/28 23:00:10.736084 未中奖
2026/05/28 23:00:10.736084 未中奖
2026/05/28 23:00:10.736084 未中奖
2026/05/28 23:00:10.736084 未中奖
2026/05/28 23:00:10.736084 未中奖
2026/05/28 23:00:10.736084 未中奖
2026/05/28 23:00:10.736084 未中奖
2026/05/28 23:00:10.736084 未中奖
2026/05/28 23:00:10.736084 未中奖
2026/05/28 23:00:10.736084 未中奖
2026/05/28 23:00:10.736084 未中奖
2026/05/28 23:00:10.736084 中奖：三等奖
2026/05/28 23:00:10.736084 未中奖
2026/05/28 23:00:10.736084 未中奖
2026/05/28 23:00:10.736084 未中奖
2026/05/28 23:00:10.736084 未中奖
2026/05/28 23:00:10.736084 未中奖
2026/05/28 23:00:10.736084 未中奖
2026/05/28 23:00:10.736084 未中奖
2026/05/28 23:00:10.736084 未中奖
2026/05/28 23:00:10.736084 奖品已发完
2026/05/28 23:00:10.736084 未中奖
2026/05/28 23:00:10.736084 未中奖
2026/05/28 23:00:10.736084 未中奖
2026/05/28 23:00:10.736084 未中奖
2026/05/28 23:00:10.736084 未中奖
2026/05/28 23:00:10.736084 未中奖
2026/05/28 23:00:10.736608 未中奖
2026/05/28 23:00:10.736608 未中奖
2026/05/28 23:00:10.736608 未中奖
2026/05/28 23:00:10.736608 未中奖
2026/05/28 23:00:10.736608 未中奖
2026/05/28 23:00:10.736608 未中奖
2026/05/28 23:00:10.736608 未中奖
2026/05/28 23:00:10.736608 未中奖
2026/05/28 23:00:10.736608 未中奖
2026/05/28 23:00:10.736608 未中奖
2026/05/28 23:00:10.736608 中奖：三等奖
2026/05/28 23:00:10.736608 未中奖
2026/05/28 23:00:10.736608 未中奖
2026/05/28 23:00:10.736608 未中奖
2026/05/28 23:00:10.736608 未中奖
2026/05/28 23:00:10.736608 未中奖
2026/05/28 23:00:10.736608 未中奖
2026/05/28 23:00:10.736608 未中奖
2026/05/28 23:00:10.736608 未中奖
2026/05/28 23:00:10.736608 未中奖
2026/05/28 23:00:10.736608 未中奖
2026/05/28 23:00:10.736608 未中奖
2026/05/28 23:00:10.736608 未中奖
2026/05/28 23:00:10.736608 未中奖
2026/05/28 23:00:10.736608 未中奖
2026/05/28 23:00:10.736608 未中奖
2026/05/28 23:00:10.736608 未中奖
2026/05/28 23:00:10.736608 未中奖
2026/05/28 23:00:10.736608 未中奖
2026/05/28 23:00:10.736608 未中奖
2026/05/28 23:00:10.736608 未中奖
2026/05/28 23:00:10.736608 未中奖
2026/05/28 23:00:10.736608 中奖：三等奖
2026/05/28 23:00:10.737129 未中奖
2026/05/28 23:00:10.737129 未中奖
2026/05/28 23:00:10.737129 未中奖
2026/05/28 23:00:10.737129 奖品已发完
2026/05/28 23:00:10.737129 未中奖
2026/05/28 23:00:10.737129 未中奖
2026/05/28 23:00:10.737129 未中奖
2026/05/28 23:00:10.737129 未中奖
2026/05/28 23:00:10.737129 未中奖
2026/05/28 23:00:10.737129 未中奖
2026/05/28 23:00:10.737129 中奖：三等奖
2026/05/28 23:00:10.737129 未中奖
2026/05/28 23:00:10.737129 未中奖
2026/05/28 23:00:10.737129 未中奖
2026/05/28 23:00:10.737129 未中奖
2026/05/28 23:00:10.737129 未中奖
2026/05/28 23:00:10.737129 未中奖
2026/05/28 23:00:10.737129 未中奖
2026/05/28 23:00:10.737129 未中奖
2026/05/28 23:00:10.737129 未中奖
2026/05/28 23:00:10.737129 奖品已发完
2026/05/28 23:00:10.737129 未中奖
2026/05/28 23:00:10.737129 未中奖
2026/05/28 23:00:10.737129 中奖：三等奖
2026/05/28 23:00:10.737129 未中奖
2026/05/28 23:00:10.737129 未中奖
2026/05/28 23:00:10.737129 未中奖
2026/05/28 23:00:10.737129 未中奖
2026/05/28 23:00:10.737129 未中奖
2026/05/28 23:00:10.737129 未中奖
2026/05/28 23:00:10.737129 未中奖
2026/05/28 23:00:10.737129 未中奖
2026/05/28 23:00:10.737647 未中奖
2026/05/28 23:00:10.737647 未中奖
2026/05/28 23:00:10.737647 未中奖
2026/05/28 23:00:10.737647 未中奖
2026/05/28 23:00:10.737647 未中奖
2026/05/28 23:00:10.737647 未中奖
2026/05/28 23:00:10.737647 未中奖
2026/05/28 23:00:10.737647 未中奖
2026/05/28 23:00:10.737647 未中奖
2026/05/28 23:00:10.737647 中奖：三等奖
2026/05/28 23:00:10.737647 未中奖
2026/05/28 23:00:10.737647 未中奖
2026/05/28 23:00:10.737647 未中奖
2026/05/28 23:00:10.737647 未中奖
2026/05/28 23:00:10.737647 未中奖
2026/05/28 23:00:10.737647 中奖：三等奖
2026/05/28 23:00:10.737647 中奖：三等奖
2026/05/28 23:00:10.737647 中奖：三等奖
2026/05/28 23:00:10.737647 未中奖
2026/05/28 23:00:10.737647 未中奖
2026/05/28 23:00:10.737647 未中奖
2026/05/28 23:00:10.737647 未中奖
2026/05/28 23:00:10.737647 未中奖
2026/05/28 23:00:10.737647 未中奖
2026/05/28 23:00:10.737647 未中奖
2026/05/28 23:00:10.737647 奖品已发完
2026/05/28 23:00:10.737647 未中奖
2026/05/28 23:00:10.737647 未中奖
2026/05/28 23:00:10.737647 未中奖
2026/05/28 23:00:10.737647 未中奖
2026/05/28 23:00:10.737647 奖品已发完
2026/05/28 23:00:10.737647 未中奖
2026/05/28 23:00:10.737647 未中奖
2026/05/28 23:00:10.737647 未中奖
2026/05/28 23:00:10.737647 未中奖
2026/05/28 23:00:10.737647 未中奖
2026/05/28 23:00:10.737647 未中奖
2026/05/28 23:00:10.737647 未中奖
2026/05/28 23:00:10.737647 未中奖
2026/05/28 23:00:10.737647 未中奖
2026/05/28 23:00:10.737647 未中奖
2026/05/28 23:00:10.737647 未中奖
2026/05/28 23:00:10.737647 未中奖
2026/05/28 23:00:10.738173 未中奖
2026/05/28 23:00:10.738173 未中奖
2026/05/28 23:00:10.738173 未中奖
2026/05/28 23:00:10.738173 未中奖
2026/05/28 23:00:10.738173 未中奖
2026/05/28 23:00:10.738173 未中奖
2026/05/28 23:00:10.738173 未中奖
2026/05/28 23:00:10.738173 未中奖
2026/05/28 23:00:10.738173 未中奖
2026/05/28 23:00:10.738173 未中奖
2026/05/28 23:00:10.738173 未中奖
2026/05/28 23:00:10.738173 未中奖
2026/05/28 23:00:10.738173 未中奖
2026/05/28 23:00:10.738173 未中奖
2026/05/28 23:00:10.738173 未中奖
2026/05/28 23:00:10.738173 未中奖
2026/05/28 23:00:10.738173 未中奖
2026/05/28 23:00:10.738173 奖品已发完
2026/05/28 23:00:10.738173 未中奖
2026/05/28 23:00:10.738173 未中奖
2026/05/28 23:00:10.738173 未中奖
2026/05/28 23:00:10.738173 未中奖
2026/05/28 23:00:10.738173 未中奖
2026/05/28 23:00:10.738173 未中奖
2026/05/28 23:00:10.738173 未中奖
2026/05/28 23:00:10.738173 未中奖
2026/05/28 23:00:10.738173 未中奖
2026/05/28 23:00:10.738173 未中奖
2026/05/28 23:00:10.738173 未中奖
2026/05/28 23:00:10.738173 未中奖
2026/05/28 23:00:10.738173 未中奖
2026/05/28 23:00:10.738173 中奖：三等奖
2026/05/28 23:00:10.738173 未中奖
2026/05/28 23:00:10.738173 未中奖
2026/05/28 23:00:10.738173 未中奖
2026/05/28 23:00:10.738692 未中奖
2026/05/28 23:00:10.738692 未中奖
2026/05/28 23:00:10.738692 未中奖
2026/05/28 23:00:10.738692 未中奖
2026/05/28 23:00:10.738692 未中奖
2026/05/28 23:00:10.738692 奖品已发完
2026/05/28 23:00:10.738692 未中奖
2026/05/28 23:00:10.738692 未中奖
2026/05/28 23:00:10.738692 未中奖
2026/05/28 23:00:10.738692 未中奖
2026/05/28 23:00:10.738692 未中奖
2026/05/28 23:00:10.738692 未中奖
2026/05/28 23:00:10.738692 未中奖
2026/05/28 23:00:10.738692 未中奖
2026/05/28 23:00:10.738692 未中奖
2026/05/28 23:00:10.738692 未中奖
2026/05/28 23:00:10.738692 中奖：三等奖
2026/05/28 23:00:10.738692 中奖：三等奖
2026/05/28 23:00:10.738692 未中奖
2026/05/28 23:00:10.738692 未中奖
2026/05/28 23:00:10.738692 未中奖
2026/05/28 23:00:10.738692 未中奖
2026/05/28 23:00:10.738692 中奖：三等奖
2026/05/28 23:00:10.738692 未中奖
2026/05/28 23:00:10.738692 未中奖
2026/05/28 23:00:10.738692 未中奖
2026/05/28 23:00:10.738692 中奖：三等奖
2026/05/28 23:00:10.738692 未中奖
2026/05/28 23:00:10.738692 未中奖
2026/05/28 23:00:10.738692 未中奖
2026/05/28 23:00:10.738692 未中奖
2026/05/28 23:00:10.738692 未中奖
2026/05/28 23:00:10.738692 中奖：三等奖
2026/05/28 23:00:10.738692 未中奖
2026/05/28 23:00:10.738692 未中奖
2026/05/28 23:00:10.738692 未中奖
2026/05/28 23:00:10.739216 未中奖
2026/05/28 23:00:10.739216 未中奖
2026/05/28 23:00:10.739216 未中奖
2026/05/28 23:00:10.739216 未中奖
2026/05/28 23:00:10.739216 奖品已发完
2026/05/28 23:00:10.739216 未中奖
2026/05/28 23:00:10.739216 未中奖
2026/05/28 23:00:10.739216 未中奖
2026/05/28 23:00:10.739216 未中奖
2026/05/28 23:00:10.739216 未中奖
2026/05/28 23:00:10.739216 未中奖
2026/05/28 23:00:10.739216 未中奖
2026/05/28 23:00:10.739216 未中奖
2026/05/28 23:00:10.739216 未中奖
2026/05/28 23:00:10.739216 未中奖
2026/05/28 23:00:10.739216 未中奖
2026/05/28 23:00:10.739216 未中奖
2026/05/28 23:00:10.739216 中奖：三等奖
2026/05/28 23:00:10.739216 未中奖
2026/05/28 23:00:10.739216 未中奖
2026/05/28 23:00:10.739216 未中奖
2026/05/28 23:00:10.739216 未中奖
2026/05/28 23:00:10.739216 中奖：三等奖
2026/05/28 23:00:10.739216 中奖：三等奖
2026/05/28 23:00:10.739216 未中奖
2026/05/28 23:00:10.739216 未中奖
2026/05/28 23:00:10.739216 未中奖
2026/05/28 23:00:10.739216 未中奖
2026/05/28 23:00:10.739216 未中奖
2026/05/28 23:00:10.739216 未中奖
2026/05/28 23:00:10.739216 未中奖
2026/05/28 23:00:10.739216 未中奖
2026/05/28 23:00:10.739216 奖品已发完
2026/05/28 23:00:10.739216 未中奖
2026/05/28 23:00:10.739795 未中奖
2026/05/28 23:00:10.739795 未中奖
2026/05/28 23:00:10.739795 未中奖
2026/05/28 23:00:10.739795 未中奖
2026/05/28 23:00:10.739795 未中奖
2026/05/28 23:00:10.739795 未中奖
2026/05/28 23:00:10.739795 未中奖
2026/05/28 23:00:10.740123 未中奖
2026/05/28 23:00:10.740123 未中奖
2026/05/28 23:00:10.740123 未中奖
2026/05/28 23:00:10.740123 未中奖
2026/05/28 23:00:10.740123 未中奖
2026/05/28 23:00:10.740123 中奖：三等奖
2026/05/28 23:00:10.740123 中奖：三等奖
2026/05/28 23:00:10.740123 未中奖
2026/05/28 23:00:10.740123 未中奖
2026/05/28 23:00:10.740123 未中奖
2026/05/28 23:00:10.740123 奖品已发完
2026/05/28 23:00:10.740123 奖品已发完
2026/05/28 23:00:10.740123 未中奖
2026/05/28 23:00:10.740123 未中奖
2026/05/28 23:00:10.740123 未中奖
2026/05/28 23:00:10.740123 未中奖
2026/05/28 23:00:10.740123 未中奖
2026/05/28 23:00:10.740123 未中奖
2026/05/28 23:00:10.740123 未中奖
2026/05/28 23:00:10.740123 未中奖
2026/05/28 23:00:10.740123 未中奖
2026/05/28 23:00:10.740123 未中奖
2026/05/28 23:00:10.740673 未中奖
2026/05/28 23:00:10.740673 未中奖
2026/05/28 23:00:10.740673 未中奖
2026/05/28 23:00:10.740673 未中奖
2026/05/28 23:00:10.740673 未中奖
2026/05/28 23:00:10.740673 中奖：三等奖
2026/05/28 23:00:10.740673 中奖：三等奖
2026/05/28 23:00:10.740673 未中奖
2026/05/28 23:00:10.741227 未中奖
2026/05/28 23:00:10.741227 未中奖
2026/05/28 23:00:10.741227 未中奖
2026/05/28 23:00:10.741227 未中奖
2026/05/28 23:00:10.741227 未中奖
2026/05/28 23:00:10.741227 未中奖
2026/05/28 23:00:10.741227 未中奖
2026/05/28 23:00:10.741227 中奖：三等奖
2026/05/28 23:00:10.741227 未中奖
2026/05/28 23:00:10.741227 未中奖
2026/05/28 23:00:10.741227 未中奖
2026/05/28 23:00:10.741227 未中奖
2026/05/28 23:00:10.741227 未中奖
2026/05/28 23:00:10.741227 未中奖
2026/05/28 23:00:10.741227 未中奖
2026/05/28 23:00:10.741227 未中奖
2026/05/28 23:00:10.741227 未中奖
2026/05/28 23:00:10.741227 未中奖
2026/05/28 23:00:10.741227 未中奖
2026/05/28 23:00:10.741227 未中奖
2026/05/28 23:00:10.741227 中奖：三等奖
2026/05/28 23:00:10.741227 未中奖
2026/05/28 23:00:10.741227 中奖：三等奖
2026/05/28 23:00:10.741227 未中奖
2026/05/28 23:00:10.741227 未中奖
2026/05/28 23:00:10.741227 未中奖
2026/05/28 23:00:10.741227 未中奖
2026/05/28 23:00:10.741752 未中奖
2026/05/28 23:00:10.741752 未中奖
2026/05/28 23:00:10.741752 未中奖
2026/05/28 23:00:10.741752 中奖：三等奖
2026/05/28 23:00:10.741752 未中奖
2026/05/28 23:00:10.741752 未中奖
2026/05/28 23:00:10.741752 未中奖
2026/05/28 23:00:10.741752 未中奖
2026/05/28 23:00:10.741752 未中奖
2026/05/28 23:00:10.741752 未中奖
2026/05/28 23:00:10.741752 未中奖
2026/05/28 23:00:10.741752 未中奖
2026/05/28 23:00:10.741752 未中奖
2026/05/28 23:00:10.741752 中奖：三等奖
2026/05/28 23:00:10.741752 未中奖
2026/05/28 23:00:10.741752 未中奖
2026/05/28 23:00:10.741752 未中奖
2026/05/28 23:00:10.741752 未中奖
2026/05/28 23:00:10.741752 未中奖
2026/05/28 23:00:10.741752 中奖：三等奖
2026/05/28 23:00:10.741752 奖品已发完
2026/05/28 23:00:10.741752 未中奖
2026/05/28 23:00:10.741752 未中奖
2026/05/28 23:00:10.741752 未中奖
2026/05/28 23:00:10.741752 未中奖
2026/05/28 23:00:10.741752 奖品已发完
2026/05/28 23:00:10.741752 奖品已发完
2026/05/28 23:00:10.741752 未中奖
2026/05/28 23:00:10.741752 未中奖
2026/05/28 23:00:10.741752 奖品已发完
2026/05/28 23:00:10.741752 未中奖
2026/05/28 23:00:10.741752 未中奖
2026/05/28 23:00:10.741752 未中奖
2026/05/28 23:00:10.741752 未中奖
2026/05/28 23:00:10.741752 未中奖
2026/05/28 23:00:10.741752 未中奖
2026/05/28 23:00:10.742398 未中奖
2026/05/28 23:00:10.742398 未中奖
2026/05/28 23:00:10.742398 未中奖
2026/05/28 23:00:10.742398 未中奖
2026/05/28 23:00:10.742398 未中奖
2026/05/28 23:00:10.742398 未中奖
2026/05/28 23:00:10.742398 未中奖
2026/05/28 23:00:10.742398 未中奖
2026/05/28 23:00:10.742398 未中奖
2026/05/28 23:00:10.742398 奖品已发完
2026/05/28 23:00:10.742398 未中奖
2026/05/28 23:00:10.742398 未中奖
2026/05/28 23:00:10.742398 未中奖
2026/05/28 23:00:10.742398 奖品已发完
2026/05/28 23:00:10.742398 未中奖
2026/05/28 23:00:10.742398 未中奖
2026/05/28 23:00:10.742398 未中奖
2026/05/28 23:00:10.742398 未中奖
2026/05/28 23:00:10.742398 未中奖
2026/05/28 23:00:10.742398 未中奖
2026/05/28 23:00:10.742398 奖品已发完
2026/05/28 23:00:10.742398 未中奖
2026/05/28 23:00:10.742398 奖品已发完
2026/05/28 23:00:10.742398 未中奖
2026/05/28 23:00:10.742398 未中奖
2026/05/28 23:00:10.742398 奖品已发完
2026/05/28 23:00:10.742398 未中奖
2026/05/28 23:00:10.742398 未中奖
2026/05/28 23:00:10.742398 未中奖
2026/05/28 23:00:10.742398 未中奖
2026/05/28 23:00:10.742398 未中奖
2026/05/28 23:00:10.742398 未中奖
2026/05/28 23:00:10.742398 未中奖
2026/05/28 23:00:10.742398 未中奖
2026/05/28 23:00:10.742398 未中奖
2026/05/28 23:00:10.742398 奖品已发完
2026/05/28 23:00:10.742398 未中奖
2026/05/28 23:00:10.742398 未中奖
2026/05/28 23:00:10.742398 未中奖
2026/05/28 23:00:10.742398 未中奖
2026/05/28 23:00:10.742398 未中奖
2026/05/28 23:00:10.742398 奖品已发完
2026/05/28 23:00:10.742398 未中奖
2026/05/28 23:00:10.742398 未中奖
2026/05/28 23:00:10.742398 未中奖
2026/05/28 23:00:10.742933 未中奖
2026/05/28 23:00:10.742933 未中奖
2026/05/28 23:00:10.742933 未中奖
2026/05/28 23:00:10.742933 未中奖
2026/05/28 23:00:10.742933 未中奖
2026/05/28 23:00:10.742933 未中奖
2026/05/28 23:00:10.742933 未中奖
2026/05/28 23:00:10.742933 未中奖
2026/05/28 23:00:10.742933 未中奖
2026/05/28 23:00:10.742933 未中奖
2026/05/28 23:00:10.742933 未中奖
2026/05/28 23:00:10.742933 未中奖
2026/05/28 23:00:10.742933 未中奖
2026/05/28 23:00:10.742933 未中奖
2026/05/28 23:00:10.742933 未中奖
2026/05/28 23:00:10.742933 未中奖
2026/05/28 23:00:10.742933 未中奖
2026/05/28 23:00:10.742933 未中奖
2026/05/28 23:00:10.742933 未中奖
2026/05/28 23:00:10.742933 未中奖
2026/05/28 23:00:10.742933 奖品已发完
2026/05/28 23:00:10.742933 未中奖
2026/05/28 23:00:10.742933 未中奖
2026/05/28 23:00:10.742933 奖品已发完
2026/05/28 23:00:10.742933 未中奖
2026/05/28 23:00:10.742933 未中奖
2026/05/28 23:00:10.742933 未中奖
2026/05/28 23:00:10.742933 未中奖
2026/05/28 23:00:10.742933 未中奖
2026/05/28 23:00:10.742933 未中奖
2026/05/28 23:00:10.742933 未中奖
2026/05/28 23:00:10.742933 未中奖
2026/05/28 23:00:10.742933 未中奖
2026/05/28 23:00:10.742933 未中奖
2026/05/28 23:00:10.742933 未中奖
2026/05/28 23:00:10.742933 未中奖
2026/05/28 23:00:10.742933 未中奖
2026/05/28 23:00:10.742933 未中奖
2026/05/28 23:00:10.742933 奖品已发完
2026/05/28 23:00:10.742933 未中奖
2026/05/28 23:00:10.742933 未中奖
2026/05/28 23:00:10.742933 未中奖
2026/05/28 23:00:10.742933 未中奖
2026/05/28 23:00:10.742933 未中奖
2026/05/28 23:00:10.742933 未中奖
2026/05/28 23:00:10.742933 未中奖
2026/05/28 23:00:10.743478 未中奖
2026/05/28 23:00:10.743478 未中奖
2026/05/28 23:00:10.743478 未中奖
2026/05/28 23:00:10.743478 未中奖
2026/05/28 23:00:10.743478 未中奖
2026/05/28 23:00:10.743478 未中奖
2026/05/28 23:00:10.743478 未中奖
2026/05/28 23:00:10.743478 未中奖
2026/05/28 23:00:10.743478 未中奖
2026/05/28 23:00:10.743478 未中奖
2026/05/28 23:00:10.743478 未中奖
2026/05/28 23:00:10.743478 奖品已发完
2026/05/28 23:00:10.743478 未中奖
2026/05/28 23:00:10.743478 未中奖
2026/05/28 23:00:10.743478 未中奖
2026/05/28 23:00:10.743478 未中奖
2026/05/28 23:00:10.743478 未中奖
2026/05/28 23:00:10.743478 未中奖
2026/05/28 23:00:10.743478 未中奖
2026/05/28 23:00:10.743478 未中奖
2026/05/28 23:00:10.743478 未中奖
2026/05/28 23:00:10.743478 未中奖
2026/05/28 23:00:10.743478 未中奖
2026/05/28 23:00:10.743478 未中奖
2026/05/28 23:00:10.743478 未中奖
2026/05/28 23:00:10.743478 未中奖
2026/05/28 23:00:10.743478 未中奖
2026/05/28 23:00:10.743478 未中奖
2026/05/28 23:00:10.743478 未中奖
2026/05/28 23:00:10.743478 未中奖
2026/05/28 23:00:10.743478 未中奖
2026/05/28 23:00:10.743478 未中奖
2026/05/28 23:00:10.743478 未中奖
2026/05/28 23:00:10.743478 未中奖
2026/05/28 23:00:10.744026 未中奖
2026/05/28 23:00:10.744026 未中奖
2026/05/28 23:00:10.744026 未中奖
2026/05/28 23:00:10.744026 未中奖
2026/05/28 23:00:10.744026 未中奖
2026/05/28 23:00:10.744026 未中奖
2026/05/28 23:00:10.744026 未中奖
2026/05/28 23:00:10.744026 未中奖
2026/05/28 23:00:10.744026 未中奖
2026/05/28 23:00:10.744026 未中奖
2026/05/28 23:00:10.744026 未中奖
2026/05/28 23:00:10.744026 未中奖
2026/05/28 23:00:10.744026 未中奖
2026/05/28 23:00:10.744026 未中奖
2026/05/28 23:00:10.744026 未中奖
2026/05/28 23:00:10.744026 未中奖
2026/05/28 23:00:10.744026 未中奖
2026/05/28 23:00:10.744026 未中奖
2026/05/28 23:00:10.744026 未中奖
2026/05/28 23:00:10.744026 未中奖
2026/05/28 23:00:10.744026 未中奖
2026/05/28 23:00:10.744026 未中奖
2026/05/28 23:00:10.744026 未中奖
2026/05/28 23:00:10.744026 未中奖
2026/05/28 23:00:10.744026 奖品已发完
2026/05/28 23:00:10.744026 未中奖
2026/05/28 23:00:10.744026 奖品已发完
2026/05/28 23:00:10.744026 奖品已发完
2026/05/28 23:00:10.744026 未中奖
2026/05/28 23:00:10.744026 未中奖
2026/05/28 23:00:10.744026 未中奖
2026/05/28 23:00:10.744026 未中奖
2026/05/28 23:00:10.744026 未中奖
2026/05/28 23:00:10.744026 未中奖
2026/05/28 23:00:10.744026 未中奖
2026/05/28 23:00:10.744026 未中奖
2026/05/28 23:00:10.744026 未中奖
2026/05/28 23:00:10.744026 未中奖
2026/05/28 23:00:10.744026 未中奖
2026/05/28 23:00:10.744550 未中奖
2026/05/28 23:00:10.744550 未中奖
2026/05/28 23:00:10.744550 未中奖
2026/05/28 23:00:10.744550 未中奖
2026/05/28 23:00:10.744550 奖品已发完
2026/05/28 23:00:10.744550 未中奖
2026/05/28 23:00:10.744550 未中奖
2026/05/28 23:00:10.744550 未中奖
2026/05/28 23:00:10.744550 未中奖
2026/05/28 23:00:10.744550 未中奖
2026/05/28 23:00:10.744550 未中奖
2026/05/28 23:00:10.744550 奖品已发完
2026/05/28 23:00:10.744550 奖品已发完
2026/05/28 23:00:10.744550 未中奖
2026/05/28 23:00:10.744550 奖品已发完
2026/05/28 23:00:10.744550 未中奖
2026/05/28 23:00:10.744550 未中奖
2026/05/28 23:00:10.744550 未中奖
2026/05/28 23:00:10.744550 未中奖
2026/05/28 23:00:10.744550 未中奖
2026/05/28 23:00:10.744550 未中奖
2026/05/28 23:00:10.744550 奖品已发完
2026/05/28 23:00:10.744550 未中奖
2026/05/28 23:00:10.744550 未中奖
2026/05/28 23:00:10.744550 未中奖
2026/05/28 23:00:10.744550 未中奖
2026/05/28 23:00:10.744550 未中奖
2026/05/28 23:00:10.744550 未中奖
2026/05/28 23:00:10.744550 未中奖
2026/05/28 23:00:10.744550 未中奖
2026/05/28 23:00:10.744550 未中奖
2026/05/28 23:00:10.744550 未中奖
2026/05/28 23:00:10.744550 未中奖
2026/05/28 23:00:10.744550 未中奖
2026/05/28 23:00:10.744550 未中奖
2026/05/28 23:00:10.744550 未中奖
2026/05/28 23:00:10.744550 未中奖
2026/05/28 23:00:10.744550 未中奖
2026/05/28 23:00:10.744550 未中奖
2026/05/28 23:00:10.744550 未中奖
2026/05/28 23:00:10.744550 奖品已发完
2026/05/28 23:00:10.744550 未中奖
2026/05/28 23:00:10.744550 未中奖
2026/05/28 23:00:10.744550 奖品已发完
2026/05/28 23:00:10.744550 未中奖
2026/05/28 23:00:10.744550 未中奖
2026/05/28 23:00:10.745070 未中奖
2026/05/28 23:00:10.745070 未中奖
2026/05/28 23:00:10.745070 奖品已发完
2026/05/28 23:00:10.745070 奖品已发完
2026/05/28 23:00:10.745070 未中奖
2026/05/28 23:00:10.745070 未中奖
2026/05/28 23:00:10.745070 未中奖
2026/05/28 23:00:10.745070 未中奖
2026/05/28 23:00:10.745070 未中奖
2026/05/28 23:00:10.745070 未中奖
2026/05/28 23:00:10.745070 未中奖
2026/05/28 23:00:10.745070 未中奖
2026/05/28 23:00:10.745070 未中奖
2026/05/28 23:00:10.745070 未中奖
2026/05/28 23:00:10.745070 未中奖
2026/05/28 23:00:10.745070 未中奖
2026/05/28 23:00:10.745070 未中奖
2026/05/28 23:00:10.745070 未中奖
2026/05/28 23:00:10.745070 未中奖
2026/05/28 23:00:10.745070 未中奖
2026/05/28 23:00:10.745070 未中奖
2026/05/28 23:00:10.745070 未中奖
2026/05/28 23:00:10.745070 未中奖
2026/05/28 23:00:10.745070 未中奖
2026/05/28 23:00:10.745070 未中奖
2026/05/28 23:00:10.745070 未中奖
2026/05/28 23:00:10.745070 未中奖
2026/05/28 23:00:10.745070 未中奖
2026/05/28 23:00:10.745070 未中奖
2026/05/28 23:00:10.745070 未中奖
2026/05/28 23:00:10.745070 未中奖
2026/05/28 23:00:10.745070 未中奖
2026/05/28 23:00:10.745070 未中奖
2026/05/28 23:00:10.745070 未中奖
2026/05/28 23:00:10.745070 未中奖
2026/05/28 23:00:10.745070 未中奖
2026/05/28 23:00:10.745070 未中奖
2026/05/28 23:00:10.745070 未中奖
2026/05/28 23:00:10.745070 未中奖
2026/05/28 23:00:10.745070 奖品已发完
2026/05/28 23:00:10.745070 未中奖
2026/05/28 23:00:10.745070 未中奖
2026/05/28 23:00:10.745070 未中奖
2026/05/28 23:00:10.745070 未中奖
2026/05/28 23:00:10.745070 未中奖
2026/05/28 23:00:10.745070 未中奖
2026/05/28 23:00:10.745070 未中奖
2026/05/28 23:00:10.745070 未中奖
2026/05/28 23:00:10.745070 未中奖
2026/05/28 23:00:10.745070 奖品已发完
2026/05/28 23:00:10.745070 未中奖
2026/05/28 23:00:10.745070 未中奖
2026/05/28 23:00:10.745070 未中奖
2026/05/28 23:00:10.745070 未中奖
2026/05/28 23:00:10.745070 未中奖
2026/05/28 23:00:10.745070 未中奖
2026/05/28 23:00:10.745070 未中奖
2026/05/28 23:00:10.745070 未中奖
2026/05/28 23:00:10.745070 未中奖
2026/05/28 23:00:10.745070 未中奖
2026/05/28 23:00:10.745070 未中奖
2026/05/28 23:00:10.745070 未中奖
2026/05/28 23:00:10.745070 未中奖
2026/05/28 23:00:10.745070 未中奖
2026/05/28 23:00:10.745070 未中奖
2026/05/28 23:00:10.745070 未中奖
2026/05/28 23:00:10.745070 未中奖
2026/05/28 23:00:10.745070 未中奖
2026/05/28 23:00:10.745070 未中奖
2026/05/28 23:00:10.745070 未中奖
2026/05/28 23:00:10.745070 未中奖
2026/05/28 23:00:10.745070 未中奖
2026/05/28 23:00:10.745609 奖品已发完
2026/05/28 23:00:10.745609 奖品已发完
2026/05/28 23:00:10.745609 未中奖
2026/05/28 23:00:10.745609 未中奖
2026/05/28 23:00:10.745609 未中奖
2026/05/28 23:00:10.745609 未中奖
2026/05/28 23:00:10.745609 未中奖
2026/05/28 23:00:10.745609 未中奖
2026/05/28 23:00:10.745609 未中奖
2026/05/28 23:00:10.745609 未中奖
2026/05/28 23:00:10.745609 未中奖
2026/05/28 23:00:10.745609 未中奖
2026/05/28 23:00:10.745609 未中奖
2026/05/28 23:00:10.745609 未中奖
2026/05/28 23:00:10.745609 未中奖
2026/05/28 23:00:10.745609 未中奖
2026/05/28 23:00:10.745609 奖品已发完
2026/05/28 23:00:10.745609 未中奖
2026/05/28 23:00:10.745609 未中奖
2026/05/28 23:00:10.745609 未中奖
2026/05/28 23:00:10.745609 未中奖
2026/05/28 23:00:10.745609 未中奖
2026/05/28 23:00:10.745609 未中奖
2026/05/28 23:00:10.745609 未中奖
2026/05/28 23:00:10.745609 未中奖
2026/05/28 23:00:10.745609 奖品已发完
2026/05/28 23:00:10.745609 未中奖
2026/05/28 23:00:10.745609 未中奖
2026/05/28 23:00:10.745609 奖品已发完
2026/05/28 23:00:10.745609 未中奖
2026/05/28 23:00:10.745609 未中奖
2026/05/28 23:00:10.745609 未中奖
2026/05/28 23:00:10.745609 未中奖
2026/05/28 23:00:10.745609 未中奖
2026/05/28 23:00:10.745609 未中奖
2026/05/28 23:00:10.745609 未中奖
2026/05/28 23:00:10.745609 奖品已发完
2026/05/28 23:00:10.745609 奖品已发完
2026/05/28 23:00:10.745609 未中奖
2026/05/28 23:00:10.745609 未中奖
2026/05/28 23:00:10.745609 未中奖
2026/05/28 23:00:10.745609 未中奖
2026/05/28 23:00:10.745609 未中奖
2026/05/28 23:00:10.745609 未中奖
2026/05/28 23:00:10.745609 未中奖
2026/05/28 23:00:10.745609 未中奖
2026/05/28 23:00:10.745609 未中奖
2026/05/28 23:00:10.745609 未中奖
2026/05/28 23:00:10.745609 未中奖
2026/05/28 23:00:10.745609 未中奖
2026/05/28 23:00:10.746144 未中奖
2026/05/28 23:00:10.746144 未中奖
2026/05/28 23:00:10.746144 未中奖
2026/05/28 23:00:10.746144 未中奖
2026/05/28 23:00:10.746144 未中奖
2026/05/28 23:00:10.746144 未中奖
2026/05/28 23:00:10.746144 未中奖
2026/05/28 23:00:10.746144 未中奖
2026/05/28 23:00:10.746144 未中奖
2026/05/28 23:00:10.746144 未中奖
2026/05/28 23:00:10.746144 奖品已发完
2026/05/28 23:00:10.746144 未中奖
2026/05/28 23:00:10.746144 未中奖
2026/05/28 23:00:10.746144 未中奖
2026/05/28 23:00:10.746144 奖品已发完
2026/05/28 23:00:10.746144 未中奖
2026/05/28 23:00:10.746144 未中奖
2026/05/28 23:00:10.746144 未中奖
2026/05/28 23:00:10.746144 未中奖
2026/05/28 23:00:10.746144 未中奖
2026/05/28 23:00:10.746144 未中奖
2026/05/28 23:00:10.746144 未中奖
2026/05/28 23:00:10.746144 未中奖
2026/05/28 23:00:10.746144 未中奖
2026/05/28 23:00:10.746144 未中奖
2026/05/28 23:00:10.746144 奖品已发完
2026/05/28 23:00:10.746144 奖品已发完
2026/05/28 23:00:10.746144 未中奖
2026/05/28 23:00:10.746144 未中奖
2026/05/28 23:00:10.746144 未中奖
2026/05/28 23:00:10.746144 奖品已发完
2026/05/28 23:00:10.746144 奖品已发完
2026/05/28 23:00:10.746144 未中奖
2026/05/28 23:00:10.746144 未中奖
2026/05/28 23:00:10.746144 未中奖
2026/05/28 23:00:10.746144 未中奖
2026/05/28 23:00:10.746144 未中奖
2026/05/28 23:00:10.746144 未中奖
2026/05/28 23:00:10.746144 奖品已发完
2026/05/28 23:00:10.746144 奖品已发完
2026/05/28 23:00:10.746144 未中奖
2026/05/28 23:00:10.746144 未中奖
2026/05/28 23:00:10.746144 未中奖
2026/05/28 23:00:10.746144 未中奖
2026/05/28 23:00:10.746144 未中奖
2026/05/28 23:00:10.746144 未中奖
2026/05/28 23:00:10.746144 奖品已发完
2026/05/28 23:00:10.746144 未中奖
2026/05/28 23:00:10.746144 未中奖
2026/05/28 23:00:10.746144 未中奖
2026/05/28 23:00:10.746708 未中奖
2026/05/28 23:00:10.746708 奖品已发完
2026/05/28 23:00:10.746708 奖品已发完
2026/05/28 23:00:10.746708 未中奖
2026/05/28 23:00:10.746708 未中奖
2026/05/28 23:00:10.746708 未中奖
2026/05/28 23:00:10.746708 未中奖
2026/05/28 23:00:10.746708 未中奖
2026/05/28 23:00:10.746708 未中奖
2026/05/28 23:00:10.746708 未中奖
2026/05/28 23:00:10.746708 未中奖
2026/05/28 23:00:10.746708 未中奖
2026/05/28 23:00:10.746708 未中奖
2026/05/28 23:00:10.746708 未中奖
2026/05/28 23:00:10.746708 未中奖
2026/05/28 23:00:10.746708 未中奖
2026/05/28 23:00:10.746708 未中奖
2026/05/28 23:00:10.746708 未中奖
2026/05/28 23:00:10.746708 未中奖
2026/05/28 23:00:10.746708 未中奖
2026/05/28 23:00:10.746708 未中奖
2026/05/28 23:00:10.746708 未中奖
2026/05/28 23:00:10.746708 未中奖
2026/05/28 23:00:10.746708 未中奖
2026/05/28 23:00:10.746708 未中奖
2026/05/28 23:00:10.746708 未中奖
2026/05/28 23:00:10.746708 未中奖
2026/05/28 23:00:10.746708 奖品已发完
2026/05/28 23:00:10.746708 未中奖
2026/05/28 23:00:10.746708 未中奖
2026/05/28 23:00:10.746708 未中奖
2026/05/28 23:00:10.746708 未中奖
2026/05/28 23:00:10.746708 未中奖
2026/05/28 23:00:10.746708 未中奖
2026/05/28 23:00:10.746708 未中奖
2026/05/28 23:00:10.746708 奖品已发完
2026/05/28 23:00:10.746708 未中奖
2026/05/28 23:00:10.746708 未中奖
2026/05/28 23:00:10.746708 未中奖
2026/05/28 23:00:10.746708 未中奖
2026/05/28 23:00:10.746708 未中奖
2026/05/28 23:00:10.746708 未中奖
2026/05/28 23:00:10.746708 奖品已发完
2026/05/28 23:00:10.746708 未中奖
2026/05/28 23:00:10.746708 奖品已发完
2026/05/28 23:00:10.746708 未中奖
2026/05/28 23:00:10.747231 未中奖
2026/05/28 23:00:10.747231 未中奖
2026/05/28 23:00:10.747231 未中奖
2026/05/28 23:00:10.747231 未中奖
2026/05/28 23:00:10.747231 未中奖
2026/05/28 23:00:10.747231 未中奖
2026/05/28 23:00:10.747231 未中奖
2026/05/28 23:00:10.747231 未中奖
2026/05/28 23:00:10.747231 未中奖
2026/05/28 23:00:10.747231 未中奖
2026/05/28 23:00:10.747231 未中奖
2026/05/28 23:00:10.747231 未中奖
2026/05/28 23:00:10.747231 未中奖
2026/05/28 23:00:10.747231 未中奖
2026/05/28 23:00:10.747231 未中奖
2026/05/28 23:00:10.747231 未中奖
2026/05/28 23:00:10.747231 未中奖
2026/05/28 23:00:10.747231 未中奖
2026/05/28 23:00:10.747231 未中奖
2026/05/28 23:00:10.747231 未中奖
2026/05/28 23:00:10.747231 奖品已发完
2026/05/28 23:00:10.747231 未中奖
2026/05/28 23:00:10.747231 未中奖
2026/05/28 23:00:10.747231 未中奖
2026/05/28 23:00:10.747231 未中奖
2026/05/28 23:00:10.747231 未中奖
2026/05/28 23:00:10.747231 未中奖
2026/05/28 23:00:10.747231 未中奖
2026/05/28 23:00:10.747231 未中奖
2026/05/28 23:00:10.747231 奖品已发完
2026/05/28 23:00:10.747231 未中奖
2026/05/28 23:00:10.747231 未中奖
2026/05/28 23:00:10.747231 未中奖
2026/05/28 23:00:10.747231 未中奖
2026/05/28 23:00:10.747231 未中奖
2026/05/28 23:00:10.747231 未中奖
2026/05/28 23:00:10.747231 未中奖
2026/05/28 23:00:10.747231 未中奖
2026/05/28 23:00:10.747231 奖品已发完
2026/05/28 23:00:10.747231 奖品已发完
2026/05/28 23:00:10.747231 未中奖
2026/05/28 23:00:10.747231 奖品已发完
2026/05/28 23:00:10.747231 未中奖
2026/05/28 23:00:10.747231 未中奖
2026/05/28 23:00:10.747231 奖品已发完
2026/05/28 23:00:10.747231 未中奖
2026/05/28 23:00:10.747231 未中奖
2026/05/28 23:00:10.747231 未中奖
2026/05/28 23:00:10.747231 未中奖
2026/05/28 23:00:10.747761 奖品已发完
2026/05/28 23:00:10.747761 未中奖
2026/05/28 23:00:10.747761 未中奖
2026/05/28 23:00:10.747761 未中奖
2026/05/28 23:00:10.747761 未中奖
2026/05/28 23:00:10.747761 未中奖
2026/05/28 23:00:10.747761 未中奖
2026/05/28 23:00:10.747761 未中奖
2026/05/28 23:00:10.747761 未中奖
2026/05/28 23:00:10.747761 奖品已发完
2026/05/28 23:00:10.747761 未中奖
2026/05/28 23:00:10.747761 未中奖
2026/05/28 23:00:10.747761 未中奖
2026/05/28 23:00:10.747761 未中奖
2026/05/28 23:00:10.747761 未中奖
2026/05/28 23:00:10.747761 未中奖
2026/05/28 23:00:10.747761 未中奖
2026/05/28 23:00:10.747761 未中奖
2026/05/28 23:00:10.747761 未中奖
2026/05/28 23:00:10.747761 未中奖
2026/05/28 23:00:10.747761 未中奖
2026/05/28 23:00:10.747761 未中奖
2026/05/28 23:00:10.747761 未中奖
2026/05/28 23:00:10.747761 未中奖
2026/05/28 23:00:10.747761 未中奖
2026/05/28 23:00:10.747761 未中奖
2026/05/28 23:00:10.747761 未中奖
2026/05/28 23:00:10.747761 未中奖
2026/05/28 23:00:10.747761 未中奖
2026/05/28 23:00:10.747761 未中奖
2026/05/28 23:00:10.747761 未中奖
2026/05/28 23:00:10.747761 未中奖
2026/05/28 23:00:10.747761 未中奖
2026/05/28 23:00:10.747761 未中奖
2026/05/28 23:00:10.747761 未中奖
2026/05/28 23:00:10.747761 奖品已发完
2026/05/28 23:00:10.747761 未中奖
2026/05/28 23:00:10.747761 未中奖
2026/05/28 23:00:10.747761 未中奖
2026/05/28 23:00:10.747761 未中奖
2026/05/28 23:00:10.747761 未中奖
2026/05/28 23:00:10.747761 未中奖
2026/05/28 23:00:10.747761 未中奖
2026/05/28 23:00:10.747761 未中奖
2026/05/28 23:00:10.747761 未中奖
2026/05/28 23:00:10.747761 奖品已发完
2026/05/28 23:00:10.747761 未中奖
2026/05/28 23:00:10.748281 奖品已发完
2026/05/28 23:00:10.748281 奖品已发完
2026/05/28 23:00:10.748281 未中奖
2026/05/28 23:00:10.748281 未中奖
2026/05/28 23:00:10.748281 未中奖
2026/05/28 23:00:10.748281 未中奖
2026/05/28 23:00:10.748281 未中奖
2026/05/28 23:00:10.748281 未中奖
2026/05/28 23:00:10.748281 未中奖
2026/05/28 23:00:10.748281 未中奖
2026/05/28 23:00:10.748281 未中奖
2026/05/28 23:00:10.748281 未中奖
2026/05/28 23:00:10.748281 未中奖
2026/05/28 23:00:10.748281 未中奖
2026/05/28 23:00:10.748281 未中奖
2026/05/28 23:00:10.748281 奖品已发完
2026/05/28 23:00:10.748281 未中奖
2026/05/28 23:00:10.748281 未中奖
2026/05/28 23:00:10.748281 未中奖
2026/05/28 23:00:10.748281 未中奖
2026/05/28 23:00:10.748281 未中奖
2026/05/28 23:00:10.748281 未中奖
2026/05/28 23:00:10.748281 未中奖
2026/05/28 23:00:10.748281 未中奖
2026/05/28 23:00:10.748281 未中奖
2026/05/28 23:00:10.748281 未中奖
2026/05/28 23:00:10.748281 未中奖
2026/05/28 23:00:10.748281 未中奖
2026/05/28 23:00:10.748281 未中奖
2026/05/28 23:00:10.748281 未中奖
2026/05/28 23:00:10.748281 未中奖
2026/05/28 23:00:10.748281 未中奖
2026/05/28 23:00:10.748281 未中奖
2026/05/28 23:00:10.748281 未中奖
2026/05/28 23:00:10.748281 未中奖
2026/05/28 23:00:10.748281 未中奖
2026/05/28 23:00:10.748281 奖品已发完
2026/05/28 23:00:10.748281 未中奖
2026/05/28 23:00:10.748281 未中奖
2026/05/28 23:00:10.748281 未中奖
2026/05/28 23:00:10.748281 未中奖
2026/05/28 23:00:10.748281 未中奖
2026/05/28 23:00:10.748281 未中奖
2026/05/28 23:00:10.748281 未中奖
2026/05/28 23:00:10.748281 未中奖
2026/05/28 23:00:10.748281 未中奖
2026/05/28 23:00:10.748281 未中奖
2026/05/28 23:00:10.748281 未中奖
2026/05/28 23:00:10.748281 未中奖
2026/05/28 23:00:10.748281 未中奖
2026/05/28 23:00:10.748281 未中奖
2026/05/28 23:00:10.748801 未中奖
2026/05/28 23:00:10.748801 未中奖
2026/05/28 23:00:10.748801 未中奖
2026/05/28 23:00:10.748801 未中奖
2026/05/28 23:00:10.748801 未中奖
2026/05/28 23:00:10.748801 奖品已发完
2026/05/28 23:00:10.748801 未中奖
2026/05/28 23:00:10.748801 未中奖
2026/05/28 23:00:10.748801 未中奖
2026/05/28 23:00:10.748801 未中奖
2026/05/28 23:00:10.748801 未中奖
2026/05/28 23:00:10.748801 未中奖
2026/05/28 23:00:10.748801 未中奖
2026/05/28 23:00:10.748801 未中奖
2026/05/28 23:00:10.748801 未中奖
2026/05/28 23:00:10.748801 未中奖
2026/05/28 23:00:10.748801 未中奖
2026/05/28 23:00:10.748801 未中奖
2026/05/28 23:00:10.748801 未中奖
2026/05/28 23:00:10.748801 未中奖
2026/05/28 23:00:10.748801 未中奖
2026/05/28 23:00:10.748801 未中奖
2026/05/28 23:00:10.748801 未中奖
2026/05/28 23:00:10.748801 未中奖
2026/05/28 23:00:10.748801 未中奖
2026/05/28 23:00:10.748801 未中奖
2026/05/28 23:00:10.748801 未中奖
2026/05/28 23:00:10.748801 未中奖
2026/05/28 23:00:10.748801 未中奖
2026/05/28 23:00:10.748801 奖品已发完
2026/05/28 23:00:10.748801 未中奖
2026/05/28 23:00:10.749326 未中奖
2026/05/28 23:00:10.749326 未中奖
2026/05/28 23:00:10.749326 未中奖
2026/05/28 23:00:10.749326 未中奖
2026/05/28 23:00:10.749326 未中奖
2026/05/28 23:00:10.749868 未中奖
2026/05/28 23:00:10.749868 未中奖
2026/05/28 23:00:10.749868 未中奖
2026/05/28 23:00:10.749868 奖品已发完
2026/05/28 23:00:10.749868 未中奖
2026/05/28 23:00:10.749868 未中奖
2026/05/28 23:00:10.749868 未中奖
2026/05/28 23:00:10.749868 未中奖
2026/05/28 23:00:10.749868 未中奖
2026/05/28 23:00:10.749868 未中奖
2026/05/28 23:00:10.749868 未中奖
2026/05/28 23:00:10.749868 奖品已发完
2026/05/28 23:00:10.749868 未中奖
2026/05/28 23:00:10.749868 未中奖
2026/05/28 23:00:10.749868 未中奖
2026/05/28 23:00:10.749868 未中奖
2026/05/28 23:00:10.749868 未中奖
2026/05/28 23:00:10.749868 未中奖
2026/05/28 23:00:10.749868 未中奖
2026/05/28 23:00:10.749868 未中奖
2026/05/28 23:00:10.749868 未中奖
2026/05/28 23:00:10.749868 奖品已发完
2026/05/28 23:00:10.749868 未中奖
2026/05/28 23:00:10.750393 未中奖
2026/05/28 23:00:10.750393 未中奖
2026/05/28 23:00:10.750393 未中奖
2026/05/28 23:00:10.750393 未中奖
2026/05/28 23:00:10.750393 未中奖
2026/05/28 23:00:10.750393 未中奖
2026/05/28 23:00:10.750393 未中奖
2026/05/28 23:00:10.750393 未中奖
2026/05/28 23:00:10.750393 未中奖
2026/05/28 23:00:10.750393 未中奖
2026/05/28 23:00:10.750393 奖品已发完
2026/05/28 23:00:10.750393 未中奖
2026/05/28 23:00:10.750393 未中奖
2026/05/28 23:00:10.750393 未中奖
2026/05/28 23:00:10.750393 未中奖
2026/05/28 23:00:10.750393 未中奖
2026/05/28 23:00:10.750393 未中奖
2026/05/28 23:00:10.750393 未中奖
2026/05/28 23:00:10.750393 未中奖
2026/05/28 23:00:10.750393 未中奖
2026/05/28 23:00:10.750393 奖品已发完
2026/05/28 23:00:10.750393 未中奖
2026/05/28 23:00:10.750393 未中奖
2026/05/28 23:00:10.750393 奖品已发完
2026/05/28 23:00:10.750393 奖品已发完
2026/05/28 23:00:10.750393 未中奖
2026/05/28 23:00:10.750393 未中奖
2026/05/28 23:00:10.750393 未中奖
2026/05/28 23:00:10.750393 未中奖
2026/05/28 23:00:10.750393 未中奖
2026/05/28 23:00:10.750393 未中奖
2026/05/28 23:00:10.750393 未中奖
2026/05/28 23:00:10.750393 未中奖
2026/05/28 23:00:10.750393 未中奖
2026/05/28 23:00:10.750393 未中奖
2026/05/28 23:00:10.750393 未中奖
2026/05/28 23:00:10.750393 奖品已发完
2026/05/28 23:00:10.750393 未中奖
2026/05/28 23:00:10.750393 未中奖
2026/05/28 23:00:10.750393 奖品已发完
2026/05/28 23:00:10.750963 未中奖
2026/05/28 23:00:10.750963 未中奖
2026/05/28 23:00:10.750963 未中奖
2026/05/28 23:00:10.750963 未中奖
2026/05/28 23:00:10.750963 未中奖
2026/05/28 23:00:10.750963 未中奖
2026/05/28 23:00:10.750963 未中奖
2026/05/28 23:00:10.750963 未中奖
2026/05/28 23:00:10.750963 未中奖
2026/05/28 23:00:10.750963 未中奖
2026/05/28 23:00:10.750963 未中奖
2026/05/28 23:00:10.750963 未中奖
2026/05/28 23:00:10.750963 未中奖
2026/05/28 23:00:10.750963 未中奖
2026/05/28 23:00:10.750963 未中奖
2026/05/28 23:00:10.750963 未中奖
2026/05/28 23:00:10.750963 未中奖
2026/05/28 23:00:10.750963 未中奖
2026/05/28 23:00:10.750963 未中奖
2026/05/28 23:00:10.750963 未中奖
2026/05/28 23:00:10.750963 未中奖
2026/05/28 23:00:10.750963 未中奖
2026/05/28 23:00:10.750963 奖品已发完
2026/05/28 23:00:10.750963 未中奖
2026/05/28 23:00:10.750963 未中奖
2026/05/28 23:00:10.750963 未中奖
2026/05/28 23:00:10.750963 奖品已发完
2026/05/28 23:00:10.750963 未中奖
2026/05/28 23:00:10.750963 未中奖
2026/05/28 23:00:10.750963 未中奖
2026/05/28 23:00:10.750963 未中奖
2026/05/28 23:00:10.750963 未中奖
2026/05/28 23:00:10.750963 未中奖
2026/05/28 23:00:10.750963 未中奖
2026/05/28 23:00:10.750963 奖品已发完
2026/05/28 23:00:10.750963 奖品已发完
2026/05/28 23:00:10.750963 未中奖
2026/05/28 23:00:10.750963 未中奖
2026/05/28 23:00:10.750963 未中奖
2026/05/28 23:00:10.750963 未中奖
2026/05/28 23:00:10.751484 未中奖
2026/05/28 23:00:10.751484 未中奖
2026/05/28 23:00:10.751484 未中奖
2026/05/28 23:00:10.751484 未中奖
2026/05/28 23:00:10.751484 未中奖
2026/05/28 23:00:10.751484 未中奖
2026/05/28 23:00:10.751484 未中奖
2026/05/28 23:00:10.751484 未中奖
2026/05/28 23:00:10.751484 未中奖
2026/05/28 23:00:10.751484 未中奖
2026/05/28 23:00:10.751484 未中奖
2026/05/28 23:00:10.751484 未中奖
2026/05/28 23:00:10.751484 未中奖
2026/05/28 23:00:10.751484 未中奖
2026/05/28 23:00:10.751484 未中奖
2026/05/28 23:00:10.751484 未中奖
2026/05/28 23:00:10.751484 未中奖
2026/05/28 23:00:10.751484 未中奖
2026/05/28 23:00:10.751484 未中奖
2026/05/28 23:00:10.751484 未中奖
2026/05/28 23:00:10.751484 未中奖
2026/05/28 23:00:10.751484 未中奖
2026/05/28 23:00:10.751484 未中奖
2026/05/28 23:00:10.751484 未中奖
2026/05/28 23:00:10.751484 未中奖
2026/05/28 23:00:10.751484 未中奖
2026/05/28 23:00:10.751484 未中奖
2026/05/28 23:00:10.751484 未中奖
2026/05/28 23:00:10.751484 未中奖
2026/05/28 23:00:10.751484 未中奖
2026/05/28 23:00:10.751484 未中奖
2026/05/28 23:00:10.751484 未中奖
2026/05/28 23:00:10.751484 未中奖
2026/05/28 23:00:10.751484 未中奖
2026/05/28 23:00:10.751484 未中奖
2026/05/28 23:00:10.751484 奖品已发完
2026/05/28 23:00:10.751484 奖品已发完
2026/05/28 23:00:10.751484 未中奖
2026/05/28 23:00:10.751484 未中奖
2026/05/28 23:00:10.751484 未中奖
2026/05/28 23:00:10.751484 未中奖
2026/05/28 23:00:10.751484 未中奖
2026/05/28 23:00:10.752034 未中奖
2026/05/28 23:00:10.752034 未中奖
2026/05/28 23:00:10.752034 未中奖
2026/05/28 23:00:10.752034 未中奖
2026/05/28 23:00:10.752034 未中奖
2026/05/28 23:00:10.752034 未中奖
2026/05/28 23:00:10.752034 未中奖
2026/05/28 23:00:10.752034 未中奖
2026/05/28 23:00:10.752034 未中奖
2026/05/28 23:00:10.752034 奖品已发完
2026/05/28 23:00:10.752034 未中奖
2026/05/28 23:00:10.752034 未中奖
2026/05/28 23:00:10.752034 奖品已发完
2026/05/28 23:00:10.752034 未中奖
2026/05/28 23:00:10.752034 未中奖
2026/05/28 23:00:10.752034 未中奖
2026/05/28 23:00:10.752034 未中奖
2026/05/28 23:00:10.752034 奖品已发完
2026/05/28 23:00:10.752034 未中奖
2026/05/28 23:00:10.752034 奖品已发完
2026/05/28 23:00:10.752034 奖品已发完
2026/05/28 23:00:10.752034 未中奖
2026/05/28 23:00:10.752034 奖品已发完
2026/05/28 23:00:10.752034 未中奖
2026/05/28 23:00:10.752034 奖品已发完
2026/05/28 23:00:10.752034 未中奖
2026/05/28 23:00:10.752034 未中奖
2026/05/28 23:00:10.752034 未中奖
2026/05/28 23:00:10.752034 奖品已发完
2026/05/28 23:00:10.752034 未中奖
2026/05/28 23:00:10.752034 奖品已发完
2026/05/28 23:00:10.752034 未中奖
2026/05/28 23:00:10.752034 未中奖
2026/05/28 23:00:10.752034 未中奖
2026/05/28 23:00:10.752034 未中奖
2026/05/28 23:00:10.752034 未中奖
2026/05/28 23:00:10.752034 未中奖
2026/05/28 23:00:10.752034 奖品已发完
2026/05/28 23:00:10.752569 未中奖
2026/05/28 23:00:10.752569 奖品已发完
2026/05/28 23:00:10.752569 未中奖
2026/05/28 23:00:10.752569 未中奖
2026/05/28 23:00:10.752569 未中奖
2026/05/28 23:00:10.752569 未中奖
2026/05/28 23:00:10.752569 未中奖
2026/05/28 23:00:10.752569 未中奖
2026/05/28 23:00:10.752569 未中奖
2026/05/28 23:00:10.752569 未中奖
2026/05/28 23:00:10.752569 未中奖
2026/05/28 23:00:10.752569 未中奖
2026/05/28 23:00:10.752569 未中奖
2026/05/28 23:00:10.752569 未中奖
2026/05/28 23:00:10.752569 未中奖
2026/05/28 23:00:10.752569 未中奖
2026/05/28 23:00:10.752569 未中奖
2026/05/28 23:00:10.752569 未中奖
2026/05/28 23:00:10.752569 未中奖
2026/05/28 23:00:10.752569 未中奖
2026/05/28 23:00:10.752569 未中奖
2026/05/28 23:00:10.752569 未中奖
2026/05/28 23:00:10.752569 未中奖
2026/05/28 23:00:10.752569 未中奖
2026/05/28 23:00:10.752569 未中奖
2026/05/28 23:00:10.752569 未中奖
2026/05/28 23:00:10.752569 未中奖
2026/05/28 23:00:10.752569 未中奖
2026/05/28 23:00:10.752569 未中奖
2026/05/28 23:00:10.752569 未中奖
2026/05/28 23:00:10.752569 未中奖
2026/05/28 23:00:10.752569 未中奖
2026/05/28 23:00:10.752569 未中奖
2026/05/28 23:00:10.752569 未中奖
2026/05/28 23:00:10.752569 未中奖
2026/05/28 23:00:10.752569 未中奖
2026/05/28 23:00:10.752569 未中奖
2026/05/28 23:00:10.752569 未中奖
2026/05/28 23:00:10.752569 未中奖
2026/05/28 23:00:10.752569 未中奖
2026/05/28 23:00:10.752569 未中奖
2026/05/28 23:00:10.753092 未中奖
2026/05/28 23:00:10.753092 未中奖
2026/05/28 23:00:10.753092 未中奖
2026/05/28 23:00:10.753092 未中奖
2026/05/28 23:00:10.753092 未中奖
2026/05/28 23:00:10.753092 未中奖
2026/05/28 23:00:10.753092 未中奖
2026/05/28 23:00:10.753092 未中奖
2026/05/28 23:00:10.753092 未中奖
2026/05/28 23:00:10.753092 未中奖
2026/05/28 23:00:10.753092 奖品已发完
2026/05/28 23:00:10.753092 未中奖
2026/05/28 23:00:10.753092 未中奖
2026/05/28 23:00:10.753092 未中奖
2026/05/28 23:00:10.753092 未中奖
2026/05/28 23:00:10.753092 未中奖
2026/05/28 23:00:10.753092 未中奖
2026/05/28 23:00:10.753092 未中奖
2026/05/28 23:00:10.753092 未中奖
2026/05/28 23:00:10.753092 未中奖
2026/05/28 23:00:10.753092 未中奖
2026/05/28 23:00:10.753092 未中奖
2026/05/28 23:00:10.753092 未中奖
2026/05/28 23:00:10.753092 未中奖
2026/05/28 23:00:10.753092 未中奖
2026/05/28 23:00:10.753092 未中奖
2026/05/28 23:00:10.753092 未中奖
2026/05/28 23:00:10.753092 奖品已发完
2026/05/28 23:00:10.753092 未中奖
2026/05/28 23:00:10.753092 未中奖
2026/05/28 23:00:10.753092 未中奖
2026/05/28 23:00:10.753092 未中奖
2026/05/28 23:00:10.753092 未中奖
2026/05/28 23:00:10.753092 未中奖
2026/05/28 23:00:10.753092 未中奖
2026/05/28 23:00:10.753613 未中奖
2026/05/28 23:00:10.753613 未中奖
2026/05/28 23:00:10.753613 未中奖
2026/05/28 23:00:10.753613 未中奖
2026/05/28 23:00:10.753613 未中奖
2026/05/28 23:00:10.753613 未中奖
2026/05/28 23:00:10.753613 未中奖
2026/05/28 23:00:10.753613 未中奖
2026/05/28 23:00:10.753613 未中奖
2026/05/28 23:00:10.753613 奖品已发完
2026/05/28 23:00:10.753613 未中奖
2026/05/28 23:00:10.753613 未中奖
2026/05/28 23:00:10.753613 奖品已发完
2026/05/28 23:00:10.753613 未中奖
2026/05/28 23:00:10.753613 未中奖
2026/05/28 23:00:10.753613 未中奖
2026/05/28 23:00:10.753613 未中奖
2026/05/28 23:00:10.753613 未中奖
2026/05/28 23:00:10.753613 未中奖
2026/05/28 23:00:10.753613 未中奖
2026/05/28 23:00:10.753613 未中奖
2026/05/28 23:00:10.753613 未中奖
2026/05/28 23:00:10.753613 未中奖
2026/05/28 23:00:10.753613 未中奖
2026/05/28 23:00:10.753613 未中奖
2026/05/28 23:00:10.753613 未中奖
2026/05/28 23:00:10.753613 未中奖
2026/05/28 23:00:10.753613 未中奖
2026/05/28 23:00:10.753613 未中奖
2026/05/28 23:00:10.753613 未中奖
2026/05/28 23:00:10.753613 未中奖
2026/05/28 23:00:10.753613 未中奖
2026/05/28 23:00:10.753613 未中奖
2026/05/28 23:00:10.753613 未中奖
2026/05/28 23:00:10.753613 未中奖
2026/05/28 23:00:10.753613 未中奖
2026/05/28 23:00:10.753613 未中奖
2026/05/28 23:00:10.753613 未中奖
2026/05/28 23:00:10.753613 未中奖
2026/05/28 23:00:10.753613 未中奖
2026/05/28 23:00:10.753613 未中奖
2026/05/28 23:00:10.754136 未中奖
2026/05/28 23:00:10.754136 奖品已发完
2026/05/28 23:00:10.754136 未中奖
2026/05/28 23:00:10.754136 未中奖
2026/05/28 23:00:10.754136 未中奖
2026/05/28 23:00:10.754136 未中奖
2026/05/28 23:00:10.754136 未中奖
2026/05/28 23:00:10.754136 未中奖
2026/05/28 23:00:10.754136 未中奖
2026/05/28 23:00:10.754136 奖品已发完
2026/05/28 23:00:10.754136 未中奖
2026/05/28 23:00:10.754136 未中奖
2026/05/28 23:00:10.754136 未中奖
2026/05/28 23:00:10.754136 未中奖
2026/05/28 23:00:10.754136 未中奖
2026/05/28 23:00:10.754136 未中奖
2026/05/28 23:00:10.754136 未中奖
2026/05/28 23:00:10.754136 未中奖
2026/05/28 23:00:10.754136 未中奖
2026/05/28 23:00:10.754136 未中奖
2026/05/28 23:00:10.754136 未中奖
2026/05/28 23:00:10.754136 未中奖
2026/05/28 23:00:10.754136 未中奖
2026/05/28 23:00:10.754136 未中奖
2026/05/28 23:00:10.754136 未中奖
2026/05/28 23:00:10.754136 奖品已发完
2026/05/28 23:00:10.754136 未中奖
2026/05/28 23:00:10.754136 未中奖
2026/05/28 23:00:10.754136 未中奖
2026/05/28 23:00:10.754136 未中奖
2026/05/28 23:00:10.754136 奖品已发完
2026/05/28 23:00:10.754136 未中奖
2026/05/28 23:00:10.754136 未中奖
2026/05/28 23:00:10.754136 未中奖
2026/05/28 23:00:10.754136 奖品已发完
2026/05/28 23:00:10.754136 奖品已发完
2026/05/28 23:00:10.754652 未中奖
2026/05/28 23:00:10.754652 未中奖
2026/05/28 23:00:10.754652 未中奖
2026/05/28 23:00:10.754652 未中奖
2026/05/28 23:00:10.754652 未中奖
2026/05/28 23:00:10.754652 未中奖
2026/05/28 23:00:10.754652 未中奖
2026/05/28 23:00:10.754652 未中奖
2026/05/28 23:00:10.754652 未中奖
2026/05/28 23:00:10.754652 未中奖
2026/05/28 23:00:10.754652 奖品已发完
2026/05/28 23:00:10.754652 未中奖
2026/05/28 23:00:10.754652 未中奖
2026/05/28 23:00:10.754652 未中奖
2026/05/28 23:00:10.754652 未中奖
2026/05/28 23:00:10.754652 奖品已发完
2026/05/28 23:00:10.754652 未中奖
2026/05/28 23:00:10.754652 未中奖
2026/05/28 23:00:10.754652 未中奖
2026/05/28 23:00:10.754652 奖品已发完
2026/05/28 23:00:10.754652 未中奖
2026/05/28 23:00:10.754652 未中奖
2026/05/28 23:00:10.754652 未中奖
2026/05/28 23:00:10.754652 未中奖
2026/05/28 23:00:10.754652 未中奖
2026/05/28 23:00:10.754652 未中奖
2026/05/28 23:00:10.754652 未中奖
2026/05/28 23:00:10.754652 未中奖
2026/05/28 23:00:10.754652 未中奖
2026/05/28 23:00:10.754652 未中奖
2026/05/28 23:00:10.754652 未中奖
2026/05/28 23:00:10.754652 未中奖
2026/05/28 23:00:10.754652 奖品已发完
2026/05/28 23:00:10.754652 未中奖
2026/05/28 23:00:10.754652 未中奖
2026/05/28 23:00:10.754652 未中奖
2026/05/28 23:00:10.754652 奖品已发完
2026/05/28 23:00:10.754652 未中奖
2026/05/28 23:00:10.754652 未中奖
2026/05/28 23:00:10.754652 未中奖
2026/05/28 23:00:10.754652 未中奖
2026/05/28 23:00:10.754652 奖品已发完
2026/05/28 23:00:10.755190 未中奖
2026/05/28 23:00:10.755190 未中奖
2026/05/28 23:00:10.755190 未中奖
2026/05/28 23:00:10.755190 未中奖
2026/05/28 23:00:10.755190 未中奖
2026/05/28 23:00:10.755190 未中奖
2026/05/28 23:00:10.755190 未中奖
2026/05/28 23:00:10.755190 未中奖
2026/05/28 23:00:10.755190 未中奖
2026/05/28 23:00:10.755190 奖品已发完
2026/05/28 23:00:10.755190 未中奖
2026/05/28 23:00:10.755190 未中奖
2026/05/28 23:00:10.755190 未中奖
2026/05/28 23:00:10.755190 未中奖
2026/05/28 23:00:10.755190 未中奖
2026/05/28 23:00:10.755190 未中奖
2026/05/28 23:00:10.755190 未中奖
2026/05/28 23:00:10.755190 未中奖
2026/05/28 23:00:10.755190 奖品已发完
2026/05/28 23:00:10.755190 奖品已发完
2026/05/28 23:00:10.755190 未中奖
2026/05/28 23:00:10.755190 未中奖
2026/05/28 23:00:10.755190 未中奖
2026/05/28 23:00:10.755190 未中奖
2026/05/28 23:00:10.755190 奖品已发完
2026/05/28 23:00:10.755190 未中奖
2026/05/28 23:00:10.755190 未中奖
2026/05/28 23:00:10.755190 奖品已发完
2026/05/28 23:00:10.755190 未中奖
2026/05/28 23:00:10.755190 未中奖
2026/05/28 23:00:10.755190 未中奖
2026/05/28 23:00:10.755190 未中奖
2026/05/28 23:00:10.755190 未中奖
2026/05/28 23:00:10.755190 未中奖
2026/05/28 23:00:10.755190 未中奖
2026/05/28 23:00:10.755190 未中奖
2026/05/28 23:00:10.755190 未中奖
2026/05/28 23:00:10.755190 未中奖
2026/05/28 23:00:10.755190 未中奖
2026/05/28 23:00:10.755190 未中奖
2026/05/28 23:00:10.755190 未中奖
2026/05/28 23:00:10.755190 奖品已发完
2026/05/28 23:00:10.755741 未中奖
2026/05/28 23:00:10.755741 奖品已发完
2026/05/28 23:00:10.755741 未中奖
2026/05/28 23:00:10.755741 未中奖
2026/05/28 23:00:10.755741 未中奖
2026/05/28 23:00:10.755741 未中奖
2026/05/28 23:00:10.755741 未中奖
2026/05/28 23:00:10.755741 未中奖
2026/05/28 23:00:10.755741 未中奖
2026/05/28 23:00:10.755741 未中奖
2026/05/28 23:00:10.755741 未中奖
2026/05/28 23:00:10.755741 未中奖
2026/05/28 23:00:10.755741 未中奖
2026/05/28 23:00:10.755741 未中奖
2026/05/28 23:00:10.755741 未中奖
2026/05/28 23:00:10.755741 未中奖
2026/05/28 23:00:10.755741 未中奖
2026/05/28 23:00:10.755741 未中奖
2026/05/28 23:00:10.755741 未中奖
2026/05/28 23:00:10.755741 未中奖
2026/05/28 23:00:10.755741 未中奖
2026/05/28 23:00:10.755741 未中奖
2026/05/28 23:00:10.755741 未中奖
2026/05/28 23:00:10.755741 未中奖
2026/05/28 23:00:10.755741 未中奖
2026/05/28 23:00:10.755741 未中奖
2026/05/28 23:00:10.755741 未中奖
2026/05/28 23:00:10.755741 未中奖
2026/05/28 23:00:10.755741 未中奖
2026/05/28 23:00:10.755741 未中奖
2026/05/28 23:00:10.755741 未中奖
2026/05/28 23:00:10.755741 未中奖
2026/05/28 23:00:10.755741 未中奖
2026/05/28 23:00:10.755741 未中奖
2026/05/28 23:00:10.755741 未中奖
2026/05/28 23:00:10.755741 未中奖
2026/05/28 23:00:10.755741 未中奖
2026/05/28 23:00:10.755741 未中奖
2026/05/28 23:00:10.755741 未中奖
2026/05/28 23:00:10.755741 未中奖
2026/05/28 23:00:10.755741 未中奖
2026/05/28 23:00:10.755741 未中奖
2026/05/28 23:00:10.755741 未中奖
2026/05/28 23:00:10.755741 未中奖
2026/05/28 23:00:10.755741 未中奖
2026/05/28 23:00:10.755741 未中奖
2026/05/28 23:00:10.755741 未中奖
2026/05/28 23:00:10.755741 未中奖
2026/05/28 23:00:10.755741 未中奖
2026/05/28 23:00:10.755741 未中奖
2026/05/28 23:00:10.755741 未中奖
2026/05/28 23:00:10.755741 未中奖
2026/05/28 23:00:10.755741 未中奖
2026/05/28 23:00:10.755741 未中奖
2026/05/28 23:00:10.755741 未中奖
2026/05/28 23:00:10.755741 未中奖
2026/05/28 23:00:10.755741 未中奖
2026/05/28 23:00:10.755741 未中奖
2026/05/28 23:00:10.755741 奖品已发完
2026/05/28 23:00:10.755741 未中奖
2026/05/28 23:00:10.755741 未中奖
2026/05/28 23:00:10.755741 未中奖
2026/05/28 23:00:10.755741 未中奖
2026/05/28 23:00:10.755741 未中奖
2026/05/28 23:00:10.755741 未中奖
2026/05/28 23:00:10.755741 未中奖
2026/05/28 23:00:10.755741 奖品已发完
2026/05/28 23:00:10.755741 未中奖
2026/05/28 23:00:10.755741 未中奖
2026/05/28 23:00:10.755741 未中奖
2026/05/28 23:00:10.755741 未中奖
2026/05/28 23:00:10.755741 奖品已发完
2026/05/28 23:00:10.755741 未中奖
2026/05/28 23:00:10.755741 未中奖
2026/05/28 23:00:10.756753 未中奖
2026/05/28 23:00:10.756753 奖品已发完
2026/05/28 23:00:10.756753 奖品已发完
2026/05/28 23:00:10.756753 未中奖
2026/05/28 23:00:10.756753 未中奖
2026/05/28 23:00:10.756753 未中奖
2026/05/28 23:00:10.756753 未中奖
2026/05/28 23:00:10.756753 未中奖
2026/05/28 23:00:10.756753 奖品已发完
2026/05/28 23:00:10.756753 未中奖
2026/05/28 23:00:10.756753 未中奖
2026/05/28 23:00:10.756753 未中奖
2026/05/28 23:00:10.756753 奖品已发完
2026/05/28 23:00:10.756753 奖品已发完
2026/05/28 23:00:10.756753 未中奖
2026/05/28 23:00:10.756753 未中奖
2026/05/28 23:00:10.756753 未中奖
2026/05/28 23:00:10.756753 未中奖
2026/05/28 23:00:10.756753 未中奖
2026/05/28 23:00:10.756753 未中奖
2026/05/28 23:00:10.756753 未中奖
2026/05/28 23:00:10.756753 未中奖
2026/05/28 23:00:10.756753 未中奖
2026/05/28 23:00:10.756753 未中奖
2026/05/28 23:00:10.756753 未中奖
2026/05/28 23:00:10.756753 奖品已发完
2026/05/28 23:00:10.756753 未中奖
2026/05/28 23:00:10.757259 未中奖
2026/05/28 23:00:10.757259 未中奖
2026/05/28 23:00:10.757259 未中奖
2026/05/28 23:00:10.757259 奖品已发完
2026/05/28 23:00:10.757259 未中奖
2026/05/28 23:00:10.757259 未中奖
2026/05/28 23:00:10.757259 未中奖
2026/05/28 23:00:10.757259 未中奖
2026/05/28 23:00:10.757259 未中奖
2026/05/28 23:00:10.757259 奖品已发完
2026/05/28 23:00:10.757259 未中奖
2026/05/28 23:00:10.757259 未中奖
2026/05/28 23:00:10.757259 未中奖
2026/05/28 23:00:10.757259 未中奖
2026/05/28 23:00:10.757259 未中奖
2026/05/28 23:00:10.757259 未中奖
2026/05/28 23:00:10.757259 未中奖
2026/05/28 23:00:10.757259 未中奖
2026/05/28 23:00:10.757259 未中奖
2026/05/28 23:00:10.757259 未中奖
2026/05/28 23:00:10.757259 未中奖
2026/05/28 23:00:10.757259 未中奖
2026/05/28 23:00:10.757259 未中奖
2026/05/28 23:00:10.757259 奖品已发完
2026/05/28 23:00:10.757259 未中奖
2026/05/28 23:00:10.757259 未中奖
2026/05/28 23:00:10.757259 未中奖
2026/05/28 23:00:10.757259 未中奖
2026/05/28 23:00:10.757259 未中奖
2026/05/28 23:00:10.757259 未中奖
2026/05/28 23:00:10.757259 未中奖
2026/05/28 23:00:10.757259 未中奖
2026/05/28 23:00:10.757259 未中奖
2026/05/28 23:00:10.757259 未中奖
2026/05/28 23:00:10.757259 奖品已发完
2026/05/28 23:00:10.757259 未中奖
2026/05/28 23:00:10.757259 未中奖
2026/05/28 23:00:10.757259 未中奖
2026/05/28 23:00:10.757259 未中奖
2026/05/28 23:00:10.757259 未中奖
2026/05/28 23:00:10.757259 未中奖
2026/05/28 23:00:10.757259 未中奖
2026/05/28 23:00:10.757259 奖品已发完
2026/05/28 23:00:10.757259 未中奖
2026/05/28 23:00:10.757259 未中奖
2026/05/28 23:00:10.757259 未中奖
2026/05/28 23:00:10.757259 未中奖
2026/05/28 23:00:10.757259 未中奖
2026/05/28 23:00:10.757259 未中奖
2026/05/28 23:00:10.757259 未中奖
2026/05/28 23:00:10.757259 未中奖
2026/05/28 23:00:10.757259 未中奖
2026/05/28 23:00:10.757259 未中奖
2026/05/28 23:00:10.757259 未中奖
2026/05/28 23:00:10.757259 未中奖
2026/05/28 23:00:10.757259 未中奖
2026/05/28 23:00:10.757259 未中奖
2026/05/28 23:00:10.757259 奖品已发完
2026/05/28 23:00:10.757259 未中奖
2026/05/28 23:00:10.757259 未中奖
2026/05/28 23:00:10.757259 奖品已发完
2026/05/28 23:00:10.757259 未中奖
2026/05/28 23:00:10.757259 未中奖
2026/05/28 23:00:10.757259 奖品已发完
2026/05/28 23:00:10.757259 未中奖
2026/05/28 23:00:10.757259 未中奖
2026/05/28 23:00:10.757259 未中奖
2026/05/28 23:00:10.757259 未中奖
2026/05/28 23:00:10.757259 未中奖
2026/05/28 23:00:10.757259 未中奖
2026/05/28 23:00:10.757259 未中奖
2026/05/28 23:00:10.757259 未中奖
2026/05/28 23:00:10.757259 未中奖
2026/05/28 23:00:10.757259 未中奖
2026/05/28 23:00:10.757259 未中奖
2026/05/28 23:00:10.757259 奖品已发完
2026/05/28 23:00:10.757259 未中奖
2026/05/28 23:00:10.757259 未中奖
2026/05/28 23:00:10.757259 未中奖
2026/05/28 23:00:10.757259 未中奖
2026/05/28 23:00:10.757259 未中奖
2026/05/28 23:00:10.757259 未中奖
2026/05/28 23:00:10.757259 未中奖
2026/05/28 23:00:10.757259 未中奖
2026/05/28 23:00:10.757259 未中奖
2026/05/28 23:00:10.757259 未中奖
2026/05/28 23:00:10.757259 未中奖
2026/05/28 23:00:10.757259 奖品已发完
2026/05/28 23:00:10.758375 未中奖
2026/05/28 23:00:10.758375 未中奖
2026/05/28 23:00:10.758375 未中奖
2026/05/28 23:00:10.758375 未中奖
2026/05/28 23:00:10.758375 未中奖
2026/05/28 23:00:10.758375 未中奖
2026/05/28 23:00:10.758375 未中奖
2026/05/28 23:00:10.758375 未中奖
2026/05/28 23:00:10.758375 未中奖
2026/05/28 23:00:10.758375 未中奖
2026/05/28 23:00:10.758375 未中奖
2026/05/28 23:00:10.758375 奖品已发完
2026/05/28 23:00:10.758375 未中奖
2026/05/28 23:00:10.758375 奖品已发完
2026/05/28 23:00:10.758375 奖品已发完
2026/05/28 23:00:10.758375 未中奖
2026/05/28 23:00:10.758375 未中奖
2026/05/28 23:00:10.758375 未中奖
2026/05/28 23:00:10.758375 未中奖
2026/05/28 23:00:10.758375 未中奖
2026/05/28 23:00:10.758375 未中奖
2026/05/28 23:00:10.758375 未中奖
2026/05/28 23:00:10.758899 未中奖
2026/05/28 23:00:10.758899 奖品已发完
2026/05/28 23:00:10.758899 未中奖
2026/05/28 23:00:10.758899 未中奖
2026/05/28 23:00:10.758899 未中奖
2026/05/28 23:00:10.758899 奖品已发完
2026/05/28 23:00:10.759417 未中奖
2026/05/28 23:00:10.759417 未中奖
2026/05/28 23:00:10.759417 未中奖
2026/05/28 23:00:10.759417 未中奖
2026/05/28 23:00:10.759417 未中奖
2026/05/28 23:00:10.759417 奖品已发完
2026/05/28 23:00:10.759417 未中奖
2026/05/28 23:00:10.759417 未中奖
2026/05/28 23:00:10.759417 未中奖
2026/05/28 23:00:10.759417 未中奖
2026/05/28 23:00:10.759417 奖品已发完
2026/05/28 23:00:10.759417 未中奖
2026/05/28 23:00:10.759417 未中奖
2026/05/28 23:00:10.759417 未中奖
2026/05/28 23:00:10.759417 未中奖
2026/05/28 23:00:10.759417 未中奖
2026/05/28 23:00:10.759417 未中奖
2026/05/28 23:00:10.759417 奖品已发完
2026/05/28 23:00:10.759417 未中奖
2026/05/28 23:00:10.759417 未中奖
2026/05/28 23:00:10.759417 未中奖
2026/05/28 23:00:10.759417 奖品已发完
2026/05/28 23:00:10.759417 未中奖
2026/05/28 23:00:10.759417 未中奖
2026/05/28 23:00:10.759417 未中奖
2026/05/28 23:00:10.759417 未中奖
2026/05/28 23:00:10.759417 奖品已发完
2026/05/28 23:00:10.759417 未中奖
2026/05/28 23:00:10.759417 未中奖
2026/05/28 23:00:10.759417 未中奖
2026/05/28 23:00:10.759417 未中奖
2026/05/28 23:00:10.759417 未中奖
2026/05/28 23:00:10.759417 未中奖
2026/05/28 23:00:10.759417 未中奖
2026/05/28 23:00:10.759417 未中奖
2026/05/28 23:00:10.759417 未中奖
2026/05/28 23:00:10.759417 奖品已发完
2026/05/28 23:00:10.759417 未中奖
2026/05/28 23:00:10.759417 未中奖
2026/05/28 23:00:10.759417 未中奖
2026/05/28 23:00:10.759417 未中奖
2026/05/28 23:00:10.759417 未中奖
2026/05/28 23:00:10.759417 未中奖
2026/05/28 23:00:10.759417 未中奖
2026/05/28 23:00:10.759417 未中奖
2026/05/28 23:00:10.759417 未中奖
2026/05/28 23:00:10.759417 未中奖
2026/05/28 23:00:10.759417 奖品已发完
2026/05/28 23:00:10.759417 奖品已发完
2026/05/28 23:00:10.759417 未中奖
2026/05/28 23:00:10.759417 未中奖
2026/05/28 23:00:10.759417 未中奖
2026/05/28 23:00:10.759417 奖品已发完
2026/05/28 23:00:10.759417 未中奖
2026/05/28 23:00:10.759417 未中奖
2026/05/28 23:00:10.759417 未中奖
2026/05/28 23:00:10.759417 未中奖
2026/05/28 23:00:10.759417 未中奖
2026/05/28 23:00:10.759417 未中奖
2026/05/28 23:00:10.759417 未中奖
2026/05/28 23:00:10.759417 未中奖
2026/05/28 23:00:10.759417 奖品已发完
2026/05/28 23:00:10.759417 未中奖
2026/05/28 23:00:10.759417 未中奖
2026/05/28 23:00:10.759417 未中奖
2026/05/28 23:00:10.759417 未中奖
2026/05/28 23:00:10.759417 未中奖
2026/05/28 23:00:10.759417 未中奖
2026/05/28 23:00:10.759417 奖品已发完
2026/05/28 23:00:10.759417 未中奖
2026/05/28 23:00:10.759417 未中奖
2026/05/28 23:00:10.759417 未中奖
2026/05/28 23:00:10.759417 奖品已发完
2026/05/28 23:00:10.759417 未中奖
2026/05/28 23:00:10.759417 未中奖
2026/05/28 23:00:10.759417 未中奖
2026/05/28 23:00:10.759417 未中奖
2026/05/28 23:00:10.759417 未中奖
2026/05/28 23:00:10.759417 未中奖
2026/05/28 23:00:10.759417 未中奖
2026/05/28 23:00:10.759417 未中奖
2026/05/28 23:00:10.759417 未中奖
2026/05/28 23:00:10.760461 未中奖
2026/05/28 23:00:10.760461 未中奖
2026/05/28 23:00:10.760461 奖品已发完
2026/05/28 23:00:10.760461 未中奖
2026/05/28 23:00:10.760461 未中奖
2026/05/28 23:00:10.760461 未中奖
2026/05/28 23:00:10.760461 未中奖
2026/05/28 23:00:10.760461 未中奖
2026/05/28 23:00:10.760461 未中奖
2026/05/28 23:00:10.760461 未中奖
2026/05/28 23:00:10.760461 未中奖
2026/05/28 23:00:10.760461 未中奖
2026/05/28 23:00:10.760461 未中奖
2026/05/28 23:00:10.760461 未中奖
2026/05/28 23:00:10.760461 未中奖
2026/05/28 23:00:10.760461 未中奖
2026/05/28 23:00:10.760461 未中奖
2026/05/28 23:00:10.760461 奖品已发完
2026/05/28 23:00:10.760461 未中奖
2026/05/28 23:00:10.760461 未中奖
2026/05/28 23:00:10.760461 未中奖
2026/05/28 23:00:10.760461 未中奖
2026/05/28 23:00:10.760461 未中奖
2026/05/28 23:00:10.760461 未中奖
2026/05/28 23:00:10.760461 未中奖
2026/05/28 23:00:10.760461 未中奖
2026/05/28 23:00:10.760461 未中奖
2026/05/28 23:00:10.760461 未中奖
2026/05/28 23:00:10.760461 未中奖
2026/05/28 23:00:10.760461 未中奖
2026/05/28 23:00:10.760461 未中奖
2026/05/28 23:00:10.760461 未中奖
2026/05/28 23:00:10.760461 未中奖
2026/05/28 23:00:10.760461 未中奖
2026/05/28 23:00:10.760461 未中奖
2026/05/28 23:00:10.760461 未中奖
2026/05/28 23:00:10.760461 奖品已发完
2026/05/28 23:00:10.760461 未中奖
2026/05/28 23:00:10.760461 未中奖
2026/05/28 23:00:10.760461 奖品已发完
2026/05/28 23:00:10.760461 未中奖
2026/05/28 23:00:10.760461 未中奖
2026/05/28 23:00:10.760461 未中奖
2026/05/28 23:00:10.760461 未中奖
2026/05/28 23:00:10.760461 未中奖
2026/05/28 23:00:10.760461 未中奖
2026/05/28 23:00:10.760461 未中奖
2026/05/28 23:00:10.760461 未中奖
2026/05/28 23:00:10.760461 未中奖
2026/05/28 23:00:10.760461 未中奖
2026/05/28 23:00:10.760461 未中奖
2026/05/28 23:00:10.760461 未中奖
2026/05/28 23:00:10.760461 未中奖
2026/05/28 23:00:10.760461 奖品已发完
2026/05/28 23:00:10.760461 未中奖
2026/05/28 23:00:10.760461 奖品已发完
2026/05/28 23:00:10.760461 未中奖
2026/05/28 23:00:10.760461 奖品已发完
2026/05/28 23:00:10.760461 未中奖
2026/05/28 23:00:10.760461 未中奖
2026/05/28 23:00:10.760461 未中奖
2026/05/28 23:00:10.760461 未中奖
2026/05/28 23:00:10.760461 未中奖
2026/05/28 23:00:10.760461 未中奖
2026/05/28 23:00:10.760461 未中奖
2026/05/28 23:00:10.760461 奖品已发完
2026/05/28 23:00:10.760461 未中奖
2026/05/28 23:00:10.760461 未中奖
2026/05/28 23:00:10.760461 奖品已发完
2026/05/28 23:00:10.760461 未中奖
2026/05/28 23:00:10.760461 未中奖
2026/05/28 23:00:10.760461 未中奖
2026/05/28 23:00:10.760461 未中奖
2026/05/28 23:00:10.760461 未中奖
2026/05/28 23:00:10.760461 奖品已发完
2026/05/28 23:00:10.760461 未中奖
2026/05/28 23:00:10.760461 奖品已发完
2026/05/28 23:00:10.760461 未中奖
2026/05/28 23:00:10.760461 未中奖
2026/05/28 23:00:10.760461 未中奖
2026/05/28 23:00:10.760461 奖品已发完
2026/05/28 23:00:10.760461 奖品已发完
2026/05/28 23:00:10.760461 未中奖
2026/05/28 23:00:10.760461 未中奖
2026/05/28 23:00:10.760461 未中奖
2026/05/28 23:00:10.760461 未中奖
2026/05/28 23:00:10.760461 未中奖
2026/05/28 23:00:10.760461 未中奖
2026/05/28 23:00:10.760461 未中奖
2026/05/28 23:00:10.760461 未中奖
2026/05/28 23:00:10.760461 未中奖
2026/05/28 23:00:10.760461 未中奖
2026/05/28 23:00:10.760461 未中奖
2026/05/28 23:00:10.760461 未中奖
2026/05/28 23:00:10.760461 未中奖
2026/05/28 23:00:10.760461 未中奖
2026/05/28 23:00:10.760461 未中奖
2026/05/28 23:00:10.760461 未中奖
2026/05/28 23:00:10.760461 未中奖
2026/05/28 23:00:10.760461 未中奖
2026/05/28 23:00:10.760461 未中奖
2026/05/28 23:00:10.760461 未中奖
2026/05/28 23:00:10.760461 未中奖
2026/05/28 23:00:10.760461 奖品已发完
2026/05/28 23:00:10.760461 未中奖
2026/05/28 23:00:10.760461 未中奖
2026/05/28 23:00:10.760461 未中奖
2026/05/28 23:00:10.760461 奖品已发完
2026/05/28 23:00:10.760461 未中奖
2026/05/28 23:00:10.760461 未中奖
2026/05/28 23:00:10.760461 未中奖
2026/05/28 23:00:10.760461 未中奖
2026/05/28 23:00:10.760461 未中奖
2026/05/28 23:00:10.760461 未中奖
2026/05/28 23:00:10.760461 未中奖
2026/05/28 23:00:10.760461 未中奖
2026/05/28 23:00:10.760461 未中奖
2026/05/28 23:00:10.760461 未中奖
2026/05/28 23:00:10.760461 未中奖
2026/05/28 23:00:10.760461 未中奖
2026/05/28 23:00:10.760461 未中奖
2026/05/28 23:00:10.760461 未中奖
2026/05/28 23:00:10.760461 未中奖
2026/05/28 23:00:10.760461 未中奖
2026/05/28 23:00:10.760461 未中奖
2026/05/28 23:00:10.760461 未中奖
2026/05/28 23:00:10.760461 未中奖
2026/05/28 23:00:10.760461 未中奖
2026/05/28 23:00:10.760461 未中奖
2026/05/28 23:00:10.760461 未中奖
2026/05/28 23:00:10.760461 未中奖
2026/05/28 23:00:10.760461 未中奖
2026/05/28 23:00:10.760461 未中奖
2026/05/28 23:00:10.760461 未中奖
2026/05/28 23:00:10.760461 未中奖
2026/05/28 23:00:10.761985 未中奖
2026/05/28 23:00:10.761985 奖品已发完
2026/05/28 23:00:10.761985 未中奖
2026/05/28 23:00:10.761985 未中奖
2026/05/28 23:00:10.761985 奖品已发完
2026/05/28 23:00:10.761985 奖品已发完
2026/05/28 23:00:10.761985 奖品已发完
2026/05/28 23:00:10.761985 未中奖
2026/05/28 23:00:10.761985 未中奖
2026/05/28 23:00:10.761985 未中奖
2026/05/28 23:00:10.761985 未中奖
2026/05/28 23:00:10.761985 未中奖
2026/05/28 23:00:10.761985 未中奖
2026/05/28 23:00:10.761985 未中奖
2026/05/28 23:00:10.761985 未中奖
2026/05/28 23:00:10.761985 未中奖
2026/05/28 23:00:10.761985 未中奖
2026/05/28 23:00:10.761985 未中奖
2026/05/28 23:00:10.761985 未中奖
2026/05/28 23:00:10.761985 未中奖
2026/05/28 23:00:10.761985 未中奖
2026/05/28 23:00:10.761985 未中奖
2026/05/28 23:00:10.761985 未中奖
2026/05/28 23:00:10.761985 未中奖
2026/05/28 23:00:10.761985 未中奖
2026/05/28 23:00:10.761985 未中奖
2026/05/28 23:00:10.761985 未中奖
2026/05/28 23:00:10.761985 未中奖
2026/05/28 23:00:10.761985 未中奖
2026/05/28 23:00:10.761985 未中奖
2026/05/28 23:00:10.761985 未中奖
2026/05/28 23:00:10.761985 未中奖
2026/05/28 23:00:10.761985 未中奖
2026/05/28 23:00:10.761985 未中奖
2026/05/28 23:00:10.761985 未中奖
2026/05/28 23:00:10.761985 未中奖
2026/05/28 23:00:10.761985 未中奖
2026/05/28 23:00:10.761985 未中奖
2026/05/28 23:00:10.761985 未中奖
2026/05/28 23:00:10.761985 未中奖
2026/05/28 23:00:10.761985 未中奖
2026/05/28 23:00:10.761985 未中奖
2026/05/28 23:00:10.761985 未中奖
2026/05/28 23:00:10.761985 奖品已发完
2026/05/28 23:00:10.761985 未中奖
2026/05/28 23:00:10.761985 未中奖
2026/05/28 23:00:10.761985 未中奖
2026/05/28 23:00:10.761985 未中奖
2026/05/28 23:00:10.761985 未中奖
2026/05/28 23:00:10.761985 未中奖
2026/05/28 23:00:10.761985 未中奖
2026/05/28 23:00:10.761985 奖品已发完
2026/05/28 23:00:10.761985 未中奖
2026/05/28 23:00:10.761985 未中奖
2026/05/28 23:00:10.761985 奖品已发完
2026/05/28 23:00:10.761985 奖品已发完
2026/05/28 23:00:10.761985 未中奖
2026/05/28 23:00:10.761985 未中奖
2026/05/28 23:00:10.761985 未中奖
2026/05/28 23:00:10.761985 未中奖
2026/05/28 23:00:10.761985 未中奖
2026/05/28 23:00:10.761985 未中奖
2026/05/28 23:00:10.761985 未中奖
2026/05/28 23:00:10.761985 未中奖
2026/05/28 23:00:10.761985 未中奖
2026/05/28 23:00:10.761985 未中奖
2026/05/28 23:00:10.761985 未中奖
2026/05/28 23:00:10.761985 未中奖
2026/05/28 23:00:10.761985 未中奖
2026/05/28 23:00:10.761985 未中奖
2026/05/28 23:00:10.761985 未中奖
2026/05/28 23:00:10.761985 未中奖
2026/05/28 23:00:10.761985 未中奖
2026/05/28 23:00:10.761985 未中奖
2026/05/28 23:00:10.761985 未中奖
2026/05/28 23:00:10.761985 未中奖
2026/05/28 23:00:10.761985 未中奖
2026/05/28 23:00:10.761985 未中奖
2026/05/28 23:00:10.761985 未中奖
2026/05/28 23:00:10.761985 未中奖
2026/05/28 23:00:10.761985 未中奖
2026/05/28 23:00:10.761985 未中奖
2026/05/28 23:00:10.761985 未中奖
2026/05/28 23:00:10.761985 未中奖
2026/05/28 23:00:10.761985 未中奖
2026/05/28 23:00:10.761985 未中奖
2026/05/28 23:00:10.761985 未中奖
2026/05/28 23:00:10.761985 未中奖
2026/05/28 23:00:10.761985 未中奖
2026/05/28 23:00:10.761985 未中奖
2026/05/28 23:00:10.761985 未中奖
2026/05/28 23:00:10.761985 未中奖
2026/05/28 23:00:10.762992 未中奖
2026/05/28 23:00:10.762992 未中奖
2026/05/28 23:00:10.762992 未中奖
2026/05/28 23:00:10.762992 未中奖
2026/05/28 23:00:10.762992 未中奖
2026/05/28 23:00:10.762992 未中奖
2026/05/28 23:00:10.762992 未中奖
2026/05/28 23:00:10.762992 未中奖
2026/05/28 23:00:10.762992 奖品已发完
2026/05/28 23:00:10.762992 未中奖
2026/05/28 23:00:10.762992 未中奖
2026/05/28 23:00:10.762992 未中奖
2026/05/28 23:00:10.762992 未中奖
2026/05/28 23:00:10.762992 未中奖
2026/05/28 23:00:10.762992 未中奖
2026/05/28 23:00:10.762992 未中奖
2026/05/28 23:00:10.762992 未中奖
2026/05/28 23:00:10.762992 未中奖
2026/05/28 23:00:10.762992 未中奖
2026/05/28 23:00:10.762992 未中奖
2026/05/28 23:00:10.762992 未中奖
2026/05/28 23:00:10.762992 未中奖
2026/05/28 23:00:10.762992 未中奖
2026/05/28 23:00:10.762992 未中奖
2026/05/28 23:00:10.762992 未中奖
2026/05/28 23:00:10.762992 未中奖
2026/05/28 23:00:10.762992 未中奖
2026/05/28 23:00:10.762992 未中奖
2026/05/28 23:00:10.762992 未中奖
2026/05/28 23:00:10.762992 未中奖
2026/05/28 23:00:10.762992 奖品已发完
2026/05/28 23:00:10.762992 未中奖
2026/05/28 23:00:10.762992 未中奖
2026/05/28 23:00:10.762992 未中奖
2026/05/28 23:00:10.762992 未中奖
2026/05/28 23:00:10.762992 奖品已发完
2026/05/28 23:00:10.762992 未中奖
2026/05/28 23:00:10.762992 未中奖
2026/05/28 23:00:10.762992 未中奖
2026/05/28 23:00:10.762992 未中奖
2026/05/28 23:00:10.762992 未中奖
2026/05/28 23:00:10.762992 未中奖
2026/05/28 23:00:10.762992 未中奖
2026/05/28 23:00:10.763497 奖品已发完
2026/05/28 23:00:10.763497 未中奖
2026/05/28 23:00:10.763497 未中奖
2026/05/28 23:00:10.763497 未中奖
2026/05/28 23:00:10.763497 未中奖
2026/05/28 23:00:10.763497 未中奖
2026/05/28 23:00:10.763497 未中奖
2026/05/28 23:00:10.763497 未中奖
2026/05/28 23:00:10.763497 未中奖
2026/05/28 23:00:10.763497 未中奖
2026/05/28 23:00:10.763497 未中奖
2026/05/28 23:00:10.763497 未中奖
2026/05/28 23:00:10.763497 奖品已发完
2026/05/28 23:00:10.763497 未中奖
2026/05/28 23:00:10.763497 未中奖
2026/05/28 23:00:10.763497 未中奖
2026/05/28 23:00:10.763497 奖品已发完
2026/05/28 23:00:10.763497 未中奖
2026/05/28 23:00:10.763497 未中奖
2026/05/28 23:00:10.763497 未中奖
2026/05/28 23:00:10.763497 未中奖
2026/05/28 23:00:10.763497 未中奖
2026/05/28 23:00:10.763497 奖品已发完
2026/05/28 23:00:10.763497 奖品已发完
2026/05/28 23:00:10.763497 未中奖
2026/05/28 23:00:10.763497 未中奖
2026/05/28 23:00:10.763497 未中奖
2026/05/28 23:00:10.763497 未中奖
2026/05/28 23:00:10.763497 未中奖
2026/05/28 23:00:10.763497 未中奖
2026/05/28 23:00:10.763497 奖品已发完
2026/05/28 23:00:10.763497 未中奖
2026/05/28 23:00:10.763497 未中奖
2026/05/28 23:00:10.763497 未中奖
2026/05/28 23:00:10.763497 奖品已发完
2026/05/28 23:00:10.763497 未中奖
2026/05/28 23:00:10.763497 未中奖
2026/05/28 23:00:10.763497 未中奖
2026/05/28 23:00:10.763497 奖品已发完
2026/05/28 23:00:10.764002 未中奖
2026/05/28 23:00:10.764002 未中奖
2026/05/28 23:00:10.764002 未中奖
2026/05/28 23:00:10.764002 奖品已发完
2026/05/28 23:00:10.764002 未中奖
2026/05/28 23:00:10.764002 未中奖
2026/05/28 23:00:10.764002 未中奖
2026/05/28 23:00:10.764002 未中奖
2026/05/28 23:00:10.764002 奖品已发完
2026/05/28 23:00:10.764002 未中奖
2026/05/28 23:00:10.764002 未中奖
2026/05/28 23:00:10.764002 未中奖
2026/05/28 23:00:10.764002 未中奖
2026/05/28 23:00:10.764002 未中奖
2026/05/28 23:00:10.764002 未中奖
2026/05/28 23:00:10.764002 未中奖
2026/05/28 23:00:10.764002 未中奖
2026/05/28 23:00:10.764002 未中奖
2026/05/28 23:00:10.764002 未中奖
2026/05/28 23:00:10.764002 未中奖
2026/05/28 23:00:10.764002 未中奖
2026/05/28 23:00:10.764002 未中奖
2026/05/28 23:00:10.764002 未中奖
2026/05/28 23:00:10.764002 未中奖
2026/05/28 23:00:10.764002 未中奖
2026/05/28 23:00:10.764002 奖品已发完
2026/05/28 23:00:10.764002 未中奖
2026/05/28 23:00:10.764002 未中奖
2026/05/28 23:00:10.764002 未中奖
2026/05/28 23:00:10.764002 未中奖
2026/05/28 23:00:10.764002 未中奖
2026/05/28 23:00:10.764002 奖品已发完
2026/05/28 23:00:10.764002 未中奖
2026/05/28 23:00:10.764002 未中奖
2026/05/28 23:00:10.764002 未中奖
2026/05/28 23:00:10.764002 未中奖
2026/05/28 23:00:10.764002 未中奖
2026/05/28 23:00:10.764002 未中奖
2026/05/28 23:00:10.764002 未中奖
2026/05/28 23:00:10.764002 奖品已发完
2026/05/28 23:00:10.764002 奖品已发完
2026/05/28 23:00:10.764002 未中奖
2026/05/28 23:00:10.764002 未中奖
2026/05/28 23:00:10.764002 奖品已发完
2026/05/28 23:00:10.764002 未中奖
2026/05/28 23:00:10.764002 未中奖
2026/05/28 23:00:10.764002 未中奖
2026/05/28 23:00:10.764002 未中奖
2026/05/28 23:00:10.764002 未中奖
2026/05/28 23:00:10.764002 未中奖
2026/05/28 23:00:10.764002 奖品已发完
2026/05/28 23:00:10.764002 未中奖
2026/05/28 23:00:10.764002 未中奖
2026/05/28 23:00:10.764002 未中奖
2026/05/28 23:00:10.764002 未中奖
2026/05/28 23:00:10.764002 奖品已发完
2026/05/28 23:00:10.764002 未中奖
2026/05/28 23:00:10.764002 未中奖
2026/05/28 23:00:10.764002 未中奖
2026/05/28 23:00:10.764002 未中奖
2026/05/28 23:00:10.764002 未中奖
2026/05/28 23:00:10.764002 奖品已发完
2026/05/28 23:00:10.764002 未中奖
2026/05/28 23:00:10.764002 未中奖
2026/05/28 23:00:10.764002 奖品已发完
2026/05/28 23:00:10.764002 奖品已发完
2026/05/28 23:00:10.764002 未中奖
2026/05/28 23:00:10.764002 未中奖
2026/05/28 23:00:10.764002 未中奖
2026/05/28 23:00:10.764002 未中奖
2026/05/28 23:00:10.764002 未中奖
2026/05/28 23:00:10.764002 未中奖
2026/05/28 23:00:10.764002 奖品已发完
2026/05/28 23:00:10.764002 未中奖
2026/05/28 23:00:10.764002 未中奖
2026/05/28 23:00:10.764002 未中奖
2026/05/28 23:00:10.764002 未中奖
2026/05/28 23:00:10.764002 未中奖
2026/05/28 23:00:10.764002 未中奖
2026/05/28 23:00:10.764002 未中奖
2026/05/28 23:00:10.764002 未中奖
2026/05/28 23:00:10.764002 未中奖
2026/05/28 23:00:10.764002 未中奖
2026/05/28 23:00:10.765008 未中奖
2026/05/28 23:00:10.765008 未中奖
2026/05/28 23:00:10.765008 未中奖
2026/05/28 23:00:10.765008 未中奖
2026/05/28 23:00:10.765008 未中奖
2026/05/28 23:00:10.765008 未中奖
2026/05/28 23:00:10.765008 未中奖
2026/05/28 23:00:10.765008 未中奖
2026/05/28 23:00:10.765008 未中奖
2026/05/28 23:00:10.765008 未中奖
2026/05/28 23:00:10.765008 未中奖
2026/05/28 23:00:10.765008 未中奖
2026/05/28 23:00:10.765008 未中奖
2026/05/28 23:00:10.765008 未中奖
2026/05/28 23:00:10.765008 未中奖
2026/05/28 23:00:10.765008 未中奖
2026/05/28 23:00:10.765008 未中奖
2026/05/28 23:00:10.765008 未中奖
2026/05/28 23:00:10.765008 未中奖
2026/05/28 23:00:10.765008 未中奖
2026/05/28 23:00:10.765008 未中奖
2026/05/28 23:00:10.765008 奖品已发完
2026/05/28 23:00:10.765008 未中奖
2026/05/28 23:00:10.765008 未中奖
2026/05/28 23:00:10.765008 未中奖
2026/05/28 23:00:10.765008 未中奖
2026/05/28 23:00:10.765008 未中奖
2026/05/28 23:00:10.765008 未中奖
2026/05/28 23:00:10.765008 奖品已发完
2026/05/28 23:00:10.765008 未中奖
2026/05/28 23:00:10.765008 未中奖
2026/05/28 23:00:10.765008 未中奖
2026/05/28 23:00:10.765008 未中奖
2026/05/28 23:00:10.765008 奖品已发完
2026/05/28 23:00:10.765008 未中奖
2026/05/28 23:00:10.765008 未中奖
2026/05/28 23:00:10.765008 未中奖
2026/05/28 23:00:10.765008 未中奖
2026/05/28 23:00:10.765008 未中奖
2026/05/28 23:00:10.765008 未中奖
2026/05/28 23:00:10.765008 未中奖
2026/05/28 23:00:10.765008 奖品已发完
2026/05/28 23:00:10.765008 未中奖
2026/05/28 23:00:10.765008 奖品已发完
2026/05/28 23:00:10.765008 未中奖
2026/05/28 23:00:10.765008 未中奖
2026/05/28 23:00:10.765008 未中奖
2026/05/28 23:00:10.765008 未中奖
2026/05/28 23:00:10.765008 未中奖
2026/05/28 23:00:10.765008 未中奖
2026/05/28 23:00:10.765521 未中奖
2026/05/28 23:00:10.765521 未中奖
2026/05/28 23:00:10.765521 未中奖
2026/05/28 23:00:10.765521 未中奖
2026/05/28 23:00:10.765521 未中奖
2026/05/28 23:00:10.765521 未中奖
2026/05/28 23:00:10.765521 奖品已发完
2026/05/28 23:00:10.765521 未中奖
2026/05/28 23:00:10.765521 未中奖
2026/05/28 23:00:10.765521 未中奖
2026/05/28 23:00:10.765521 未中奖
2026/05/28 23:00:10.765521 未中奖
2026/05/28 23:00:10.765521 奖品已发完
2026/05/28 23:00:10.765521 未中奖
2026/05/28 23:00:10.765521 未中奖
2026/05/28 23:00:10.765521 未中奖
2026/05/28 23:00:10.765521 未中奖
2026/05/28 23:00:10.765521 未中奖
2026/05/28 23:00:10.765521 奖品已发完
2026/05/28 23:00:10.765521 未中奖
2026/05/28 23:00:10.765521 未中奖
2026/05/28 23:00:10.765521 未中奖
2026/05/28 23:00:10.765521 未中奖
2026/05/28 23:00:10.766029 未中奖
2026/05/28 23:00:10.766029 未中奖
2026/05/28 23:00:10.766029 未中奖
2026/05/28 23:00:10.766029 未中奖
2026/05/28 23:00:10.766029 未中奖
2026/05/28 23:00:10.766029 未中奖
2026/05/28 23:00:10.766029 未中奖
2026/05/28 23:00:10.766029 未中奖
2026/05/28 23:00:10.766029 奖品已发完
2026/05/28 23:00:10.766029 未中奖
2026/05/28 23:00:10.766029 未中奖
2026/05/28 23:00:10.766029 奖品已发完
2026/05/28 23:00:10.766029 未中奖
2026/05/28 23:00:10.766029 奖品已发完
2026/05/28 23:00:10.766029 未中奖
2026/05/28 23:00:10.766029 未中奖
2026/05/28 23:00:10.766029 未中奖
2026/05/28 23:00:10.766029 未中奖
2026/05/28 23:00:10.766029 未中奖
2026/05/28 23:00:10.766029 未中奖
2026/05/28 23:00:10.766029 未中奖
2026/05/28 23:00:10.766029 未中奖
2026/05/28 23:00:10.766029 奖品已发完
2026/05/28 23:00:10.766029 未中奖
2026/05/28 23:00:10.766029 未中奖
2026/05/28 23:00:10.766029 未中奖
2026/05/28 23:00:10.766029 未中奖
2026/05/28 23:00:10.766029 未中奖
2026/05/28 23:00:10.766029 未中奖
2026/05/28 23:00:10.766029 未中奖
2026/05/28 23:00:10.766029 奖品已发完
2026/05/28 23:00:10.766029 奖品已发完
2026/05/28 23:00:10.766029 未中奖
2026/05/28 23:00:10.766029 未中奖
2026/05/28 23:00:10.766029 未中奖
2026/05/28 23:00:10.766029 未中奖
2026/05/28 23:00:10.766029 未中奖
2026/05/28 23:00:10.766029 未中奖
2026/05/28 23:00:10.766029 未中奖
2026/05/28 23:00:10.766029 未中奖
2026/05/28 23:00:10.766029 未中奖
2026/05/28 23:00:10.766029 奖品已发完
2026/05/28 23:00:10.766029 未中奖
2026/05/28 23:00:10.766029 未中奖
2026/05/28 23:00:10.766029 未中奖
2026/05/28 23:00:10.766029 奖品已发完
2026/05/28 23:00:10.766029 未中奖
2026/05/28 23:00:10.766029 未中奖
2026/05/28 23:00:10.766029 未中奖
2026/05/28 23:00:10.766029 未中奖
2026/05/28 23:00:10.766029 未中奖
2026/05/28 23:00:10.766029 奖品已发完
2026/05/28 23:00:10.766029 未中奖
2026/05/28 23:00:10.766029 奖品已发完
2026/05/28 23:00:10.766029 奖品已发完
2026/05/28 23:00:10.766029 未中奖
2026/05/28 23:00:10.766029 未中奖
2026/05/28 23:00:10.766029 未中奖
2026/05/28 23:00:10.766029 未中奖
2026/05/28 23:00:10.766029 奖品已发完
2026/05/28 23:00:10.766029 未中奖
2026/05/28 23:00:10.766029 未中奖
2026/05/28 23:00:10.766029 奖品已发完
2026/05/28 23:00:10.766029 未中奖
2026/05/28 23:00:10.766029 未中奖
2026/05/28 23:00:10.766029 未中奖
2026/05/28 23:00:10.766029 未中奖
2026/05/28 23:00:10.766029 未中奖
2026/05/28 23:00:10.766029 奖品已发完
2026/05/28 23:00:10.766029 未中奖
2026/05/28 23:00:10.766029 未中奖
2026/05/28 23:00:10.766029 未中奖
2026/05/28 23:00:10.766029 未中奖
2026/05/28 23:00:10.766029 未中奖
2026/05/28 23:00:10.766029 未中奖
2026/05/28 23:00:10.766029 未中奖
2026/05/28 23:00:10.766029 未中奖
2026/05/28 23:00:10.766029 未中奖
2026/05/28 23:00:10.766029 未中奖
2026/05/28 23:00:10.766029 未中奖
2026/05/28 23:00:10.766029 未中奖
2026/05/28 23:00:10.766029 未中奖
2026/05/28 23:00:10.766029 未中奖
2026/05/28 23:00:10.766029 未中奖
2026/05/28 23:00:10.766029 未中奖
2026/05/28 23:00:10.767614 未中奖
2026/05/28 23:00:10.767614 未中奖
2026/05/28 23:00:10.767614 未中奖
2026/05/28 23:00:10.767614 未中奖
2026/05/28 23:00:10.767614 未中奖
2026/05/28 23:00:10.767614 未中奖
2026/05/28 23:00:10.767614 未中奖
2026/05/28 23:00:10.767614 未中奖
2026/05/28 23:00:10.767614 未中奖
2026/05/28 23:00:10.767614 未中奖
2026/05/28 23:00:10.767614 未中奖
2026/05/28 23:00:10.767614 未中奖
2026/05/28 23:00:10.767614 未中奖
2026/05/28 23:00:10.767614 未中奖
2026/05/28 23:00:10.767614 未中奖
2026/05/28 23:00:10.767614 未中奖
2026/05/28 23:00:10.767614 未中奖
2026/05/28 23:00:10.767614 未中奖
2026/05/28 23:00:10.767614 未中奖
2026/05/28 23:00:10.767614 未中奖
2026/05/28 23:00:10.767614 未中奖
2026/05/28 23:00:10.767614 未中奖
2026/05/28 23:00:10.767614 未中奖
2026/05/28 23:00:10.767614 未中奖
2026/05/28 23:00:10.767614 未中奖
2026/05/28 23:00:10.767614 未中奖
2026/05/28 23:00:10.767614 奖品已发完
2026/05/28 23:00:10.767614 未中奖
2026/05/28 23:00:10.767614 未中奖
2026/05/28 23:00:10.767614 未中奖
2026/05/28 23:00:10.767614 奖品已发完
2026/05/28 23:00:10.767614 未中奖
2026/05/28 23:00:10.767614 未中奖
2026/05/28 23:00:10.767614 奖品已发完
2026/05/28 23:00:10.767614 未中奖
2026/05/28 23:00:10.767614 未中奖
2026/05/28 23:00:10.767614 奖品已发完
2026/05/28 23:00:10.767614 未中奖
2026/05/28 23:00:10.767614 未中奖
2026/05/28 23:00:10.767614 未中奖
2026/05/28 23:00:10.767614 奖品已发完
2026/05/28 23:00:10.767614 奖品已发完
2026/05/28 23:00:10.767614 未中奖
2026/05/28 23:00:10.767614 未中奖
2026/05/28 23:00:10.767614 未中奖
2026/05/28 23:00:10.767614 未中奖
2026/05/28 23:00:10.767614 未中奖
2026/05/28 23:00:10.767614 未中奖
2026/05/28 23:00:10.767614 未中奖
2026/05/28 23:00:10.767614 未中奖
2026/05/28 23:00:10.767614 未中奖
2026/05/28 23:00:10.767614 未中奖
2026/05/28 23:00:10.767614 未中奖
2026/05/28 23:00:10.767614 未中奖
2026/05/28 23:00:10.767614 未中奖
2026/05/28 23:00:10.767614 未中奖
2026/05/28 23:00:10.767614 未中奖
2026/05/28 23:00:10.767614 未中奖
2026/05/28 23:00:10.767614 未中奖
2026/05/28 23:00:10.767614 未中奖
2026/05/28 23:00:10.767614 奖品已发完
2026/05/28 23:00:10.767614 未中奖
2026/05/28 23:00:10.767614 未中奖
2026/05/28 23:00:10.767614 未中奖
2026/05/28 23:00:10.767614 未中奖
2026/05/28 23:00:10.767614 未中奖
2026/05/28 23:00:10.767614 未中奖
2026/05/28 23:00:10.767614 奖品已发完
2026/05/28 23:00:10.767614 未中奖
2026/05/28 23:00:10.767614 未中奖
2026/05/28 23:00:10.767614 未中奖
2026/05/28 23:00:10.767614 未中奖
2026/05/28 23:00:10.767614 未中奖
2026/05/28 23:00:10.767614 未中奖
2026/05/28 23:00:10.767614 未中奖
2026/05/28 23:00:10.767614 未中奖
2026/05/28 23:00:10.767614 未中奖
2026/05/28 23:00:10.767614 未中奖
2026/05/28 23:00:10.767614 未中奖
2026/05/28 23:00:10.767614 奖品已发完
2026/05/28 23:00:10.767614 未中奖
2026/05/28 23:00:10.767614 未中奖
2026/05/28 23:00:10.767614 奖品已发完
2026/05/28 23:00:10.767614 未中奖
2026/05/28 23:00:10.767614 未中奖
2026/05/28 23:00:10.768626 奖品已发完
2026/05/28 23:00:10.768626 未中奖
2026/05/28 23:00:10.768626 未中奖
2026/05/28 23:00:10.768626 未中奖
2026/05/28 23:00:10.768626 未中奖
2026/05/28 23:00:10.768626 未中奖
2026/05/28 23:00:10.768626 未中奖
2026/05/28 23:00:10.768626 未中奖
2026/05/28 23:00:10.768626 未中奖
2026/05/28 23:00:10.768626 未中奖
2026/05/28 23:00:10.768626 未中奖
2026/05/28 23:00:10.768626 未中奖
2026/05/28 23:00:10.768626 未中奖
2026/05/28 23:00:10.768626 未中奖
2026/05/28 23:00:10.768626 未中奖
2026/05/28 23:00:10.768626 未中奖
2026/05/28 23:00:10.768626 未中奖
2026/05/28 23:00:10.768626 奖品已发完
2026/05/28 23:00:10.768626 未中奖
2026/05/28 23:00:10.768626 未中奖
2026/05/28 23:00:10.768626 未中奖
2026/05/28 23:00:10.768626 未中奖
2026/05/28 23:00:10.768626 未中奖
2026/05/28 23:00:10.768626 未中奖
2026/05/28 23:00:10.768626 奖品已发完
2026/05/28 23:00:10.768626 未中奖
2026/05/28 23:00:10.768626 未中奖
2026/05/28 23:00:10.768626 未中奖
2026/05/28 23:00:10.768626 未中奖
2026/05/28 23:00:10.768626 未中奖
2026/05/28 23:00:10.768626 未中奖
2026/05/28 23:00:10.768626 未中奖
2026/05/28 23:00:10.768626 未中奖
2026/05/28 23:00:10.768626 未中奖
2026/05/28 23:00:10.768626 未中奖
2026/05/28 23:00:10.768626 未中奖
2026/05/28 23:00:10.768626 奖品已发完
2026/05/28 23:00:10.768626 未中奖
2026/05/28 23:00:10.768626 未中奖
2026/05/28 23:00:10.768626 未中奖
2026/05/28 23:00:10.768626 未中奖
2026/05/28 23:00:10.768626 未中奖
2026/05/28 23:00:10.768626 奖品已发完
2026/05/28 23:00:10.768626 未中奖
2026/05/28 23:00:10.768626 未中奖
2026/05/28 23:00:10.768626 未中奖
2026/05/28 23:00:10.768626 未中奖
2026/05/28 23:00:10.768626 未中奖
2026/05/28 23:00:10.768626 奖品已发完
2026/05/28 23:00:10.768626 未中奖
2026/05/28 23:00:10.768626 未中奖
2026/05/28 23:00:10.768626 未中奖
2026/05/28 23:00:10.768626 未中奖
2026/05/28 23:00:10.768626 未中奖
2026/05/28 23:00:10.768626 未中奖
2026/05/28 23:00:10.768626 未中奖
2026/05/28 23:00:10.768626 未中奖
2026/05/28 23:00:10.768626 未中奖
2026/05/28 23:00:10.768626 未中奖
2026/05/28 23:00:10.768626 奖品已发完
2026/05/28 23:00:10.768626 未中奖
2026/05/28 23:00:10.768626 未中奖
2026/05/28 23:00:10.768626 未中奖
2026/05/28 23:00:10.768626 未中奖
2026/05/28 23:00:10.768626 未中奖
2026/05/28 23:00:10.768626 未中奖
2026/05/28 23:00:10.768626 未中奖
2026/05/28 23:00:10.768626 奖品已发完
2026/05/28 23:00:10.768626 未中奖
2026/05/28 23:00:10.768626 未中奖
2026/05/28 23:00:10.768626 未中奖
2026/05/28 23:00:10.768626 未中奖
2026/05/28 23:00:10.768626 未中奖
2026/05/28 23:00:10.768626 未中奖
2026/05/28 23:00:10.768626 未中奖
2026/05/28 23:00:10.768626 未中奖
2026/05/28 23:00:10.768626 未中奖
2026/05/28 23:00:10.768626 未中奖
2026/05/28 23:00:10.768626 未中奖
2026/05/28 23:00:10.768626 未中奖
2026/05/28 23:00:10.768626 未中奖
2026/05/28 23:00:10.768626 未中奖
2026/05/28 23:00:10.768626 奖品已发完
2026/05/28 23:00:10.768626 未中奖
2026/05/28 23:00:10.768626 未中奖
2026/05/28 23:00:10.768626 未中奖
2026/05/28 23:00:10.768626 未中奖
2026/05/28 23:00:10.768626 奖品已发完
2026/05/28 23:00:10.768626 未中奖
2026/05/28 23:00:10.768626 未中奖
2026/05/28 23:00:10.768626 未中奖
2026/05/28 23:00:10.768626 未中奖
2026/05/28 23:00:10.768626 奖品已发完
2026/05/28 23:00:10.768626 未中奖
2026/05/28 23:00:10.768626 奖品已发完
2026/05/28 23:00:10.768626 未中奖
2026/05/28 23:00:10.768626 未中奖
2026/05/28 23:00:10.768626 未中奖
2026/05/28 23:00:10.768626 未中奖
2026/05/28 23:00:10.768626 未中奖
2026/05/28 23:00:10.768626 未中奖
2026/05/28 23:00:10.768626 奖品已发完
2026/05/28 23:00:10.768626 未中奖
2026/05/28 23:00:10.768626 未中奖
2026/05/28 23:00:10.768626 未中奖
2026/05/28 23:00:10.768626 未中奖
2026/05/28 23:00:10.768626 未中奖
2026/05/28 23:00:10.768626 未中奖
2026/05/28 23:00:10.768626 未中奖
2026/05/28 23:00:10.768626 未中奖
2026/05/28 23:00:10.768626 未中奖
2026/05/28 23:00:10.768626 未中奖
2026/05/28 23:00:10.768626 未中奖
2026/05/28 23:00:10.768626 未中奖
2026/05/28 23:00:10.768626 未中奖
2026/05/28 23:00:10.768626 未中奖
2026/05/28 23:00:10.768626 未中奖
2026/05/28 23:00:10.768626 未中奖
2026/05/28 23:00:10.768626 未中奖
2026/05/28 23:00:10.768626 未中奖
2026/05/28 23:00:10.768626 未中奖
2026/05/28 23:00:10.768626 未中奖
2026/05/28 23:00:10.768626 未中奖
2026/05/28 23:00:10.768626 未中奖
2026/05/28 23:00:10.768626 未中奖
2026/05/28 23:00:10.768626 未中奖
2026/05/28 23:00:10.768626 未中奖
2026/05/28 23:00:10.768626 未中奖
2026/05/28 23:00:10.768626 未中奖
2026/05/28 23:00:10.768626 未中奖
2026/05/28 23:00:10.768626 奖品已发完
2026/05/28 23:00:10.768626 奖品已发完
2026/05/28 23:00:10.768626 未中奖
2026/05/28 23:00:10.768626 未中奖
2026/05/28 23:00:10.768626 未中奖
2026/05/28 23:00:10.768626 未中奖
2026/05/28 23:00:10.768626 未中奖
2026/05/28 23:00:10.768626 未中奖
2026/05/28 23:00:10.768626 未中奖
2026/05/28 23:00:10.768626 奖品已发完
2026/05/28 23:00:10.768626 未中奖
2026/05/28 23:00:10.769627 未中奖
2026/05/28 23:00:10.769627 未中奖
2026/05/28 23:00:10.769627 未中奖
2026/05/28 23:00:10.769627 奖品已发完
2026/05/28 23:00:10.769627 未中奖
2026/05/28 23:00:10.769627 未中奖
2026/05/28 23:00:10.769627 未中奖
2026/05/28 23:00:10.769627 未中奖
2026/05/28 23:00:10.769627 未中奖
2026/05/28 23:00:10.769627 奖品已发完
2026/05/28 23:00:10.769627 未中奖
2026/05/28 23:00:10.769627 未中奖
2026/05/28 23:00:10.769627 未中奖
2026/05/28 23:00:10.769627 奖品已发完
2026/05/28 23:00:10.769627 奖品已发完
2026/05/28 23:00:10.769627 未中奖
2026/05/28 23:00:10.769627 未中奖
2026/05/28 23:00:10.769627 未中奖
2026/05/28 23:00:10.769627 奖品已发完
2026/05/28 23:00:10.769627 未中奖
2026/05/28 23:00:10.769627 未中奖
2026/05/28 23:00:10.769627 未中奖
2026/05/28 23:00:10.769627 未中奖
2026/05/28 23:00:10.769627 奖品已发完
2026/05/28 23:00:10.769627 未中奖
2026/05/28 23:00:10.769627 未中奖
2026/05/28 23:00:10.769627 未中奖
2026/05/28 23:00:10.769627 未中奖
2026/05/28 23:00:10.769627 未中奖
2026/05/28 23:00:10.769627 未中奖
2026/05/28 23:00:10.769627 未中奖
2026/05/28 23:00:10.769627 未中奖
2026/05/28 23:00:10.769627 未中奖
2026/05/28 23:00:10.769627 未中奖
2026/05/28 23:00:10.769627 未中奖
2026/05/28 23:00:10.769627 未中奖
2026/05/28 23:00:10.769627 未中奖
2026/05/28 23:00:10.769627 未中奖
2026/05/28 23:00:10.769627 未中奖
2026/05/28 23:00:10.769627 未中奖
2026/05/28 23:00:10.769627 未中奖
2026/05/28 23:00:10.769627 未中奖
2026/05/28 23:00:10.769627 未中奖
2026/05/28 23:00:10.769627 未中奖
2026/05/28 23:00:10.769627 未中奖
2026/05/28 23:00:10.769627 未中奖
2026/05/28 23:00:10.769627 未中奖
2026/05/28 23:00:10.769627 未中奖
2026/05/28 23:00:10.769627 未中奖
2026/05/28 23:00:10.769627 未中奖
2026/05/28 23:00:10.769627 未中奖
2026/05/28 23:00:10.769627 未中奖
2026/05/28 23:00:10.769627 未中奖
2026/05/28 23:00:10.769627 未中奖
2026/05/28 23:00:10.769627 未中奖
2026/05/28 23:00:10.769627 未中奖
2026/05/28 23:00:10.769627 未中奖
2026/05/28 23:00:10.769627 未中奖
2026/05/28 23:00:10.769627 奖品已发完
2026/05/28 23:00:10.769627 未中奖
2026/05/28 23:00:10.769627 未中奖
2026/05/28 23:00:10.769627 未中奖
2026/05/28 23:00:10.769627 奖品已发完
2026/05/28 23:00:10.769627 未中奖
2026/05/28 23:00:10.769627 未中奖
2026/05/28 23:00:10.769627 奖品已发完
2026/05/28 23:00:10.769627 未中奖
2026/05/28 23:00:10.769627 未中奖
2026/05/28 23:00:10.769627 未中奖
2026/05/28 23:00:10.769627 未中奖
2026/05/28 23:00:10.769627 未中奖
2026/05/28 23:00:10.769627 未中奖
2026/05/28 23:00:10.769627 未中奖
2026/05/28 23:00:10.769627 未中奖
2026/05/28 23:00:10.769627 未中奖
2026/05/28 23:00:10.769627 未中奖
2026/05/28 23:00:10.769627 未中奖
2026/05/28 23:00:10.769627 未中奖
2026/05/28 23:00:10.769627 未中奖
2026/05/28 23:00:10.769627 未中奖
2026/05/28 23:00:10.769627 未中奖
2026/05/28 23:00:10.769627 未中奖
2026/05/28 23:00:10.769627 未中奖
2026/05/28 23:00:10.769627 未中奖
2026/05/28 23:00:10.769627 未中奖
2026/05/28 23:00:10.769627 未中奖
2026/05/28 23:00:10.769627 未中奖
2026/05/28 23:00:10.769627 未中奖
2026/05/28 23:00:10.769627 未中奖
2026/05/28 23:00:10.769627 未中奖
2026/05/28 23:00:10.769627 未中奖
2026/05/28 23:00:10.769627 未中奖
2026/05/28 23:00:10.769627 未中奖
2026/05/28 23:00:10.769627 未中奖
2026/05/28 23:00:10.769627 未中奖
2026/05/28 23:00:10.769627 未中奖
2026/05/28 23:00:10.769627 未中奖
2026/05/28 23:00:10.769627 未中奖
2026/05/28 23:00:10.769627 未中奖
2026/05/28 23:00:10.769627 未中奖
2026/05/28 23:00:10.769627 未中奖
2026/05/28 23:00:10.770626 未中奖
2026/05/28 23:00:10.770626 未中奖
2026/05/28 23:00:10.770626 未中奖
2026/05/28 23:00:10.770626 未中奖
2026/05/28 23:00:10.770626 未中奖
2026/05/28 23:00:10.770626 未中奖
2026/05/28 23:00:10.770626 未中奖
2026/05/28 23:00:10.770626 未中奖
2026/05/28 23:00:10.770626 未中奖
2026/05/28 23:00:10.770626 未中奖
2026/05/28 23:00:10.770626 未中奖
2026/05/28 23:00:10.770626 未中奖
2026/05/28 23:00:10.770626 未中奖
2026/05/28 23:00:10.770626 奖品已发完
2026/05/28 23:00:10.770626 未中奖
2026/05/28 23:00:10.770626 未中奖
2026/05/28 23:00:10.770626 奖品已发完
2026/05/28 23:00:10.770626 未中奖
2026/05/28 23:00:10.770626 未中奖
2026/05/28 23:00:10.770626 未中奖
2026/05/28 23:00:10.770626 未中奖
2026/05/28 23:00:10.770626 未中奖
2026/05/28 23:00:10.770626 奖品已发完
2026/05/28 23:00:10.770626 未中奖
2026/05/28 23:00:10.770626 未中奖
2026/05/28 23:00:10.770626 未中奖
2026/05/28 23:00:10.770626 未中奖
2026/05/28 23:00:10.770626 未中奖
2026/05/28 23:00:10.770626 未中奖
2026/05/28 23:00:10.770626 未中奖
2026/05/28 23:00:10.770626 奖品已发完
2026/05/28 23:00:10.770626 奖品已发完
2026/05/28 23:00:10.770626 未中奖
2026/05/28 23:00:10.770626 未中奖
2026/05/28 23:00:10.770626 奖品已发完
2026/05/28 23:00:10.770626 未中奖
2026/05/28 23:00:10.770626 奖品已发完
2026/05/28 23:00:10.770626 未中奖
2026/05/28 23:00:10.770626 未中奖
2026/05/28 23:00:10.770626 奖品已发完
2026/05/28 23:00:10.770626 未中奖
2026/05/28 23:00:10.770626 未中奖
2026/05/28 23:00:10.770626 未中奖
2026/05/28 23:00:10.770626 未中奖
2026/05/28 23:00:10.770626 未中奖
2026/05/28 23:00:10.770626 未中奖
2026/05/28 23:00:10.770626 未中奖
2026/05/28 23:00:10.770626 未中奖
2026/05/28 23:00:10.770626 未中奖
2026/05/28 23:00:10.770626 未中奖
2026/05/28 23:00:10.770626 未中奖
2026/05/28 23:00:10.770626 未中奖
2026/05/28 23:00:10.770626 未中奖
2026/05/28 23:00:10.770626 奖品已发完
2026/05/28 23:00:10.770626 未中奖
2026/05/28 23:00:10.770626 未中奖
2026/05/28 23:00:10.770626 未中奖
2026/05/28 23:00:10.770626 奖品已发完
2026/05/28 23:00:10.770626 未中奖
2026/05/28 23:00:10.770626 未中奖
2026/05/28 23:00:10.770626 未中奖
2026/05/28 23:00:10.770626 未中奖
2026/05/28 23:00:10.770626 未中奖
2026/05/28 23:00:10.770626 未中奖
2026/05/28 23:00:10.770626 未中奖
2026/05/28 23:00:10.770626 未中奖
2026/05/28 23:00:10.770626 未中奖
2026/05/28 23:00:10.770626 未中奖
2026/05/28 23:00:10.770626 未中奖
2026/05/28 23:00:10.770626 未中奖
2026/05/28 23:00:10.770626 奖品已发完
2026/05/28 23:00:10.770626 未中奖
2026/05/28 23:00:10.770626 未中奖
2026/05/28 23:00:10.770626 未中奖
2026/05/28 23:00:10.770626 未中奖
2026/05/28 23:00:10.770626 未中奖
2026/05/28 23:00:10.771639 未中奖
2026/05/28 23:00:10.771639 未中奖
2026/05/28 23:00:10.771639 未中奖
2026/05/28 23:00:10.771639 未中奖
2026/05/28 23:00:10.771639 奖品已发完
2026/05/28 23:00:10.771639 未中奖
2026/05/28 23:00:10.771639 未中奖
2026/05/28 23:00:10.771639 未中奖
2026/05/28 23:00:10.771639 未中奖
2026/05/28 23:00:10.771639 未中奖
2026/05/28 23:00:10.771639 未中奖
2026/05/28 23:00:10.771639 未中奖
2026/05/28 23:00:10.771639 未中奖
2026/05/28 23:00:10.771639 未中奖
2026/05/28 23:00:10.771639 未中奖
2026/05/28 23:00:10.771639 未中奖
2026/05/28 23:00:10.771639 未中奖
2026/05/28 23:00:10.771639 未中奖
2026/05/28 23:00:10.771639 奖品已发完
2026/05/28 23:00:10.771639 未中奖
2026/05/28 23:00:10.771639 奖品已发完
2026/05/28 23:00:10.771639 未中奖
2026/05/28 23:00:10.771639 未中奖
2026/05/28 23:00:10.771639 未中奖
2026/05/28 23:00:10.771639 未中奖
2026/05/28 23:00:10.771639 未中奖
2026/05/28 23:00:10.771639 奖品已发完
2026/05/28 23:00:10.771639 奖品已发完
2026/05/28 23:00:10.771639 未中奖
2026/05/28 23:00:10.771639 未中奖
2026/05/28 23:00:10.771639 未中奖
2026/05/28 23:00:10.771639 未中奖
2026/05/28 23:00:10.771639 未中奖
2026/05/28 23:00:10.771639 未中奖
2026/05/28 23:00:10.771639 未中奖
2026/05/28 23:00:10.771639 未中奖
2026/05/28 23:00:10.771639 未中奖
2026/05/28 23:00:10.771639 未中奖
2026/05/28 23:00:10.771639 奖品已发完
2026/05/28 23:00:10.771639 未中奖
2026/05/28 23:00:10.771639 未中奖
2026/05/28 23:00:10.771639 未中奖
2026/05/28 23:00:10.771639 未中奖
2026/05/28 23:00:10.771639 未中奖
2026/05/28 23:00:10.771639 未中奖
2026/05/28 23:00:10.771639 未中奖
2026/05/28 23:00:10.771639 未中奖
2026/05/28 23:00:10.771639 未中奖
2026/05/28 23:00:10.771639 未中奖
2026/05/28 23:00:10.771639 未中奖
2026/05/28 23:00:10.771639 未中奖
2026/05/28 23:00:10.771639 未中奖
2026/05/28 23:00:10.771639 未中奖
2026/05/28 23:00:10.771639 未中奖
2026/05/28 23:00:10.771639 未中奖
2026/05/28 23:00:10.771639 未中奖
2026/05/28 23:00:10.771639 未中奖
2026/05/28 23:00:10.771639 未中奖
2026/05/28 23:00:10.771639 未中奖
2026/05/28 23:00:10.771639 未中奖
2026/05/28 23:00:10.771639 未中奖
2026/05/28 23:00:10.771639 未中奖
2026/05/28 23:00:10.771639 未中奖
2026/05/28 23:00:10.771639 奖品已发完
2026/05/28 23:00:10.771639 未中奖
2026/05/28 23:00:10.771639 未中奖
2026/05/28 23:00:10.771639 未中奖
2026/05/28 23:00:10.771639 未中奖
2026/05/28 23:00:10.771639 未中奖
2026/05/28 23:00:10.771639 未中奖
2026/05/28 23:00:10.771639 未中奖
2026/05/28 23:00:10.771639 未中奖
2026/05/28 23:00:10.771639 未中奖
2026/05/28 23:00:10.772628 未中奖
2026/05/28 23:00:10.772628 未中奖
2026/05/28 23:00:10.772628 奖品已发完
2026/05/28 23:00:10.772628 未中奖
2026/05/28 23:00:10.772628 未中奖
2026/05/28 23:00:10.772628 未中奖
2026/05/28 23:00:10.772628 未中奖
2026/05/28 23:00:10.772628 未中奖
2026/05/28 23:00:10.772628 未中奖
2026/05/28 23:00:10.772628 未中奖
2026/05/28 23:00:10.772628 奖品已发完
2026/05/28 23:00:10.772628 未中奖
2026/05/28 23:00:10.772628 未中奖
2026/05/28 23:00:10.772628 未中奖
2026/05/28 23:00:10.772628 未中奖
2026/05/28 23:00:10.772628 未中奖
2026/05/28 23:00:10.772628 未中奖
2026/05/28 23:00:10.772628 未中奖
2026/05/28 23:00:10.772628 未中奖
2026/05/28 23:00:10.772628 奖品已发完
2026/05/28 23:00:10.772628 未中奖
2026/05/28 23:00:10.772628 未中奖
2026/05/28 23:00:10.772628 未中奖
2026/05/28 23:00:10.772628 未中奖
2026/05/28 23:00:10.772628 未中奖
2026/05/28 23:00:10.772628 未中奖
2026/05/28 23:00:10.772628 未中奖
2026/05/28 23:00:10.772628 未中奖
2026/05/28 23:00:10.772628 未中奖
2026/05/28 23:00:10.772628 未中奖
2026/05/28 23:00:10.772628 未中奖
2026/05/28 23:00:10.772628 未中奖
2026/05/28 23:00:10.772628 未中奖
2026/05/28 23:00:10.772628 未中奖
2026/05/28 23:00:10.772628 未中奖
2026/05/28 23:00:10.772628 未中奖
2026/05/28 23:00:10.772628 未中奖
2026/05/28 23:00:10.772628 未中奖
2026/05/28 23:00:10.772628 未中奖
2026/05/28 23:00:10.772628 未中奖
2026/05/28 23:00:10.772628 未中奖
2026/05/28 23:00:10.772628 未中奖
2026/05/28 23:00:10.773304 未中奖
2026/05/28 23:00:10.773304 未中奖
2026/05/28 23:00:10.773304 奖品已发完
2026/05/28 23:00:10.773304 未中奖
2026/05/28 23:00:10.773304 奖品已发完
2026/05/28 23:00:10.773304 未中奖
2026/05/28 23:00:10.773304 未中奖
2026/05/28 23:00:10.773304 未中奖
2026/05/28 23:00:10.773304 未中奖
2026/05/28 23:00:10.773304 未中奖
2026/05/28 23:00:10.773304 未中奖
2026/05/28 23:00:10.773304 未中奖
2026/05/28 23:00:10.773304 未中奖
2026/05/28 23:00:10.773304 奖品已发完
2026/05/28 23:00:10.773304 未中奖
2026/05/28 23:00:10.773304 未中奖
2026/05/28 23:00:10.773304 未中奖
2026/05/28 23:00:10.773304 未中奖
2026/05/28 23:00:10.773304 未中奖
2026/05/28 23:00:10.773304 未中奖
2026/05/28 23:00:10.773304 未中奖
2026/05/28 23:00:10.773304 未中奖
2026/05/28 23:00:10.773304 未中奖
2026/05/28 23:00:10.773304 未中奖
2026/05/28 23:00:10.773304 未中奖
2026/05/28 23:00:10.773304 未中奖
2026/05/28 23:00:10.773304 未中奖
2026/05/28 23:00:10.773304 未中奖
2026/05/28 23:00:10.773304 奖品已发完
2026/05/28 23:00:10.773304 未中奖
2026/05/28 23:00:10.773304 未中奖
2026/05/28 23:00:10.773304 未中奖
2026/05/28 23:00:10.773304 未中奖
2026/05/28 23:00:10.773304 未中奖
2026/05/28 23:00:10.773304 奖品已发完
2026/05/28 23:00:10.773304 未中奖
2026/05/28 23:00:10.773304 未中奖
2026/05/28 23:00:10.773304 未中奖
2026/05/28 23:00:10.773304 未中奖
2026/05/28 23:00:10.773304 未中奖
2026/05/28 23:00:10.773304 未中奖
2026/05/28 23:00:10.773304 未中奖
2026/05/28 23:00:10.773304 未中奖
2026/05/28 23:00:10.773304 未中奖
2026/05/28 23:00:10.773304 未中奖
2026/05/28 23:00:10.773304 奖品已发完
2026/05/28 23:00:10.773304 未中奖
2026/05/28 23:00:10.773304 未中奖
2026/05/28 23:00:10.773304 未中奖
2026/05/28 23:00:10.773304 未中奖
2026/05/28 23:00:10.773304 未中奖
2026/05/28 23:00:10.773304 未中奖
2026/05/28 23:00:10.773304 未中奖
2026/05/28 23:00:10.773304 未中奖
2026/05/28 23:00:10.773304 奖品已发完
2026/05/28 23:00:10.773304 未中奖
2026/05/28 23:00:10.773304 未中奖
2026/05/28 23:00:10.774014 奖品已发完
2026/05/28 23:00:10.774014 未中奖
2026/05/28 23:00:10.774014 未中奖
2026/05/28 23:00:10.774014 未中奖
2026/05/28 23:00:10.774014 未中奖
2026/05/28 23:00:10.774014 未中奖
2026/05/28 23:00:10.774014 未中奖
2026/05/28 23:00:10.774014 未中奖
2026/05/28 23:00:10.774014 未中奖
2026/05/28 23:00:10.774014 未中奖
2026/05/28 23:00:10.774014 未中奖
2026/05/28 23:00:10.774014 未中奖
2026/05/28 23:00:10.774014 未中奖
2026/05/28 23:00:10.774014 未中奖
2026/05/28 23:00:10.774596 未中奖
2026/05/28 23:00:10.774596 未中奖
2026/05/28 23:00:10.774596 奖品已发完
2026/05/28 23:00:10.774596 未中奖
2026/05/28 23:00:10.774596 未中奖
2026/05/28 23:00:10.774596 未中奖
2026/05/28 23:00:10.774596 未中奖
2026/05/28 23:00:10.774596 未中奖
2026/05/28 23:00:10.774596 未中奖
2026/05/28 23:00:10.774596 奖品已发完
2026/05/28 23:00:10.774596 未中奖
2026/05/28 23:00:10.774596 未中奖
2026/05/28 23:00:10.774596 未中奖
2026/05/28 23:00:10.774596 未中奖
2026/05/28 23:00:10.774596 未中奖
2026/05/28 23:00:10.774596 未中奖
2026/05/28 23:00:10.774596 奖品已发完
2026/05/28 23:00:10.774596 未中奖
2026/05/28 23:00:10.774596 奖品已发完
2026/05/28 23:00:10.774596 未中奖
2026/05/28 23:00:10.774596 未中奖
2026/05/28 23:00:10.774596 未中奖
2026/05/28 23:00:10.774596 未中奖
2026/05/28 23:00:10.774596 未中奖
2026/05/28 23:00:10.774596 未中奖
2026/05/28 23:00:10.774596 未中奖
2026/05/28 23:00:10.774596 未中奖
2026/05/28 23:00:10.774596 奖品已发完
2026/05/28 23:00:10.774596 未中奖
2026/05/28 23:00:10.774596 未中奖
2026/05/28 23:00:10.774596 未中奖
2026/05/28 23:00:10.774596 奖品已发完
2026/05/28 23:00:10.774596 未中奖
2026/05/28 23:00:10.774596 未中奖
2026/05/28 23:00:10.774596 未中奖
2026/05/28 23:00:10.774596 未中奖
2026/05/28 23:00:10.774596 未中奖
2026/05/28 23:00:10.774596 未中奖
2026/05/28 23:00:10.774596 未中奖
2026/05/28 23:00:10.774596 未中奖
2026/05/28 23:00:10.774596 未中奖
2026/05/28 23:00:10.774596 未中奖
2026/05/28 23:00:10.775117 未中奖
2026/05/28 23:00:10.775117 未中奖
2026/05/28 23:00:10.775117 未中奖
2026/05/28 23:00:10.775117 未中奖
2026/05/28 23:00:10.775117 未中奖
2026/05/28 23:00:10.775117 未中奖
2026/05/28 23:00:10.775117 未中奖
2026/05/28 23:00:10.775117 未中奖
2026/05/28 23:00:10.775117 未中奖
2026/05/28 23:00:10.775117 未中奖
2026/05/28 23:00:10.775117 未中奖
2026/05/28 23:00:10.775117 未中奖
2026/05/28 23:00:10.775117 未中奖
2026/05/28 23:00:10.775117 未中奖
2026/05/28 23:00:10.775117 未中奖
2026/05/28 23:00:10.775117 未中奖
2026/05/28 23:00:10.775117 奖品已发完
2026/05/28 23:00:10.775117 奖品已发完
2026/05/28 23:00:10.775117 未中奖
2026/05/28 23:00:10.775117 未中奖
2026/05/28 23:00:10.775117 未中奖
2026/05/28 23:00:10.775117 未中奖
2026/05/28 23:00:10.775117 奖品已发完
2026/05/28 23:00:10.775117 未中奖
2026/05/28 23:00:10.775117 未中奖
2026/05/28 23:00:10.775117 未中奖
2026/05/28 23:00:10.775117 未中奖
2026/05/28 23:00:10.775117 未中奖
2026/05/28 23:00:10.775117 未中奖
2026/05/28 23:00:10.775117 未中奖
2026/05/28 23:00:10.775117 未中奖
2026/05/28 23:00:10.775117 未中奖
2026/05/28 23:00:10.775117 未中奖
2026/05/28 23:00:10.775117 奖品已发完
2026/05/28 23:00:10.775117 未中奖
2026/05/28 23:00:10.775117 未中奖
2026/05/28 23:00:10.775117 未中奖
2026/05/28 23:00:10.775117 未中奖
2026/05/28 23:00:10.775117 未中奖
2026/05/28 23:00:10.775117 未中奖
2026/05/28 23:00:10.775117 未中奖
2026/05/28 23:00:10.775117 未中奖
2026/05/28 23:00:10.775117 未中奖
2026/05/28 23:00:10.775117 未中奖
2026/05/28 23:00:10.775117 未中奖
2026/05/28 23:00:10.775117 未中奖
2026/05/28 23:00:10.775117 未中奖
2026/05/28 23:00:10.775117 奖品已发完
2026/05/28 23:00:10.775117 未中奖
2026/05/28 23:00:10.775117 未中奖
2026/05/28 23:00:10.775117 未中奖
2026/05/28 23:00:10.775117 未中奖
2026/05/28 23:00:10.775117 未中奖
2026/05/28 23:00:10.775117 奖品已发完
2026/05/28 23:00:10.775117 未中奖
2026/05/28 23:00:10.775117 未中奖
2026/05/28 23:00:10.775117 未中奖
2026/05/28 23:00:10.775117 未中奖
2026/05/28 23:00:10.775117 未中奖
2026/05/28 23:00:10.775117 未中奖
2026/05/28 23:00:10.775117 未中奖
2026/05/28 23:00:10.775117 未中奖
2026/05/28 23:00:10.775117 未中奖
2026/05/28 23:00:10.775117 未中奖
2026/05/28 23:00:10.775117 未中奖
2026/05/28 23:00:10.775117 未中奖
2026/05/28 23:00:10.775117 未中奖
2026/05/28 23:00:10.775117 未中奖
2026/05/28 23:00:10.775117 奖品已发完
2026/05/28 23:00:10.775117 未中奖
2026/05/28 23:00:10.775117 奖品已发完
2026/05/28 23:00:10.775117 未中奖
2026/05/28 23:00:10.775117 未中奖
2026/05/28 23:00:10.775117 未中奖
2026/05/28 23:00:10.775117 未中奖
2026/05/28 23:00:10.775117 未中奖
2026/05/28 23:00:10.775117 未中奖
2026/05/28 23:00:10.775117 未中奖
2026/05/28 23:00:10.775920 未中奖
2026/05/28 23:00:10.775920 未中奖
2026/05/28 23:00:10.775920 未中奖
2026/05/28 23:00:10.775920 未中奖
2026/05/28 23:00:10.775920 未中奖
2026/05/28 23:00:10.775920 未中奖
2026/05/28 23:00:10.775920 未中奖
2026/05/28 23:00:10.775920 未中奖
2026/05/28 23:00:10.775920 未中奖
2026/05/28 23:00:10.775920 未中奖
2026/05/28 23:00:10.775920 未中奖
2026/05/28 23:00:10.775920 奖品已发完
2026/05/28 23:00:10.775920 奖品已发完
2026/05/28 23:00:10.775920 未中奖
2026/05/28 23:00:10.775920 未中奖
2026/05/28 23:00:10.775920 未中奖
2026/05/28 23:00:10.775920 未中奖
2026/05/28 23:00:10.775920 未中奖
2026/05/28 23:00:10.775920 未中奖
2026/05/28 23:00:10.775920 未中奖
2026/05/28 23:00:10.775920 未中奖
2026/05/28 23:00:10.775920 未中奖
2026/05/28 23:00:10.775920 未中奖
2026/05/28 23:00:10.775920 未中奖
2026/05/28 23:00:10.775920 未中奖
2026/05/28 23:00:10.775920 未中奖
2026/05/28 23:00:10.775920 奖品已发完
2026/05/28 23:00:10.776314 未中奖
2026/05/28 23:00:10.776314 未中奖
2026/05/28 23:00:10.776314 未中奖
2026/05/28 23:00:10.776314 未中奖
2026/05/28 23:00:10.776314 未中奖
2026/05/28 23:00:10.776314 未中奖
2026/05/28 23:00:10.776314 未中奖
2026/05/28 23:00:10.776314 未中奖
2026/05/28 23:00:10.776314 未中奖
2026/05/28 23:00:10.776314 未中奖
2026/05/28 23:00:10.776314 未中奖
2026/05/28 23:00:10.776314 未中奖
2026/05/28 23:00:10.776314 未中奖
2026/05/28 23:00:10.776314 未中奖
2026/05/28 23:00:10.776314 未中奖
2026/05/28 23:00:10.776314 未中奖
2026/05/28 23:00:10.776314 未中奖
2026/05/28 23:00:10.776314 未中奖
2026/05/28 23:00:10.776314 未中奖
2026/05/28 23:00:10.776314 未中奖
2026/05/28 23:00:10.776314 奖品已发完
2026/05/28 23:00:10.776314 未中奖
2026/05/28 23:00:10.776314 未中奖
2026/05/28 23:00:10.776314 未中奖
2026/05/28 23:00:10.776314 未中奖
2026/05/28 23:00:10.776314 未中奖
2026/05/28 23:00:10.776314 未中奖
2026/05/28 23:00:10.776314 未中奖
2026/05/28 23:00:10.776314 奖品已发完
2026/05/28 23:00:10.776314 未中奖
2026/05/28 23:00:10.776314 未中奖
2026/05/28 23:00:10.776314 未中奖
2026/05/28 23:00:10.776314 未中奖
2026/05/28 23:00:10.776314 未中奖
2026/05/28 23:00:10.776314 未中奖
2026/05/28 23:00:10.776314 未中奖
2026/05/28 23:00:10.776314 奖品已发完
2026/05/28 23:00:10.776314 未中奖
2026/05/28 23:00:10.776314 未中奖
2026/05/28 23:00:10.776314 奖品已发完
2026/05/28 23:00:10.776314 未中奖
2026/05/28 23:00:10.776314 未中奖
2026/05/28 23:00:10.776314 未中奖
2026/05/28 23:00:10.776314 未中奖
2026/05/28 23:00:10.776314 未中奖
2026/05/28 23:00:10.776314 未中奖
2026/05/28 23:00:10.776314 奖品已发完
2026/05/28 23:00:10.776314 未中奖
2026/05/28 23:00:10.776314 未中奖
2026/05/28 23:00:10.776819 未中奖
2026/05/28 23:00:10.776819 未中奖
2026/05/28 23:00:10.776819 未中奖
2026/05/28 23:00:10.776819 未中奖
2026/05/28 23:00:10.776819 未中奖
2026/05/28 23:00:10.776819 未中奖
2026/05/28 23:00:10.776819 未中奖
2026/05/28 23:00:10.776819 未中奖
2026/05/28 23:00:10.776819 未中奖
2026/05/28 23:00:10.776819 未中奖
2026/05/28 23:00:10.776819 未中奖
2026/05/28 23:00:10.776819 未中奖
2026/05/28 23:00:10.776819 未中奖
2026/05/28 23:00:10.776819 奖品已发完
2026/05/28 23:00:10.776819 未中奖
2026/05/28 23:00:10.776819 未中奖
2026/05/28 23:00:10.776819 未中奖
2026/05/28 23:00:10.776819 未中奖
2026/05/28 23:00:10.776819 未中奖
2026/05/28 23:00:10.776819 未中奖
2026/05/28 23:00:10.776819 未中奖
2026/05/28 23:00:10.776819 未中奖
2026/05/28 23:00:10.776819 未中奖
2026/05/28 23:00:10.776819 未中奖
2026/05/28 23:00:10.776819 未中奖
2026/05/28 23:00:10.776819 未中奖
2026/05/28 23:00:10.776819 未中奖
2026/05/28 23:00:10.776819 未中奖
2026/05/28 23:00:10.776819 未中奖
2026/05/28 23:00:10.776819 未中奖
2026/05/28 23:00:10.776819 未中奖
2026/05/28 23:00:10.776819 未中奖
2026/05/28 23:00:10.776819 未中奖
2026/05/28 23:00:10.776819 未中奖
2026/05/28 23:00:10.776819 未中奖
2026/05/28 23:00:10.776819 未中奖
2026/05/28 23:00:10.776819 未中奖
2026/05/28 23:00:10.776819 奖品已发完
2026/05/28 23:00:10.776819 未中奖
2026/05/28 23:00:10.776819 未中奖
2026/05/28 23:00:10.776819 未中奖
2026/05/28 23:00:10.776819 未中奖
2026/05/28 23:00:10.776819 未中奖
2026/05/28 23:00:10.776819 未中奖
2026/05/28 23:00:10.776819 未中奖
2026/05/28 23:00:10.776819 未中奖
2026/05/28 23:00:10.776819 未中奖
2026/05/28 23:00:10.776819 奖品已发完
2026/05/28 23:00:10.777360 未中奖
2026/05/28 23:00:10.777360 奖品已发完
2026/05/28 23:00:10.777360 未中奖
2026/05/28 23:00:10.777360 未中奖
2026/05/28 23:00:10.777360 未中奖
2026/05/28 23:00:10.777360 未中奖
2026/05/28 23:00:10.777360 未中奖
2026/05/28 23:00:10.777360 未中奖
2026/05/28 23:00:10.777360 未中奖
2026/05/28 23:00:10.777360 未中奖
2026/05/28 23:00:10.777360 未中奖
2026/05/28 23:00:10.777360 未中奖
2026/05/28 23:00:10.777360 未中奖
2026/05/28 23:00:10.777360 奖品已发完
2026/05/28 23:00:10.777360 未中奖
2026/05/28 23:00:10.777360 未中奖
2026/05/28 23:00:10.777360 未中奖
2026/05/28 23:00:10.777360 未中奖
2026/05/28 23:00:10.777360 未中奖
2026/05/28 23:00:10.777360 奖品已发完
2026/05/28 23:00:10.777360 未中奖
2026/05/28 23:00:10.777360 未中奖
2026/05/28 23:00:10.777360 奖品已发完
2026/05/28 23:00:10.777360 未中奖
2026/05/28 23:00:10.777360 未中奖
2026/05/28 23:00:10.777360 未中奖
2026/05/28 23:00:10.777360 未中奖
2026/05/28 23:00:10.777360 未中奖
2026/05/28 23:00:10.777360 未中奖
2026/05/28 23:00:10.777360 未中奖
2026/05/28 23:00:10.777360 奖品已发完
2026/05/28 23:00:10.777360 奖品已发完
2026/05/28 23:00:10.777360 未中奖
2026/05/28 23:00:10.777360 未中奖
2026/05/28 23:00:10.777360 未中奖
2026/05/28 23:00:10.777360 未中奖
2026/05/28 23:00:10.777360 未中奖
2026/05/28 23:00:10.777360 奖品已发完
2026/05/28 23:00:10.777360 未中奖
2026/05/28 23:00:10.777360 未中奖
2026/05/28 23:00:10.777360 未中奖
2026/05/28 23:00:10.777360 未中奖
2026/05/28 23:00:10.777360 奖品已发完
2026/05/28 23:00:10.777360 未中奖
2026/05/28 23:00:10.777360 未中奖
2026/05/28 23:00:10.777360 未中奖
2026/05/28 23:00:10.777360 未中奖
2026/05/28 23:00:10.777884 未中奖
2026/05/28 23:00:10.777884 未中奖
2026/05/28 23:00:10.777884 未中奖
2026/05/28 23:00:10.777884 未中奖
2026/05/28 23:00:10.777884 未中奖
2026/05/28 23:00:10.777884 未中奖
2026/05/28 23:00:10.777884 未中奖
2026/05/28 23:00:10.777884 奖品已发完
2026/05/28 23:00:10.777884 未中奖
2026/05/28 23:00:10.777884 未中奖
2026/05/28 23:00:10.777884 未中奖
2026/05/28 23:00:10.777884 未中奖
2026/05/28 23:00:10.777884 未中奖
2026/05/28 23:00:10.777884 未中奖
2026/05/28 23:00:10.777884 未中奖
2026/05/28 23:00:10.777884 未中奖
2026/05/28 23:00:10.777884 未中奖
2026/05/28 23:00:10.777884 未中奖
2026/05/28 23:00:10.777884 未中奖
2026/05/28 23:00:10.777884 未中奖
2026/05/28 23:00:10.777884 未中奖
2026/05/28 23:00:10.777884 未中奖
2026/05/28 23:00:10.777884 未中奖
2026/05/28 23:00:10.777884 未中奖
2026/05/28 23:00:10.777884 未中奖
2026/05/28 23:00:10.777884 未中奖
2026/05/28 23:00:10.777884 未中奖
2026/05/28 23:00:10.777884 未中奖
2026/05/28 23:00:10.777884 未中奖
2026/05/28 23:00:10.777884 未中奖
2026/05/28 23:00:10.777884 未中奖
2026/05/28 23:00:10.777884 未中奖
2026/05/28 23:00:10.777884 未中奖
2026/05/28 23:00:10.777884 未中奖
2026/05/28 23:00:10.777884 未中奖
2026/05/28 23:00:10.777884 未中奖
2026/05/28 23:00:10.777884 未中奖
2026/05/28 23:00:10.777884 未中奖
2026/05/28 23:00:10.777884 未中奖
2026/05/28 23:00:10.777884 未中奖
2026/05/28 23:00:10.777884 未中奖
2026/05/28 23:00:10.777884 未中奖
2026/05/28 23:00:10.777884 奖品已发完
2026/05/28 23:00:10.777884 未中奖
2026/05/28 23:00:10.777884 未中奖
2026/05/28 23:00:10.777884 未中奖
2026/05/28 23:00:10.777884 未中奖
2026/05/28 23:00:10.778434 奖品已发完
2026/05/28 23:00:10.778434 未中奖
2026/05/28 23:00:10.778434 未中奖
2026/05/28 23:00:10.778434 未中奖
2026/05/28 23:00:10.778434 未中奖
2026/05/28 23:00:10.778434 未中奖
2026/05/28 23:00:10.778434 奖品已发完
2026/05/28 23:00:10.778434 未中奖
2026/05/28 23:00:10.778434 奖品已发完
2026/05/28 23:00:10.778434 未中奖
2026/05/28 23:00:10.778434 未中奖
2026/05/28 23:00:10.778434 未中奖
2026/05/28 23:00:10.778434 未中奖
2026/05/28 23:00:10.778434 未中奖
2026/05/28 23:00:10.778434 奖品已发完
2026/05/28 23:00:10.778434 奖品已发完
2026/05/28 23:00:10.778434 未中奖
2026/05/28 23:00:10.778434 未中奖
2026/05/28 23:00:10.778434 未中奖
2026/05/28 23:00:10.778434 未中奖
2026/05/28 23:00:10.778434 奖品已发完
2026/05/28 23:00:10.778434 未中奖
2026/05/28 23:00:10.778434 未中奖
2026/05/28 23:00:10.778434 未中奖
2026/05/28 23:00:10.778434 未中奖
2026/05/28 23:00:10.778434 未中奖
2026/05/28 23:00:10.778434 未中奖
2026/05/28 23:00:10.778434 未中奖
2026/05/28 23:00:10.778434 未中奖
2026/05/28 23:00:10.778434 未中奖
2026/05/28 23:00:10.778434 未中奖
2026/05/28 23:00:10.778434 未中奖
2026/05/28 23:00:10.778434 未中奖
2026/05/28 23:00:10.778434 未中奖
2026/05/28 23:00:10.778434 未中奖
2026/05/28 23:00:10.778434 未中奖
2026/05/28 23:00:10.778434 未中奖
2026/05/28 23:00:10.778434 奖品已发完
2026/05/28 23:00:10.778434 奖品已发完
2026/05/28 23:00:10.778434 未中奖
2026/05/28 23:00:10.778434 未中奖
2026/05/28 23:00:10.778434 未中奖
2026/05/28 23:00:10.778434 奖品已发完
2026/05/28 23:00:10.778434 奖品已发完
2026/05/28 23:00:10.778434 未中奖
2026/05/28 23:00:10.778434 未中奖
2026/05/28 23:00:10.778434 未中奖
2026/05/28 23:00:10.778434 未中奖
2026/05/28 23:00:10.778434 奖品已发完
2026/05/28 23:00:10.778434 未中奖
2026/05/28 23:00:10.778434 未中奖
2026/05/28 23:00:10.778434 未中奖
2026/05/28 23:00:10.778434 未中奖
2026/05/28 23:00:10.778434 未中奖
2026/05/28 23:00:10.778434 未中奖
2026/05/28 23:00:10.778434 奖品已发完
2026/05/28 23:00:10.778434 未中奖
2026/05/28 23:00:10.778434 未中奖
2026/05/28 23:00:10.778434 未中奖
2026/05/28 23:00:10.778434 未中奖
2026/05/28 23:00:10.778434 奖品已发完
2026/05/28 23:00:10.778434 未中奖
2026/05/28 23:00:10.778434 未中奖
2026/05/28 23:00:10.778434 未中奖
2026/05/28 23:00:10.778434 奖品已发完
2026/05/28 23:00:10.778434 未中奖
2026/05/28 23:00:10.778434 未中奖
2026/05/28 23:00:10.778434 奖品已发完
2026/05/28 23:00:10.778434 未中奖
2026/05/28 23:00:10.778434 未中奖
2026/05/28 23:00:10.778434 未中奖
2026/05/28 23:00:10.778434 未中奖
2026/05/28 23:00:10.778434 未中奖
2026/05/28 23:00:10.778434 未中奖
2026/05/28 23:00:10.778434 未中奖
2026/05/28 23:00:10.778434 未中奖
2026/05/28 23:00:10.778434 未中奖
2026/05/28 23:00:10.778434 未中奖
2026/05/28 23:00:10.778434 未中奖
2026/05/28 23:00:10.778434 未中奖
2026/05/28 23:00:10.778434 未中奖
2026/05/28 23:00:10.779322 未中奖
2026/05/28 23:00:10.779322 未中奖
2026/05/28 23:00:10.779322 未中奖
2026/05/28 23:00:10.779322 未中奖
2026/05/28 23:00:10.779322 未中奖
2026/05/28 23:00:10.779322 未中奖
2026/05/28 23:00:10.779322 未中奖
2026/05/28 23:00:10.779322 未中奖
2026/05/28 23:00:10.779322 未中奖
2026/05/28 23:00:10.779322 未中奖
2026/05/28 23:00:10.779322 未中奖
2026/05/28 23:00:10.779322 未中奖
2026/05/28 23:00:10.779322 奖品已发完
2026/05/28 23:00:10.779322 未中奖
2026/05/28 23:00:10.779322 未中奖
2026/05/28 23:00:10.779322 未中奖
2026/05/28 23:00:10.779322 未中奖
2026/05/28 23:00:10.779322 未中奖
2026/05/28 23:00:10.779322 未中奖
2026/05/28 23:00:10.779322 未中奖
2026/05/28 23:00:10.779322 未中奖
2026/05/28 23:00:10.779322 未中奖
2026/05/28 23:00:10.779322 未中奖
2026/05/28 23:00:10.779322 未中奖
2026/05/28 23:00:10.779322 未中奖
2026/05/28 23:00:10.779322 未中奖
2026/05/28 23:00:10.779322 未中奖
2026/05/28 23:00:10.779322 未中奖
2026/05/28 23:00:10.779322 未中奖
2026/05/28 23:00:10.779322 未中奖
2026/05/28 23:00:10.779322 未中奖
2026/05/28 23:00:10.779322 未中奖
2026/05/28 23:00:10.779322 未中奖
2026/05/28 23:00:10.779322 未中奖
2026/05/28 23:00:10.779322 未中奖
2026/05/28 23:00:10.779322 未中奖
2026/05/28 23:00:10.779322 未中奖
2026/05/28 23:00:10.779322 未中奖
2026/05/28 23:00:10.779322 未中奖
2026/05/28 23:00:10.779322 奖品已发完
2026/05/28 23:00:10.779322 未中奖
2026/05/28 23:00:10.779322 未中奖
2026/05/28 23:00:10.779322 未中奖
2026/05/28 23:00:10.779322 未中奖
2026/05/28 23:00:10.779322 未中奖
2026/05/28 23:00:10.779322 奖品已发完
2026/05/28 23:00:10.779322 未中奖
2026/05/28 23:00:10.779322 奖品已发完
2026/05/28 23:00:10.779322 未中奖
2026/05/28 23:00:10.779322 未中奖
2026/05/28 23:00:10.779322 未中奖
2026/05/28 23:00:10.779322 未中奖
2026/05/28 23:00:10.779322 未中奖
2026/05/28 23:00:10.779322 未中奖
2026/05/28 23:00:10.779322 未中奖
2026/05/28 23:00:10.779322 未中奖
2026/05/28 23:00:10.779322 未中奖
2026/05/28 23:00:10.779928 未中奖
2026/05/28 23:00:10.779928 未中奖
2026/05/28 23:00:10.779928 未中奖
2026/05/28 23:00:10.779928 未中奖
2026/05/28 23:00:10.779928 未中奖
2026/05/28 23:00:10.779928 奖品已发完
2026/05/28 23:00:10.779928 未中奖
2026/05/28 23:00:10.779928 未中奖
2026/05/28 23:00:10.779928 未中奖
2026/05/28 23:00:10.779928 未中奖
2026/05/28 23:00:10.779928 未中奖
2026/05/28 23:00:10.779928 未中奖
2026/05/28 23:00:10.779928 未中奖
2026/05/28 23:00:10.779928 未中奖
2026/05/28 23:00:10.779928 未中奖
2026/05/28 23:00:10.779928 未中奖
2026/05/28 23:00:10.779928 未中奖
2026/05/28 23:00:10.779928 未中奖
2026/05/28 23:00:10.779928 未中奖
2026/05/28 23:00:10.779928 未中奖
2026/05/28 23:00:10.779928 未中奖
2026/05/28 23:00:10.779928 未中奖
2026/05/28 23:00:10.779928 奖品已发完
2026/05/28 23:00:10.779928 未中奖
2026/05/28 23:00:10.779928 未中奖
2026/05/28 23:00:10.779928 未中奖
2026/05/28 23:00:10.779928 未中奖
2026/05/28 23:00:10.779928 未中奖
2026/05/28 23:00:10.779928 未中奖
2026/05/28 23:00:10.779928 未中奖
2026/05/28 23:00:10.779928 未中奖
2026/05/28 23:00:10.779928 未中奖
2026/05/28 23:00:10.779928 未中奖
2026/05/28 23:00:10.779928 未中奖
2026/05/28 23:00:10.779928 奖品已发完
2026/05/28 23:00:10.779928 未中奖
2026/05/28 23:00:10.779928 未中奖
2026/05/28 23:00:10.780491 未中奖
2026/05/28 23:00:10.780491 未中奖
2026/05/28 23:00:10.780491 未中奖
2026/05/28 23:00:10.781018 未中奖
2026/05/28 23:00:10.781018 未中奖
2026/05/28 23:00:10.781018 未中奖
2026/05/28 23:00:10.781018 未中奖
2026/05/28 23:00:10.781018 未中奖
2026/05/28 23:00:10.781018 奖品已发完
2026/05/28 23:00:10.781018 未中奖
2026/05/28 23:00:10.781018 未中奖
2026/05/28 23:00:10.781018 奖品已发完
2026/05/28 23:00:10.781018 未中奖
2026/05/28 23:00:10.781018 未中奖
2026/05/28 23:00:10.781018 未中奖
2026/05/28 23:00:10.781018 未中奖
2026/05/28 23:00:10.781018 未中奖
2026/05/28 23:00:10.781018 奖品已发完
2026/05/28 23:00:10.781018 未中奖
2026/05/28 23:00:10.781018 奖品已发完
2026/05/28 23:00:10.781018 未中奖
2026/05/28 23:00:10.781018 未中奖
2026/05/28 23:00:10.781018 未中奖
2026/05/28 23:00:10.781018 未中奖
2026/05/28 23:00:10.781018 未中奖
2026/05/28 23:00:10.781018 未中奖
2026/05/28 23:00:10.781018 未中奖
2026/05/28 23:00:10.781018 未中奖
2026/05/28 23:00:10.781018 未中奖
2026/05/28 23:00:10.781018 未中奖
2026/05/28 23:00:10.781018 未中奖
2026/05/28 23:00:10.781018 未中奖
2026/05/28 23:00:10.781018 未中奖
2026/05/28 23:00:10.781018 未中奖
2026/05/28 23:00:10.781018 未中奖
2026/05/28 23:00:10.781018 未中奖
2026/05/28 23:00:10.781018 奖品已发完
2026/05/28 23:00:10.781018 未中奖
2026/05/28 23:00:10.781018 未中奖
2026/05/28 23:00:10.781018 未中奖
2026/05/28 23:00:10.781018 未中奖
2026/05/28 23:00:10.781018 未中奖
2026/05/28 23:00:10.781018 未中奖
2026/05/28 23:00:10.781018 未中奖
2026/05/28 23:00:10.781018 未中奖
2026/05/28 23:00:10.781018 未中奖
2026/05/28 23:00:10.781018 奖品已发完
2026/05/28 23:00:10.781018 未中奖
2026/05/28 23:00:10.781018 未中奖
2026/05/28 23:00:10.781018 未中奖
2026/05/28 23:00:10.781018 未中奖
2026/05/28 23:00:10.781018 未中奖
2026/05/28 23:00:10.781018 未中奖
2026/05/28 23:00:10.781018 未中奖
2026/05/28 23:00:10.781018 奖品已发完
2026/05/28 23:00:10.781018 未中奖
2026/05/28 23:00:10.781018 奖品已发完
2026/05/28 23:00:10.781018 未中奖
2026/05/28 23:00:10.781018 未中奖
2026/05/28 23:00:10.781018 未中奖
2026/05/28 23:00:10.781018 未中奖
2026/05/28 23:00:10.781018 未中奖
2026/05/28 23:00:10.781018 未中奖
2026/05/28 23:00:10.781018 未中奖
2026/05/28 23:00:10.781018 未中奖
2026/05/28 23:00:10.781018 未中奖
2026/05/28 23:00:10.781018 未中奖
2026/05/28 23:00:10.781018 未中奖
2026/05/28 23:00:10.781018 奖品已发完
2026/05/28 23:00:10.781018 未中奖
2026/05/28 23:00:10.781018 奖品已发完
2026/05/28 23:00:10.781018 未中奖
2026/05/28 23:00:10.781018 未中奖
2026/05/28 23:00:10.781018 未中奖
2026/05/28 23:00:10.781018 未中奖
2026/05/28 23:00:10.781018 未中奖
2026/05/28 23:00:10.781018 奖品已发完
2026/05/28 23:00:10.781561 未中奖
2026/05/28 23:00:10.781561 未中奖
2026/05/28 23:00:10.781561 未中奖
2026/05/28 23:00:10.781561 未中奖
2026/05/28 23:00:10.781561 未中奖
2026/05/28 23:00:10.781561 奖品已发完
2026/05/28 23:00:10.781561 未中奖
2026/05/28 23:00:10.781561 未中奖
2026/05/28 23:00:10.781561 未中奖
2026/05/28 23:00:10.781561 未中奖
2026/05/28 23:00:10.781561 奖品已发完
2026/05/28 23:00:10.781561 未中奖
2026/05/28 23:00:10.781561 未中奖
2026/05/28 23:00:10.781561 未中奖
2026/05/28 23:00:10.781561 未中奖
2026/05/28 23:00:10.781561 未中奖
2026/05/28 23:00:10.781561 奖品已发完
2026/05/28 23:00:10.781561 未中奖
2026/05/28 23:00:10.781561 未中奖
2026/05/28 23:00:10.781561 未中奖
2026/05/28 23:00:10.781561 未中奖
2026/05/28 23:00:10.781561 未中奖
2026/05/28 23:00:10.781561 奖品已发完
2026/05/28 23:00:10.781561 未中奖
2026/05/28 23:00:10.781561 未中奖
2026/05/28 23:00:10.781561 未中奖
2026/05/28 23:00:10.781561 未中奖
2026/05/28 23:00:10.781561 未中奖
2026/05/28 23:00:10.781561 未中奖
2026/05/28 23:00:10.781561 未中奖
2026/05/28 23:00:10.781561 未中奖
2026/05/28 23:00:10.781561 未中奖
2026/05/28 23:00:10.781561 未中奖
2026/05/28 23:00:10.781561 未中奖
2026/05/28 23:00:10.781561 未中奖
2026/05/28 23:00:10.781561 奖品已发完
2026/05/28 23:00:10.781561 未中奖
2026/05/28 23:00:10.781561 未中奖
2026/05/28 23:00:10.781561 未中奖
2026/05/28 23:00:10.781561 未中奖
2026/05/28 23:00:10.781561 未中奖
2026/05/28 23:00:10.781561 未中奖
2026/05/28 23:00:10.781561 未中奖
2026/05/28 23:00:10.781561 未中奖
2026/05/28 23:00:10.781561 未中奖
2026/05/28 23:00:10.781561 未中奖
2026/05/28 23:00:10.781561 未中奖
2026/05/28 23:00:10.781561 未中奖
2026/05/28 23:00:10.781561 未中奖
2026/05/28 23:00:10.781561 未中奖
2026/05/28 23:00:10.781561 未中奖
2026/05/28 23:00:10.781561 奖品已发完
2026/05/28 23:00:10.781561 未中奖
2026/05/28 23:00:10.781561 未中奖
2026/05/28 23:00:10.781561 未中奖
2026/05/28 23:00:10.781561 未中奖
2026/05/28 23:00:10.781561 未中奖
2026/05/28 23:00:10.781561 未中奖
2026/05/28 23:00:10.781561 未中奖
2026/05/28 23:00:10.781561 奖品已发完
2026/05/28 23:00:10.781561 奖品已发完
2026/05/28 23:00:10.781561 未中奖
2026/05/28 23:00:10.781561 未中奖
2026/05/28 23:00:10.781561 未中奖
2026/05/28 23:00:10.782089 未中奖
2026/05/28 23:00:10.782089 未中奖
2026/05/28 23:00:10.782089 未中奖
2026/05/28 23:00:10.782089 未中奖
2026/05/28 23:00:10.782089 未中奖
2026/05/28 23:00:10.782089 未中奖
2026/05/28 23:00:10.782089 未中奖
2026/05/28 23:00:10.782089 未中奖
2026/05/28 23:00:10.782089 未中奖
2026/05/28 23:00:10.782089 未中奖
2026/05/28 23:00:10.782089 奖品已发完
2026/05/28 23:00:10.782089 奖品已发完
2026/05/28 23:00:10.782089 未中奖
2026/05/28 23:00:10.782089 未中奖
2026/05/28 23:00:10.782089 未中奖
2026/05/28 23:00:10.782089 未中奖
2026/05/28 23:00:10.782089 未中奖
2026/05/28 23:00:10.782089 未中奖
2026/05/28 23:00:10.782089 未中奖
2026/05/28 23:00:10.782089 未中奖
2026/05/28 23:00:10.782089 未中奖
2026/05/28 23:00:10.782089 未中奖
2026/05/28 23:00:10.782089 未中奖
2026/05/28 23:00:10.782089 未中奖
2026/05/28 23:00:10.782089 未中奖
2026/05/28 23:00:10.782089 未中奖
2026/05/28 23:00:10.782089 奖品已发完
2026/05/28 23:00:10.782089 未中奖
2026/05/28 23:00:10.782089 未中奖
2026/05/28 23:00:10.782089 未中奖
2026/05/28 23:00:10.782089 未中奖
2026/05/28 23:00:10.782089 未中奖
2026/05/28 23:00:10.782089 未中奖
2026/05/28 23:00:10.782089 未中奖
2026/05/28 23:00:10.782089 未中奖
2026/05/28 23:00:10.782089 未中奖
2026/05/28 23:00:10.782089 未中奖
2026/05/28 23:00:10.782089 未中奖
2026/05/28 23:00:10.782089 未中奖
2026/05/28 23:00:10.782089 未中奖
2026/05/28 23:00:10.782089 未中奖
2026/05/28 23:00:10.782089 未中奖
2026/05/28 23:00:10.782089 未中奖
2026/05/28 23:00:10.782089 未中奖
2026/05/28 23:00:10.782089 未中奖
2026/05/28 23:00:10.782089 奖品已发完
2026/05/28 23:00:10.782089 未中奖
2026/05/28 23:00:10.782089 未中奖
2026/05/28 23:00:10.782089 未中奖
2026/05/28 23:00:10.782089 未中奖
2026/05/28 23:00:10.782089 未中奖
2026/05/28 23:00:10.782089 未中奖
2026/05/28 23:00:10.782089 未中奖
2026/05/28 23:00:10.782089 未中奖
2026/05/28 23:00:10.782089 未中奖
2026/05/28 23:00:10.782089 未中奖
2026/05/28 23:00:10.782089 未中奖
2026/05/28 23:00:10.782089 未中奖
2026/05/28 23:00:10.782089 未中奖
2026/05/28 23:00:10.782089 奖品已发完
2026/05/28 23:00:10.782089 奖品已发完
2026/05/28 23:00:10.782089 未中奖
2026/05/28 23:00:10.782089 未中奖
2026/05/28 23:00:10.782089 未中奖
2026/05/28 23:00:10.782089 未中奖
2026/05/28 23:00:10.782089 未中奖
2026/05/28 23:00:10.782089 未中奖
2026/05/28 23:00:10.782089 未中奖
2026/05/28 23:00:10.782089 未中奖
2026/05/28 23:00:10.782089 未中奖
2026/05/28 23:00:10.782089 未中奖
2026/05/28 23:00:10.782089 未中奖
2026/05/28 23:00:10.782089 未中奖
2026/05/28 23:00:10.782089 奖品已发完
2026/05/28 23:00:10.782089 未中奖
2026/05/28 23:00:10.782089 未中奖
2026/05/28 23:00:10.782089 未中奖
2026/05/28 23:00:10.782089 未中奖
2026/05/28 23:00:10.782089 未中奖
2026/05/28 23:00:10.782089 未中奖
2026/05/28 23:00:10.782089 未中奖
2026/05/28 23:00:10.782089 未中奖
2026/05/28 23:00:10.782615 未中奖
2026/05/28 23:00:10.782615 奖品已发完
2026/05/28 23:00:10.782615 奖品已发完
2026/05/28 23:00:10.782615 未中奖
2026/05/28 23:00:10.782615 未中奖
2026/05/28 23:00:10.782615 未中奖
2026/05/28 23:00:10.782615 未中奖
2026/05/28 23:00:10.782615 奖品已发完
2026/05/28 23:00:10.782615 未中奖
2026/05/28 23:00:10.782615 未中奖
2026/05/28 23:00:10.782615 未中奖
2026/05/28 23:00:10.782615 未中奖
2026/05/28 23:00:10.782615 未中奖
2026/05/28 23:00:10.782615 未中奖
2026/05/28 23:00:10.782615 未中奖
2026/05/28 23:00:10.782615 未中奖
2026/05/28 23:00:10.782615 未中奖
2026/05/28 23:00:10.782615 未中奖
2026/05/28 23:00:10.782615 未中奖
2026/05/28 23:00:10.782615 未中奖
2026/05/28 23:00:10.782615 未中奖
2026/05/28 23:00:10.782615 未中奖
2026/05/28 23:00:10.782615 未中奖
2026/05/28 23:00:10.782615 奖品已发完
2026/05/28 23:00:10.782615 未中奖
2026/05/28 23:00:10.782615 未中奖
2026/05/28 23:00:10.782615 未中奖
2026/05/28 23:00:10.782615 未中奖
2026/05/28 23:00:10.782615 未中奖
2026/05/28 23:00:10.782615 未中奖
2026/05/28 23:00:10.782615 未中奖
2026/05/28 23:00:10.782615 未中奖
2026/05/28 23:00:10.782615 未中奖
2026/05/28 23:00:10.782615 未中奖
2026/05/28 23:00:10.782615 未中奖
2026/05/28 23:00:10.782615 未中奖
2026/05/28 23:00:10.782615 奖品已发完
2026/05/28 23:00:10.782615 未中奖
2026/05/28 23:00:10.782615 奖品已发完
2026/05/28 23:00:10.782615 未中奖
2026/05/28 23:00:10.782615 奖品已发完
2026/05/28 23:00:10.782615 未中奖
2026/05/28 23:00:10.782615 未中奖
2026/05/28 23:00:10.782615 未中奖
2026/05/28 23:00:10.782615 未中奖
2026/05/28 23:00:10.782615 未中奖
2026/05/28 23:00:10.782615 未中奖
2026/05/28 23:00:10.782615 未中奖
2026/05/28 23:00:10.782615 未中奖
2026/05/28 23:00:10.782615 未中奖
2026/05/28 23:00:10.782615 未中奖
2026/05/28 23:00:10.782615 未中奖
2026/05/28 23:00:10.782615 未中奖
2026/05/28 23:00:10.782615 未中奖
2026/05/28 23:00:10.782615 未中奖
2026/05/28 23:00:10.782615 未中奖
2026/05/28 23:00:10.782615 未中奖
2026/05/28 23:00:10.782615 未中奖
2026/05/28 23:00:10.782615 未中奖
2026/05/28 23:00:10.782615 未中奖
2026/05/28 23:00:10.782615 未中奖
2026/05/28 23:00:10.782615 未中奖
2026/05/28 23:00:10.782615 未中奖
2026/05/28 23:00:10.782615 奖品已发完
2026/05/28 23:00:10.782615 未中奖
2026/05/28 23:00:10.782615 奖品已发完
2026/05/28 23:00:10.782615 奖品已发完
2026/05/28 23:00:10.782615 未中奖
2026/05/28 23:00:10.782615 未中奖
2026/05/28 23:00:10.782615 奖品已发完
2026/05/28 23:00:10.782615 未中奖
2026/05/28 23:00:10.782615 未中奖
2026/05/28 23:00:10.782615 未中奖
2026/05/28 23:00:10.782615 未中奖
2026/05/28 23:00:10.782615 未中奖
2026/05/28 23:00:10.782615 未中奖
2026/05/28 23:00:10.782615 未中奖
2026/05/28 23:00:10.783135 未中奖
2026/05/28 23:00:10.783135 未中奖
2026/05/28 23:00:10.783135 未中奖
2026/05/28 23:00:10.783135 未中奖
2026/05/28 23:00:10.783135 未中奖
2026/05/28 23:00:10.783135 未中奖
2026/05/28 23:00:10.783135 未中奖
2026/05/28 23:00:10.783135 未中奖
2026/05/28 23:00:10.783135 未中奖
2026/05/28 23:00:10.783135 奖品已发完
2026/05/28 23:00:10.783135 未中奖
2026/05/28 23:00:10.783135 奖品已发完
2026/05/28 23:00:10.783135 未中奖
2026/05/28 23:00:10.783135 未中奖
2026/05/28 23:00:10.783135 未中奖
2026/05/28 23:00:10.783135 未中奖
2026/05/28 23:00:10.783135 未中奖
2026/05/28 23:00:10.783135 未中奖
2026/05/28 23:00:10.783135 未中奖
2026/05/28 23:00:10.783135 未中奖
2026/05/28 23:00:10.783135 奖品已发完
2026/05/28 23:00:10.783135 未中奖
2026/05/28 23:00:10.783135 未中奖
2026/05/28 23:00:10.783135 未中奖
2026/05/28 23:00:10.783135 未中奖
2026/05/28 23:00:10.783135 未中奖
2026/05/28 23:00:10.783135 未中奖
2026/05/28 23:00:10.783135 未中奖
2026/05/28 23:00:10.783135 未中奖
2026/05/28 23:00:10.783135 奖品已发完
2026/05/28 23:00:10.783135 未中奖
2026/05/28 23:00:10.783135 未中奖
2026/05/28 23:00:10.783135 奖品已发完
2026/05/28 23:00:10.783135 未中奖
2026/05/28 23:00:10.783135 未中奖
2026/05/28 23:00:10.783135 未中奖
2026/05/28 23:00:10.783135 未中奖
2026/05/28 23:00:10.783135 未中奖
2026/05/28 23:00:10.783135 未中奖
2026/05/28 23:00:10.783135 未中奖
2026/05/28 23:00:10.783135 未中奖
2026/05/28 23:00:10.783135 奖品已发完
2026/05/28 23:00:10.783135 未中奖
2026/05/28 23:00:10.783135 未中奖
2026/05/28 23:00:10.783135 奖品已发完
2026/05/28 23:00:10.783135 未中奖
2026/05/28 23:00:10.783135 未中奖
2026/05/28 23:00:10.783648 未中奖
2026/05/28 23:00:10.783648 未中奖
2026/05/28 23:00:10.783648 未中奖
2026/05/28 23:00:10.783648 未中奖
2026/05/28 23:00:10.783648 未中奖
2026/05/28 23:00:10.783648 未中奖
2026/05/28 23:00:10.783648 未中奖
2026/05/28 23:00:10.783648 未中奖
2026/05/28 23:00:10.783648 未中奖
2026/05/28 23:00:10.783648 未中奖
2026/05/28 23:00:10.783648 未中奖
2026/05/28 23:00:10.783648 未中奖
2026/05/28 23:00:10.783648 未中奖
2026/05/28 23:00:10.783648 未中奖
2026/05/28 23:00:10.783648 奖品已发完
2026/05/28 23:00:10.783648 未中奖
2026/05/28 23:00:10.783648 未中奖
2026/05/28 23:00:10.783648 未中奖
2026/05/28 23:00:10.783648 未中奖
2026/05/28 23:00:10.783648 未中奖
2026/05/28 23:00:10.783648 未中奖
2026/05/28 23:00:10.783648 未中奖
2026/05/28 23:00:10.783648 奖品已发完
2026/05/28 23:00:10.783648 未中奖
2026/05/28 23:00:10.783648 未中奖
2026/05/28 23:00:10.783648 未中奖
2026/05/28 23:00:10.783648 未中奖
2026/05/28 23:00:10.783648 未中奖
2026/05/28 23:00:10.783648 未中奖
2026/05/28 23:00:10.783648 未中奖
2026/05/28 23:00:10.783648 奖品已发完
2026/05/28 23:00:10.783648 未中奖
2026/05/28 23:00:10.783648 未中奖
2026/05/28 23:00:10.783648 未中奖
2026/05/28 23:00:10.783648 奖品已发完
2026/05/28 23:00:10.783648 未中奖
2026/05/28 23:00:10.784187 未中奖
2026/05/28 23:00:10.784187 未中奖
2026/05/28 23:00:10.784187 未中奖
2026/05/28 23:00:10.784187 未中奖
2026/05/28 23:00:10.784187 未中奖
2026/05/28 23:00:10.784187 未中奖
2026/05/28 23:00:10.784187 未中奖
2026/05/28 23:00:10.784187 未中奖
2026/05/28 23:00:10.784187 奖品已发完
2026/05/28 23:00:10.784187 未中奖
2026/05/28 23:00:10.784187 未中奖
2026/05/28 23:00:10.784187 未中奖
2026/05/28 23:00:10.784187 奖品已发完
2026/05/28 23:00:10.784187 未中奖
2026/05/28 23:00:10.784187 未中奖
2026/05/28 23:00:10.784187 未中奖
2026/05/28 23:00:10.784187 未中奖
2026/05/28 23:00:10.784187 未中奖
2026/05/28 23:00:10.784187 未中奖
2026/05/28 23:00:10.784187 未中奖
2026/05/28 23:00:10.784187 未中奖
2026/05/28 23:00:10.784187 未中奖
2026/05/28 23:00:10.784187 未中奖
2026/05/28 23:00:10.784187 未中奖
2026/05/28 23:00:10.784187 未中奖
2026/05/28 23:00:10.784187 未中奖
2026/05/28 23:00:10.784187 未中奖
2026/05/28 23:00:10.784187 未中奖
2026/05/28 23:00:10.784187 未中奖
2026/05/28 23:00:10.784187 未中奖
2026/05/28 23:00:10.784187 未中奖
2026/05/28 23:00:10.784187 未中奖
2026/05/28 23:00:10.784187 未中奖
2026/05/28 23:00:10.784187 未中奖
2026/05/28 23:00:10.784187 未中奖
2026/05/28 23:00:10.784187 未中奖
2026/05/28 23:00:10.784187 未中奖
2026/05/28 23:00:10.784187 未中奖
2026/05/28 23:00:10.784187 未中奖
2026/05/28 23:00:10.784187 未中奖
2026/05/28 23:00:10.784187 未中奖
2026/05/28 23:00:10.784187 奖品已发完
2026/05/28 23:00:10.784187 未中奖
2026/05/28 23:00:10.784700 未中奖
2026/05/28 23:00:10.784700 未中奖
2026/05/28 23:00:10.784700 未中奖
2026/05/28 23:00:10.784700 未中奖
2026/05/28 23:00:10.784700 未中奖
2026/05/28 23:00:10.784700 未中奖
2026/05/28 23:00:10.784700 未中奖
2026/05/28 23:00:10.784700 未中奖
2026/05/28 23:00:10.784700 未中奖
2026/05/28 23:00:10.784700 未中奖
2026/05/28 23:00:10.784700 未中奖
2026/05/28 23:00:10.784700 未中奖
2026/05/28 23:00:10.784700 未中奖
2026/05/28 23:00:10.784700 未中奖
2026/05/28 23:00:10.784700 未中奖
2026/05/28 23:00:10.784700 未中奖
2026/05/28 23:00:10.784700 未中奖
2026/05/28 23:00:10.784700 未中奖
2026/05/28 23:00:10.784700 未中奖
2026/05/28 23:00:10.784700 未中奖
2026/05/28 23:00:10.784700 未中奖
2026/05/28 23:00:10.784700 未中奖
2026/05/28 23:00:10.784700 未中奖
2026/05/28 23:00:10.784700 未中奖
2026/05/28 23:00:10.784700 未中奖
2026/05/28 23:00:10.784700 未中奖
2026/05/28 23:00:10.784700 未中奖
2026/05/28 23:00:10.784700 未中奖
2026/05/28 23:00:10.784700 未中奖
2026/05/28 23:00:10.784700 未中奖
2026/05/28 23:00:10.784700 未中奖
2026/05/28 23:00:10.784700 未中奖
2026/05/28 23:00:10.784700 未中奖
2026/05/28 23:00:10.784700 奖品已发完
2026/05/28 23:00:10.784700 奖品已发完
2026/05/28 23:00:10.784700 未中奖
2026/05/28 23:00:10.784700 奖品已发完
2026/05/28 23:00:10.785225 未中奖
2026/05/28 23:00:10.785225 未中奖
2026/05/28 23:00:10.785225 未中奖
2026/05/28 23:00:10.785225 未中奖
2026/05/28 23:00:10.785225 未中奖
2026/05/28 23:00:10.785225 未中奖
2026/05/28 23:00:10.785225 未中奖
2026/05/28 23:00:10.785225 未中奖
2026/05/28 23:00:10.785225 未中奖
2026/05/28 23:00:10.785225 未中奖
2026/05/28 23:00:10.785225 未中奖
2026/05/28 23:00:10.785225 未中奖
2026/05/28 23:00:10.785225 未中奖
2026/05/28 23:00:10.785225 未中奖
2026/05/28 23:00:10.785225 未中奖
2026/05/28 23:00:10.785225 未中奖
2026/05/28 23:00:10.785225 未中奖
2026/05/28 23:00:10.785225 未中奖
2026/05/28 23:00:10.785225 奖品已发完
2026/05/28 23:00:10.785225 未中奖
2026/05/28 23:00:10.785225 未中奖
2026/05/28 23:00:10.785225 未中奖
2026/05/28 23:00:10.785225 未中奖
2026/05/28 23:00:10.785225 未中奖
2026/05/28 23:00:10.785225 未中奖
2026/05/28 23:00:10.785225 未中奖
2026/05/28 23:00:10.785225 未中奖
2026/05/28 23:00:10.785225 未中奖
2026/05/28 23:00:10.785225 未中奖
2026/05/28 23:00:10.785225 未中奖
2026/05/28 23:00:10.785225 未中奖
2026/05/28 23:00:10.785225 未中奖
2026/05/28 23:00:10.785225 未中奖
2026/05/28 23:00:10.785225 未中奖
2026/05/28 23:00:10.785225 未中奖
2026/05/28 23:00:10.785225 未中奖
2026/05/28 23:00:10.785225 未中奖
2026/05/28 23:00:10.785225 未中奖
2026/05/28 23:00:10.785225 未中奖
2026/05/28 23:00:10.785225 未中奖
2026/05/28 23:00:10.785756 未中奖
2026/05/28 23:00:10.785756 奖品已发完
2026/05/28 23:00:10.785756 未中奖
2026/05/28 23:00:10.785756 未中奖
2026/05/28 23:00:10.785756 未中奖
2026/05/28 23:00:10.785756 未中奖
2026/05/28 23:00:10.785756 未中奖
2026/05/28 23:00:10.785756 未中奖
2026/05/28 23:00:10.785756 未中奖
2026/05/28 23:00:10.785756 未中奖
2026/05/28 23:00:10.785756 未中奖
2026/05/28 23:00:10.785756 奖品已发完
2026/05/28 23:00:10.785756 未中奖
2026/05/28 23:00:10.785756 未中奖
2026/05/28 23:00:10.785756 未中奖
2026/05/28 23:00:10.785756 未中奖
2026/05/28 23:00:10.785756 未中奖
2026/05/28 23:00:10.785756 未中奖
2026/05/28 23:00:10.785756 未中奖
2026/05/28 23:00:10.785756 未中奖
2026/05/28 23:00:10.785756 未中奖
2026/05/28 23:00:10.785756 未中奖
2026/05/28 23:00:10.785756 未中奖
2026/05/28 23:00:10.785756 奖品已发完
2026/05/28 23:00:10.785756 未中奖
2026/05/28 23:00:10.785756 未中奖
2026/05/28 23:00:10.785756 未中奖
2026/05/28 23:00:10.785756 未中奖
2026/05/28 23:00:10.785756 未中奖
2026/05/28 23:00:10.785756 未中奖
2026/05/28 23:00:10.785756 未中奖
2026/05/28 23:00:10.785756 未中奖
2026/05/28 23:00:10.785756 未中奖
2026/05/28 23:00:10.785756 奖品已发完
2026/05/28 23:00:10.785756 未中奖
2026/05/28 23:00:10.785756 未中奖
2026/05/28 23:00:10.785756 未中奖
2026/05/28 23:00:10.785756 未中奖
2026/05/28 23:00:10.785756 未中奖
2026/05/28 23:00:10.785756 未中奖
2026/05/28 23:00:10.786339 未中奖
2026/05/28 23:00:10.786339 未中奖
2026/05/28 23:00:10.786339 未中奖
2026/05/28 23:00:10.786339 未中奖
2026/05/28 23:00:10.786339 未中奖
2026/05/28 23:00:10.786339 未中奖
2026/05/28 23:00:10.786339 未中奖
2026/05/28 23:00:10.786339 奖品已发完
2026/05/28 23:00:10.786339 奖品已发完
2026/05/28 23:00:10.786339 未中奖
2026/05/28 23:00:10.786339 未中奖
2026/05/28 23:00:10.786339 未中奖
2026/05/28 23:00:10.786339 未中奖
2026/05/28 23:00:10.786339 未中奖
2026/05/28 23:00:10.786339 未中奖
2026/05/28 23:00:10.786339 未中奖
2026/05/28 23:00:10.786339 未中奖
2026/05/28 23:00:10.786339 未中奖
2026/05/28 23:00:10.786339 未中奖
2026/05/28 23:00:10.786339 未中奖
2026/05/28 23:00:10.786339 未中奖
2026/05/28 23:00:10.786339 奖品已发完
2026/05/28 23:00:10.786339 未中奖
2026/05/28 23:00:10.786339 未中奖
2026/05/28 23:00:10.786339 奖品已发完
2026/05/28 23:00:10.786339 未中奖
2026/05/28 23:00:10.786339 未中奖
2026/05/28 23:00:10.786339 未中奖
2026/05/28 23:00:10.786339 未中奖
2026/05/28 23:00:10.786339 未中奖
2026/05/28 23:00:10.786339 未中奖
2026/05/28 23:00:10.786339 奖品已发完
2026/05/28 23:00:10.786339 未中奖
2026/05/28 23:00:10.786339 未中奖
2026/05/28 23:00:10.786339 未中奖
2026/05/28 23:00:10.786339 未中奖
2026/05/28 23:00:10.786339 未中奖
2026/05/28 23:00:10.786339 未中奖
2026/05/28 23:00:10.786339 未中奖
2026/05/28 23:00:10.786339 未中奖
2026/05/28 23:00:10.786870 奖品已发完
2026/05/28 23:00:10.786870 未中奖
2026/05/28 23:00:10.786870 未中奖
2026/05/28 23:00:10.786870 未中奖
2026/05/28 23:00:10.786870 未中奖
2026/05/28 23:00:10.786870 未中奖
2026/05/28 23:00:10.786870 未中奖
2026/05/28 23:00:10.786870 未中奖
2026/05/28 23:00:10.786870 未中奖
2026/05/28 23:00:10.786870 未中奖
2026/05/28 23:00:10.786870 未中奖
2026/05/28 23:00:10.786870 未中奖
2026/05/28 23:00:10.786870 未中奖
2026/05/28 23:00:10.786870 奖品已发完
2026/05/28 23:00:10.786870 未中奖
2026/05/28 23:00:10.786870 未中奖
2026/05/28 23:00:10.786870 奖品已发完
2026/05/28 23:00:10.786870 未中奖
2026/05/28 23:00:10.786870 未中奖
2026/05/28 23:00:10.786870 未中奖
2026/05/28 23:00:10.786870 未中奖
2026/05/28 23:00:10.786870 未中奖
2026/05/28 23:00:10.786870 未中奖
2026/05/28 23:00:10.786870 未中奖
2026/05/28 23:00:10.786870 未中奖
2026/05/28 23:00:10.786870 未中奖
2026/05/28 23:00:10.786870 未中奖
2026/05/28 23:00:10.786870 未中奖
2026/05/28 23:00:10.786870 未中奖
2026/05/28 23:00:10.786870 奖品已发完
2026/05/28 23:00:10.786870 未中奖
2026/05/28 23:00:10.786870 未中奖
2026/05/28 23:00:10.786870 奖品已发完
2026/05/28 23:00:10.786870 未中奖
2026/05/28 23:00:10.786870 未中奖
2026/05/28 23:00:10.786870 未中奖
2026/05/28 23:00:10.786870 未中奖
2026/05/28 23:00:10.787392 未中奖
2026/05/28 23:00:10.787392 奖品已发完
2026/05/28 23:00:10.787392 未中奖
2026/05/28 23:00:10.787392 未中奖
2026/05/28 23:00:10.787392 未中奖
2026/05/28 23:00:10.787392 未中奖
2026/05/28 23:00:10.787392 未中奖
2026/05/28 23:00:10.787392 未中奖
2026/05/28 23:00:10.787392 未中奖
2026/05/28 23:00:10.787392 未中奖
2026/05/28 23:00:10.787392 奖品已发完
2026/05/28 23:00:10.787392 未中奖
2026/05/28 23:00:10.787392 未中奖
2026/05/28 23:00:10.787392 未中奖
2026/05/28 23:00:10.787392 奖品已发完
2026/05/28 23:00:10.787392 未中奖
2026/05/28 23:00:10.787392 未中奖
2026/05/28 23:00:10.787392 未中奖
2026/05/28 23:00:10.787392 未中奖
2026/05/28 23:00:10.787392 未中奖
2026/05/28 23:00:10.787392 未中奖
2026/05/28 23:00:10.787392 未中奖
2026/05/28 23:00:10.787392 未中奖
2026/05/28 23:00:10.787392 未中奖
2026/05/28 23:00:10.787392 未中奖
2026/05/28 23:00:10.787392 未中奖
2026/05/28 23:00:10.787392 未中奖
2026/05/28 23:00:10.787392 未中奖
2026/05/28 23:00:10.787392 未中奖
2026/05/28 23:00:10.787392 未中奖
2026/05/28 23:00:10.787392 未中奖
2026/05/28 23:00:10.787392 未中奖
2026/05/28 23:00:10.787392 未中奖
2026/05/28 23:00:10.787392 未中奖
2026/05/28 23:00:10.787392 未中奖
2026/05/28 23:00:10.787392 未中奖
2026/05/28 23:00:10.787392 未中奖
2026/05/28 23:00:10.787392 未中奖
2026/05/28 23:00:10.787392 未中奖
2026/05/28 23:00:10.787392 未中奖
2026/05/28 23:00:10.787392 未中奖
2026/05/28 23:00:10.787392 未中奖
2026/05/28 23:00:10.787392 未中奖
2026/05/28 23:00:10.787392 未中奖
2026/05/28 23:00:10.787392 未中奖
2026/05/28 23:00:10.787392 未中奖
2026/05/28 23:00:10.787392 未中奖
2026/05/28 23:00:10.787392 未中奖
2026/05/28 23:00:10.787392 未中奖
2026/05/28 23:00:10.787392 未中奖
2026/05/28 23:00:10.787392 未中奖
2026/05/28 23:00:10.787392 未中奖
2026/05/28 23:00:10.787392 未中奖
2026/05/28 23:00:10.787392 未中奖
2026/05/28 23:00:10.787392 未中奖
2026/05/28 23:00:10.787392 未中奖
2026/05/28 23:00:10.787392 未中奖
2026/05/28 23:00:10.787392 未中奖
2026/05/28 23:00:10.787392 未中奖
2026/05/28 23:00:10.787392 未中奖
2026/05/28 23:00:10.787392 未中奖
2026/05/28 23:00:10.787392 未中奖
2026/05/28 23:00:10.787392 未中奖
2026/05/28 23:00:10.787392 未中奖
2026/05/28 23:00:10.787392 未中奖
2026/05/28 23:00:10.787392 奖品已发完
2026/05/28 23:00:10.787392 未中奖
2026/05/28 23:00:10.787392 未中奖
2026/05/28 23:00:10.787392 奖品已发完
2026/05/28 23:00:10.788399 未中奖
2026/05/28 23:00:10.788399 未中奖
2026/05/28 23:00:10.788399 未中奖
2026/05/28 23:00:10.788399 未中奖
2026/05/28 23:00:10.788399 未中奖
2026/05/28 23:00:10.788399 未中奖
2026/05/28 23:00:10.788399 未中奖
2026/05/28 23:00:10.788399 未中奖
2026/05/28 23:00:10.788399 未中奖
2026/05/28 23:00:10.788399 未中奖
2026/05/28 23:00:10.788399 未中奖
2026/05/28 23:00:10.788399 未中奖
2026/05/28 23:00:10.788906 未中奖
2026/05/28 23:00:10.788906 未中奖
2026/05/28 23:00:10.788906 未中奖
2026/05/28 23:00:10.788906 奖品已发完
2026/05/28 23:00:10.788906 未中奖
2026/05/28 23:00:10.788906 未中奖
2026/05/28 23:00:10.788906 未中奖
2026/05/28 23:00:10.788906 未中奖
2026/05/28 23:00:10.788906 未中奖
2026/05/28 23:00:10.788906 未中奖
2026/05/28 23:00:10.788906 未中奖
2026/05/28 23:00:10.788906 未中奖
2026/05/28 23:00:10.788906 未中奖
2026/05/28 23:00:10.788906 未中奖
2026/05/28 23:00:10.788906 未中奖
2026/05/28 23:00:10.788906 奖品已发完
2026/05/28 23:00:10.788906 未中奖
2026/05/28 23:00:10.788906 未中奖
2026/05/28 23:00:10.788906 未中奖
2026/05/28 23:00:10.788906 未中奖
2026/05/28 23:00:10.788906 未中奖
2026/05/28 23:00:10.788906 奖品已发完
2026/05/28 23:00:10.788906 奖品已发完
2026/05/28 23:00:10.788906 未中奖
2026/05/28 23:00:10.788906 奖品已发完
2026/05/28 23:00:10.788906 未中奖
2026/05/28 23:00:10.788906 奖品已发完
2026/05/28 23:00:10.788906 未中奖
2026/05/28 23:00:10.788906 未中奖
2026/05/28 23:00:10.788906 奖品已发完
2026/05/28 23:00:10.788906 奖品已发完
2026/05/28 23:00:10.788906 未中奖
2026/05/28 23:00:10.788906 未中奖
2026/05/28 23:00:10.788906 未中奖
2026/05/28 23:00:10.788906 奖品已发完
2026/05/28 23:00:10.788906 未中奖
2026/05/28 23:00:10.788906 未中奖
2026/05/28 23:00:10.788906 未中奖
2026/05/28 23:00:10.788906 未中奖
2026/05/28 23:00:10.788906 未中奖
2026/05/28 23:00:10.788906 未中奖
2026/05/28 23:00:10.788906 未中奖
2026/05/28 23:00:10.788906 未中奖
2026/05/28 23:00:10.788906 未中奖
2026/05/28 23:00:10.788906 未中奖
2026/05/28 23:00:10.788906 未中奖
2026/05/28 23:00:10.788906 未中奖
2026/05/28 23:00:10.788906 奖品已发完
2026/05/28 23:00:10.788906 未中奖
2026/05/28 23:00:10.788906 未中奖
2026/05/28 23:00:10.788906 未中奖
2026/05/28 23:00:10.788906 未中奖
2026/05/28 23:00:10.788906 未中奖
2026/05/28 23:00:10.788906 未中奖
2026/05/28 23:00:10.788906 未中奖
2026/05/28 23:00:10.788906 未中奖
2026/05/28 23:00:10.788906 未中奖
2026/05/28 23:00:10.788906 未中奖
2026/05/28 23:00:10.788906 未中奖
2026/05/28 23:00:10.788906 未中奖
2026/05/28 23:00:10.788906 未中奖
2026/05/28 23:00:10.788906 奖品已发完
2026/05/28 23:00:10.788906 未中奖
2026/05/28 23:00:10.788906 未中奖
2026/05/28 23:00:10.788906 未中奖
2026/05/28 23:00:10.788906 未中奖
2026/05/28 23:00:10.788906 奖品已发完
2026/05/28 23:00:10.788906 未中奖
2026/05/28 23:00:10.788906 未中奖
2026/05/28 23:00:10.788906 未中奖
2026/05/28 23:00:10.788906 未中奖
2026/05/28 23:00:10.788906 未中奖
2026/05/28 23:00:10.788906 未中奖
2026/05/28 23:00:10.788906 未中奖
2026/05/28 23:00:10.788906 奖品已发完
2026/05/28 23:00:10.788906 未中奖
2026/05/28 23:00:10.788906 未中奖
2026/05/28 23:00:10.788906 未中奖
2026/05/28 23:00:10.788906 奖品已发完
2026/05/28 23:00:10.788906 未中奖
2026/05/28 23:00:10.789983 未中奖
2026/05/28 23:00:10.789983 未中奖
2026/05/28 23:00:10.789983 未中奖
2026/05/28 23:00:10.789983 未中奖
2026/05/28 23:00:10.789983 未中奖
2026/05/28 23:00:10.789983 未中奖
2026/05/28 23:00:10.789983 未中奖
2026/05/28 23:00:10.789983 未中奖
2026/05/28 23:00:10.789983 未中奖
2026/05/28 23:00:10.789983 奖品已发完
2026/05/28 23:00:10.789983 奖品已发完
2026/05/28 23:00:10.789983 未中奖
2026/05/28 23:00:10.789983 未中奖
2026/05/28 23:00:10.789983 未中奖
2026/05/28 23:00:10.789983 未中奖
2026/05/28 23:00:10.789983 未中奖
2026/05/28 23:00:10.789983 未中奖
2026/05/28 23:00:10.789983 未中奖
2026/05/28 23:00:10.789983 未中奖
2026/05/28 23:00:10.789983 未中奖
2026/05/28 23:00:10.789983 未中奖
2026/05/28 23:00:10.789983 未中奖
2026/05/28 23:00:10.789983 未中奖
2026/05/28 23:00:10.789983 未中奖
2026/05/28 23:00:10.789983 未中奖
2026/05/28 23:00:10.789983 未中奖
2026/05/28 23:00:10.789983 未中奖
2026/05/28 23:00:10.789983 未中奖
2026/05/28 23:00:10.789983 未中奖
2026/05/28 23:00:10.789983 未中奖
2026/05/28 23:00:10.789983 奖品已发完
2026/05/28 23:00:10.789983 未中奖
2026/05/28 23:00:10.789983 未中奖
2026/05/28 23:00:10.789983 未中奖
2026/05/28 23:00:10.789983 未中奖
2026/05/28 23:00:10.789983 未中奖
2026/05/28 23:00:10.789983 未中奖
2026/05/28 23:00:10.789983 未中奖
2026/05/28 23:00:10.789983 未中奖
2026/05/28 23:00:10.789983 未中奖
2026/05/28 23:00:10.789983 未中奖
2026/05/28 23:00:10.789983 未中奖
2026/05/28 23:00:10.789983 未中奖
2026/05/28 23:00:10.789983 未中奖
2026/05/28 23:00:10.789983 未中奖
2026/05/28 23:00:10.789983 未中奖
2026/05/28 23:00:10.789983 奖品已发完
2026/05/28 23:00:10.789983 未中奖
2026/05/28 23:00:10.789983 未中奖
2026/05/28 23:00:10.789983 奖品已发完
2026/05/28 23:00:10.789983 未中奖
2026/05/28 23:00:10.789983 未中奖
2026/05/28 23:00:10.789983 未中奖
2026/05/28 23:00:10.789983 未中奖
2026/05/28 23:00:10.789983 奖品已发完
2026/05/28 23:00:10.789983 未中奖
2026/05/28 23:00:10.789983 未中奖
2026/05/28 23:00:10.789983 未中奖
2026/05/28 23:00:10.789983 未中奖
2026/05/28 23:00:10.789983 未中奖
2026/05/28 23:00:10.789983 未中奖
2026/05/28 23:00:10.789983 未中奖
2026/05/28 23:00:10.789983 未中奖
2026/05/28 23:00:10.789983 奖品已发完
2026/05/28 23:00:10.789983 未中奖
2026/05/28 23:00:10.789983 未中奖
2026/05/28 23:00:10.789983 未中奖
2026/05/28 23:00:10.789983 未中奖
2026/05/28 23:00:10.789983 未中奖
2026/05/28 23:00:10.789983 奖品已发完
2026/05/28 23:00:10.789983 未中奖
2026/05/28 23:00:10.789983 未中奖
2026/05/28 23:00:10.789983 未中奖
2026/05/28 23:00:10.789983 未中奖
2026/05/28 23:00:10.789983 未中奖
2026/05/28 23:00:10.789983 奖品已发完
2026/05/28 23:00:10.789983 未中奖
2026/05/28 23:00:10.789983 未中奖
2026/05/28 23:00:10.789983 未中奖
2026/05/28 23:00:10.789983 未中奖
2026/05/28 23:00:10.789983 未中奖
2026/05/28 23:00:10.789983 未中奖
2026/05/28 23:00:10.789983 未中奖
2026/05/28 23:00:10.789983 未中奖
2026/05/28 23:00:10.789983 未中奖
2026/05/28 23:00:10.789983 奖品已发完
2026/05/28 23:00:10.789983 未中奖
2026/05/28 23:00:10.790911 未中奖
2026/05/28 23:00:10.790911 未中奖
2026/05/28 23:00:10.790911 未中奖
2026/05/28 23:00:10.790911 未中奖
2026/05/28 23:00:10.790911 未中奖
2026/05/28 23:00:10.790911 未中奖
2026/05/28 23:00:10.790911 未中奖
2026/05/28 23:00:10.790911 未中奖
2026/05/28 23:00:10.790911 未中奖
2026/05/28 23:00:10.790911 未中奖
2026/05/28 23:00:10.790911 未中奖
2026/05/28 23:00:10.790911 未中奖
2026/05/28 23:00:10.790911 未中奖
2026/05/28 23:00:10.790911 未中奖
2026/05/28 23:00:10.790911 未中奖
2026/05/28 23:00:10.790911 未中奖
2026/05/28 23:00:10.790911 奖品已发完
2026/05/28 23:00:10.790911 未中奖
2026/05/28 23:00:10.790911 未中奖
2026/05/28 23:00:10.790911 未中奖
2026/05/28 23:00:10.790911 未中奖
2026/05/28 23:00:10.790911 未中奖
2026/05/28 23:00:10.790911 未中奖
2026/05/28 23:00:10.790911 未中奖
2026/05/28 23:00:10.790911 未中奖
2026/05/28 23:00:10.790911 奖品已发完
2026/05/28 23:00:10.790911 未中奖
2026/05/28 23:00:10.790911 未中奖
2026/05/28 23:00:10.790911 未中奖
2026/05/28 23:00:10.790911 未中奖
2026/05/28 23:00:10.790911 未中奖
2026/05/28 23:00:10.790911 未中奖
2026/05/28 23:00:10.790911 未中奖
2026/05/28 23:00:10.790911 未中奖
2026/05/28 23:00:10.790911 未中奖
2026/05/28 23:00:10.790911 未中奖
2026/05/28 23:00:10.790911 未中奖
2026/05/28 23:00:10.790911 未中奖
2026/05/28 23:00:10.790911 未中奖
2026/05/28 23:00:10.790911 奖品已发完
2026/05/28 23:00:10.790911 未中奖
2026/05/28 23:00:10.790911 未中奖
2026/05/28 23:00:10.790911 未中奖
2026/05/28 23:00:10.790911 未中奖
2026/05/28 23:00:10.790911 未中奖
2026/05/28 23:00:10.790911 未中奖
2026/05/28 23:00:10.790911 未中奖
2026/05/28 23:00:10.790911 奖品已发完
2026/05/28 23:00:10.790911 未中奖
2026/05/28 23:00:10.790911 奖品已发完
2026/05/28 23:00:10.790911 未中奖
2026/05/28 23:00:10.790911 奖品已发完
2026/05/28 23:00:10.790911 未中奖
2026/05/28 23:00:10.790911 未中奖
2026/05/28 23:00:10.790911 未中奖
2026/05/28 23:00:10.790911 未中奖
2026/05/28 23:00:10.790911 未中奖
2026/05/28 23:00:10.790911 未中奖
2026/05/28 23:00:10.790911 未中奖
2026/05/28 23:00:10.790911 未中奖
2026/05/28 23:00:10.790911 奖品已发完
2026/05/28 23:00:10.790911 未中奖
2026/05/28 23:00:10.790911 奖品已发完
2026/05/28 23:00:10.790911 未中奖
2026/05/28 23:00:10.790911 未中奖
2026/05/28 23:00:10.790911 奖品已发完
2026/05/28 23:00:10.790911 未中奖
2026/05/28 23:00:10.790911 未中奖
2026/05/28 23:00:10.790911 未中奖
2026/05/28 23:00:10.790911 未中奖
2026/05/28 23:00:10.790911 未中奖
2026/05/28 23:00:10.790911 未中奖
2026/05/28 23:00:10.790911 未中奖
2026/05/28 23:00:10.790911 奖品已发完
2026/05/28 23:00:10.790911 未中奖
2026/05/28 23:00:10.790911 未中奖
2026/05/28 23:00:10.790911 未中奖
2026/05/28 23:00:10.790911 未中奖
2026/05/28 23:00:10.790911 未中奖
2026/05/28 23:00:10.790911 奖品已发完
2026/05/28 23:00:10.790911 未中奖
2026/05/28 23:00:10.790911 未中奖
2026/05/28 23:00:10.790911 未中奖
2026/05/28 23:00:10.790911 未中奖
2026/05/28 23:00:10.790911 未中奖
2026/05/28 23:00:10.790911 未中奖
2026/05/28 23:00:10.790911 未中奖
2026/05/28 23:00:10.790911 未中奖
2026/05/28 23:00:10.790911 未中奖
2026/05/28 23:00:10.790911 未中奖
2026/05/28 23:00:10.790911 未中奖
2026/05/28 23:00:10.790911 未中奖
2026/05/28 23:00:10.790911 未中奖
2026/05/28 23:00:10.790911 未中奖
2026/05/28 23:00:10.790911 未中奖
2026/05/28 23:00:10.790911 未中奖
2026/05/28 23:00:10.791911 未中奖
2026/05/28 23:00:10.791911 未中奖
2026/05/28 23:00:10.791911 未中奖
2026/05/28 23:00:10.791911 未中奖
2026/05/28 23:00:10.791911 未中奖
2026/05/28 23:00:10.791911 未中奖
2026/05/28 23:00:10.791911 未中奖
2026/05/28 23:00:10.791911 未中奖
2026/05/28 23:00:10.791911 未中奖
2026/05/28 23:00:10.791911 未中奖
2026/05/28 23:00:10.791911 未中奖
2026/05/28 23:00:10.791911 未中奖
2026/05/28 23:00:10.791911 未中奖
2026/05/28 23:00:10.791911 未中奖
2026/05/28 23:00:10.791911 未中奖
2026/05/28 23:00:10.791911 未中奖
2026/05/28 23:00:10.791911 未中奖
2026/05/28 23:00:10.791911 未中奖
2026/05/28 23:00:10.791911 未中奖
2026/05/28 23:00:10.791911 奖品已发完
2026/05/28 23:00:10.791911 未中奖
2026/05/28 23:00:10.791911 未中奖
2026/05/28 23:00:10.791911 未中奖
2026/05/28 23:00:10.791911 未中奖
2026/05/28 23:00:10.791911 未中奖
2026/05/28 23:00:10.791911 奖品已发完
2026/05/28 23:00:10.791911 未中奖
2026/05/28 23:00:10.791911 未中奖
2026/05/28 23:00:10.791911 未中奖
2026/05/28 23:00:10.791911 未中奖
2026/05/28 23:00:10.791911 未中奖
2026/05/28 23:00:10.791911 未中奖
2026/05/28 23:00:10.791911 奖品已发完
2026/05/28 23:00:10.791911 未中奖
2026/05/28 23:00:10.791911 未中奖
2026/05/28 23:00:10.791911 未中奖
2026/05/28 23:00:10.791911 未中奖
2026/05/28 23:00:10.791911 未中奖
2026/05/28 23:00:10.791911 未中奖
2026/05/28 23:00:10.791911 未中奖
2026/05/28 23:00:10.791911 未中奖
2026/05/28 23:00:10.791911 未中奖
2026/05/28 23:00:10.791911 奖品已发完
2026/05/28 23:00:10.791911 未中奖
2026/05/28 23:00:10.791911 未中奖
2026/05/28 23:00:10.791911 未中奖
2026/05/28 23:00:10.791911 未中奖
2026/05/28 23:00:10.791911 未中奖
2026/05/28 23:00:10.791911 奖品已发完
2026/05/28 23:00:10.791911 未中奖
2026/05/28 23:00:10.791911 未中奖
2026/05/28 23:00:10.791911 未中奖
2026/05/28 23:00:10.791911 奖品已发完
2026/05/28 23:00:10.791911 奖品已发完
2026/05/28 23:00:10.791911 未中奖
2026/05/28 23:00:10.791911 奖品已发完
2026/05/28 23:00:10.791911 未中奖
2026/05/28 23:00:10.791911 未中奖
2026/05/28 23:00:10.791911 奖品已发完
2026/05/28 23:00:10.791911 奖品已发完
2026/05/28 23:00:10.791911 未中奖
2026/05/28 23:00:10.791911 未中奖
2026/05/28 23:00:10.791911 未中奖
2026/05/28 23:00:10.791911 未中奖
2026/05/28 23:00:10.791911 未中奖
2026/05/28 23:00:10.791911 未中奖
2026/05/28 23:00:10.791911 未中奖
2026/05/28 23:00:10.791911 未中奖
2026/05/28 23:00:10.791911 未中奖
2026/05/28 23:00:10.791911 未中奖
2026/05/28 23:00:10.791911 未中奖
2026/05/28 23:00:10.791911 奖品已发完
2026/05/28 23:00:10.791911 未中奖
2026/05/28 23:00:10.791911 未中奖
2026/05/28 23:00:10.791911 未中奖
2026/05/28 23:00:10.791911 未中奖
2026/05/28 23:00:10.791911 奖品已发完
2026/05/28 23:00:10.791911 未中奖
2026/05/28 23:00:10.791911 未中奖
2026/05/28 23:00:10.791911 未中奖
2026/05/28 23:00:10.791911 未中奖
2026/05/28 23:00:10.791911 未中奖
2026/05/28 23:00:10.791911 未中奖
2026/05/28 23:00:10.791911 未中奖
2026/05/28 23:00:10.791911 未中奖
2026/05/28 23:00:10.791911 未中奖
2026/05/28 23:00:10.791911 未中奖
2026/05/28 23:00:10.791911 未中奖
2026/05/28 23:00:10.791911 未中奖
2026/05/28 23:00:10.791911 未中奖
2026/05/28 23:00:10.792918 未中奖
2026/05/28 23:00:10.792918 未中奖
2026/05/28 23:00:10.792918 未中奖
2026/05/28 23:00:10.792918 未中奖
2026/05/28 23:00:10.792918 未中奖
2026/05/28 23:00:10.792918 未中奖
2026/05/28 23:00:10.792918 未中奖
2026/05/28 23:00:10.792918 未中奖
2026/05/28 23:00:10.792918 未中奖
2026/05/28 23:00:10.792918 未中奖
2026/05/28 23:00:10.792918 未中奖
2026/05/28 23:00:10.792918 未中奖
2026/05/28 23:00:10.792918 未中奖
2026/05/28 23:00:10.792918 未中奖
2026/05/28 23:00:10.792918 未中奖
2026/05/28 23:00:10.792918 奖品已发完
2026/05/28 23:00:10.792918 未中奖
2026/05/28 23:00:10.792918 奖品已发完
2026/05/28 23:00:10.792918 未中奖
2026/05/28 23:00:10.792918 未中奖
2026/05/28 23:00:10.792918 未中奖
2026/05/28 23:00:10.792918 奖品已发完
2026/05/28 23:00:10.792918 未中奖
2026/05/28 23:00:10.792918 未中奖
2026/05/28 23:00:10.792918 未中奖
2026/05/28 23:00:10.792918 未中奖
2026/05/28 23:00:10.792918 未中奖
2026/05/28 23:00:10.792918 未中奖
2026/05/28 23:00:10.792918 未中奖
2026/05/28 23:00:10.792918 未中奖
2026/05/28 23:00:10.792918 未中奖
2026/05/28 23:00:10.792918 未中奖
2026/05/28 23:00:10.792918 未中奖
2026/05/28 23:00:10.792918 未中奖
2026/05/28 23:00:10.792918 未中奖
2026/05/28 23:00:10.792918 未中奖
2026/05/28 23:00:10.792918 奖品已发完
2026/05/28 23:00:10.792918 未中奖
2026/05/28 23:00:10.792918 未中奖
2026/05/28 23:00:10.792918 未中奖
2026/05/28 23:00:10.792918 奖品已发完
2026/05/28 23:00:10.792918 奖品已发完
2026/05/28 23:00:10.792918 未中奖
2026/05/28 23:00:10.792918 未中奖
2026/05/28 23:00:10.792918 未中奖
2026/05/28 23:00:10.792918 未中奖
2026/05/28 23:00:10.792918 奖品已发完
2026/05/28 23:00:10.792918 未中奖
2026/05/28 23:00:10.792918 奖品已发完
2026/05/28 23:00:10.792918 未中奖
2026/05/28 23:00:10.792918 奖品已发完
2026/05/28 23:00:10.792918 未中奖
2026/05/28 23:00:10.792918 未中奖
2026/05/28 23:00:10.792918 未中奖
2026/05/28 23:00:10.792918 未中奖
2026/05/28 23:00:10.792918 未中奖
2026/05/28 23:00:10.792918 未中奖
2026/05/28 23:00:10.792918 未中奖
2026/05/28 23:00:10.792918 未中奖
2026/05/28 23:00:10.792918 未中奖
2026/05/28 23:00:10.792918 未中奖
2026/05/28 23:00:10.792918 未中奖
2026/05/28 23:00:10.792918 未中奖
2026/05/28 23:00:10.792918 未中奖
2026/05/28 23:00:10.792918 未中奖
2026/05/28 23:00:10.792918 未中奖
2026/05/28 23:00:10.792918 未中奖
2026/05/28 23:00:10.792918 奖品已发完
2026/05/28 23:00:10.792918 未中奖
2026/05/28 23:00:10.792918 未中奖
2026/05/28 23:00:10.792918 未中奖
2026/05/28 23:00:10.792918 未中奖
2026/05/28 23:00:10.792918 奖品已发完
2026/05/28 23:00:10.792918 未中奖
2026/05/28 23:00:10.792918 未中奖
2026/05/28 23:00:10.792918 未中奖
2026/05/28 23:00:10.792918 未中奖
2026/05/28 23:00:10.792918 奖品已发完
2026/05/28 23:00:10.792918 未中奖
2026/05/28 23:00:10.792918 未中奖
2026/05/28 23:00:10.792918 未中奖
2026/05/28 23:00:10.792918 未中奖
2026/05/28 23:00:10.792918 未中奖
2026/05/28 23:00:10.792918 未中奖
2026/05/28 23:00:10.792918 未中奖
2026/05/28 23:00:10.792918 未中奖
2026/05/28 23:00:10.792918 未中奖
2026/05/28 23:00:10.792918 未中奖
2026/05/28 23:00:10.792918 未中奖
2026/05/28 23:00:10.792918 未中奖
2026/05/28 23:00:10.792918 未中奖
2026/05/28 23:00:10.792918 未中奖
2026/05/28 23:00:10.792918 未中奖
2026/05/28 23:00:10.792918 未中奖
2026/05/28 23:00:10.792918 奖品已发完
2026/05/28 23:00:10.793935 未中奖
2026/05/28 23:00:10.793935 未中奖
2026/05/28 23:00:10.793935 未中奖
2026/05/28 23:00:10.793935 未中奖
2026/05/28 23:00:10.793935 未中奖
2026/05/28 23:00:10.793935 奖品已发完
2026/05/28 23:00:10.793935 未中奖
2026/05/28 23:00:10.793935 未中奖
2026/05/28 23:00:10.793935 未中奖
2026/05/28 23:00:10.793935 未中奖
2026/05/28 23:00:10.793935 未中奖
2026/05/28 23:00:10.793935 未中奖
2026/05/28 23:00:10.793935 未中奖
2026/05/28 23:00:10.793935 未中奖
2026/05/28 23:00:10.793935 未中奖
2026/05/28 23:00:10.793935 奖品已发完
2026/05/28 23:00:10.793935 未中奖
2026/05/28 23:00:10.793935 未中奖
2026/05/28 23:00:10.793935 未中奖
2026/05/28 23:00:10.793935 未中奖
2026/05/28 23:00:10.793935 未中奖
2026/05/28 23:00:10.793935 未中奖
2026/05/28 23:00:10.793935 未中奖
2026/05/28 23:00:10.793935 未中奖
2026/05/28 23:00:10.793935 未中奖
2026/05/28 23:00:10.793935 未中奖
2026/05/28 23:00:10.793935 未中奖
2026/05/28 23:00:10.793935 未中奖
2026/05/28 23:00:10.793935 未中奖
2026/05/28 23:00:10.793935 未中奖
2026/05/28 23:00:10.793935 奖品已发完
2026/05/28 23:00:10.793935 未中奖
2026/05/28 23:00:10.793935 未中奖
2026/05/28 23:00:10.793935 未中奖
2026/05/28 23:00:10.793935 未中奖
2026/05/28 23:00:10.793935 未中奖
2026/05/28 23:00:10.793935 未中奖
2026/05/28 23:00:10.793935 未中奖
2026/05/28 23:00:10.793935 未中奖
2026/05/28 23:00:10.793935 未中奖
2026/05/28 23:00:10.793935 未中奖
2026/05/28 23:00:10.793935 未中奖
2026/05/28 23:00:10.793935 未中奖
2026/05/28 23:00:10.793935 未中奖
2026/05/28 23:00:10.793935 未中奖
2026/05/28 23:00:10.793935 未中奖
2026/05/28 23:00:10.793935 未中奖
2026/05/28 23:00:10.793935 未中奖
2026/05/28 23:00:10.793935 未中奖
2026/05/28 23:00:10.793935 未中奖
2026/05/28 23:00:10.793935 未中奖
2026/05/28 23:00:10.793935 未中奖
2026/05/28 23:00:10.793935 未中奖
2026/05/28 23:00:10.793935 奖品已发完
2026/05/28 23:00:10.793935 未中奖
2026/05/28 23:00:10.793935 未中奖
2026/05/28 23:00:10.793935 奖品已发完
2026/05/28 23:00:10.793935 未中奖
2026/05/28 23:00:10.793935 未中奖
2026/05/28 23:00:10.793935 未中奖
2026/05/28 23:00:10.793935 未中奖
2026/05/28 23:00:10.793935 奖品已发完
2026/05/28 23:00:10.793935 未中奖
2026/05/28 23:00:10.793935 未中奖
2026/05/28 23:00:10.793935 未中奖
2026/05/28 23:00:10.793935 未中奖
2026/05/28 23:00:10.793935 未中奖
2026/05/28 23:00:10.793935 未中奖
2026/05/28 23:00:10.793935 未中奖
2026/05/28 23:00:10.793935 未中奖
2026/05/28 23:00:10.793935 未中奖
2026/05/28 23:00:10.793935 未中奖
2026/05/28 23:00:10.793935 未中奖
2026/05/28 23:00:10.793935 未中奖
2026/05/28 23:00:10.793935 未中奖
2026/05/28 23:00:10.793935 未中奖
2026/05/28 23:00:10.793935 未中奖
2026/05/28 23:00:10.793935 未中奖
2026/05/28 23:00:10.793935 未中奖
2026/05/28 23:00:10.793935 奖品已发完
2026/05/28 23:00:10.794924 未中奖
2026/05/28 23:00:10.794924 未中奖
2026/05/28 23:00:10.794924 奖品已发完
2026/05/28 23:00:10.794924 未中奖
2026/05/28 23:00:10.794924 未中奖
2026/05/28 23:00:10.794924 未中奖
2026/05/28 23:00:10.794924 奖品已发完
2026/05/28 23:00:10.794924 未中奖
2026/05/28 23:00:10.794924 未中奖
2026/05/28 23:00:10.794924 未中奖
2026/05/28 23:00:10.794924 未中奖
2026/05/28 23:00:10.794924 未中奖
2026/05/28 23:00:10.794924 未中奖
2026/05/28 23:00:10.794924 未中奖
2026/05/28 23:00:10.794924 未中奖
2026/05/28 23:00:10.794924 未中奖
2026/05/28 23:00:10.794924 未中奖
2026/05/28 23:00:10.794924 未中奖
2026/05/28 23:00:10.794924 奖品已发完
2026/05/28 23:00:10.794924 未中奖
2026/05/28 23:00:10.794924 奖品已发完
2026/05/28 23:00:10.794924 未中奖
2026/05/28 23:00:10.794924 未中奖
2026/05/28 23:00:10.794924 未中奖
2026/05/28 23:00:10.794924 未中奖
2026/05/28 23:00:10.794924 未中奖
2026/05/28 23:00:10.795433 未中奖
2026/05/28 23:00:10.795433 未中奖
2026/05/28 23:00:10.795433 未中奖
2026/05/28 23:00:10.795433 未中奖
2026/05/28 23:00:10.795433 未中奖
2026/05/28 23:00:10.795433 未中奖
2026/05/28 23:00:10.795433 未中奖
2026/05/28 23:00:10.795433 未中奖
2026/05/28 23:00:10.795433 未中奖
2026/05/28 23:00:10.795433 奖品已发完
2026/05/28 23:00:10.795433 未中奖
2026/05/28 23:00:10.795433 未中奖
2026/05/28 23:00:10.795433 未中奖
2026/05/28 23:00:10.795433 未中奖
2026/05/28 23:00:10.795433 未中奖
2026/05/28 23:00:10.795433 未中奖
2026/05/28 23:00:10.795433 未中奖
2026/05/28 23:00:10.795433 未中奖
2026/05/28 23:00:10.795433 未中奖
2026/05/28 23:00:10.795433 奖品已发完
2026/05/28 23:00:10.795433 未中奖
2026/05/28 23:00:10.795433 未中奖
2026/05/28 23:00:10.795433 未中奖
2026/05/28 23:00:10.795433 未中奖
2026/05/28 23:00:10.795433 未中奖
2026/05/28 23:00:10.795433 未中奖
2026/05/28 23:00:10.795433 未中奖
2026/05/28 23:00:10.795433 未中奖
2026/05/28 23:00:10.795433 未中奖
2026/05/28 23:00:10.795433 未中奖
2026/05/28 23:00:10.795433 奖品已发完
2026/05/28 23:00:10.795433 未中奖
2026/05/28 23:00:10.795433 未中奖
2026/05/28 23:00:10.795433 未中奖
2026/05/28 23:00:10.795433 未中奖
2026/05/28 23:00:10.795433 未中奖
2026/05/28 23:00:10.795433 未中奖
2026/05/28 23:00:10.795433 未中奖
2026/05/28 23:00:10.795433 未中奖
2026/05/28 23:00:10.795433 未中奖
2026/05/28 23:00:10.795433 未中奖
2026/05/28 23:00:10.795433 未中奖
2026/05/28 23:00:10.795433 未中奖
2026/05/28 23:00:10.795433 未中奖
2026/05/28 23:00:10.795433 未中奖
2026/05/28 23:00:10.795433 未中奖
2026/05/28 23:00:10.795433 未中奖
2026/05/28 23:00:10.795433 未中奖
2026/05/28 23:00:10.795433 奖品已发完
2026/05/28 23:00:10.795433 未中奖
2026/05/28 23:00:10.795433 奖品已发完
2026/05/28 23:00:10.795433 未中奖
2026/05/28 23:00:10.795433 未中奖
2026/05/28 23:00:10.795433 未中奖
2026/05/28 23:00:10.795433 未中奖
2026/05/28 23:00:10.795433 未中奖
2026/05/28 23:00:10.795433 未中奖
2026/05/28 23:00:10.795433 奖品已发完
2026/05/28 23:00:10.795433 未中奖
2026/05/28 23:00:10.795433 奖品已发完
2026/05/28 23:00:10.795433 未中奖
2026/05/28 23:00:10.795433 未中奖
2026/05/28 23:00:10.795433 未中奖
2026/05/28 23:00:10.795433 未中奖
2026/05/28 23:00:10.795433 未中奖
2026/05/28 23:00:10.795433 未中奖
2026/05/28 23:00:10.795433 未中奖
2026/05/28 23:00:10.795433 未中奖
2026/05/28 23:00:10.795433 未中奖
2026/05/28 23:00:10.795433 未中奖
2026/05/28 23:00:10.795433 未中奖
2026/05/28 23:00:10.795433 未中奖
2026/05/28 23:00:10.795433 奖品已发完
2026/05/28 23:00:10.795433 奖品已发完
2026/05/28 23:00:10.795433 未中奖
2026/05/28 23:00:10.795433 未中奖
2026/05/28 23:00:10.795433 未中奖
2026/05/28 23:00:10.795433 未中奖
2026/05/28 23:00:10.795433 未中奖
2026/05/28 23:00:10.795433 未中奖
2026/05/28 23:00:10.795433 未中奖
2026/05/28 23:00:10.795433 未中奖
2026/05/28 23:00:10.795433 未中奖
2026/05/28 23:00:10.795433 未中奖
2026/05/28 23:00:10.795433 未中奖
2026/05/28 23:00:10.795433 未中奖
2026/05/28 23:00:10.795433 奖品已发完
2026/05/28 23:00:10.795433 未中奖
2026/05/28 23:00:10.795433 未中奖
2026/05/28 23:00:10.795433 奖品已发完
2026/05/28 23:00:10.795433 未中奖
2026/05/28 23:00:10.795433 奖品已发完
2026/05/28 23:00:10.795433 未中奖
2026/05/28 23:00:10.795433 未中奖
2026/05/28 23:00:10.795433 未中奖
2026/05/28 23:00:10.795433 未中奖
2026/05/28 23:00:10.795433 未中奖
2026/05/28 23:00:10.795433 未中奖
2026/05/28 23:00:10.795433 奖品已发完
2026/05/28 23:00:10.795433 奖品已发完
2026/05/28 23:00:10.795433 未中奖
2026/05/28 23:00:10.795433 未中奖
2026/05/28 23:00:10.795433 未中奖
2026/05/28 23:00:10.795433 未中奖
2026/05/28 23:00:10.795433 未中奖
2026/05/28 23:00:10.795433 未中奖
2026/05/28 23:00:10.795433 未中奖
2026/05/28 23:00:10.795433 未中奖
2026/05/28 23:00:10.795433 未中奖
2026/05/28 23:00:10.795433 未中奖
2026/05/28 23:00:10.795433 未中奖
2026/05/28 23:00:10.795433 未中奖
2026/05/28 23:00:10.795433 未中奖
2026/05/28 23:00:10.795433 未中奖
2026/05/28 23:00:10.795433 奖品已发完
2026/05/28 23:00:10.795433 未中奖
2026/05/28 23:00:10.795433 未中奖
2026/05/28 23:00:10.795433 未中奖
2026/05/28 23:00:10.795433 未中奖
2026/05/28 23:00:10.795433 未中奖
2026/05/28 23:00:10.795433 未中奖
2026/05/28 23:00:10.795433 未中奖
2026/05/28 23:00:10.795433 奖品已发完
2026/05/28 23:00:10.795433 未中奖
2026/05/28 23:00:10.795433 未中奖
2026/05/28 23:00:10.795433 未中奖
2026/05/28 23:00:10.795433 未中奖
2026/05/28 23:00:10.796293 未中奖
2026/05/28 23:00:10.796293 未中奖
2026/05/28 23:00:10.796293 未中奖
2026/05/28 23:00:10.796293 未中奖
2026/05/28 23:00:10.796293 未中奖
2026/05/28 23:00:10.796293 未中奖
2026/05/28 23:00:10.796293 未中奖
2026/05/28 23:00:10.796293 未中奖
2026/05/28 23:00:10.796293 未中奖
2026/05/28 23:00:10.796293 未中奖
2026/05/28 23:00:10.796293 未中奖
2026/05/28 23:00:10.796293 未中奖
2026/05/28 23:00:10.796293 未中奖
2026/05/28 23:00:10.796293 未中奖
2026/05/28 23:00:10.796293 未中奖
2026/05/28 23:00:10.796293 未中奖
2026/05/28 23:00:10.796293 奖品已发完
2026/05/28 23:00:10.796293 未中奖
2026/05/28 23:00:10.796293 未中奖
2026/05/28 23:00:10.796293 未中奖
2026/05/28 23:00:10.796293 未中奖
2026/05/28 23:00:10.796293 未中奖
2026/05/28 23:00:10.796293 未中奖
2026/05/28 23:00:10.796293 未中奖
2026/05/28 23:00:10.796293 未中奖
2026/05/28 23:00:10.796293 未中奖
2026/05/28 23:00:10.796293 未中奖
2026/05/28 23:00:10.796293 未中奖
2026/05/28 23:00:10.796293 未中奖
2026/05/28 23:00:10.796293 未中奖
2026/05/28 23:00:10.796293 未中奖
2026/05/28 23:00:10.796293 未中奖
2026/05/28 23:00:10.796293 未中奖
2026/05/28 23:00:10.796293 未中奖
2026/05/28 23:00:10.796293 奖品已发完
2026/05/28 23:00:10.796293 未中奖
2026/05/28 23:00:10.796293 未中奖
2026/05/28 23:00:10.796293 未中奖
2026/05/28 23:00:10.796293 未中奖
2026/05/28 23:00:10.796293 未中奖
2026/05/28 23:00:10.796293 未中奖
2026/05/28 23:00:10.796293 奖品已发完
2026/05/28 23:00:10.796293 未中奖
2026/05/28 23:00:10.796293 未中奖
2026/05/28 23:00:10.796293 未中奖
2026/05/28 23:00:10.796293 未中奖
2026/05/28 23:00:10.796293 未中奖
2026/05/28 23:00:10.796293 未中奖
2026/05/28 23:00:10.796293 未中奖
2026/05/28 23:00:10.796293 未中奖
2026/05/28 23:00:10.796293 未中奖
2026/05/28 23:00:10.796293 未中奖
2026/05/28 23:00:10.796293 未中奖
2026/05/28 23:00:10.796293 未中奖
2026/05/28 23:00:10.796293 未中奖
2026/05/28 23:00:10.796293 未中奖
2026/05/28 23:00:10.796293 奖品已发完
2026/05/28 23:00:10.796293 未中奖
2026/05/28 23:00:10.796293 奖品已发完
2026/05/28 23:00:10.796293 未中奖
2026/05/28 23:00:10.796293 未中奖
2026/05/28 23:00:10.796293 未中奖
2026/05/28 23:00:10.796293 未中奖
2026/05/28 23:00:10.796293 未中奖
2026/05/28 23:00:10.796293 未中奖
2026/05/28 23:00:10.796293 奖品已发完
2026/05/28 23:00:10.796293 未中奖
2026/05/28 23:00:10.796293 未中奖
2026/05/28 23:00:10.796293 未中奖
2026/05/28 23:00:10.796293 未中奖
2026/05/28 23:00:10.796293 未中奖
2026/05/28 23:00:10.796293 奖品已发完
2026/05/28 23:00:10.796293 未中奖
2026/05/28 23:00:10.796293 未中奖
2026/05/28 23:00:10.796293 未中奖
2026/05/28 23:00:10.796293 未中奖
2026/05/28 23:00:10.796293 未中奖
2026/05/28 23:00:10.796293 未中奖
2026/05/28 23:00:10.796293 奖品已发完
2026/05/28 23:00:10.796293 未中奖
2026/05/28 23:00:10.796293 未中奖
2026/05/28 23:00:10.796293 未中奖
2026/05/28 23:00:10.796293 未中奖
2026/05/28 23:00:10.796293 未中奖
2026/05/28 23:00:10.796293 未中奖
2026/05/28 23:00:10.796293 未中奖
2026/05/28 23:00:10.796293 奖品已发完
2026/05/28 23:00:10.796293 未中奖
2026/05/28 23:00:10.796293 未中奖
2026/05/28 23:00:10.796293 未中奖
2026/05/28 23:00:10.796293 未中奖
2026/05/28 23:00:10.796293 未中奖
2026/05/28 23:00:10.796293 未中奖
2026/05/28 23:00:10.796293 未中奖
2026/05/28 23:00:10.796293 未中奖
2026/05/28 23:00:10.796293 未中奖
2026/05/28 23:00:10.796293 未中奖
2026/05/28 23:00:10.796293 未中奖
2026/05/28 23:00:10.796293 未中奖
2026/05/28 23:00:10.796293 未中奖
2026/05/28 23:00:10.796293 未中奖
2026/05/28 23:00:10.796293 未中奖
2026/05/28 23:00:10.796293 未中奖
2026/05/28 23:00:10.796293 未中奖
2026/05/28 23:00:10.796293 未中奖
2026/05/28 23:00:10.796293 未中奖
2026/05/28 23:00:10.796293 未中奖
2026/05/28 23:00:10.796293 未中奖
2026/05/28 23:00:10.796293 未中奖
2026/05/28 23:00:10.796293 未中奖
2026/05/28 23:00:10.796293 未中奖
2026/05/28 23:00:10.796293 未中奖
2026/05/28 23:00:10.796293 未中奖
2026/05/28 23:00:10.796293 未中奖
2026/05/28 23:00:10.796293 未中奖
2026/05/28 23:00:10.796293 未中奖
2026/05/28 23:00:10.796293 未中奖
2026/05/28 23:00:10.796293 未中奖
2026/05/28 23:00:10.796293 未中奖
2026/05/28 23:00:10.796293 未中奖
2026/05/28 23:00:10.796293 未中奖
2026/05/28 23:00:10.796293 未中奖
2026/05/28 23:00:10.797300 未中奖
2026/05/28 23:00:10.797300 未中奖
2026/05/28 23:00:10.797300 未中奖
2026/05/28 23:00:10.797300 未中奖
2026/05/28 23:00:10.797300 未中奖
2026/05/28 23:00:10.797300 奖品已发完
2026/05/28 23:00:10.797300 奖品已发完
2026/05/28 23:00:10.797300 未中奖
2026/05/28 23:00:10.797300 未中奖
2026/05/28 23:00:10.797300 未中奖
2026/05/28 23:00:10.797300 未中奖
2026/05/28 23:00:10.797300 未中奖
2026/05/28 23:00:10.797300 未中奖
2026/05/28 23:00:10.797300 奖品已发完
2026/05/28 23:00:10.797300 未中奖
2026/05/28 23:00:10.797300 未中奖
2026/05/28 23:00:10.797300 未中奖
2026/05/28 23:00:10.797300 未中奖
2026/05/28 23:00:10.797300 未中奖
2026/05/28 23:00:10.797300 未中奖
2026/05/28 23:00:10.797300 奖品已发完
2026/05/28 23:00:10.797300 未中奖
2026/05/28 23:00:10.797300 未中奖
2026/05/28 23:00:10.797300 未中奖
2026/05/28 23:00:10.797300 未中奖
2026/05/28 23:00:10.797300 未中奖
2026/05/28 23:00:10.797300 未中奖
2026/05/28 23:00:10.797300 奖品已发完
2026/05/28 23:00:10.797300 未中奖
2026/05/28 23:00:10.797300 未中奖
2026/05/28 23:00:10.797300 未中奖
2026/05/28 23:00:10.797300 未中奖
2026/05/28 23:00:10.797300 未中奖
2026/05/28 23:00:10.797300 未中奖
2026/05/28 23:00:10.797300 未中奖
2026/05/28 23:00:10.797300 未中奖
2026/05/28 23:00:10.797300 未中奖
2026/05/28 23:00:10.797300 未中奖
2026/05/28 23:00:10.797300 未中奖
2026/05/28 23:00:10.797300 未中奖
2026/05/28 23:00:10.797300 未中奖
2026/05/28 23:00:10.797300 未中奖
2026/05/28 23:00:10.797300 未中奖
2026/05/28 23:00:10.797300 未中奖
2026/05/28 23:00:10.797300 未中奖
2026/05/28 23:00:10.797300 未中奖
2026/05/28 23:00:10.797300 未中奖
2026/05/28 23:00:10.797300 未中奖
2026/05/28 23:00:10.797300 未中奖
2026/05/28 23:00:10.797300 奖品已发完
2026/05/28 23:00:10.797300 未中奖
2026/05/28 23:00:10.797300 未中奖
2026/05/28 23:00:10.797300 未中奖
2026/05/28 23:00:10.797300 未中奖
2026/05/28 23:00:10.797300 未中奖
2026/05/28 23:00:10.797300 未中奖
2026/05/28 23:00:10.797300 未中奖
2026/05/28 23:00:10.797300 奖品已发完
2026/05/28 23:00:10.797300 未中奖
2026/05/28 23:00:10.797300 未中奖
2026/05/28 23:00:10.797300 奖品已发完
2026/05/28 23:00:10.797300 未中奖
2026/05/28 23:00:10.797300 未中奖
2026/05/28 23:00:10.797300 未中奖
2026/05/28 23:00:10.797300 奖品已发完
2026/05/28 23:00:10.797300 未中奖
2026/05/28 23:00:10.797300 未中奖
2026/05/28 23:00:10.797300 未中奖
2026/05/28 23:00:10.797300 未中奖
2026/05/28 23:00:10.797300 未中奖
2026/05/28 23:00:10.797300 奖品已发完
2026/05/28 23:00:10.797300 未中奖
2026/05/28 23:00:10.797300 未中奖
2026/05/28 23:00:10.797300 未中奖
2026/05/28 23:00:10.797300 未中奖
2026/05/28 23:00:10.797300 未中奖
2026/05/28 23:00:10.797300 未中奖
2026/05/28 23:00:10.797300 未中奖
2026/05/28 23:00:10.797300 未中奖
2026/05/28 23:00:10.797300 未中奖
2026/05/28 23:00:10.797300 奖品已发完
2026/05/28 23:00:10.797300 未中奖
2026/05/28 23:00:10.797300 未中奖
2026/05/28 23:00:10.797300 未中奖
2026/05/28 23:00:10.797300 奖品已发完
2026/05/28 23:00:10.797300 未中奖
2026/05/28 23:00:10.797300 奖品已发完
2026/05/28 23:00:10.797300 未中奖
2026/05/28 23:00:10.797300 未中奖
2026/05/28 23:00:10.797300 未中奖
2026/05/28 23:00:10.797300 未中奖
2026/05/28 23:00:10.797300 未中奖
2026/05/28 23:00:10.797300 未中奖
2026/05/28 23:00:10.797300 奖品已发完
2026/05/28 23:00:10.797300 奖品已发完
2026/05/28 23:00:10.797300 未中奖
2026/05/28 23:00:10.797300 未中奖
2026/05/28 23:00:10.797300 未中奖
2026/05/28 23:00:10.797300 未中奖
2026/05/28 23:00:10.797300 未中奖
2026/05/28 23:00:10.797300 未中奖
2026/05/28 23:00:10.797300 未中奖
2026/05/28 23:00:10.797300 奖品已发完
2026/05/28 23:00:10.797300 奖品已发完
2026/05/28 23:00:10.797300 未中奖
2026/05/28 23:00:10.797300 未中奖
2026/05/28 23:00:10.797300 未中奖
2026/05/28 23:00:10.797300 未中奖
2026/05/28 23:00:10.797300 未中奖
2026/05/28 23:00:10.797300 未中奖
2026/05/28 23:00:10.797300 未中奖
2026/05/28 23:00:10.797300 未中奖
2026/05/28 23:00:10.797300 未中奖
2026/05/28 23:00:10.797300 未中奖
2026/05/28 23:00:10.797300 未中奖
2026/05/28 23:00:10.797300 未中奖
2026/05/28 23:00:10.797300 未中奖
2026/05/28 23:00:10.797300 未中奖
2026/05/28 23:00:10.797300 未中奖
2026/05/28 23:00:10.797300 奖品已发完
2026/05/28 23:00:10.797300 未中奖
2026/05/28 23:00:10.797300 未中奖
2026/05/28 23:00:10.797300 未中奖
2026/05/28 23:00:10.797300 未中奖
2026/05/28 23:00:10.797300 未中奖
2026/05/28 23:00:10.797300 未中奖
2026/05/28 23:00:10.797300 未中奖
2026/05/28 23:00:10.797300 未中奖
2026/05/28 23:00:10.797300 未中奖
2026/05/28 23:00:10.797300 未中奖
2026/05/28 23:00:10.797300 奖品已发完
2026/05/28 23:00:10.797300 未中奖
2026/05/28 23:00:10.797300 未中奖
2026/05/28 23:00:10.797300 奖品已发完
2026/05/28 23:00:10.797300 未中奖
2026/05/28 23:00:10.797300 未中奖
2026/05/28 23:00:10.797300 未中奖
2026/05/28 23:00:10.797300 未中奖
2026/05/28 23:00:10.797300 未中奖
2026/05/28 23:00:10.797300 未中奖
2026/05/28 23:00:10.797300 未中奖
2026/05/28 23:00:10.797300 未中奖
2026/05/28 23:00:10.797300 未中奖
2026/05/28 23:00:10.797300 未中奖
2026/05/28 23:00:10.797300 未中奖
2026/05/28 23:00:10.797300 未中奖
2026/05/28 23:00:10.797300 奖品已发完
2026/05/28 23:00:10.797300 未中奖
2026/05/28 23:00:10.797300 奖品已发完
2026/05/28 23:00:10.797300 奖品已发完
2026/05/28 23:00:10.797300 未中奖
2026/05/28 23:00:10.797300 未中奖
2026/05/28 23:00:10.797300 未中奖
2026/05/28 23:00:10.797300 未中奖
2026/05/28 23:00:10.797300 奖品已发完
2026/05/28 23:00:10.797300 未中奖
2026/05/28 23:00:10.797300 未中奖
2026/05/28 23:00:10.797300 未中奖
2026/05/28 23:00:10.797300 未中奖
2026/05/28 23:00:10.797300 未中奖
2026/05/28 23:00:10.797300 未中奖
2026/05/28 23:00:10.797300 未中奖
2026/05/28 23:00:10.797300 未中奖
2026/05/28 23:00:10.797300 未中奖
2026/05/28 23:00:10.797300 未中奖
2026/05/28 23:00:10.797300 未中奖
2026/05/28 23:00:10.797300 未中奖
2026/05/28 23:00:10.797300 未中奖
2026/05/28 23:00:10.797300 未中奖
2026/05/28 23:00:10.797300 未中奖
2026/05/28 23:00:10.797300 未中奖
2026/05/28 23:00:10.797300 未中奖
2026/05/28 23:00:10.797300 未中奖
2026/05/28 23:00:10.797300 未中奖
2026/05/28 23:00:10.797300 奖品已发完
2026/05/28 23:00:10.797300 未中奖
2026/05/28 23:00:10.797300 未中奖
2026/05/28 23:00:10.797300 未中奖
2026/05/28 23:00:10.797300 未中奖
2026/05/28 23:00:10.797300 未中奖
2026/05/28 23:00:10.797300 奖品已发完
2026/05/28 23:00:10.797300 未中奖
2026/05/28 23:00:10.797300 未中奖
2026/05/28 23:00:10.797300 未中奖
2026/05/28 23:00:10.797300 未中奖
2026/05/28 23:00:10.797300 奖品已发完
2026/05/28 23:00:10.797300 未中奖
2026/05/28 23:00:10.797300 奖品已发完
2026/05/28 23:00:10.797300 未中奖
2026/05/28 23:00:10.797300 未中奖
2026/05/28 23:00:10.797300 未中奖
2026/05/28 23:00:10.797300 未中奖
2026/05/28 23:00:10.797300 未中奖
2026/05/28 23:00:10.797300 未中奖
2026/05/28 23:00:10.797300 未中奖
2026/05/28 23:00:10.797300 未中奖
2026/05/28 23:00:10.797300 未中奖
2026/05/28 23:00:10.797300 奖品已发完
2026/05/28 23:00:10.797300 未中奖
2026/05/28 23:00:10.797300 未中奖
2026/05/28 23:00:10.797300 未中奖
2026/05/28 23:00:10.797300 未中奖
2026/05/28 23:00:10.797300 未中奖
2026/05/28 23:00:10.797300 未中奖
2026/05/28 23:00:10.797300 未中奖
2026/05/28 23:00:10.797300 未中奖
2026/05/28 23:00:10.797300 未中奖
2026/05/28 23:00:10.797300 未中奖
2026/05/28 23:00:10.797300 未中奖
2026/05/28 23:00:10.797300 未中奖
2026/05/28 23:00:10.797300 未中奖
2026/05/28 23:00:10.797300 未中奖
2026/05/28 23:00:10.797300 未中奖
2026/05/28 23:00:10.797300 未中奖
2026/05/28 23:00:10.797300 未中奖
2026/05/28 23:00:10.797300 未中奖
2026/05/28 23:00:10.797300 奖品已发完
2026/05/28 23:00:10.797300 未中奖
2026/05/28 23:00:10.797300 未中奖
2026/05/28 23:00:10.798806 奖品已发完
2026/05/28 23:00:10.798806 未中奖
2026/05/28 23:00:10.798806 未中奖
2026/05/28 23:00:10.798806 未中奖
2026/05/28 23:00:10.798806 未中奖
2026/05/28 23:00:10.798806 未中奖
2026/05/28 23:00:10.798806 未中奖
2026/05/28 23:00:10.798806 未中奖
2026/05/28 23:00:10.798806 未中奖
2026/05/28 23:00:10.798806 未中奖
2026/05/28 23:00:10.798806 未中奖
2026/05/28 23:00:10.798806 未中奖
2026/05/28 23:00:10.798806 未中奖
2026/05/28 23:00:10.798806 未中奖
2026/05/28 23:00:10.798806 未中奖
2026/05/28 23:00:10.798806 未中奖
2026/05/28 23:00:10.798806 未中奖
2026/05/28 23:00:10.798806 奖品已发完
2026/05/28 23:00:10.798806 未中奖
2026/05/28 23:00:10.798806 奖品已发完
2026/05/28 23:00:10.798806 未中奖
2026/05/28 23:00:10.798806 未中奖
2026/05/28 23:00:10.798806 未中奖
2026/05/28 23:00:10.798806 未中奖
2026/05/28 23:00:10.798806 未中奖
2026/05/28 23:00:10.798806 未中奖
2026/05/28 23:00:10.798806 未中奖
2026/05/28 23:00:10.798806 未中奖
2026/05/28 23:00:10.798806 未中奖
2026/05/28 23:00:10.798806 未中奖
2026/05/28 23:00:10.798806 未中奖
2026/05/28 23:00:10.798806 未中奖
2026/05/28 23:00:10.798806 未中奖
2026/05/28 23:00:10.798806 未中奖
2026/05/28 23:00:10.798806 未中奖
2026/05/28 23:00:10.798806 未中奖
2026/05/28 23:00:10.798806 未中奖
2026/05/28 23:00:10.798806 奖品已发完
2026/05/28 23:00:10.798806 未中奖
2026/05/28 23:00:10.798806 未中奖
2026/05/28 23:00:10.798806 未中奖
2026/05/28 23:00:10.798806 未中奖
2026/05/28 23:00:10.798806 奖品已发完
2026/05/28 23:00:10.798806 未中奖
2026/05/28 23:00:10.798806 未中奖
2026/05/28 23:00:10.798806 未中奖
2026/05/28 23:00:10.798806 未中奖
2026/05/28 23:00:10.798806 未中奖
2026/05/28 23:00:10.798806 未中奖
2026/05/28 23:00:10.798806 未中奖
2026/05/28 23:00:10.798806 未中奖
2026/05/28 23:00:10.798806 未中奖
2026/05/28 23:00:10.798806 未中奖
2026/05/28 23:00:10.798806 未中奖
2026/05/28 23:00:10.798806 未中奖
2026/05/28 23:00:10.798806 未中奖
2026/05/28 23:00:10.798806 未中奖
2026/05/28 23:00:10.798806 未中奖
2026/05/28 23:00:10.798806 未中奖
2026/05/28 23:00:10.798806 未中奖
2026/05/28 23:00:10.798806 奖品已发完
2026/05/28 23:00:10.798806 未中奖
2026/05/28 23:00:10.798806 奖品已发完
2026/05/28 23:00:10.798806 未中奖
2026/05/28 23:00:10.798806 奖品已发完
2026/05/28 23:00:10.798806 未中奖
2026/05/28 23:00:10.798806 未中奖
2026/05/28 23:00:10.798806 未中奖
2026/05/28 23:00:10.798806 未中奖
2026/05/28 23:00:10.798806 奖品已发完
2026/05/28 23:00:10.798806 未中奖
2026/05/28 23:00:10.798806 未中奖
2026/05/28 23:00:10.798806 未中奖
2026/05/28 23:00:10.798806 未中奖
2026/05/28 23:00:10.798806 未中奖
2026/05/28 23:00:10.798806 未中奖
2026/05/28 23:00:10.798806 未中奖
2026/05/28 23:00:10.798806 奖品已发完
2026/05/28 23:00:10.798806 未中奖
2026/05/28 23:00:10.798806 未中奖
2026/05/28 23:00:10.798806 奖品已发完
2026/05/28 23:00:10.798806 未中奖
2026/05/28 23:00:10.798806 奖品已发完
2026/05/28 23:00:10.798806 未中奖
2026/05/28 23:00:10.798806 未中奖
2026/05/28 23:00:10.798806 未中奖
2026/05/28 23:00:10.798806 未中奖
2026/05/28 23:00:10.798806 未中奖
2026/05/28 23:00:10.798806 奖品已发完
2026/05/28 23:00:10.798806 奖品已发完
2026/05/28 23:00:10.798806 未中奖
2026/05/28 23:00:10.798806 未中奖
2026/05/28 23:00:10.798806 未中奖
2026/05/28 23:00:10.798806 奖品已发完
2026/05/28 23:00:10.799821 未中奖
2026/05/28 23:00:10.799821 未中奖
2026/05/28 23:00:10.799821 未中奖
2026/05/28 23:00:10.799821 未中奖
2026/05/28 23:00:10.799821 未中奖
2026/05/28 23:00:10.799821 奖品已发完
2026/05/28 23:00:10.799821 未中奖
2026/05/28 23:00:10.799821 未中奖
2026/05/28 23:00:10.799821 未中奖
2026/05/28 23:00:10.799821 未中奖
2026/05/28 23:00:10.799821 未中奖
2026/05/28 23:00:10.799821 未中奖
2026/05/28 23:00:10.799821 未中奖
2026/05/28 23:00:10.799821 未中奖
2026/05/28 23:00:10.799821 未中奖
2026/05/28 23:00:10.799821 未中奖
2026/05/28 23:00:10.799821 未中奖
2026/05/28 23:00:10.799821 未中奖
2026/05/28 23:00:10.799821 奖品已发完
2026/05/28 23:00:10.799821 奖品已发完
2026/05/28 23:00:10.799821 未中奖
2026/05/28 23:00:10.799821 未中奖
2026/05/28 23:00:10.799821 未中奖
2026/05/28 23:00:10.799821 未中奖
2026/05/28 23:00:10.799821 未中奖
2026/05/28 23:00:10.799821 未中奖
2026/05/28 23:00:10.799821 未中奖
2026/05/28 23:00:10.799821 未中奖
2026/05/28 23:00:10.799821 未中奖
2026/05/28 23:00:10.799821 未中奖
2026/05/28 23:00:10.799821 未中奖
2026/05/28 23:00:10.799821 未中奖
2026/05/28 23:00:10.799821 未中奖
2026/05/28 23:00:10.799821 未中奖
2026/05/28 23:00:10.799821 未中奖
2026/05/28 23:00:10.799821 奖品已发完
2026/05/28 23:00:10.799821 未中奖
2026/05/28 23:00:10.799821 未中奖
2026/05/28 23:00:10.799821 未中奖
2026/05/28 23:00:10.799821 未中奖
2026/05/28 23:00:10.799821 未中奖
2026/05/28 23:00:10.799821 未中奖
2026/05/28 23:00:10.799821 未中奖
2026/05/28 23:00:10.799821 未中奖
2026/05/28 23:00:10.799821 奖品已发完
2026/05/28 23:00:10.799821 未中奖
2026/05/28 23:00:10.799821 未中奖
2026/05/28 23:00:10.799821 未中奖
2026/05/28 23:00:10.799821 未中奖
2026/05/28 23:00:10.799821 未中奖
2026/05/28 23:00:10.799821 未中奖
2026/05/28 23:00:10.799821 未中奖
2026/05/28 23:00:10.799821 未中奖
2026/05/28 23:00:10.799821 未中奖
2026/05/28 23:00:10.799821 未中奖
2026/05/28 23:00:10.799821 未中奖
2026/05/28 23:00:10.799821 奖品已发完
2026/05/28 23:00:10.799821 未中奖
2026/05/28 23:00:10.799821 未中奖
2026/05/28 23:00:10.799821 未中奖
2026/05/28 23:00:10.799821 未中奖
2026/05/28 23:00:10.799821 未中奖
2026/05/28 23:00:10.799821 奖品已发完
2026/05/28 23:00:10.799821 未中奖
2026/05/28 23:00:10.799821 奖品已发完
2026/05/28 23:00:10.799821 奖品已发完
2026/05/28 23:00:10.799821 未中奖
2026/05/28 23:00:10.799821 未中奖
2026/05/28 23:00:10.799821 未中奖
2026/05/28 23:00:10.799821 未中奖
2026/05/28 23:00:10.799821 未中奖
2026/05/28 23:00:10.801130 未中奖
2026/05/28 23:00:10.801130 奖品已发完
2026/05/28 23:00:10.801130 未中奖
2026/05/28 23:00:10.801130 未中奖
2026/05/28 23:00:10.801130 奖品已发完
2026/05/28 23:00:10.801130 未中奖
2026/05/28 23:00:10.801130 未中奖
2026/05/28 23:00:10.801130 未中奖
2026/05/28 23:00:10.801130 未中奖
2026/05/28 23:00:10.801130 未中奖
2026/05/28 23:00:10.801130 未中奖
2026/05/28 23:00:10.801130 未中奖
2026/05/28 23:00:10.801130 未中奖
2026/05/28 23:00:10.801130 未中奖
2026/05/28 23:00:10.801130 奖品已发完
2026/05/28 23:00:10.801130 未中奖
2026/05/28 23:00:10.801130 未中奖
2026/05/28 23:00:10.801130 未中奖
2026/05/28 23:00:10.801130 未中奖
2026/05/28 23:00:10.801130 未中奖
2026/05/28 23:00:10.801130 未中奖
2026/05/28 23:00:10.801130 未中奖
2026/05/28 23:00:10.801130 奖品已发完
2026/05/28 23:00:10.801130 未中奖
2026/05/28 23:00:10.801130 未中奖
2026/05/28 23:00:10.801130 未中奖
2026/05/28 23:00:10.801130 未中奖
2026/05/28 23:00:10.801130 未中奖
2026/05/28 23:00:10.801130 未中奖
2026/05/28 23:00:10.801130 未中奖
2026/05/28 23:00:10.801130 未中奖
2026/05/28 23:00:10.801130 未中奖
2026/05/28 23:00:10.801130 未中奖
2026/05/28 23:00:10.801130 未中奖
2026/05/28 23:00:10.801130 未中奖
2026/05/28 23:00:10.801130 奖品已发完
2026/05/28 23:00:10.801130 未中奖
2026/05/28 23:00:10.801130 未中奖
2026/05/28 23:00:10.801130 未中奖
2026/05/28 23:00:10.801130 未中奖
2026/05/28 23:00:10.801130 奖品已发完
2026/05/28 23:00:10.801130 未中奖
2026/05/28 23:00:10.801130 未中奖
2026/05/28 23:00:10.801130 未中奖
2026/05/28 23:00:10.801130 未中奖
2026/05/28 23:00:10.801130 奖品已发完
2026/05/28 23:00:10.801130 未中奖
2026/05/28 23:00:10.801130 未中奖
2026/05/28 23:00:10.801130 奖品已发完
2026/05/28 23:00:10.801130 未中奖
2026/05/28 23:00:10.801130 未中奖
2026/05/28 23:00:10.801130 未中奖
2026/05/28 23:00:10.801130 未中奖
2026/05/28 23:00:10.801130 未中奖
2026/05/28 23:00:10.801130 奖品已发完
2026/05/28 23:00:10.801130 未中奖
2026/05/28 23:00:10.801130 未中奖
2026/05/28 23:00:10.801130 未中奖
2026/05/28 23:00:10.801130 奖品已发完
2026/05/28 23:00:10.801130 未中奖
2026/05/28 23:00:10.801130 未中奖
2026/05/28 23:00:10.801130 未中奖
2026/05/28 23:00:10.801130 未中奖
2026/05/28 23:00:10.801130 未中奖
2026/05/28 23:00:10.801130 未中奖
2026/05/28 23:00:10.801130 未中奖
2026/05/28 23:00:10.801130 未中奖
2026/05/28 23:00:10.801130 未中奖
2026/05/28 23:00:10.801130 未中奖
2026/05/28 23:00:10.801130 未中奖
2026/05/28 23:00:10.801130 奖品已发完
2026/05/28 23:00:10.801130 未中奖
2026/05/28 23:00:10.801130 奖品已发完
2026/05/28 23:00:10.801130 未中奖
2026/05/28 23:00:10.801130 未中奖
2026/05/28 23:00:10.801130 未中奖
2026/05/28 23:00:10.801130 未中奖
2026/05/28 23:00:10.801130 未中奖
2026/05/28 23:00:10.801130 未中奖
2026/05/28 23:00:10.801130 未中奖
2026/05/28 23:00:10.801130 奖品已发完
2026/05/28 23:00:10.801130 未中奖
2026/05/28 23:00:10.801130 奖品已发完
2026/05/28 23:00:10.801130 未中奖
2026/05/28 23:00:10.801130 奖品已发完
2026/05/28 23:00:10.801130 未中奖
2026/05/28 23:00:10.801130 未中奖
2026/05/28 23:00:10.801130 未中奖
2026/05/28 23:00:10.801130 未中奖
2026/05/28 23:00:10.801130 未中奖
2026/05/28 23:00:10.801130 未中奖
2026/05/28 23:00:10.801130 未中奖
2026/05/28 23:00:10.801130 未中奖
2026/05/28 23:00:10.801130 未中奖
2026/05/28 23:00:10.801130 奖品已发完
2026/05/28 23:00:10.801130 未中奖
2026/05/28 23:00:10.801130 未中奖
2026/05/28 23:00:10.801130 未中奖
2026/05/28 23:00:10.801130 未中奖
2026/05/28 23:00:10.801130 未中奖
2026/05/28 23:00:10.801130 未中奖
2026/05/28 23:00:10.801130 未中奖
2026/05/28 23:00:10.801130 未中奖
2026/05/28 23:00:10.801130 未中奖
2026/05/28 23:00:10.801130 未中奖
2026/05/28 23:00:10.801130 未中奖
2026/05/28 23:00:10.801130 未中奖
2026/05/28 23:00:10.801130 未中奖
2026/05/28 23:00:10.801130 未中奖
2026/05/28 23:00:10.801130 未中奖
2026/05/28 23:00:10.801130 未中奖
2026/05/28 23:00:10.801130 未中奖
2026/05/28 23:00:10.801130 未中奖
2026/05/28 23:00:10.801130 未中奖
2026/05/28 23:00:10.801130 未中奖
2026/05/28 23:00:10.801130 未中奖
2026/05/28 23:00:10.801130 未中奖
2026/05/28 23:00:10.801130 奖品已发完
2026/05/28 23:00:10.801130 未中奖
2026/05/28 23:00:10.801130 未中奖
2026/05/28 23:00:10.801130 未中奖
2026/05/28 23:00:10.801130 未中奖
2026/05/28 23:00:10.801130 未中奖
2026/05/28 23:00:10.801130 未中奖
2026/05/28 23:00:10.801130 未中奖
2026/05/28 23:00:10.801130 未中奖
2026/05/28 23:00:10.801130 未中奖
2026/05/28 23:00:10.801130 未中奖
2026/05/28 23:00:10.801130 未中奖
2026/05/28 23:00:10.801130 未中奖
2026/05/28 23:00:10.801130 未中奖
2026/05/28 23:00:10.801130 未中奖
2026/05/28 23:00:10.801130 未中奖
2026/05/28 23:00:10.801130 未中奖
2026/05/28 23:00:10.801130 未中奖
2026/05/28 23:00:10.801130 未中奖
2026/05/28 23:00:10.801130 未中奖
2026/05/28 23:00:10.801130 奖品已发完
2026/05/28 23:00:10.801130 未中奖
2026/05/28 23:00:10.801130 未中奖
2026/05/28 23:00:10.801130 未中奖
2026/05/28 23:00:10.801130 未中奖
2026/05/28 23:00:10.802138 未中奖
2026/05/28 23:00:10.802138 未中奖
2026/05/28 23:00:10.802138 未中奖
2026/05/28 23:00:10.802138 未中奖
2026/05/28 23:00:10.802138 未中奖
2026/05/28 23:00:10.802138 未中奖
2026/05/28 23:00:10.802138 未中奖
2026/05/28 23:00:10.802138 未中奖
2026/05/28 23:00:10.802138 未中奖
2026/05/28 23:00:10.802138 未中奖
2026/05/28 23:00:10.802138 未中奖
2026/05/28 23:00:10.802138 奖品已发完
2026/05/28 23:00:10.802138 未中奖
2026/05/28 23:00:10.802138 奖品已发完
2026/05/28 23:00:10.802138 未中奖
2026/05/28 23:00:10.802138 未中奖
2026/05/28 23:00:10.802138 未中奖
2026/05/28 23:00:10.802138 未中奖
2026/05/28 23:00:10.802138 未中奖
2026/05/28 23:00:10.802138 未中奖
2026/05/28 23:00:10.802138 未中奖
2026/05/28 23:00:10.802138 未中奖
2026/05/28 23:00:10.802138 未中奖
2026/05/28 23:00:10.802138 未中奖
2026/05/28 23:00:10.802138 未中奖
2026/05/28 23:00:10.802138 未中奖
2026/05/28 23:00:10.802138 未中奖
2026/05/28 23:00:10.802138 未中奖
2026/05/28 23:00:10.802138 奖品已发完
2026/05/28 23:00:10.802138 未中奖
2026/05/28 23:00:10.802138 未中奖
2026/05/28 23:00:10.802138 未中奖
2026/05/28 23:00:10.802138 未中奖
2026/05/28 23:00:10.802138 未中奖
2026/05/28 23:00:10.802138 奖品已发完
2026/05/28 23:00:10.802138 未中奖
2026/05/28 23:00:10.802138 未中奖
2026/05/28 23:00:10.802138 未中奖
2026/05/28 23:00:10.802138 未中奖
2026/05/28 23:00:10.802138 未中奖
2026/05/28 23:00:10.802138 未中奖
2026/05/28 23:00:10.802138 未中奖
2026/05/28 23:00:10.802138 未中奖
2026/05/28 23:00:10.802138 未中奖
2026/05/28 23:00:10.802138 未中奖
2026/05/28 23:00:10.802138 未中奖
2026/05/28 23:00:10.802138 奖品已发完
2026/05/28 23:00:10.802138 未中奖
2026/05/28 23:00:10.802138 未中奖
2026/05/28 23:00:10.802138 未中奖
2026/05/28 23:00:10.802138 未中奖
2026/05/28 23:00:10.802138 未中奖
2026/05/28 23:00:10.802138 未中奖
2026/05/28 23:00:10.802138 未中奖
2026/05/28 23:00:10.802138 未中奖
2026/05/28 23:00:10.802138 未中奖
2026/05/28 23:00:10.802138 未中奖
2026/05/28 23:00:10.802138 未中奖
2026/05/28 23:00:10.802138 未中奖
2026/05/28 23:00:10.802138 未中奖
2026/05/28 23:00:10.802138 未中奖
2026/05/28 23:00:10.802138 未中奖
2026/05/28 23:00:10.802138 未中奖
2026/05/28 23:00:10.802138 未中奖
2026/05/28 23:00:10.802138 未中奖
2026/05/28 23:00:10.802138 未中奖
2026/05/28 23:00:10.802138 未中奖
2026/05/28 23:00:10.802138 未中奖
2026/05/28 23:00:10.802138 未中奖
2026/05/28 23:00:10.802138 未中奖
2026/05/28 23:00:10.802138 未中奖
2026/05/28 23:00:10.802138 未中奖
2026/05/28 23:00:10.802138 未中奖
2026/05/28 23:00:10.802138 奖品已发完
2026/05/28 23:00:10.802138 未中奖
2026/05/28 23:00:10.802138 未中奖
2026/05/28 23:00:10.802138 奖品已发完
2026/05/28 23:00:10.802138 未中奖
2026/05/28 23:00:10.802138 奖品已发完
2026/05/28 23:00:10.802138 未中奖
2026/05/28 23:00:10.802138 未中奖
2026/05/28 23:00:10.802138 未中奖
2026/05/28 23:00:10.802138 未中奖
2026/05/28 23:00:10.802138 奖品已发完
2026/05/28 23:00:10.802138 未中奖
2026/05/28 23:00:10.802138 未中奖
2026/05/28 23:00:10.802138 未中奖
2026/05/28 23:00:10.802138 未中奖
2026/05/28 23:00:10.802138 未中奖
2026/05/28 23:00:10.802138 未中奖
2026/05/28 23:00:10.802138 未中奖
2026/05/28 23:00:10.802138 未中奖
2026/05/28 23:00:10.802138 未中奖
2026/05/28 23:00:10.803138 未中奖
2026/05/28 23:00:10.803138 未中奖
2026/05/28 23:00:10.803138 未中奖
2026/05/28 23:00:10.803138 奖品已发完
2026/05/28 23:00:10.803138 未中奖
2026/05/28 23:00:10.803138 未中奖
2026/05/28 23:00:10.803138 未中奖
2026/05/28 23:00:10.803138 未中奖
2026/05/28 23:00:10.803138 未中奖
2026/05/28 23:00:10.803138 未中奖
2026/05/28 23:00:10.803138 未中奖
2026/05/28 23:00:10.803138 未中奖
2026/05/28 23:00:10.803138 奖品已发完
2026/05/28 23:00:10.803138 未中奖
2026/05/28 23:00:10.803138 未中奖
2026/05/28 23:00:10.803138 奖品已发完
2026/05/28 23:00:10.803138 未中奖
2026/05/28 23:00:10.803138 奖品已发完
2026/05/28 23:00:10.803138 未中奖
2026/05/28 23:00:10.803138 未中奖
2026/05/28 23:00:10.803138 奖品已发完
2026/05/28 23:00:10.803138 奖品已发完
2026/05/28 23:00:10.803138 未中奖
2026/05/28 23:00:10.803138 未中奖
2026/05/28 23:00:10.803138 未中奖
2026/05/28 23:00:10.803138 未中奖
2026/05/28 23:00:10.803138 奖品已发完
2026/05/28 23:00:10.803138 奖品已发完
2026/05/28 23:00:10.803138 未中奖
2026/05/28 23:00:10.803138 未中奖
2026/05/28 23:00:10.803138 未中奖
2026/05/28 23:00:10.803138 未中奖
2026/05/28 23:00:10.803138 未中奖
2026/05/28 23:00:10.803138 奖品已发完
2026/05/28 23:00:10.803138 未中奖
2026/05/28 23:00:10.803138 未中奖
2026/05/28 23:00:10.803138 未中奖
2026/05/28 23:00:10.803138 未中奖
2026/05/28 23:00:10.803138 奖品已发完
2026/05/28 23:00:10.803138 未中奖
2026/05/28 23:00:10.803138 未中奖
2026/05/28 23:00:10.803138 未中奖
2026/05/28 23:00:10.803138 未中奖
2026/05/28 23:00:10.803138 奖品已发完
2026/05/28 23:00:10.803138 奖品已发完
2026/05/28 23:00:10.803138 未中奖
2026/05/28 23:00:10.803138 未中奖
2026/05/28 23:00:10.803138 未中奖
2026/05/28 23:00:10.803138 未中奖
2026/05/28 23:00:10.803138 未中奖
2026/05/28 23:00:10.803138 未中奖
2026/05/28 23:00:10.803138 未中奖
2026/05/28 23:00:10.803138 未中奖
2026/05/28 23:00:10.803138 未中奖
2026/05/28 23:00:10.803138 未中奖
2026/05/28 23:00:10.803138 奖品已发完
2026/05/28 23:00:10.803138 未中奖
2026/05/28 23:00:10.803138 未中奖
2026/05/28 23:00:10.803138 未中奖
2026/05/28 23:00:10.803138 未中奖
2026/05/28 23:00:10.803138 未中奖
2026/05/28 23:00:10.803138 未中奖
2026/05/28 23:00:10.803138 未中奖
2026/05/28 23:00:10.803138 未中奖
2026/05/28 23:00:10.803138 未中奖
2026/05/28 23:00:10.803138 未中奖
2026/05/28 23:00:10.803138 未中奖
2026/05/28 23:00:10.803138 奖品已发完
2026/05/28 23:00:10.803138 未中奖
2026/05/28 23:00:10.803138 未中奖
2026/05/28 23:00:10.803138 未中奖
2026/05/28 23:00:10.803138 未中奖
2026/05/28 23:00:10.803138 未中奖
2026/05/28 23:00:10.803138 未中奖
2026/05/28 23:00:10.803138 未中奖
2026/05/28 23:00:10.803138 未中奖
2026/05/28 23:00:10.803138 未中奖
2026/05/28 23:00:10.803138 未中奖
2026/05/28 23:00:10.803138 未中奖
2026/05/28 23:00:10.803138 未中奖
2026/05/28 23:00:10.803138 奖品已发完
2026/05/28 23:00:10.803138 未中奖
2026/05/28 23:00:10.803138 未中奖
2026/05/28 23:00:10.803138 未中奖
2026/05/28 23:00:10.803138 未中奖
2026/05/28 23:00:10.803138 未中奖
2026/05/28 23:00:10.803138 奖品已发完
2026/05/28 23:00:10.803138 未中奖
2026/05/28 23:00:10.803138 未中奖
2026/05/28 23:00:10.803138 未中奖
2026/05/28 23:00:10.803138 未中奖
2026/05/28 23:00:10.803138 奖品已发完
2026/05/28 23:00:10.803138 未中奖
2026/05/28 23:00:10.803138 未中奖
2026/05/28 23:00:10.803138 未中奖
2026/05/28 23:00:10.803138 未中奖
2026/05/28 23:00:10.803138 未中奖
2026/05/28 23:00:10.803138 未中奖
2026/05/28 23:00:10.803138 未中奖
2026/05/28 23:00:10.803138 未中奖
2026/05/28 23:00:10.803138 未中奖
2026/05/28 23:00:10.803138 未中奖
2026/05/28 23:00:10.803138 未中奖
2026/05/28 23:00:10.803138 未中奖
2026/05/28 23:00:10.803138 未中奖
2026/05/28 23:00:10.803138 未中奖
2026/05/28 23:00:10.803138 未中奖
2026/05/28 23:00:10.803138 未中奖
2026/05/28 23:00:10.803138 未中奖
2026/05/28 23:00:10.803138 未中奖
2026/05/28 23:00:10.803138 奖品已发完
2026/05/28 23:00:10.803138 未中奖
2026/05/28 23:00:10.803138 未中奖
2026/05/28 23:00:10.803138 未中奖
2026/05/28 23:00:10.803138 未中奖
2026/05/28 23:00:10.803138 未中奖
2026/05/28 23:00:10.803138 未中奖
2026/05/28 23:00:10.803138 未中奖
2026/05/28 23:00:10.803138 未中奖
2026/05/28 23:00:10.803138 未中奖
2026/05/28 23:00:10.803138 奖品已发完
2026/05/28 23:00:10.803138 未中奖
2026/05/28 23:00:10.803138 未中奖
2026/05/28 23:00:10.803138 未中奖
2026/05/28 23:00:10.803138 未中奖
2026/05/28 23:00:10.803138 未中奖
2026/05/28 23:00:10.803138 未中奖
2026/05/28 23:00:10.803138 未中奖
2026/05/28 23:00:10.803138 未中奖
2026/05/28 23:00:10.803138 未中奖
2026/05/28 23:00:10.803138 未中奖
2026/05/28 23:00:10.803138 未中奖
2026/05/28 23:00:10.803138 未中奖
2026/05/28 23:00:10.803138 未中奖
2026/05/28 23:00:10.804642 未中奖
2026/05/28 23:00:10.804642 奖品已发完
2026/05/28 23:00:10.804642 未中奖
2026/05/28 23:00:10.804642 未中奖
2026/05/28 23:00:10.804642 未中奖
2026/05/28 23:00:10.804642 未中奖
2026/05/28 23:00:10.804642 未中奖
2026/05/28 23:00:10.804642 未中奖
2026/05/28 23:00:10.804642 未中奖
2026/05/28 23:00:10.804642 未中奖
2026/05/28 23:00:10.804642 未中奖
2026/05/28 23:00:10.804642 未中奖
2026/05/28 23:00:10.804642 未中奖
2026/05/28 23:00:10.804642 未中奖
2026/05/28 23:00:10.804642 未中奖
2026/05/28 23:00:10.804642 未中奖
2026/05/28 23:00:10.804642 未中奖
2026/05/28 23:00:10.804642 奖品已发完
2026/05/28 23:00:10.804642 未中奖
2026/05/28 23:00:10.804642 未中奖
2026/05/28 23:00:10.804642 未中奖
2026/05/28 23:00:10.804642 未中奖
2026/05/28 23:00:10.804642 未中奖
2026/05/28 23:00:10.804642 未中奖
2026/05/28 23:00:10.804642 未中奖
2026/05/28 23:00:10.804642 奖品已发完
2026/05/28 23:00:10.804642 未中奖
2026/05/28 23:00:10.804642 未中奖
2026/05/28 23:00:10.804642 未中奖
2026/05/28 23:00:10.804642 未中奖
2026/05/28 23:00:10.804642 未中奖
2026/05/28 23:00:10.804642 未中奖
2026/05/28 23:00:10.804642 未中奖
2026/05/28 23:00:10.804642 奖品已发完
2026/05/28 23:00:10.804642 未中奖
2026/05/28 23:00:10.804642 奖品已发完
2026/05/28 23:00:10.804642 奖品已发完
2026/05/28 23:00:10.804642 未中奖
2026/05/28 23:00:10.804642 未中奖
2026/05/28 23:00:10.804642 未中奖
2026/05/28 23:00:10.804642 未中奖
2026/05/28 23:00:10.804642 奖品已发完
2026/05/28 23:00:10.804642 未中奖
2026/05/28 23:00:10.804642 未中奖
2026/05/28 23:00:10.804642 未中奖
2026/05/28 23:00:10.804642 未中奖
2026/05/28 23:00:10.804642 未中奖
2026/05/28 23:00:10.804642 未中奖
2026/05/28 23:00:10.804642 未中奖
2026/05/28 23:00:10.804642 未中奖
2026/05/28 23:00:10.804642 未中奖
2026/05/28 23:00:10.804642 未中奖
2026/05/28 23:00:10.804642 未中奖
2026/05/28 23:00:10.804642 未中奖
2026/05/28 23:00:10.804642 未中奖
2026/05/28 23:00:10.804642 奖品已发完
2026/05/28 23:00:10.804642 未中奖
2026/05/28 23:00:10.804642 未中奖
2026/05/28 23:00:10.804642 未中奖
2026/05/28 23:00:10.804642 未中奖
2026/05/28 23:00:10.804642 未中奖
2026/05/28 23:00:10.804642 未中奖
2026/05/28 23:00:10.804642 奖品已发完
2026/05/28 23:00:10.804642 未中奖
2026/05/28 23:00:10.804642 未中奖
2026/05/28 23:00:10.804642 未中奖
2026/05/28 23:00:10.804642 未中奖
2026/05/28 23:00:10.804642 未中奖
2026/05/28 23:00:10.804642 未中奖
2026/05/28 23:00:10.804642 未中奖
2026/05/28 23:00:10.804642 未中奖
2026/05/28 23:00:10.804642 未中奖
2026/05/28 23:00:10.804642 未中奖
2026/05/28 23:00:10.804642 未中奖
2026/05/28 23:00:10.804642 未中奖
2026/05/28 23:00:10.804642 奖品已发完
2026/05/28 23:00:10.804642 未中奖
2026/05/28 23:00:10.804642 未中奖
2026/05/28 23:00:10.804642 未中奖
2026/05/28 23:00:10.804642 未中奖
2026/05/28 23:00:10.804642 未中奖
2026/05/28 23:00:10.804642 奖品已发完
2026/05/28 23:00:10.804642 未中奖
2026/05/28 23:00:10.804642 未中奖
2026/05/28 23:00:10.804642 奖品已发完
2026/05/28 23:00:10.804642 未中奖
2026/05/28 23:00:10.804642 奖品已发完
2026/05/28 23:00:10.804642 未中奖
2026/05/28 23:00:10.804642 未中奖
2026/05/28 23:00:10.804642 未中奖
2026/05/28 23:00:10.804642 未中奖
2026/05/28 23:00:10.804642 未中奖
2026/05/28 23:00:10.804642 未中奖
2026/05/28 23:00:10.804642 未中奖
2026/05/28 23:00:10.804642 未中奖
2026/05/28 23:00:10.804642 未中奖
2026/05/28 23:00:10.805649 未中奖
2026/05/28 23:00:10.805649 未中奖
2026/05/28 23:00:10.805649 未中奖
2026/05/28 23:00:10.805649 未中奖
2026/05/28 23:00:10.805649 未中奖
2026/05/28 23:00:10.805649 未中奖
2026/05/28 23:00:10.805649 未中奖
2026/05/28 23:00:10.805649 未中奖
2026/05/28 23:00:10.805649 未中奖
2026/05/28 23:00:10.805649 未中奖
2026/05/28 23:00:10.805649 未中奖
2026/05/28 23:00:10.805649 未中奖
2026/05/28 23:00:10.805649 未中奖
2026/05/28 23:00:10.805649 未中奖
2026/05/28 23:00:10.805649 未中奖
2026/05/28 23:00:10.805649 未中奖
2026/05/28 23:00:10.805649 奖品已发完
2026/05/28 23:00:10.805649 未中奖
2026/05/28 23:00:10.805649 未中奖
2026/05/28 23:00:10.805649 未中奖
2026/05/28 23:00:10.805649 未中奖
2026/05/28 23:00:10.805649 未中奖
2026/05/28 23:00:10.805649 未中奖
2026/05/28 23:00:10.805649 未中奖
2026/05/28 23:00:10.805649 未中奖
2026/05/28 23:00:10.805649 未中奖
2026/05/28 23:00:10.805649 奖品已发完
2026/05/28 23:00:10.805649 未中奖
2026/05/28 23:00:10.805649 未中奖
2026/05/28 23:00:10.805649 未中奖
2026/05/28 23:00:10.805649 未中奖
2026/05/28 23:00:10.805649 未中奖
2026/05/28 23:00:10.805649 未中奖
2026/05/28 23:00:10.805649 未中奖
2026/05/28 23:00:10.805649 未中奖
2026/05/28 23:00:10.805649 未中奖
2026/05/28 23:00:10.805649 未中奖
2026/05/28 23:00:10.805649 未中奖
2026/05/28 23:00:10.805649 未中奖
2026/05/28 23:00:10.805649 未中奖
2026/05/28 23:00:10.805649 未中奖
2026/05/28 23:00:10.805649 未中奖
2026/05/28 23:00:10.805649 未中奖
2026/05/28 23:00:10.805649 未中奖
2026/05/28 23:00:10.805649 未中奖
2026/05/28 23:00:10.805649 未中奖
2026/05/28 23:00:10.805649 未中奖
2026/05/28 23:00:10.805649 未中奖
2026/05/28 23:00:10.805649 未中奖
2026/05/28 23:00:10.805649 未中奖
2026/05/28 23:00:10.805649 未中奖
2026/05/28 23:00:10.805649 未中奖
2026/05/28 23:00:10.805649 未中奖
2026/05/28 23:00:10.805649 未中奖
2026/05/28 23:00:10.805649 未中奖
2026/05/28 23:00:10.805649 未中奖
2026/05/28 23:00:10.805649 未中奖
2026/05/28 23:00:10.805649 未中奖
2026/05/28 23:00:10.805649 未中奖
2026/05/28 23:00:10.805649 未中奖
2026/05/28 23:00:10.805649 未中奖
2026/05/28 23:00:10.805649 未中奖
2026/05/28 23:00:10.805649 未中奖
2026/05/28 23:00:10.805649 未中奖
2026/05/28 23:00:10.805649 未中奖
2026/05/28 23:00:10.805649 未中奖
2026/05/28 23:00:10.805649 未中奖
2026/05/28 23:00:10.805649 未中奖
2026/05/28 23:00:10.805649 未中奖
2026/05/28 23:00:10.805649 未中奖
2026/05/28 23:00:10.805649 未中奖
2026/05/28 23:00:10.805649 未中奖
2026/05/28 23:00:10.805649 未中奖
2026/05/28 23:00:10.805649 未中奖
2026/05/28 23:00:10.805649 未中奖
2026/05/28 23:00:10.805649 未中奖
2026/05/28 23:00:10.805649 未中奖
2026/05/28 23:00:10.805649 未中奖
2026/05/28 23:00:10.805649 未中奖
2026/05/28 23:00:10.805649 未中奖
2026/05/28 23:00:10.805649 未中奖
2026/05/28 23:00:10.805649 未中奖
2026/05/28 23:00:10.805649 未中奖
2026/05/28 23:00:10.805649 未中奖
2026/05/28 23:00:10.805649 未中奖
2026/05/28 23:00:10.805649 奖品已发完
2026/05/28 23:00:10.805649 未中奖
2026/05/28 23:00:10.805649 未中奖
2026/05/28 23:00:10.805649 未中奖
2026/05/28 23:00:10.805649 未中奖
2026/05/28 23:00:10.805649 未中奖
2026/05/28 23:00:10.805649 未中奖
2026/05/28 23:00:10.805649 未中奖
2026/05/28 23:00:10.805649 未中奖
2026/05/28 23:00:10.806709 未中奖
2026/05/28 23:00:10.806709 未中奖
2026/05/28 23:00:10.806709 未中奖
2026/05/28 23:00:10.806709 未中奖
2026/05/28 23:00:10.806709 未中奖
2026/05/28 23:00:10.806709 未中奖
2026/05/28 23:00:10.806709 未中奖
2026/05/28 23:00:10.806709 未中奖
2026/05/28 23:00:10.806709 未中奖
2026/05/28 23:00:10.806709 未中奖
2026/05/28 23:00:10.806709 未中奖
2026/05/28 23:00:10.806709 未中奖
2026/05/28 23:00:10.806709 未中奖
2026/05/28 23:00:10.806709 未中奖
2026/05/28 23:00:10.806709 未中奖
2026/05/28 23:00:10.806709 未中奖
2026/05/28 23:00:10.806709 奖品已发完
2026/05/28 23:00:10.806709 未中奖
2026/05/28 23:00:10.806709 未中奖
2026/05/28 23:00:10.806709 未中奖
2026/05/28 23:00:10.806709 未中奖
2026/05/28 23:00:10.806709 未中奖
2026/05/28 23:00:10.806709 未中奖
2026/05/28 23:00:10.806709 奖品已发完
2026/05/28 23:00:10.806709 未中奖
2026/05/28 23:00:10.806709 奖品已发完
2026/05/28 23:00:10.806709 未中奖
2026/05/28 23:00:10.806709 未中奖
2026/05/28 23:00:10.806709 未中奖
2026/05/28 23:00:10.806709 奖品已发完
2026/05/28 23:00:10.806709 奖品已发完
2026/05/28 23:00:10.806709 未中奖
2026/05/28 23:00:10.806709 未中奖
2026/05/28 23:00:10.806709 未中奖
2026/05/28 23:00:10.806709 未中奖
2026/05/28 23:00:10.806709 未中奖
2026/05/28 23:00:10.806709 未中奖
2026/05/28 23:00:10.806709 未中奖
2026/05/28 23:00:10.806709 未中奖
2026/05/28 23:00:10.806709 未中奖
2026/05/28 23:00:10.806709 未中奖
2026/05/28 23:00:10.806709 未中奖
2026/05/28 23:00:10.806709 未中奖
2026/05/28 23:00:10.806709 未中奖
2026/05/28 23:00:10.806709 未中奖
2026/05/28 23:00:10.806709 未中奖
2026/05/28 23:00:10.806709 未中奖
2026/05/28 23:00:10.806709 未中奖
2026/05/28 23:00:10.806709 未中奖
2026/05/28 23:00:10.806709 未中奖
2026/05/28 23:00:10.806709 未中奖
2026/05/28 23:00:10.806709 未中奖
2026/05/28 23:00:10.806709 未中奖
2026/05/28 23:00:10.806709 未中奖
2026/05/28 23:00:10.806709 未中奖
2026/05/28 23:00:10.806709 未中奖
2026/05/28 23:00:10.806709 未中奖
2026/05/28 23:00:10.806709 未中奖
2026/05/28 23:00:10.806709 未中奖
2026/05/28 23:00:10.806709 未中奖
2026/05/28 23:00:10.806709 未中奖
2026/05/28 23:00:10.806709 未中奖
2026/05/28 23:00:10.806709 未中奖
2026/05/28 23:00:10.806709 未中奖
2026/05/28 23:00:10.806709 未中奖
2026/05/28 23:00:10.806709 未中奖
2026/05/28 23:00:10.806709 未中奖
2026/05/28 23:00:10.806709 未中奖
2026/05/28 23:00:10.807661 未中奖
2026/05/28 23:00:10.807661 未中奖
2026/05/28 23:00:10.807661 未中奖
2026/05/28 23:00:10.807661 奖品已发完
2026/05/28 23:00:10.807661 未中奖
2026/05/28 23:00:10.807661 未中奖
2026/05/28 23:00:10.807661 奖品已发完
2026/05/28 23:00:10.807661 未中奖
2026/05/28 23:00:10.807661 未中奖
2026/05/28 23:00:10.807661 未中奖
2026/05/28 23:00:10.807661 未中奖
2026/05/28 23:00:10.807661 未中奖
2026/05/28 23:00:10.807661 奖品已发完
2026/05/28 23:00:10.807661 未中奖
2026/05/28 23:00:10.807661 未中奖
2026/05/28 23:00:10.807661 未中奖
2026/05/28 23:00:10.807661 未中奖
2026/05/28 23:00:10.807661 未中奖
2026/05/28 23:00:10.807661 未中奖
2026/05/28 23:00:10.807661 未中奖
2026/05/28 23:00:10.807661 未中奖
2026/05/28 23:00:10.807661 未中奖
2026/05/28 23:00:10.807661 未中奖
2026/05/28 23:00:10.807661 奖品已发完
2026/05/28 23:00:10.807661 未中奖
2026/05/28 23:00:10.807661 未中奖
2026/05/28 23:00:10.807661 未中奖
2026/05/28 23:00:10.807661 奖品已发完
2026/05/28 23:00:10.807661 未中奖
2026/05/28 23:00:10.807661 奖品已发完
2026/05/28 23:00:10.807661 未中奖
2026/05/28 23:00:10.807661 未中奖
2026/05/28 23:00:10.807661 奖品已发完
2026/05/28 23:00:10.807661 奖品已发完
2026/05/28 23:00:10.807661 未中奖
2026/05/28 23:00:10.807661 未中奖
2026/05/28 23:00:10.807661 未中奖
2026/05/28 23:00:10.807661 奖品已发完
2026/05/28 23:00:10.807661 未中奖
2026/05/28 23:00:10.807661 未中奖
2026/05/28 23:00:10.807661 未中奖
2026/05/28 23:00:10.807661 未中奖
2026/05/28 23:00:10.807661 未中奖
2026/05/28 23:00:10.807661 未中奖
2026/05/28 23:00:10.807661 奖品已发完
2026/05/28 23:00:10.807661 未中奖
2026/05/28 23:00:10.807661 未中奖
2026/05/28 23:00:10.807661 未中奖
2026/05/28 23:00:10.807661 未中奖
2026/05/28 23:00:10.807661 未中奖
2026/05/28 23:00:10.807661 未中奖
2026/05/28 23:00:10.807661 未中奖
2026/05/28 23:00:10.807661 未中奖
2026/05/28 23:00:10.807661 未中奖
2026/05/28 23:00:10.807661 未中奖
2026/05/28 23:00:10.807661 未中奖
2026/05/28 23:00:10.807661 未中奖
2026/05/28 23:00:10.807661 未中奖
2026/05/28 23:00:10.807661 未中奖
2026/05/28 23:00:10.807661 未中奖
2026/05/28 23:00:10.807661 奖品已发完
2026/05/28 23:00:10.807661 未中奖
2026/05/28 23:00:10.807661 未中奖
2026/05/28 23:00:10.807661 未中奖
2026/05/28 23:00:10.807661 未中奖
2026/05/28 23:00:10.807661 未中奖
2026/05/28 23:00:10.807661 未中奖
2026/05/28 23:00:10.807661 未中奖
2026/05/28 23:00:10.807661 未中奖
2026/05/28 23:00:10.807661 未中奖
2026/05/28 23:00:10.807661 未中奖
2026/05/28 23:00:10.807661 奖品已发完
2026/05/28 23:00:10.807661 未中奖
2026/05/28 23:00:10.807661 未中奖
2026/05/28 23:00:10.807661 未中奖
2026/05/28 23:00:10.807661 未中奖
2026/05/28 23:00:10.807661 奖品已发完
2026/05/28 23:00:10.807661 未中奖
2026/05/28 23:00:10.809177 未中奖
2026/05/28 23:00:10.809177 未中奖
2026/05/28 23:00:10.809177 奖品已发完
2026/05/28 23:00:10.809177 未中奖
2026/05/28 23:00:10.809177 未中奖
2026/05/28 23:00:10.809177 未中奖
2026/05/28 23:00:10.809177 未中奖
2026/05/28 23:00:10.809177 未中奖
2026/05/28 23:00:10.809177 未中奖
2026/05/28 23:00:10.809177 奖品已发完
2026/05/28 23:00:10.809177 未中奖
2026/05/28 23:00:10.809177 未中奖
2026/05/28 23:00:10.809177 未中奖
2026/05/28 23:00:10.809177 未中奖
2026/05/28 23:00:10.809177 未中奖
2026/05/28 23:00:10.809177 未中奖
2026/05/28 23:00:10.809177 未中奖
2026/05/28 23:00:10.809177 未中奖
2026/05/28 23:00:10.809177 未中奖
2026/05/28 23:00:10.809177 未中奖
2026/05/28 23:00:10.809177 未中奖
2026/05/28 23:00:10.809177 未中奖
2026/05/28 23:00:10.809177 未中奖
2026/05/28 23:00:10.809177 奖品已发完
2026/05/28 23:00:10.809177 未中奖
2026/05/28 23:00:10.809177 未中奖
2026/05/28 23:00:10.809177 奖品已发完
2026/05/28 23:00:10.809177 未中奖
2026/05/28 23:00:10.809177 未中奖
2026/05/28 23:00:10.809177 未中奖
2026/05/28 23:00:10.809177 未中奖
2026/05/28 23:00:10.809177 未中奖
2026/05/28 23:00:10.809177 未中奖
2026/05/28 23:00:10.809177 未中奖
2026/05/28 23:00:10.809177 未中奖
2026/05/28 23:00:10.809177 未中奖
2026/05/28 23:00:10.809177 未中奖
2026/05/28 23:00:10.809177 未中奖
2026/05/28 23:00:10.809177 未中奖
2026/05/28 23:00:10.809177 未中奖
2026/05/28 23:00:10.809177 未中奖
2026/05/28 23:00:10.809177 未中奖
2026/05/28 23:00:10.809177 未中奖
2026/05/28 23:00:10.809177 未中奖
2026/05/28 23:00:10.809177 未中奖
2026/05/28 23:00:10.809177 未中奖
2026/05/28 23:00:10.809177 未中奖
2026/05/28 23:00:10.809177 未中奖
2026/05/28 23:00:10.809177 未中奖
2026/05/28 23:00:10.809177 未中奖
2026/05/28 23:00:10.809177 未中奖
2026/05/28 23:00:10.809177 未中奖
2026/05/28 23:00:10.809177 未中奖
2026/05/28 23:00:10.809177 未中奖
2026/05/28 23:00:10.809177 未中奖
2026/05/28 23:00:10.809177 未中奖
2026/05/28 23:00:10.809177 未中奖
2026/05/28 23:00:10.809177 未中奖
2026/05/28 23:00:10.809177 奖品已发完
2026/05/28 23:00:10.809177 未中奖
2026/05/28 23:00:10.809177 未中奖
2026/05/28 23:00:10.809177 未中奖
2026/05/28 23:00:10.809177 未中奖
2026/05/28 23:00:10.809177 奖品已发完
2026/05/28 23:00:10.809177 未中奖
2026/05/28 23:00:10.809177 奖品已发完
2026/05/28 23:00:10.809177 未中奖
2026/05/28 23:00:10.809177 未中奖
2026/05/28 23:00:10.809177 未中奖
2026/05/28 23:00:10.809177 未中奖
2026/05/28 23:00:10.809177 未中奖
2026/05/28 23:00:10.809177 未中奖
2026/05/28 23:00:10.809177 未中奖
2026/05/28 23:00:10.809177 未中奖
2026/05/28 23:00:10.809177 未中奖
2026/05/28 23:00:10.809177 未中奖
2026/05/28 23:00:10.809177 未中奖
2026/05/28 23:00:10.809177 未中奖
2026/05/28 23:00:10.809177 未中奖
2026/05/28 23:00:10.809177 未中奖
2026/05/28 23:00:10.809177 未中奖
2026/05/28 23:00:10.809177 未中奖
2026/05/28 23:00:10.809177 奖品已发完
2026/05/28 23:00:10.809177 未中奖
2026/05/28 23:00:10.809177 未中奖
2026/05/28 23:00:10.809177 未中奖
2026/05/28 23:00:10.809177 未中奖
2026/05/28 23:00:10.809177 奖品已发完
2026/05/28 23:00:10.809177 未中奖
2026/05/28 23:00:10.809177 未中奖
2026/05/28 23:00:10.809177 未中奖
2026/05/28 23:00:10.809177 未中奖
2026/05/28 23:00:10.809177 未中奖
2026/05/28 23:00:10.809177 未中奖
2026/05/28 23:00:10.809177 未中奖
2026/05/28 23:00:10.809177 未中奖
2026/05/28 23:00:10.809177 奖品已发完
2026/05/28 23:00:10.809177 未中奖
2026/05/28 23:00:10.809177 未中奖
2026/05/28 23:00:10.809177 未中奖
2026/05/28 23:00:10.809177 奖品已发完
2026/05/28 23:00:10.809177 未中奖
2026/05/28 23:00:10.809177 奖品已发完
2026/05/28 23:00:10.809177 未中奖
2026/05/28 23:00:10.809177 未中奖
2026/05/28 23:00:10.809177 未中奖
2026/05/28 23:00:10.809177 未中奖
2026/05/28 23:00:10.809177 未中奖
2026/05/28 23:00:10.809177 未中奖
2026/05/28 23:00:10.809177 未中奖
2026/05/28 23:00:10.809177 未中奖
2026/05/28 23:00:10.809177 未中奖
2026/05/28 23:00:10.809177 未中奖
2026/05/28 23:00:10.810453 未中奖
2026/05/28 23:00:10.810453 未中奖
2026/05/28 23:00:10.810453 未中奖
2026/05/28 23:00:10.810453 未中奖
2026/05/28 23:00:10.810453 未中奖
2026/05/28 23:00:10.810453 奖品已发完
2026/05/28 23:00:10.810453 未中奖
2026/05/28 23:00:10.810453 未中奖
2026/05/28 23:00:10.810453 未中奖
2026/05/28 23:00:10.810453 未中奖
2026/05/28 23:00:10.810453 未中奖
2026/05/28 23:00:10.810453 未中奖
2026/05/28 23:00:10.810453 未中奖
2026/05/28 23:00:10.810453 未中奖
2026/05/28 23:00:10.810453 未中奖
2026/05/28 23:00:10.810453 未中奖
2026/05/28 23:00:10.810453 未中奖
2026/05/28 23:00:10.810453 未中奖
2026/05/28 23:00:10.810453 未中奖
2026/05/28 23:00:10.810453 未中奖
2026/05/28 23:00:10.810453 未中奖
2026/05/28 23:00:10.810453 未中奖
2026/05/28 23:00:10.810453 未中奖
2026/05/28 23:00:10.810453 奖品已发完
2026/05/28 23:00:10.810453 未中奖
2026/05/28 23:00:10.810453 未中奖
2026/05/28 23:00:10.810453 未中奖
2026/05/28 23:00:10.810453 未中奖
2026/05/28 23:00:10.810453 未中奖
2026/05/28 23:00:10.810453 未中奖
2026/05/28 23:00:10.810453 未中奖
2026/05/28 23:00:10.810453 未中奖
2026/05/28 23:00:10.810453 未中奖
2026/05/28 23:00:10.810453 奖品已发完
2026/05/28 23:00:10.810453 未中奖
2026/05/28 23:00:10.810453 未中奖
2026/05/28 23:00:10.810453 未中奖
2026/05/28 23:00:10.810453 未中奖
2026/05/28 23:00:10.810453 未中奖
2026/05/28 23:00:10.810453 未中奖
2026/05/28 23:00:10.810453 未中奖
2026/05/28 23:00:10.810453 未中奖
2026/05/28 23:00:10.810453 未中奖
2026/05/28 23:00:10.810453 未中奖
2026/05/28 23:00:10.810453 奖品已发完
2026/05/28 23:00:10.810453 未中奖
2026/05/28 23:00:10.810453 未中奖
2026/05/28 23:00:10.810453 未中奖
2026/05/28 23:00:10.810453 未中奖
2026/05/28 23:00:10.810453 未中奖
2026/05/28 23:00:10.810453 未中奖
2026/05/28 23:00:10.810453 未中奖
2026/05/28 23:00:10.810453 未中奖
2026/05/28 23:00:10.810453 未中奖
2026/05/28 23:00:10.810453 未中奖
2026/05/28 23:00:10.810453 未中奖
2026/05/28 23:00:10.810453 奖品已发完
2026/05/28 23:00:10.810453 未中奖
2026/05/28 23:00:10.810453 未中奖
2026/05/28 23:00:10.810453 未中奖
2026/05/28 23:00:10.810453 未中奖
2026/05/28 23:00:10.810453 奖品已发完
2026/05/28 23:00:10.810453 未中奖
2026/05/28 23:00:10.810453 奖品已发完
2026/05/28 23:00:10.810453 未中奖
2026/05/28 23:00:10.810453 未中奖
2026/05/28 23:00:10.810453 未中奖
2026/05/28 23:00:10.810453 未中奖
2026/05/28 23:00:10.810453 奖品已发完
2026/05/28 23:00:10.810453 奖品已发完
2026/05/28 23:00:10.810453 奖品已发完
2026/05/28 23:00:10.810453 未中奖
2026/05/28 23:00:10.810453 未中奖
2026/05/28 23:00:10.810453 未中奖
2026/05/28 23:00:10.810453 奖品已发完
2026/05/28 23:00:10.810453 未中奖
2026/05/28 23:00:10.810453 未中奖
2026/05/28 23:00:10.810453 未中奖
2026/05/28 23:00:10.810453 未中奖
2026/05/28 23:00:10.810453 未中奖
2026/05/28 23:00:10.810453 奖品已发完
2026/05/28 23:00:10.810453 未中奖
2026/05/28 23:00:10.810453 未中奖
2026/05/28 23:00:10.810453 未中奖
2026/05/28 23:00:10.810453 未中奖
2026/05/28 23:00:10.810453 奖品已发完
2026/05/28 23:00:10.810453 奖品已发完
2026/05/28 23:00:10.810453 未中奖
2026/05/28 23:00:10.810453 奖品已发完
2026/05/28 23:00:10.810453 未中奖
2026/05/28 23:00:10.810453 未中奖
2026/05/28 23:00:10.810453 未中奖
2026/05/28 23:00:10.810453 未中奖
2026/05/28 23:00:10.810453 未中奖
2026/05/28 23:00:10.810453 未中奖
2026/05/28 23:00:10.810453 未中奖
2026/05/28 23:00:10.810453 未中奖
2026/05/28 23:00:10.811604 未中奖
2026/05/28 23:00:10.811604 未中奖
2026/05/28 23:00:10.811604 未中奖
2026/05/28 23:00:10.811604 未中奖
2026/05/28 23:00:10.811604 未中奖
2026/05/28 23:00:10.811604 未中奖
2026/05/28 23:00:10.811604 未中奖
2026/05/28 23:00:10.811604 奖品已发完
2026/05/28 23:00:10.811604 未中奖
2026/05/28 23:00:10.811604 未中奖
2026/05/28 23:00:10.811604 未中奖
2026/05/28 23:00:10.811604 未中奖
2026/05/28 23:00:10.811604 未中奖
2026/05/28 23:00:10.811604 奖品已发完
2026/05/28 23:00:10.811604 奖品已发完
2026/05/28 23:00:10.811604 未中奖
2026/05/28 23:00:10.811604 未中奖
2026/05/28 23:00:10.811604 未中奖
2026/05/28 23:00:10.811604 未中奖
2026/05/28 23:00:10.811604 未中奖
2026/05/28 23:00:10.811604 未中奖
2026/05/28 23:00:10.811604 未中奖
2026/05/28 23:00:10.811604 未中奖
2026/05/28 23:00:10.811604 奖品已发完
2026/05/28 23:00:10.811604 未中奖
2026/05/28 23:00:10.811604 未中奖
2026/05/28 23:00:10.811604 未中奖
2026/05/28 23:00:10.811604 奖品已发完
2026/05/28 23:00:10.811604 未中奖
2026/05/28 23:00:10.811604 奖品已发完
2026/05/28 23:00:10.811604 未中奖
2026/05/28 23:00:10.811604 奖品已发完
2026/05/28 23:00:10.811604 未中奖
2026/05/28 23:00:10.811604 未中奖
2026/05/28 23:00:10.811604 未中奖
2026/05/28 23:00:10.811604 未中奖
2026/05/28 23:00:10.811604 未中奖
2026/05/28 23:00:10.811604 未中奖
2026/05/28 23:00:10.811604 未中奖
2026/05/28 23:00:10.811604 未中奖
2026/05/28 23:00:10.811604 奖品已发完
2026/05/28 23:00:10.811604 未中奖
2026/05/28 23:00:10.811604 未中奖
2026/05/28 23:00:10.811604 奖品已发完
2026/05/28 23:00:10.811604 未中奖
2026/05/28 23:00:10.811604 未中奖
2026/05/28 23:00:10.811604 未中奖
2026/05/28 23:00:10.811604 未中奖
2026/05/28 23:00:10.811604 未中奖
2026/05/28 23:00:10.811604 未中奖
2026/05/28 23:00:10.811604 奖品已发完
2026/05/28 23:00:10.811604 未中奖
2026/05/28 23:00:10.811604 奖品已发完
2026/05/28 23:00:10.811604 未中奖
2026/05/28 23:00:10.811604 未中奖
2026/05/28 23:00:10.811604 未中奖
2026/05/28 23:00:10.811604 未中奖
2026/05/28 23:00:10.811604 未中奖
2026/05/28 23:00:10.811604 未中奖
2026/05/28 23:00:10.811604 奖品已发完
2026/05/28 23:00:10.811604 奖品已发完
2026/05/28 23:00:10.811604 未中奖
2026/05/28 23:00:10.811604 未中奖
2026/05/28 23:00:10.811604 未中奖
2026/05/28 23:00:10.811604 未中奖
2026/05/28 23:00:10.811604 未中奖
2026/05/28 23:00:10.811604 未中奖
2026/05/28 23:00:10.811604 未中奖
2026/05/28 23:00:10.811604 未中奖
2026/05/28 23:00:10.811604 未中奖
2026/05/28 23:00:10.811604 未中奖
2026/05/28 23:00:10.811604 未中奖
2026/05/28 23:00:10.811604 未中奖
2026/05/28 23:00:10.811604 未中奖
2026/05/28 23:00:10.811604 奖品已发完
2026/05/28 23:00:10.811604 未中奖
2026/05/28 23:00:10.811604 未中奖
2026/05/28 23:00:10.811604 未中奖
2026/05/28 23:00:10.811604 未中奖
2026/05/28 23:00:10.811604 未中奖
2026/05/28 23:00:10.811604 未中奖
2026/05/28 23:00:10.811604 未中奖
2026/05/28 23:00:10.811604 未中奖
2026/05/28 23:00:10.811604 未中奖
2026/05/28 23:00:10.811604 未中奖
2026/05/28 23:00:10.811604 未中奖
2026/05/28 23:00:10.811604 奖品已发完
2026/05/28 23:00:10.811604 未中奖
2026/05/28 23:00:10.811604 未中奖
2026/05/28 23:00:10.811604 未中奖
2026/05/28 23:00:10.811604 未中奖
2026/05/28 23:00:10.811604 未中奖
2026/05/28 23:00:10.811604 未中奖
2026/05/28 23:00:10.811604 未中奖
2026/05/28 23:00:10.811604 未中奖
2026/05/28 23:00:10.811604 未中奖
2026/05/28 23:00:10.811604 未中奖
2026/05/28 23:00:10.811604 未中奖
2026/05/28 23:00:10.811604 未中奖
2026/05/28 23:00:10.811604 未中奖
2026/05/28 23:00:10.811604 未中奖
2026/05/28 23:00:10.811604 奖品已发完
2026/05/28 23:00:10.811604 未中奖
2026/05/28 23:00:10.811604 未中奖
2026/05/28 23:00:10.811604 未中奖
2026/05/28 23:00:10.811604 未中奖
2026/05/28 23:00:10.811604 奖品已发完
2026/05/28 23:00:10.811604 未中奖
2026/05/28 23:00:10.811604 未中奖
2026/05/28 23:00:10.811604 未中奖
2026/05/28 23:00:10.811604 未中奖
2026/05/28 23:00:10.811604 未中奖
2026/05/28 23:00:10.811604 未中奖
2026/05/28 23:00:10.811604 未中奖
2026/05/28 23:00:10.811604 未中奖
2026/05/28 23:00:10.811604 未中奖
2026/05/28 23:00:10.811604 未中奖
2026/05/28 23:00:10.811604 未中奖
2026/05/28 23:00:10.811604 奖品已发完
2026/05/28 23:00:10.811604 未中奖
2026/05/28 23:00:10.811604 未中奖
2026/05/28 23:00:10.811604 未中奖
2026/05/28 23:00:10.811604 未中奖
2026/05/28 23:00:10.811604 未中奖
2026/05/28 23:00:10.811604 未中奖
2026/05/28 23:00:10.811604 未中奖
2026/05/28 23:00:10.812896 奖品已发完
2026/05/28 23:00:10.812896 未中奖
2026/05/28 23:00:10.812896 奖品已发完
2026/05/28 23:00:10.812896 未中奖
2026/05/28 23:00:10.812896 未中奖
2026/05/28 23:00:10.812896 未中奖
2026/05/28 23:00:10.812896 未中奖
2026/05/28 23:00:10.812896 未中奖
2026/05/28 23:00:10.812896 未中奖
2026/05/28 23:00:10.812896 奖品已发完
2026/05/28 23:00:10.812896 未中奖
2026/05/28 23:00:10.812896 未中奖
2026/05/28 23:00:10.812896 未中奖
2026/05/28 23:00:10.812896 未中奖
2026/05/28 23:00:10.812896 奖品已发完
2026/05/28 23:00:10.812896 未中奖
2026/05/28 23:00:10.812896 未中奖
2026/05/28 23:00:10.812896 未中奖
2026/05/28 23:00:10.812896 未中奖
2026/05/28 23:00:10.812896 未中奖
2026/05/28 23:00:10.812896 未中奖
2026/05/28 23:00:10.812896 未中奖
2026/05/28 23:00:10.812896 未中奖
2026/05/28 23:00:10.812896 未中奖
2026/05/28 23:00:10.812896 未中奖
2026/05/28 23:00:10.812896 未中奖
2026/05/28 23:00:10.812896 未中奖
2026/05/28 23:00:10.812896 未中奖
2026/05/28 23:00:10.812896 未中奖
2026/05/28 23:00:10.812896 奖品已发完
2026/05/28 23:00:10.812896 奖品已发完
2026/05/28 23:00:10.812896 未中奖
2026/05/28 23:00:10.812896 未中奖
2026/05/28 23:00:10.812896 未中奖
2026/05/28 23:00:10.812896 未中奖
2026/05/28 23:00:10.812896 未中奖
2026/05/28 23:00:10.812896 奖品已发完
2026/05/28 23:00:10.812896 未中奖
2026/05/28 23:00:10.812896 未中奖
2026/05/28 23:00:10.812896 未中奖
2026/05/28 23:00:10.812896 奖品已发完
2026/05/28 23:00:10.812896 未中奖
2026/05/28 23:00:10.812896 未中奖
2026/05/28 23:00:10.812896 未中奖
2026/05/28 23:00:10.812896 未中奖
2026/05/28 23:00:10.812896 未中奖
2026/05/28 23:00:10.812896 未中奖
2026/05/28 23:00:10.812896 未中奖
2026/05/28 23:00:10.812896 未中奖
2026/05/28 23:00:10.812896 未中奖
2026/05/28 23:00:10.812896 未中奖
2026/05/28 23:00:10.812896 未中奖
2026/05/28 23:00:10.812896 未中奖
2026/05/28 23:00:10.812896 未中奖
2026/05/28 23:00:10.812896 奖品已发完
2026/05/28 23:00:10.812896 未中奖
2026/05/28 23:00:10.812896 未中奖
2026/05/28 23:00:10.812896 未中奖
2026/05/28 23:00:10.812896 未中奖
2026/05/28 23:00:10.812896 未中奖
2026/05/28 23:00:10.812896 未中奖
2026/05/28 23:00:10.812896 奖品已发完
2026/05/28 23:00:10.812896 未中奖
2026/05/28 23:00:10.812896 奖品已发完
2026/05/28 23:00:10.812896 未中奖
2026/05/28 23:00:10.812896 未中奖
2026/05/28 23:00:10.812896 未中奖
2026/05/28 23:00:10.812896 未中奖
2026/05/28 23:00:10.812896 未中奖
2026/05/28 23:00:10.812896 奖品已发完
2026/05/28 23:00:10.812896 奖品已发完
2026/05/28 23:00:10.812896 未中奖
2026/05/28 23:00:10.812896 未中奖
2026/05/28 23:00:10.812896 未中奖
2026/05/28 23:00:10.812896 未中奖
2026/05/28 23:00:10.812896 未中奖
2026/05/28 23:00:10.812896 未中奖
2026/05/28 23:00:10.812896 未中奖
2026/05/28 23:00:10.812896 未中奖
2026/05/28 23:00:10.812896 未中奖
2026/05/28 23:00:10.812896 未中奖
2026/05/28 23:00:10.812896 未中奖
2026/05/28 23:00:10.812896 未中奖
2026/05/28 23:00:10.812896 未中奖
2026/05/28 23:00:10.812896 未中奖
2026/05/28 23:00:10.812896 未中奖
2026/05/28 23:00:10.812896 未中奖
2026/05/28 23:00:10.812896 未中奖
2026/05/28 23:00:10.812896 未中奖
2026/05/28 23:00:10.812896 未中奖
2026/05/28 23:00:10.812896 未中奖
2026/05/28 23:00:10.812896 未中奖
2026/05/28 23:00:10.812896 奖品已发完
2026/05/28 23:00:10.812896 未中奖
2026/05/28 23:00:10.812896 未中奖
2026/05/28 23:00:10.812896 未中奖
2026/05/28 23:00:10.813903 未中奖
2026/05/28 23:00:10.813903 奖品已发完
2026/05/28 23:00:10.813903 未中奖
2026/05/28 23:00:10.813903 未中奖
2026/05/28 23:00:10.813903 未中奖
2026/05/28 23:00:10.813903 未中奖
2026/05/28 23:00:10.813903 奖品已发完
2026/05/28 23:00:10.813903 未中奖
2026/05/28 23:00:10.813903 奖品已发完
2026/05/28 23:00:10.813903 奖品已发完
2026/05/28 23:00:10.813903 未中奖
2026/05/28 23:00:10.813903 未中奖
2026/05/28 23:00:10.813903 未中奖
2026/05/28 23:00:10.813903 未中奖
2026/05/28 23:00:10.813903 未中奖
2026/05/28 23:00:10.813903 未中奖
2026/05/28 23:00:10.813903 未中奖
2026/05/28 23:00:10.813903 未中奖
2026/05/28 23:00:10.813903 未中奖
2026/05/28 23:00:10.813903 未中奖
2026/05/28 23:00:10.813903 未中奖
2026/05/28 23:00:10.813903 未中奖
2026/05/28 23:00:10.813903 未中奖
2026/05/28 23:00:10.813903 未中奖
2026/05/28 23:00:10.813903 奖品已发完
2026/05/28 23:00:10.813903 未中奖
2026/05/28 23:00:10.813903 未中奖
2026/05/28 23:00:10.813903 未中奖
2026/05/28 23:00:10.813903 未中奖
2026/05/28 23:00:10.813903 奖品已发完
2026/05/28 23:00:10.813903 未中奖
2026/05/28 23:00:10.813903 奖品已发完
2026/05/28 23:00:10.813903 未中奖
2026/05/28 23:00:10.813903 未中奖
2026/05/28 23:00:10.813903 未中奖
2026/05/28 23:00:10.813903 未中奖
2026/05/28 23:00:10.813903 未中奖
2026/05/28 23:00:10.813903 未中奖
2026/05/28 23:00:10.813903 未中奖
2026/05/28 23:00:10.813903 未中奖
2026/05/28 23:00:10.813903 未中奖
2026/05/28 23:00:10.813903 未中奖
2026/05/28 23:00:10.813903 未中奖
2026/05/28 23:00:10.813903 未中奖
2026/05/28 23:00:10.813903 未中奖
2026/05/28 23:00:10.813903 未中奖
2026/05/28 23:00:10.813903 奖品已发完
2026/05/28 23:00:10.813903 未中奖
2026/05/28 23:00:10.813903 未中奖
2026/05/28 23:00:10.813903 未中奖
2026/05/28 23:00:10.814407 未中奖
2026/05/28 23:00:10.814407 未中奖
2026/05/28 23:00:10.814407 未中奖
2026/05/28 23:00:10.814407 未中奖
2026/05/28 23:00:10.814407 未中奖
2026/05/28 23:00:10.814407 未中奖
2026/05/28 23:00:10.814407 奖品已发完
2026/05/28 23:00:10.814407 未中奖
2026/05/28 23:00:10.814407 未中奖
2026/05/28 23:00:10.814407 未中奖
2026/05/28 23:00:10.814407 未中奖
2026/05/28 23:00:10.814407 未中奖
2026/05/28 23:00:10.814407 未中奖
2026/05/28 23:00:10.814407 未中奖
2026/05/28 23:00:10.814407 未中奖
2026/05/28 23:00:10.814407 未中奖
2026/05/28 23:00:10.814407 未中奖
2026/05/28 23:00:10.814407 未中奖
2026/05/28 23:00:10.814407 未中奖
2026/05/28 23:00:10.814407 未中奖
2026/05/28 23:00:10.814407 未中奖
2026/05/28 23:00:10.814407 未中奖
2026/05/28 23:00:10.814407 未中奖
2026/05/28 23:00:10.814407 未中奖
2026/05/28 23:00:10.814407 未中奖
2026/05/28 23:00:10.814407 未中奖
2026/05/28 23:00:10.814407 未中奖
2026/05/28 23:00:10.814407 未中奖
2026/05/28 23:00:10.814407 奖品已发完
2026/05/28 23:00:10.814407 未中奖
2026/05/28 23:00:10.814407 未中奖
2026/05/28 23:00:10.814407 未中奖
2026/05/28 23:00:10.814407 未中奖
2026/05/28 23:00:10.814407 未中奖
2026/05/28 23:00:10.814407 奖品已发完
2026/05/28 23:00:10.814407 未中奖
2026/05/28 23:00:10.814407 未中奖
2026/05/28 23:00:10.814407 未中奖
2026/05/28 23:00:10.814407 未中奖
2026/05/28 23:00:10.814407 未中奖
2026/05/28 23:00:10.814407 未中奖
2026/05/28 23:00:10.814407 未中奖
2026/05/28 23:00:10.814407 未中奖
2026/05/28 23:00:10.814407 未中奖
2026/05/28 23:00:10.814407 未中奖
2026/05/28 23:00:10.814407 未中奖
2026/05/28 23:00:10.814916 未中奖
2026/05/28 23:00:10.814916 未中奖
2026/05/28 23:00:10.814916 未中奖
2026/05/28 23:00:10.814916 未中奖
2026/05/28 23:00:10.814916 未中奖
2026/05/28 23:00:10.814916 未中奖
2026/05/28 23:00:10.814916 未中奖
2026/05/28 23:00:10.814916 未中奖
2026/05/28 23:00:10.814916 未中奖
2026/05/28 23:00:10.814916 未中奖
2026/05/28 23:00:10.814916 未中奖
2026/05/28 23:00:10.814916 未中奖
2026/05/28 23:00:10.814916 未中奖
2026/05/28 23:00:10.814916 未中奖
2026/05/28 23:00:10.814916 未中奖
2026/05/28 23:00:10.814916 未中奖
2026/05/28 23:00:10.814916 未中奖
2026/05/28 23:00:10.814916 未中奖
2026/05/28 23:00:10.814916 未中奖
2026/05/28 23:00:10.814916 未中奖
2026/05/28 23:00:10.814916 未中奖
2026/05/28 23:00:10.814916 未中奖
2026/05/28 23:00:10.814916 未中奖
2026/05/28 23:00:10.814916 未中奖
2026/05/28 23:00:10.814916 奖品已发完
2026/05/28 23:00:10.814916 未中奖
2026/05/28 23:00:10.814916 未中奖
2026/05/28 23:00:10.814916 未中奖
2026/05/28 23:00:10.814916 未中奖
2026/05/28 23:00:10.814916 未中奖
2026/05/28 23:00:10.814916 未中奖
2026/05/28 23:00:10.814916 未中奖
2026/05/28 23:00:10.814916 奖品已发完
2026/05/28 23:00:10.814916 未中奖
2026/05/28 23:00:10.814916 未中奖
2026/05/28 23:00:10.814916 未中奖
2026/05/28 23:00:10.814916 奖品已发完
2026/05/28 23:00:10.814916 奖品已发完
2026/05/28 23:00:10.814916 未中奖
2026/05/28 23:00:10.814916 未中奖
2026/05/28 23:00:10.814916 未中奖
2026/05/28 23:00:10.814916 未中奖
2026/05/28 23:00:10.814916 未中奖
2026/05/28 23:00:10.814916 未中奖
2026/05/28 23:00:10.814916 未中奖
2026/05/28 23:00:10.814916 未中奖
2026/05/28 23:00:10.814916 未中奖
2026/05/28 23:00:10.814916 未中奖
2026/05/28 23:00:10.814916 未中奖
2026/05/28 23:00:10.814916 未中奖
2026/05/28 23:00:10.816030 未中奖
2026/05/28 23:00:10.816030 未中奖
2026/05/28 23:00:10.816030 未中奖
2026/05/28 23:00:10.816030 奖品已发完
2026/05/28 23:00:10.816030 未中奖
2026/05/28 23:00:10.816030 未中奖
2026/05/28 23:00:10.816030 未中奖
2026/05/28 23:00:10.816030 未中奖
2026/05/28 23:00:10.816030 未中奖
2026/05/28 23:00:10.816030 未中奖
2026/05/28 23:00:10.816030 未中奖
2026/05/28 23:00:10.816030 未中奖
2026/05/28 23:00:10.816030 未中奖
2026/05/28 23:00:10.816030 未中奖
2026/05/28 23:00:10.816030 未中奖
2026/05/28 23:00:10.816030 未中奖
2026/05/28 23:00:10.816030 未中奖
2026/05/28 23:00:10.816030 未中奖
2026/05/28 23:00:10.816030 未中奖
2026/05/28 23:00:10.816030 未中奖
2026/05/28 23:00:10.816030 未中奖
2026/05/28 23:00:10.816030 未中奖
2026/05/28 23:00:10.816030 未中奖
2026/05/28 23:00:10.816030 未中奖
2026/05/28 23:00:10.816030 奖品已发完
2026/05/28 23:00:10.816030 未中奖
2026/05/28 23:00:10.816030 未中奖
2026/05/28 23:00:10.816030 未中奖
2026/05/28 23:00:10.816030 未中奖
2026/05/28 23:00:10.816030 未中奖
2026/05/28 23:00:10.816030 未中奖
2026/05/28 23:00:10.816030 未中奖
2026/05/28 23:00:10.816030 未中奖
2026/05/28 23:00:10.816030 未中奖
2026/05/28 23:00:10.816030 未中奖
2026/05/28 23:00:10.816030 未中奖
2026/05/28 23:00:10.816030 未中奖
2026/05/28 23:00:10.816030 未中奖
2026/05/28 23:00:10.816030 未中奖
2026/05/28 23:00:10.816030 未中奖
2026/05/28 23:00:10.816030 未中奖
2026/05/28 23:00:10.816030 未中奖
2026/05/28 23:00:10.816030 未中奖
2026/05/28 23:00:10.816030 未中奖
2026/05/28 23:00:10.816030 未中奖
2026/05/28 23:00:10.816030 未中奖
2026/05/28 23:00:10.816030 未中奖
2026/05/28 23:00:10.816030 未中奖
2026/05/28 23:00:10.816030 未中奖
2026/05/28 23:00:10.816030 未中奖
2026/05/28 23:00:10.816030 未中奖
2026/05/28 23:00:10.816030 奖品已发完
2026/05/28 23:00:10.816030 未中奖
2026/05/28 23:00:10.816030 未中奖
2026/05/28 23:00:10.816030 未中奖
2026/05/28 23:00:10.816030 未中奖
2026/05/28 23:00:10.816030 未中奖
2026/05/28 23:00:10.816030 未中奖
2026/05/28 23:00:10.816030 未中奖
2026/05/28 23:00:10.816030 未中奖
2026/05/28 23:00:10.816030 未中奖
2026/05/28 23:00:10.816030 未中奖
2026/05/28 23:00:10.816030 未中奖
2026/05/28 23:00:10.816030 未中奖
2026/05/28 23:00:10.816030 未中奖
2026/05/28 23:00:10.816030 未中奖
2026/05/28 23:00:10.816030 未中奖
2026/05/28 23:00:10.816030 奖品已发完
2026/05/28 23:00:10.816030 未中奖
2026/05/28 23:00:10.816030 未中奖
2026/05/28 23:00:10.816030 未中奖
2026/05/28 23:00:10.816030 未中奖
2026/05/28 23:00:10.816030 未中奖
2026/05/28 23:00:10.816030 奖品已发完
2026/05/28 23:00:10.816030 未中奖
2026/05/28 23:00:10.816030 未中奖
2026/05/28 23:00:10.816030 未中奖
2026/05/28 23:00:10.816030 未中奖
2026/05/28 23:00:10.816030 未中奖
2026/05/28 23:00:10.816030 未中奖
2026/05/28 23:00:10.816030 未中奖
2026/05/28 23:00:10.816030 未中奖
2026/05/28 23:00:10.816030 奖品已发完
2026/05/28 23:00:10.816030 未中奖
2026/05/28 23:00:10.816030 未中奖
2026/05/28 23:00:10.816030 未中奖
2026/05/28 23:00:10.816030 未中奖
2026/05/28 23:00:10.816030 未中奖
2026/05/28 23:00:10.816030 未中奖
2026/05/28 23:00:10.816030 未中奖
2026/05/28 23:00:10.816030 未中奖
2026/05/28 23:00:10.816030 未中奖
2026/05/28 23:00:10.816030 未中奖
2026/05/28 23:00:10.816030 未中奖
2026/05/28 23:00:10.816030 未中奖
2026/05/28 23:00:10.816030 未中奖
2026/05/28 23:00:10.816030 未中奖
2026/05/28 23:00:10.816030 未中奖
2026/05/28 23:00:10.816030 未中奖
2026/05/28 23:00:10.816030 奖品已发完
2026/05/28 23:00:10.816030 未中奖
2026/05/28 23:00:10.816030 未中奖
2026/05/28 23:00:10.816030 未中奖
2026/05/28 23:00:10.816030 未中奖
2026/05/28 23:00:10.816030 未中奖
2026/05/28 23:00:10.816030 未中奖
2026/05/28 23:00:10.816030 未中奖
2026/05/28 23:00:10.816030 未中奖
2026/05/28 23:00:10.816030 未中奖
2026/05/28 23:00:10.816030 未中奖
2026/05/28 23:00:10.816030 未中奖
2026/05/28 23:00:10.816030 未中奖
2026/05/28 23:00:10.816030 未中奖
2026/05/28 23:00:10.816030 未中奖
2026/05/28 23:00:10.816030 未中奖
2026/05/28 23:00:10.816030 未中奖
2026/05/28 23:00:10.816030 未中奖
2026/05/28 23:00:10.816030 奖品已发完
2026/05/28 23:00:10.816030 未中奖
2026/05/28 23:00:10.816030 奖品已发完
2026/05/28 23:00:10.816030 奖品已发完
2026/05/28 23:00:10.816030 未中奖
2026/05/28 23:00:10.816030 未中奖
2026/05/28 23:00:10.816030 未中奖
2026/05/28 23:00:10.816030 未中奖
2026/05/28 23:00:10.816030 奖品已发完
2026/05/28 23:00:10.816030 未中奖
2026/05/28 23:00:10.816030 未中奖
2026/05/28 23:00:10.816030 未中奖
2026/05/28 23:00:10.816030 未中奖
2026/05/28 23:00:10.816030 未中奖
2026/05/28 23:00:10.816030 未中奖
2026/05/28 23:00:10.816030 未中奖
2026/05/28 23:00:10.816030 奖品已发完
2026/05/28 23:00:10.816030 未中奖
2026/05/28 23:00:10.816030 未中奖
2026/05/28 23:00:10.816030 奖品已发完
2026/05/28 23:00:10.816030 未中奖
2026/05/28 23:00:10.816030 未中奖
2026/05/28 23:00:10.816030 未中奖
2026/05/28 23:00:10.816030 未中奖
2026/05/28 23:00:10.816030 未中奖
2026/05/28 23:00:10.816030 未中奖
2026/05/28 23:00:10.816030 未中奖
2026/05/28 23:00:10.816030 奖品已发完
2026/05/28 23:00:10.816030 未中奖
2026/05/28 23:00:10.816030 未中奖
2026/05/28 23:00:10.816030 未中奖
2026/05/28 23:00:10.816030 未中奖
2026/05/28 23:00:10.816030 未中奖
2026/05/28 23:00:10.816030 未中奖
2026/05/28 23:00:10.816030 未中奖
2026/05/28 23:00:10.816030 奖品已发完
2026/05/28 23:00:10.816030 未中奖
2026/05/28 23:00:10.816030 未中奖
2026/05/28 23:00:10.816030 未中奖
2026/05/28 23:00:10.816030 未中奖
2026/05/28 23:00:10.816030 未中奖
2026/05/28 23:00:10.816030 未中奖
2026/05/28 23:00:10.816030 未中奖
2026/05/28 23:00:10.816030 未中奖
2026/05/28 23:00:10.816030 未中奖
2026/05/28 23:00:10.816030 未中奖
2026/05/28 23:00:10.816030 未中奖
2026/05/28 23:00:10.816030 未中奖
2026/05/28 23:00:10.816030 未中奖
2026/05/28 23:00:10.816030 未中奖
2026/05/28 23:00:10.816030 未中奖
2026/05/28 23:00:10.816030 未中奖
2026/05/28 23:00:10.816030 未中奖
2026/05/28 23:00:10.816030 未中奖
2026/05/28 23:00:10.816030 未中奖
2026/05/28 23:00:10.816030 未中奖
2026/05/28 23:00:10.816030 未中奖
2026/05/28 23:00:10.816030 未中奖
2026/05/28 23:00:10.816030 未中奖
2026/05/28 23:00:10.816030 未中奖
2026/05/28 23:00:10.816030 未中奖
2026/05/28 23:00:10.816030 未中奖
2026/05/28 23:00:10.816030 未中奖
2026/05/28 23:00:10.816030 奖品已发完
2026/05/28 23:00:10.816030 未中奖
2026/05/28 23:00:10.816030 未中奖
2026/05/28 23:00:10.816030 未中奖
2026/05/28 23:00:10.816030 未中奖
2026/05/28 23:00:10.816030 未中奖
2026/05/28 23:00:10.816030 未中奖
2026/05/28 23:00:10.816030 未中奖
2026/05/28 23:00:10.816030 未中奖
2026/05/28 23:00:10.816030 未中奖
2026/05/28 23:00:10.816030 未中奖
2026/05/28 23:00:10.816030 未中奖
2026/05/28 23:00:10.816030 未中奖
2026/05/28 23:00:10.816030 未中奖
2026/05/28 23:00:10.816030 未中奖
2026/05/28 23:00:10.816030 未中奖
2026/05/28 23:00:10.816030 未中奖
2026/05/28 23:00:10.816030 未中奖
2026/05/28 23:00:10.816030 奖品已发完
2026/05/28 23:00:10.816030 未中奖
2026/05/28 23:00:10.816030 未中奖
2026/05/28 23:00:10.816030 未中奖
2026/05/28 23:00:10.816030 未中奖
2026/05/28 23:00:10.816030 未中奖
2026/05/28 23:00:10.816030 未中奖
2026/05/28 23:00:10.816030 奖品已发完
2026/05/28 23:00:10.816030 未中奖
2026/05/28 23:00:10.817511 奖品已发完
2026/05/28 23:00:10.817511 未中奖
2026/05/28 23:00:10.817511 未中奖
2026/05/28 23:00:10.817511 奖品已发完
2026/05/28 23:00:10.817511 未中奖
2026/05/28 23:00:10.817511 奖品已发完
2026/05/28 23:00:10.817511 未中奖
2026/05/28 23:00:10.817511 未中奖
2026/05/28 23:00:10.817511 未中奖
2026/05/28 23:00:10.817511 未中奖
2026/05/28 23:00:10.817511 未中奖
2026/05/28 23:00:10.817511 奖品已发完
2026/05/28 23:00:10.817511 未中奖
2026/05/28 23:00:10.817511 奖品已发完
2026/05/28 23:00:10.817511 未中奖
2026/05/28 23:00:10.817511 未中奖
2026/05/28 23:00:10.817511 未中奖
2026/05/28 23:00:10.817511 未中奖
2026/05/28 23:00:10.817511 未中奖
2026/05/28 23:00:10.817511 未中奖
2026/05/28 23:00:10.817511 未中奖
2026/05/28 23:00:10.817511 未中奖
2026/05/28 23:00:10.817511 奖品已发完
2026/05/28 23:00:10.817511 未中奖
2026/05/28 23:00:10.817511 未中奖
2026/05/28 23:00:10.817511 未中奖
2026/05/28 23:00:10.817511 未中奖
2026/05/28 23:00:10.817511 未中奖
2026/05/28 23:00:10.817511 未中奖
2026/05/28 23:00:10.817511 未中奖
2026/05/28 23:00:10.817511 未中奖
2026/05/28 23:00:10.817511 未中奖
2026/05/28 23:00:10.817511 未中奖
2026/05/28 23:00:10.817511 未中奖
2026/05/28 23:00:10.817511 未中奖
2026/05/28 23:00:10.817511 未中奖
2026/05/28 23:00:10.817511 未中奖
2026/05/28 23:00:10.817511 未中奖
2026/05/28 23:00:10.817511 奖品已发完
2026/05/28 23:00:10.817511 未中奖
2026/05/28 23:00:10.817511 未中奖
2026/05/28 23:00:10.817511 未中奖
2026/05/28 23:00:10.817511 未中奖
2026/05/28 23:00:10.817511 未中奖
2026/05/28 23:00:10.817511 未中奖
2026/05/28 23:00:10.817511 未中奖
2026/05/28 23:00:10.817511 未中奖
2026/05/28 23:00:10.817511 未中奖
2026/05/28 23:00:10.817511 未中奖
2026/05/28 23:00:10.817511 未中奖
2026/05/28 23:00:10.817511 奖品已发完
2026/05/28 23:00:10.817511 未中奖
2026/05/28 23:00:10.817511 未中奖
2026/05/28 23:00:10.817511 未中奖
2026/05/28 23:00:10.817511 未中奖
2026/05/28 23:00:10.817511 未中奖
2026/05/28 23:00:10.817511 未中奖
2026/05/28 23:00:10.817511 未中奖
2026/05/28 23:00:10.817511 未中奖
2026/05/28 23:00:10.817511 未中奖
2026/05/28 23:00:10.817511 未中奖
2026/05/28 23:00:10.817511 未中奖
2026/05/28 23:00:10.818175 奖品已发完
2026/05/28 23:00:10.818175 未中奖
2026/05/28 23:00:10.818175 未中奖
2026/05/28 23:00:10.818175 未中奖
2026/05/28 23:00:10.818175 未中奖
2026/05/28 23:00:10.818175 未中奖
2026/05/28 23:00:10.818175 奖品已发完
2026/05/28 23:00:10.818175 未中奖
2026/05/28 23:00:10.818175 未中奖
2026/05/28 23:00:10.818175 未中奖
2026/05/28 23:00:10.818175 未中奖
2026/05/28 23:00:10.818175 未中奖
2026/05/28 23:00:10.818175 未中奖
2026/05/28 23:00:10.818175 未中奖
2026/05/28 23:00:10.818175 未中奖
2026/05/28 23:00:10.818175 未中奖
2026/05/28 23:00:10.818175 未中奖
2026/05/28 23:00:10.818175 未中奖
2026/05/28 23:00:10.818175 未中奖
2026/05/28 23:00:10.818175 未中奖
2026/05/28 23:00:10.818175 未中奖
2026/05/28 23:00:10.818175 未中奖
2026/05/28 23:00:10.818175 未中奖
2026/05/28 23:00:10.818175 未中奖
2026/05/28 23:00:10.818175 未中奖
2026/05/28 23:00:10.818175 未中奖
2026/05/28 23:00:10.818175 未中奖
2026/05/28 23:00:10.818175 未中奖
2026/05/28 23:00:10.818175 未中奖
2026/05/28 23:00:10.818175 奖品已发完
2026/05/28 23:00:10.818175 未中奖
2026/05/28 23:00:10.818175 未中奖
2026/05/28 23:00:10.818175 未中奖
2026/05/28 23:00:10.818175 未中奖
2026/05/28 23:00:10.818175 未中奖
2026/05/28 23:00:10.818175 未中奖
2026/05/28 23:00:10.818175 未中奖
2026/05/28 23:00:10.818175 未中奖
2026/05/28 23:00:10.818717 未中奖
2026/05/28 23:00:10.818717 未中奖
2026/05/28 23:00:10.818717 奖品已发完
2026/05/28 23:00:10.818717 奖品已发完
2026/05/28 23:00:10.818717 奖品已发完
2026/05/28 23:00:10.818717 未中奖
2026/05/28 23:00:10.818717 未中奖
2026/05/28 23:00:10.818717 未中奖
2026/05/28 23:00:10.818717 未中奖
2026/05/28 23:00:10.818717 未中奖
2026/05/28 23:00:10.818717 未中奖
2026/05/28 23:00:10.818717 未中奖
2026/05/28 23:00:10.818717 奖品已发完
2026/05/28 23:00:10.818717 未中奖
2026/05/28 23:00:10.818717 未中奖
2026/05/28 23:00:10.818717 未中奖
2026/05/28 23:00:10.818717 未中奖
2026/05/28 23:00:10.818717 未中奖
2026/05/28 23:00:10.818717 未中奖
2026/05/28 23:00:10.818717 未中奖
2026/05/28 23:00:10.818717 未中奖
2026/05/28 23:00:10.818717 未中奖
2026/05/28 23:00:10.818717 未中奖
2026/05/28 23:00:10.818717 未中奖
2026/05/28 23:00:10.818717 未中奖
2026/05/28 23:00:10.818717 未中奖
2026/05/28 23:00:10.818717 未中奖
2026/05/28 23:00:10.818717 未中奖
2026/05/28 23:00:10.818717 未中奖
2026/05/28 23:00:10.818717 未中奖
2026/05/28 23:00:10.818717 未中奖
2026/05/28 23:00:10.818717 未中奖
2026/05/28 23:00:10.818717 未中奖
2026/05/28 23:00:10.818717 未中奖
2026/05/28 23:00:10.818717 未中奖
2026/05/28 23:00:10.818717 未中奖
2026/05/28 23:00:10.818717 未中奖
2026/05/28 23:00:10.818717 未中奖
2026/05/28 23:00:10.818717 未中奖
2026/05/28 23:00:10.818717 未中奖
2026/05/28 23:00:10.818717 未中奖
2026/05/28 23:00:10.818717 未中奖
2026/05/28 23:00:10.818717 未中奖
2026/05/28 23:00:10.818717 未中奖
2026/05/28 23:00:10.818717 未中奖
2026/05/28 23:00:10.818717 奖品已发完
2026/05/28 23:00:10.818717 未中奖
2026/05/28 23:00:10.818717 未中奖
2026/05/28 23:00:10.818717 未中奖
2026/05/28 23:00:10.818717 未中奖
2026/05/28 23:00:10.818717 未中奖
2026/05/28 23:00:10.818717 未中奖
2026/05/28 23:00:10.818717 未中奖
2026/05/28 23:00:10.818717 未中奖
2026/05/28 23:00:10.818717 未中奖
2026/05/28 23:00:10.818717 未中奖
2026/05/28 23:00:10.818717 未中奖
2026/05/28 23:00:10.818717 未中奖
2026/05/28 23:00:10.818717 未中奖
2026/05/28 23:00:10.818717 奖品已发完
2026/05/28 23:00:10.818717 奖品已发完
2026/05/28 23:00:10.818717 未中奖
2026/05/28 23:00:10.818717 未中奖
2026/05/28 23:00:10.818717 未中奖
2026/05/28 23:00:10.818717 未中奖
2026/05/28 23:00:10.818717 未中奖
2026/05/28 23:00:10.818717 未中奖
2026/05/28 23:00:10.818717 未中奖
2026/05/28 23:00:10.818717 未中奖
2026/05/28 23:00:10.818717 奖品已发完
2026/05/28 23:00:10.818717 未中奖
2026/05/28 23:00:10.818717 奖品已发完
2026/05/28 23:00:10.818717 未中奖
2026/05/28 23:00:10.818717 未中奖
2026/05/28 23:00:10.818717 奖品已发完
2026/05/28 23:00:10.818717 未中奖
2026/05/28 23:00:10.818717 未中奖
2026/05/28 23:00:10.819723 未中奖
2026/05/28 23:00:10.819723 未中奖
2026/05/28 23:00:10.819723 未中奖
2026/05/28 23:00:10.819723 未中奖
2026/05/28 23:00:10.819723 未中奖
2026/05/28 23:00:10.819723 未中奖
2026/05/28 23:00:10.819723 未中奖
2026/05/28 23:00:10.819723 未中奖
2026/05/28 23:00:10.819723 未中奖
2026/05/28 23:00:10.819723 奖品已发完
2026/05/28 23:00:10.819723 未中奖
2026/05/28 23:00:10.819723 未中奖
2026/05/28 23:00:10.819723 未中奖
2026/05/28 23:00:10.819723 未中奖
2026/05/28 23:00:10.819723 未中奖
2026/05/28 23:00:10.819723 未中奖
2026/05/28 23:00:10.819723 未中奖
2026/05/28 23:00:10.819723 未中奖
2026/05/28 23:00:10.819723 未中奖
2026/05/28 23:00:10.819723 未中奖
2026/05/28 23:00:10.819723 未中奖
2026/05/28 23:00:10.819723 未中奖
2026/05/28 23:00:10.819723 未中奖
2026/05/28 23:00:10.819723 未中奖
2026/05/28 23:00:10.819723 未中奖
2026/05/28 23:00:10.819723 奖品已发完
2026/05/28 23:00:10.819723 未中奖
2026/05/28 23:00:10.819723 未中奖
2026/05/28 23:00:10.819723 未中奖
2026/05/28 23:00:10.819723 未中奖
2026/05/28 23:00:10.819723 未中奖
2026/05/28 23:00:10.819723 未中奖
2026/05/28 23:00:10.819723 未中奖
2026/05/28 23:00:10.819723 未中奖
2026/05/28 23:00:10.819723 未中奖
2026/05/28 23:00:10.819723 未中奖
2026/05/28 23:00:10.819723 未中奖
2026/05/28 23:00:10.819723 未中奖
2026/05/28 23:00:10.819723 未中奖
2026/05/28 23:00:10.819723 未中奖
2026/05/28 23:00:10.819723 奖品已发完
2026/05/28 23:00:10.819723 未中奖
2026/05/28 23:00:10.819723 未中奖
2026/05/28 23:00:10.819723 未中奖
2026/05/28 23:00:10.819723 未中奖
2026/05/28 23:00:10.819723 奖品已发完
2026/05/28 23:00:10.819723 未中奖
2026/05/28 23:00:10.819723 未中奖
2026/05/28 23:00:10.819723 未中奖
2026/05/28 23:00:10.819723 奖品已发完
2026/05/28 23:00:10.819723 未中奖
2026/05/28 23:00:10.819723 未中奖
2026/05/28 23:00:10.819723 未中奖
2026/05/28 23:00:10.819723 未中奖
2026/05/28 23:00:10.819723 未中奖
2026/05/28 23:00:10.819723 未中奖
2026/05/28 23:00:10.819723 未中奖
2026/05/28 23:00:10.819723 未中奖
2026/05/28 23:00:10.819723 未中奖
2026/05/28 23:00:10.819723 未中奖
2026/05/28 23:00:10.819723 未中奖
2026/05/28 23:00:10.819723 未中奖
2026/05/28 23:00:10.819723 未中奖
2026/05/28 23:00:10.819723 未中奖
2026/05/28 23:00:10.819723 未中奖
2026/05/28 23:00:10.819723 未中奖
2026/05/28 23:00:10.819723 未中奖
2026/05/28 23:00:10.819723 未中奖
2026/05/28 23:00:10.819723 未中奖
2026/05/28 23:00:10.819723 未中奖
2026/05/28 23:00:10.819723 未中奖
2026/05/28 23:00:10.819723 未中奖
2026/05/28 23:00:10.819723 未中奖
2026/05/28 23:00:10.819723 未中奖
2026/05/28 23:00:10.819723 未中奖
2026/05/28 23:00:10.819723 未中奖
2026/05/28 23:00:10.819723 奖品已发完
2026/05/28 23:00:10.819723 未中奖
2026/05/28 23:00:10.819723 未中奖
2026/05/28 23:00:10.819723 未中奖
2026/05/28 23:00:10.819723 未中奖
2026/05/28 23:00:10.819723 未中奖
2026/05/28 23:00:10.819723 未中奖
2026/05/28 23:00:10.819723 未中奖
2026/05/28 23:00:10.819723 奖品已发完
2026/05/28 23:00:10.819723 未中奖
2026/05/28 23:00:10.819723 未中奖
2026/05/28 23:00:10.819723 未中奖
2026/05/28 23:00:10.819723 未中奖
2026/05/28 23:00:10.821019 未中奖
2026/05/28 23:00:10.821019 未中奖
2026/05/28 23:00:10.821019 未中奖
2026/05/28 23:00:10.821019 未中奖
2026/05/28 23:00:10.821019 未中奖
2026/05/28 23:00:10.821019 未中奖
2026/05/28 23:00:10.821019 未中奖
2026/05/28 23:00:10.821019 奖品已发完
2026/05/28 23:00:10.821019 未中奖
2026/05/28 23:00:10.821019 奖品已发完
2026/05/28 23:00:10.821019 奖品已发完
2026/05/28 23:00:10.821019 未中奖
2026/05/28 23:00:10.821019 未中奖
2026/05/28 23:00:10.821019 未中奖
2026/05/28 23:00:10.821019 未中奖
2026/05/28 23:00:10.821019 未中奖
2026/05/28 23:00:10.821019 未中奖
2026/05/28 23:00:10.821019 奖品已发完
2026/05/28 23:00:10.821019 未中奖
2026/05/28 23:00:10.821019 未中奖
2026/05/28 23:00:10.821019 奖品已发完
2026/05/28 23:00:10.821019 未中奖
2026/05/28 23:00:10.821019 奖品已发完
2026/05/28 23:00:10.821019 未中奖
2026/05/28 23:00:10.821019 未中奖
2026/05/28 23:00:10.821019 未中奖
2026/05/28 23:00:10.821019 未中奖
2026/05/28 23:00:10.821019 未中奖
2026/05/28 23:00:10.821019 未中奖
2026/05/28 23:00:10.821019 未中奖
2026/05/28 23:00:10.821019 未中奖
2026/05/28 23:00:10.821019 未中奖
2026/05/28 23:00:10.821019 未中奖
2026/05/28 23:00:10.821019 奖品已发完
2026/05/28 23:00:10.821019 未中奖
2026/05/28 23:00:10.821019 未中奖
2026/05/28 23:00:10.821019 未中奖
2026/05/28 23:00:10.821019 未中奖
2026/05/28 23:00:10.821019 未中奖
2026/05/28 23:00:10.821019 未中奖
2026/05/28 23:00:10.821019 奖品已发完
2026/05/28 23:00:10.821019 未中奖
2026/05/28 23:00:10.821019 未中奖
2026/05/28 23:00:10.821019 未中奖
2026/05/28 23:00:10.821019 未中奖
2026/05/28 23:00:10.821019 未中奖
2026/05/28 23:00:10.821019 未中奖
2026/05/28 23:00:10.821019 未中奖
2026/05/28 23:00:10.821019 未中奖
2026/05/28 23:00:10.821019 未中奖
2026/05/28 23:00:10.821019 奖品已发完
2026/05/28 23:00:10.821019 未中奖
2026/05/28 23:00:10.821019 未中奖
2026/05/28 23:00:10.821019 未中奖
2026/05/28 23:00:10.821019 未中奖
2026/05/28 23:00:10.821019 未中奖
2026/05/28 23:00:10.821019 未中奖
2026/05/28 23:00:10.821019 未中奖
2026/05/28 23:00:10.821019 未中奖
2026/05/28 23:00:10.821019 未中奖
2026/05/28 23:00:10.821019 未中奖
2026/05/28 23:00:10.821019 奖品已发完
2026/05/28 23:00:10.821019 未中奖
2026/05/28 23:00:10.821019 奖品已发完
2026/05/28 23:00:10.821019 未中奖
2026/05/28 23:00:10.821019 未中奖
2026/05/28 23:00:10.821019 未中奖
2026/05/28 23:00:10.821019 未中奖
2026/05/28 23:00:10.821019 未中奖
2026/05/28 23:00:10.821019 未中奖
2026/05/28 23:00:10.821019 未中奖
2026/05/28 23:00:10.821019 奖品已发完
2026/05/28 23:00:10.821019 奖品已发完
2026/05/28 23:00:10.821019 未中奖
2026/05/28 23:00:10.821019 未中奖
2026/05/28 23:00:10.822093 未中奖
2026/05/28 23:00:10.822093 未中奖
2026/05/28 23:00:10.822093 未中奖
2026/05/28 23:00:10.822093 未中奖
2026/05/28 23:00:10.822093 未中奖
2026/05/28 23:00:10.822093 未中奖
2026/05/28 23:00:10.822093 未中奖
2026/05/28 23:00:10.822093 未中奖
2026/05/28 23:00:10.822093 未中奖
2026/05/28 23:00:10.822093 未中奖
2026/05/28 23:00:10.822093 未中奖
2026/05/28 23:00:10.822093 未中奖
2026/05/28 23:00:10.822093 奖品已发完
2026/05/28 23:00:10.822093 未中奖
2026/05/28 23:00:10.822093 未中奖
2026/05/28 23:00:10.822093 奖品已发完
2026/05/28 23:00:10.822093 奖品已发完
2026/05/28 23:00:10.822093 未中奖
2026/05/28 23:00:10.822093 未中奖
2026/05/28 23:00:10.822093 未中奖
2026/05/28 23:00:10.822093 未中奖
2026/05/28 23:00:10.822093 未中奖
2026/05/28 23:00:10.822093 未中奖
2026/05/28 23:00:10.822093 未中奖
2026/05/28 23:00:10.822093 未中奖
2026/05/28 23:00:10.822093 奖品已发完
2026/05/28 23:00:10.822093 未中奖
2026/05/28 23:00:10.822093 未中奖
2026/05/28 23:00:10.822093 未中奖
2026/05/28 23:00:10.822093 奖品已发完
2026/05/28 23:00:10.822093 奖品已发完
2026/05/28 23:00:10.822093 未中奖
2026/05/28 23:00:10.822093 未中奖
2026/05/28 23:00:10.822093 未中奖
2026/05/28 23:00:10.822093 未中奖
2026/05/28 23:00:10.822093 未中奖
2026/05/28 23:00:10.822093 未中奖
2026/05/28 23:00:10.822093 奖品已发完
2026/05/28 23:00:10.822093 未中奖
2026/05/28 23:00:10.822093 未中奖
2026/05/28 23:00:10.822093 未中奖
2026/05/28 23:00:10.822093 未中奖
2026/05/28 23:00:10.822093 奖品已发完
2026/05/28 23:00:10.822093 奖品已发完
2026/05/28 23:00:10.822093 未中奖
2026/05/28 23:00:10.822093 未中奖
2026/05/28 23:00:10.822093 未中奖
2026/05/28 23:00:10.822093 奖品已发完
2026/05/28 23:00:10.822093 未中奖
2026/05/28 23:00:10.822093 未中奖
2026/05/28 23:00:10.822093 未中奖
2026/05/28 23:00:10.822093 奖品已发完
2026/05/28 23:00:10.822093 未中奖
2026/05/28 23:00:10.823187 未中奖
2026/05/28 23:00:10.823187 未中奖
2026/05/28 23:00:10.823187 未中奖
2026/05/28 23:00:10.823187 未中奖
2026/05/28 23:00:10.823187 未中奖
2026/05/28 23:00:10.823187 未中奖
2026/05/28 23:00:10.823187 未中奖
2026/05/28 23:00:10.823187 奖品已发完
2026/05/28 23:00:10.823187 未中奖
2026/05/28 23:00:10.823187 未中奖
2026/05/28 23:00:10.823187 未中奖
2026/05/28 23:00:10.823187 未中奖
2026/05/28 23:00:10.823187 未中奖
2026/05/28 23:00:10.823187 未中奖
2026/05/28 23:00:10.823187 未中奖
2026/05/28 23:00:10.823187 未中奖
2026/05/28 23:00:10.823187 奖品已发完
2026/05/28 23:00:10.823187 未中奖
2026/05/28 23:00:10.823187 未中奖
2026/05/28 23:00:10.823187 未中奖
2026/05/28 23:00:10.823187 未中奖
2026/05/28 23:00:10.823187 未中奖
2026/05/28 23:00:10.823187 未中奖
2026/05/28 23:00:10.823187 未中奖
2026/05/28 23:00:10.823187 奖品已发完
2026/05/28 23:00:10.823187 未中奖
2026/05/28 23:00:10.823187 未中奖
2026/05/28 23:00:10.823187 未中奖
2026/05/28 23:00:10.823187 未中奖
2026/05/28 23:00:10.823187 未中奖
2026/05/28 23:00:10.823187 未中奖
2026/05/28 23:00:10.824698 未中奖
2026/05/28 23:00:10.824698 未中奖
2026/05/28 23:00:10.824698 未中奖
2026/05/28 23:00:10.824698 奖品已发完
2026/05/28 23:00:10.824698 未中奖
2026/05/28 23:00:10.824698 未中奖
2026/05/28 23:00:10.824698 未中奖
2026/05/28 23:00:10.824698 未中奖
2026/05/28 23:00:10.824698 未中奖
2026/05/28 23:00:10.824698 未中奖
2026/05/28 23:00:10.824698 未中奖
2026/05/28 23:00:10.824698 奖品已发完
2026/05/28 23:00:10.824698 未中奖
2026/05/28 23:00:10.824698 未中奖
2026/05/28 23:00:10.824698 未中奖
2026/05/28 23:00:10.824698 未中奖
2026/05/28 23:00:10.824698 未中奖
2026/05/28 23:00:10.824698 未中奖
2026/05/28 23:00:10.824698 未中奖
2026/05/28 23:00:10.824698 未中奖
2026/05/28 23:00:10.824698 未中奖
2026/05/28 23:00:10.824698 未中奖
2026/05/28 23:00:10.824698 未中奖
2026/05/28 23:00:10.824698 未中奖
2026/05/28 23:00:10.824698 未中奖
2026/05/28 23:00:10.824698 未中奖
2026/05/28 23:00:10.824698 未中奖
2026/05/28 23:00:10.824698 未中奖
2026/05/28 23:00:10.824698 未中奖
2026/05/28 23:00:10.824698 未中奖
2026/05/28 23:00:10.824698 未中奖
2026/05/28 23:00:10.824698 未中奖
2026/05/28 23:00:10.824698 未中奖
2026/05/28 23:00:10.824698 未中奖
2026/05/28 23:00:10.824698 未中奖
2026/05/28 23:00:10.824698 未中奖
2026/05/28 23:00:10.824698 未中奖
2026/05/28 23:00:10.824698 未中奖
2026/05/28 23:00:10.824698 未中奖
2026/05/28 23:00:10.824698 未中奖
2026/05/28 23:00:10.824698 未中奖
2026/05/28 23:00:10.824698 未中奖
2026/05/28 23:00:10.824698 奖品已发完
2026/05/28 23:00:10.824698 未中奖
2026/05/28 23:00:10.824698 未中奖
2026/05/28 23:00:10.824698 未中奖
2026/05/28 23:00:10.824698 未中奖
2026/05/28 23:00:10.824698 未中奖
2026/05/28 23:00:10.824698 未中奖
2026/05/28 23:00:10.824698 未中奖
2026/05/28 23:00:10.824698 未中奖
2026/05/28 23:00:10.824698 未中奖
2026/05/28 23:00:10.824698 奖品已发完
2026/05/28 23:00:10.824698 未中奖
2026/05/28 23:00:10.824698 未中奖
2026/05/28 23:00:10.824698 未中奖
2026/05/28 23:00:10.824698 奖品已发完
2026/05/28 23:00:10.824698 未中奖
2026/05/28 23:00:10.824698 未中奖
2026/05/28 23:00:10.824698 未中奖
2026/05/28 23:00:10.824698 未中奖
2026/05/28 23:00:10.824698 未中奖
2026/05/28 23:00:10.824698 未中奖
2026/05/28 23:00:10.824698 未中奖
2026/05/28 23:00:10.824698 未中奖
2026/05/28 23:00:10.824698 未中奖
2026/05/28 23:00:10.824698 未中奖
2026/05/28 23:00:10.824698 未中奖
2026/05/28 23:00:10.824698 未中奖
2026/05/28 23:00:10.824698 未中奖
2026/05/28 23:00:10.824698 未中奖
2026/05/28 23:00:10.824698 未中奖
2026/05/28 23:00:10.824698 未中奖
2026/05/28 23:00:10.824698 未中奖
2026/05/28 23:00:10.824698 未中奖
2026/05/28 23:00:10.824698 未中奖
2026/05/28 23:00:10.824698 未中奖
2026/05/28 23:00:10.824698 未中奖
2026/05/28 23:00:10.824698 未中奖
2026/05/28 23:00:10.824698 未中奖
2026/05/28 23:00:10.824698 未中奖
2026/05/28 23:00:10.824698 未中奖
2026/05/28 23:00:10.824698 未中奖
2026/05/28 23:00:10.824698 未中奖
2026/05/28 23:00:10.824698 未中奖
2026/05/28 23:00:10.824698 未中奖
2026/05/28 23:00:10.824698 未中奖
2026/05/28 23:00:10.824698 未中奖
2026/05/28 23:00:10.824698 未中奖
2026/05/28 23:00:10.824698 奖品已发完
2026/05/28 23:00:10.824698 未中奖
2026/05/28 23:00:10.824698 未中奖
2026/05/28 23:00:10.824698 未中奖
2026/05/28 23:00:10.824698 未中奖
2026/05/28 23:00:10.824698 未中奖
2026/05/28 23:00:10.824698 未中奖
2026/05/28 23:00:10.824698 未中奖
2026/05/28 23:00:10.824698 未中奖
2026/05/28 23:00:10.824698 未中奖
2026/05/28 23:00:10.824698 未中奖
2026/05/28 23:00:10.824698 未中奖
2026/05/28 23:00:10.824698 未中奖
2026/05/28 23:00:10.824698 未中奖
2026/05/28 23:00:10.824698 未中奖
2026/05/28 23:00:10.824698 未中奖
2026/05/28 23:00:10.824698 未中奖
2026/05/28 23:00:10.824698 奖品已发完
2026/05/28 23:00:10.824698 未中奖
2026/05/28 23:00:10.824698 奖品已发完
2026/05/28 23:00:10.824698 未中奖
2026/05/28 23:00:10.824698 未中奖
2026/05/28 23:00:10.824698 未中奖
2026/05/28 23:00:10.824698 未中奖
2026/05/28 23:00:10.824698 未中奖
2026/05/28 23:00:10.824698 未中奖
2026/05/28 23:00:10.824698 奖品已发完
2026/05/28 23:00:10.824698 未中奖
2026/05/28 23:00:10.824698 奖品已发完
2026/05/28 23:00:10.824698 未中奖
2026/05/28 23:00:10.825787 未中奖
2026/05/28 23:00:10.825787 未中奖
2026/05/28 23:00:10.825787 未中奖
2026/05/28 23:00:10.825787 未中奖
2026/05/28 23:00:10.825787 未中奖
2026/05/28 23:00:10.825787 未中奖
2026/05/28 23:00:10.825787 未中奖
2026/05/28 23:00:10.825787 未中奖
2026/05/28 23:00:10.825787 未中奖
2026/05/28 23:00:10.825787 未中奖
2026/05/28 23:00:10.825787 未中奖
2026/05/28 23:00:10.825787 未中奖
2026/05/28 23:00:10.825787 未中奖
2026/05/28 23:00:10.825787 未中奖
2026/05/28 23:00:10.825787 未中奖
2026/05/28 23:00:10.825787 未中奖
2026/05/28 23:00:10.825787 未中奖
2026/05/28 23:00:10.825787 奖品已发完
2026/05/28 23:00:10.825787 未中奖
2026/05/28 23:00:10.825787 奖品已发完
2026/05/28 23:00:10.825787 未中奖
2026/05/28 23:00:10.825787 未中奖
2026/05/28 23:00:10.825787 未中奖
2026/05/28 23:00:10.825787 未中奖
2026/05/28 23:00:10.825787 未中奖
2026/05/28 23:00:10.825787 未中奖
2026/05/28 23:00:10.825787 未中奖
2026/05/28 23:00:10.825787 未中奖
2026/05/28 23:00:10.825787 未中奖
2026/05/28 23:00:10.825787 未中奖
2026/05/28 23:00:10.825787 未中奖
2026/05/28 23:00:10.825787 未中奖
2026/05/28 23:00:10.825787 未中奖
2026/05/28 23:00:10.825787 未中奖
2026/05/28 23:00:10.825787 未中奖
2026/05/28 23:00:10.825787 未中奖
2026/05/28 23:00:10.825787 未中奖
2026/05/28 23:00:10.825787 未中奖
2026/05/28 23:00:10.825787 奖品已发完
2026/05/28 23:00:10.825787 未中奖
2026/05/28 23:00:10.825787 未中奖
2026/05/28 23:00:10.825787 未中奖
2026/05/28 23:00:10.825787 未中奖
2026/05/28 23:00:10.825787 未中奖
2026/05/28 23:00:10.825787 未中奖
2026/05/28 23:00:10.825787 未中奖
2026/05/28 23:00:10.825787 未中奖
2026/05/28 23:00:10.825787 未中奖
2026/05/28 23:00:10.825787 未中奖
2026/05/28 23:00:10.825787 未中奖
2026/05/28 23:00:10.825787 未中奖
2026/05/28 23:00:10.825787 未中奖
2026/05/28 23:00:10.825787 奖品已发完
2026/05/28 23:00:10.825787 未中奖
2026/05/28 23:00:10.825787 未中奖
2026/05/28 23:00:10.825787 未中奖
2026/05/28 23:00:10.825787 未中奖
2026/05/28 23:00:10.825787 未中奖
2026/05/28 23:00:10.825787 未中奖
2026/05/28 23:00:10.825787 未中奖
2026/05/28 23:00:10.825787 奖品已发完
2026/05/28 23:00:10.825787 未中奖
2026/05/28 23:00:10.825787 未中奖
2026/05/28 23:00:10.826831 未中奖
2026/05/28 23:00:10.826831 未中奖
2026/05/28 23:00:10.826831 未中奖
2026/05/28 23:00:10.826831 未中奖
2026/05/28 23:00:10.826831 未中奖
2026/05/28 23:00:10.826831 未中奖
2026/05/28 23:00:10.826831 未中奖
2026/05/28 23:00:10.826831 未中奖
2026/05/28 23:00:10.826831 未中奖
2026/05/28 23:00:10.826831 未中奖
2026/05/28 23:00:10.826831 未中奖
2026/05/28 23:00:10.826831 未中奖
2026/05/28 23:00:10.826831 未中奖
2026/05/28 23:00:10.826831 未中奖
2026/05/28 23:00:10.826831 未中奖
2026/05/28 23:00:10.826831 未中奖
2026/05/28 23:00:10.826831 未中奖
2026/05/28 23:00:10.826831 未中奖
2026/05/28 23:00:10.826831 未中奖
2026/05/28 23:00:10.826831 未中奖
2026/05/28 23:00:10.826831 奖品已发完
2026/05/28 23:00:10.826831 奖品已发完
2026/05/28 23:00:10.826831 未中奖
2026/05/28 23:00:10.826831 未中奖
2026/05/28 23:00:10.826831 未中奖
2026/05/28 23:00:10.826831 未中奖
2026/05/28 23:00:10.826831 未中奖
2026/05/28 23:00:10.826831 未中奖
2026/05/28 23:00:10.826831 奖品已发完
2026/05/28 23:00:10.826831 未中奖
2026/05/28 23:00:10.826831 未中奖
2026/05/28 23:00:10.826831 奖品已发完
2026/05/28 23:00:10.826831 未中奖
2026/05/28 23:00:10.826831 未中奖
2026/05/28 23:00:10.826831 未中奖
2026/05/28 23:00:10.826831 未中奖
2026/05/28 23:00:10.826831 未中奖
2026/05/28 23:00:10.826831 未中奖
2026/05/28 23:00:10.826831 未中奖
2026/05/28 23:00:10.826831 未中奖
2026/05/28 23:00:10.826831 未中奖
2026/05/28 23:00:10.826831 未中奖
2026/05/28 23:00:10.826831 未中奖
2026/05/28 23:00:10.826831 未中奖
2026/05/28 23:00:10.826831 未中奖
2026/05/28 23:00:10.826831 奖品已发完
2026/05/28 23:00:10.826831 未中奖
2026/05/28 23:00:10.826831 未中奖
2026/05/28 23:00:10.826831 未中奖
2026/05/28 23:00:10.826831 未中奖
2026/05/28 23:00:10.826831 未中奖
2026/05/28 23:00:10.826831 未中奖
2026/05/28 23:00:10.826831 未中奖
2026/05/28 23:00:10.826831 奖品已发完
2026/05/28 23:00:10.826831 未中奖
2026/05/28 23:00:10.826831 未中奖
2026/05/28 23:00:10.826831 未中奖
2026/05/28 23:00:10.826831 未中奖
2026/05/28 23:00:10.826831 未中奖
2026/05/28 23:00:10.826831 未中奖
2026/05/28 23:00:10.826831 未中奖
2026/05/28 23:00:10.826831 未中奖
2026/05/28 23:00:10.827882 未中奖
2026/05/28 23:00:10.827882 未中奖
2026/05/28 23:00:10.827882 未中奖
2026/05/28 23:00:10.827882 未中奖
2026/05/28 23:00:10.827882 未中奖
2026/05/28 23:00:10.827882 奖品已发完
2026/05/28 23:00:10.827882 未中奖
2026/05/28 23:00:10.827882 未中奖
2026/05/28 23:00:10.827882 未中奖
2026/05/28 23:00:10.827882 未中奖
2026/05/28 23:00:10.827882 未中奖
2026/05/28 23:00:10.827882 未中奖
2026/05/28 23:00:10.827882 奖品已发完
2026/05/28 23:00:10.827882 未中奖
2026/05/28 23:00:10.827882 未中奖
2026/05/28 23:00:10.827882 未中奖
2026/05/28 23:00:10.827882 未中奖
2026/05/28 23:00:10.827882 未中奖
2026/05/28 23:00:10.827882 未中奖
2026/05/28 23:00:10.827882 未中奖
2026/05/28 23:00:10.827882 未中奖
2026/05/28 23:00:10.827882 未中奖
2026/05/28 23:00:10.827882 未中奖
2026/05/28 23:00:10.827882 未中奖
2026/05/28 23:00:10.827882 未中奖
2026/05/28 23:00:10.827882 未中奖
2026/05/28 23:00:10.827882 奖品已发完
2026/05/28 23:00:10.827882 未中奖
2026/05/28 23:00:10.827882 未中奖
2026/05/28 23:00:10.827882 未中奖
2026/05/28 23:00:10.827882 奖品已发完
2026/05/28 23:00:10.827882 未中奖
2026/05/28 23:00:10.827882 未中奖
2026/05/28 23:00:10.827882 未中奖
2026/05/28 23:00:10.827882 未中奖
2026/05/28 23:00:10.827882 未中奖
2026/05/28 23:00:10.827882 未中奖
2026/05/28 23:00:10.827882 未中奖
2026/05/28 23:00:10.827882 未中奖
2026/05/28 23:00:10.827882 奖品已发完
2026/05/28 23:00:10.827882 奖品已发完
2026/05/28 23:00:10.827882 未中奖
2026/05/28 23:00:10.827882 未中奖
2026/05/28 23:00:10.827882 未中奖
2026/05/28 23:00:10.827882 未中奖
2026/05/28 23:00:10.827882 未中奖
2026/05/28 23:00:10.827882 未中奖
2026/05/28 23:00:10.827882 未中奖
2026/05/28 23:00:10.827882 未中奖
2026/05/28 23:00:10.827882 奖品已发完
2026/05/28 23:00:10.827882 未中奖
2026/05/28 23:00:10.827882 未中奖
2026/05/28 23:00:10.827882 未中奖
2026/05/28 23:00:10.827882 奖品已发完
2026/05/28 23:00:10.827882 奖品已发完
2026/05/28 23:00:10.827882 未中奖
2026/05/28 23:00:10.827882 未中奖
2026/05/28 23:00:10.827882 未中奖
2026/05/28 23:00:10.827882 未中奖
2026/05/28 23:00:10.827882 未中奖
2026/05/28 23:00:10.827882 未中奖
2026/05/28 23:00:10.827882 未中奖
2026/05/28 23:00:10.827882 未中奖
2026/05/28 23:00:10.827882 未中奖
2026/05/28 23:00:10.827882 未中奖
2026/05/28 23:00:10.827882 未中奖
2026/05/28 23:00:10.827882 奖品已发完
2026/05/28 23:00:10.827882 未中奖
2026/05/28 23:00:10.827882 未中奖
2026/05/28 23:00:10.827882 未中奖
2026/05/28 23:00:10.827882 未中奖
2026/05/28 23:00:10.827882 未中奖
2026/05/28 23:00:10.827882 未中奖
2026/05/28 23:00:10.827882 未中奖
2026/05/28 23:00:10.827882 未中奖
2026/05/28 23:00:10.827882 未中奖
2026/05/28 23:00:10.827882 未中奖
2026/05/28 23:00:10.827882 未中奖
2026/05/28 23:00:10.827882 未中奖
2026/05/28 23:00:10.827882 未中奖
2026/05/28 23:00:10.827882 未中奖
2026/05/28 23:00:10.827882 奖品已发完
2026/05/28 23:00:10.827882 未中奖
2026/05/28 23:00:10.827882 未中奖
2026/05/28 23:00:10.827882 未中奖
2026/05/28 23:00:10.827882 未中奖
2026/05/28 23:00:10.827882 未中奖
2026/05/28 23:00:10.827882 未中奖
2026/05/28 23:00:10.827882 未中奖
2026/05/28 23:00:10.827882 未中奖
2026/05/28 23:00:10.827882 未中奖
2026/05/28 23:00:10.827882 未中奖
2026/05/28 23:00:10.827882 未中奖
2026/05/28 23:00:10.827882 未中奖
2026/05/28 23:00:10.827882 未中奖
2026/05/28 23:00:10.827882 未中奖
2026/05/28 23:00:10.827882 未中奖
2026/05/28 23:00:10.827882 未中奖
2026/05/28 23:00:10.827882 未中奖
2026/05/28 23:00:10.827882 未中奖
2026/05/28 23:00:10.827882 未中奖
2026/05/28 23:00:10.827882 未中奖
2026/05/28 23:00:10.827882 未中奖
2026/05/28 23:00:10.827882 奖品已发完
2026/05/28 23:00:10.827882 未中奖
2026/05/28 23:00:10.827882 未中奖
2026/05/28 23:00:10.827882 未中奖
2026/05/28 23:00:10.827882 奖品已发完
2026/05/28 23:00:10.827882 未中奖
2026/05/28 23:00:10.827882 未中奖
2026/05/28 23:00:10.827882 未中奖
2026/05/28 23:00:10.827882 未中奖
2026/05/28 23:00:10.827882 奖品已发完
2026/05/28 23:00:10.827882 未中奖
2026/05/28 23:00:10.827882 未中奖
2026/05/28 23:00:10.827882 未中奖
2026/05/28 23:00:10.827882 未中奖
2026/05/28 23:00:10.827882 未中奖
2026/05/28 23:00:10.829127 未中奖
2026/05/28 23:00:10.829127 未中奖
2026/05/28 23:00:10.829127 未中奖
2026/05/28 23:00:10.829127 未中奖
2026/05/28 23:00:10.829127 未中奖
2026/05/28 23:00:10.829127 未中奖
2026/05/28 23:00:10.829127 未中奖
2026/05/28 23:00:10.829127 未中奖
2026/05/28 23:00:10.829127 未中奖
2026/05/28 23:00:10.829127 未中奖
2026/05/28 23:00:10.829127 未中奖
2026/05/28 23:00:10.829127 奖品已发完
2026/05/28 23:00:10.829127 奖品已发完
2026/05/28 23:00:10.829127 未中奖
2026/05/28 23:00:10.829127 未中奖
2026/05/28 23:00:10.829127 未中奖
2026/05/28 23:00:10.829127 未中奖
2026/05/28 23:00:10.829127 未中奖
2026/05/28 23:00:10.829127 未中奖
2026/05/28 23:00:10.829127 未中奖
2026/05/28 23:00:10.829127 未中奖
2026/05/28 23:00:10.829127 未中奖
2026/05/28 23:00:10.829127 奖品已发完
2026/05/28 23:00:10.829127 未中奖
2026/05/28 23:00:10.829127 未中奖
2026/05/28 23:00:10.829127 未中奖
2026/05/28 23:00:10.829127 未中奖
2026/05/28 23:00:10.829127 奖品已发完
2026/05/28 23:00:10.829127 未中奖
2026/05/28 23:00:10.829127 未中奖
2026/05/28 23:00:10.829127 奖品已发完
2026/05/28 23:00:10.829127 未中奖
2026/05/28 23:00:10.829127 奖品已发完
2026/05/28 23:00:10.829127 奖品已发完
2026/05/28 23:00:10.829127 未中奖
2026/05/28 23:00:10.829127 未中奖
2026/05/28 23:00:10.829127 未中奖
2026/05/28 23:00:10.829127 未中奖
2026/05/28 23:00:10.829127 未中奖
2026/05/28 23:00:10.829127 未中奖
2026/05/28 23:00:10.829127 未中奖
2026/05/28 23:00:10.829127 未中奖
2026/05/28 23:00:10.829127 奖品已发完
2026/05/28 23:00:10.829127 未中奖
2026/05/28 23:00:10.829127 未中奖
2026/05/28 23:00:10.829127 未中奖
2026/05/28 23:00:10.829127 未中奖
2026/05/28 23:00:10.829127 未中奖
2026/05/28 23:00:10.829127 未中奖
2026/05/28 23:00:10.829127 未中奖
2026/05/28 23:00:10.829127 未中奖
2026/05/28 23:00:10.829127 未中奖
2026/05/28 23:00:10.829127 未中奖
2026/05/28 23:00:10.829127 未中奖
2026/05/28 23:00:10.829127 未中奖
2026/05/28 23:00:10.829127 未中奖
2026/05/28 23:00:10.829127 未中奖
2026/05/28 23:00:10.829127 未中奖
2026/05/28 23:00:10.829127 未中奖
2026/05/28 23:00:10.829127 未中奖
2026/05/28 23:00:10.829127 未中奖
2026/05/28 23:00:10.829127 未中奖
2026/05/28 23:00:10.829127 未中奖
2026/05/28 23:00:10.829127 奖品已发完
2026/05/28 23:00:10.829127 未中奖
2026/05/28 23:00:10.829127 未中奖
2026/05/28 23:00:10.829127 未中奖
2026/05/28 23:00:10.829127 未中奖
2026/05/28 23:00:10.829127 未中奖
2026/05/28 23:00:10.829127 未中奖
2026/05/28 23:00:10.829127 未中奖
2026/05/28 23:00:10.829127 未中奖
2026/05/28 23:00:10.829127 未中奖
2026/05/28 23:00:10.829127 未中奖
2026/05/28 23:00:10.829127 未中奖
2026/05/28 23:00:10.829127 未中奖
2026/05/28 23:00:10.829127 未中奖
2026/05/28 23:00:10.829127 未中奖
2026/05/28 23:00:10.829127 未中奖
2026/05/28 23:00:10.829127 奖品已发完
2026/05/28 23:00:10.829127 奖品已发完
2026/05/28 23:00:10.829127 奖品已发完
2026/05/28 23:00:10.829127 未中奖
2026/05/28 23:00:10.829127 未中奖
2026/05/28 23:00:10.829127 未中奖
2026/05/28 23:00:10.830131 未中奖
2026/05/28 23:00:10.830131 未中奖
2026/05/28 23:00:10.830131 未中奖
2026/05/28 23:00:10.830131 未中奖
2026/05/28 23:00:10.830131 未中奖
2026/05/28 23:00:10.830131 未中奖
2026/05/28 23:00:10.830131 未中奖
2026/05/28 23:00:10.830131 奖品已发完
2026/05/28 23:00:10.830131 未中奖
2026/05/28 23:00:10.830131 未中奖
2026/05/28 23:00:10.830131 未中奖
2026/05/28 23:00:10.830131 未中奖
2026/05/28 23:00:10.830131 未中奖
2026/05/28 23:00:10.830131 未中奖
2026/05/28 23:00:10.830131 未中奖
2026/05/28 23:00:10.830131 未中奖
2026/05/28 23:00:10.830131 未中奖
2026/05/28 23:00:10.830131 未中奖
2026/05/28 23:00:10.830131 未中奖
2026/05/28 23:00:10.830131 未中奖
2026/05/28 23:00:10.830131 未中奖
2026/05/28 23:00:10.830131 未中奖
2026/05/28 23:00:10.830131 未中奖
2026/05/28 23:00:10.830131 未中奖
2026/05/28 23:00:10.830131 未中奖
2026/05/28 23:00:10.830131 奖品已发完
2026/05/28 23:00:10.830131 未中奖
2026/05/28 23:00:10.830131 奖品已发完
2026/05/28 23:00:10.830131 未中奖
2026/05/28 23:00:10.830131 未中奖
2026/05/28 23:00:10.830131 未中奖
2026/05/28 23:00:10.830131 未中奖
2026/05/28 23:00:10.830131 未中奖
2026/05/28 23:00:10.830131 未中奖
2026/05/28 23:00:10.830131 未中奖
2026/05/28 23:00:10.830131 未中奖
2026/05/28 23:00:10.830131 未中奖
2026/05/28 23:00:10.830131 未中奖
2026/05/28 23:00:10.830131 未中奖
2026/05/28 23:00:10.830131 未中奖
2026/05/28 23:00:10.830131 未中奖
2026/05/28 23:00:10.830131 未中奖
2026/05/28 23:00:10.830131 未中奖
2026/05/28 23:00:10.830131 未中奖
2026/05/28 23:00:10.830131 未中奖
2026/05/28 23:00:10.830131 未中奖
2026/05/28 23:00:10.830131 未中奖
2026/05/28 23:00:10.830131 奖品已发完
2026/05/28 23:00:10.830131 未中奖
2026/05/28 23:00:10.830131 未中奖
2026/05/28 23:00:10.830131 未中奖
2026/05/28 23:00:10.830131 未中奖
2026/05/28 23:00:10.830131 奖品已发完
2026/05/28 23:00:10.830131 未中奖
2026/05/28 23:00:10.830131 未中奖
2026/05/28 23:00:10.830131 未中奖
2026/05/28 23:00:10.830131 奖品已发完
2026/05/28 23:00:10.830131 未中奖
2026/05/28 23:00:10.830131 未中奖
2026/05/28 23:00:10.830131 奖品已发完
2026/05/28 23:00:10.830131 未中奖
2026/05/28 23:00:10.830131 未中奖
2026/05/28 23:00:10.830131 未中奖
2026/05/28 23:00:10.830131 未中奖
2026/05/28 23:00:10.831048 未中奖
2026/05/28 23:00:10.831048 未中奖
2026/05/28 23:00:10.831048 未中奖
2026/05/28 23:00:10.831048 未中奖
2026/05/28 23:00:10.831048 未中奖
2026/05/28 23:00:10.831048 未中奖
2026/05/28 23:00:10.831048 未中奖
2026/05/28 23:00:10.831048 奖品已发完
2026/05/28 23:00:10.831048 未中奖
2026/05/28 23:00:10.831048 未中奖
2026/05/28 23:00:10.831048 奖品已发完
2026/05/28 23:00:10.831048 未中奖
2026/05/28 23:00:10.831048 未中奖
2026/05/28 23:00:10.831048 未中奖
2026/05/28 23:00:10.831048 奖品已发完
2026/05/28 23:00:10.831048 未中奖
2026/05/28 23:00:10.831048 未中奖
2026/05/28 23:00:10.831048 未中奖
2026/05/28 23:00:10.831048 奖品已发完
2026/05/28 23:00:10.831048 未中奖
2026/05/28 23:00:10.831048 未中奖
2026/05/28 23:00:10.831048 奖品已发完
2026/05/28 23:00:10.831048 未中奖
2026/05/28 23:00:10.831048 未中奖
2026/05/28 23:00:10.831048 未中奖
2026/05/28 23:00:10.831048 未中奖
2026/05/28 23:00:10.831048 未中奖
2026/05/28 23:00:10.831048 未中奖
2026/05/28 23:00:10.831048 奖品已发完
2026/05/28 23:00:10.831048 奖品已发完
2026/05/28 23:00:10.831048 未中奖
2026/05/28 23:00:10.831048 未中奖
2026/05/28 23:00:10.831048 未中奖
2026/05/28 23:00:10.831048 奖品已发完
2026/05/28 23:00:10.831048 未中奖
2026/05/28 23:00:10.831048 未中奖
2026/05/28 23:00:10.831048 未中奖
2026/05/28 23:00:10.831048 未中奖
2026/05/28 23:00:10.831048 未中奖
2026/05/28 23:00:10.831048 未中奖
2026/05/28 23:00:10.831048 未中奖
2026/05/28 23:00:10.831048 未中奖
2026/05/28 23:00:10.831048 未中奖
2026/05/28 23:00:10.831048 未中奖
2026/05/28 23:00:10.831048 奖品已发完
2026/05/28 23:00:10.831048 未中奖
2026/05/28 23:00:10.831048 未中奖
2026/05/28 23:00:10.831048 未中奖
2026/05/28 23:00:10.831048 未中奖
2026/05/28 23:00:10.831048 未中奖
2026/05/28 23:00:10.831048 未中奖
2026/05/28 23:00:10.831048 奖品已发完
2026/05/28 23:00:10.831048 未中奖
2026/05/28 23:00:10.831048 未中奖
2026/05/28 23:00:10.831048 未中奖
2026/05/28 23:00:10.831048 奖品已发完
2026/05/28 23:00:10.831048 未中奖
2026/05/28 23:00:10.831048 未中奖
2026/05/28 23:00:10.831048 未中奖
2026/05/28 23:00:10.831048 未中奖
2026/05/28 23:00:10.831048 未中奖
2026/05/28 23:00:10.831048 未中奖
2026/05/28 23:00:10.831048 奖品已发完
2026/05/28 23:00:10.831048 未中奖
2026/05/28 23:00:10.831048 未中奖
2026/05/28 23:00:10.831048 未中奖
2026/05/28 23:00:10.831048 未中奖
2026/05/28 23:00:10.831048 未中奖
2026/05/28 23:00:10.831048 未中奖
2026/05/28 23:00:10.831048 未中奖
2026/05/28 23:00:10.831048 未中奖
2026/05/28 23:00:10.831048 未中奖
2026/05/28 23:00:10.831048 未中奖
2026/05/28 23:00:10.832054 未中奖
2026/05/28 23:00:10.832054 未中奖
2026/05/28 23:00:10.832054 未中奖
2026/05/28 23:00:10.832054 未中奖
2026/05/28 23:00:10.832054 奖品已发完
2026/05/28 23:00:10.832054 未中奖
2026/05/28 23:00:10.832054 未中奖
2026/05/28 23:00:10.832054 未中奖
2026/05/28 23:00:10.832054 未中奖
2026/05/28 23:00:10.832054 未中奖
2026/05/28 23:00:10.832054 未中奖
2026/05/28 23:00:10.832054 未中奖
2026/05/28 23:00:10.832054 未中奖
2026/05/28 23:00:10.832054 未中奖
2026/05/28 23:00:10.832054 未中奖
2026/05/28 23:00:10.832054 未中奖
2026/05/28 23:00:10.832054 未中奖
2026/05/28 23:00:10.832054 未中奖
2026/05/28 23:00:10.832054 未中奖
2026/05/28 23:00:10.832054 未中奖
2026/05/28 23:00:10.832054 未中奖
2026/05/28 23:00:10.832054 未中奖
2026/05/28 23:00:10.832054 未中奖
2026/05/28 23:00:10.832054 未中奖
2026/05/28 23:00:10.832054 奖品已发完
2026/05/28 23:00:10.832054 未中奖
2026/05/28 23:00:10.832054 未中奖
2026/05/28 23:00:10.832054 未中奖
2026/05/28 23:00:10.832054 未中奖
2026/05/28 23:00:10.832054 未中奖
2026/05/28 23:00:10.832054 未中奖
2026/05/28 23:00:10.832054 未中奖
2026/05/28 23:00:10.832054 未中奖
2026/05/28 23:00:10.832054 未中奖
2026/05/28 23:00:10.832054 未中奖
2026/05/28 23:00:10.832054 未中奖
2026/05/28 23:00:10.832054 奖品已发完
2026/05/28 23:00:10.832054 未中奖
2026/05/28 23:00:10.832054 未中奖
2026/05/28 23:00:10.832054 未中奖
2026/05/28 23:00:10.832054 未中奖
2026/05/28 23:00:10.832054 未中奖
2026/05/28 23:00:10.832054 未中奖
2026/05/28 23:00:10.832054 未中奖
2026/05/28 23:00:10.832054 未中奖
2026/05/28 23:00:10.832054 未中奖
2026/05/28 23:00:10.832054 未中奖
2026/05/28 23:00:10.832054 未中奖
2026/05/28 23:00:10.832054 未中奖
2026/05/28 23:00:10.832054 未中奖
2026/05/28 23:00:10.832054 未中奖
2026/05/28 23:00:10.832054 未中奖
2026/05/28 23:00:10.832054 奖品已发完
2026/05/28 23:00:10.832054 未中奖
2026/05/28 23:00:10.832054 奖品已发完
2026/05/28 23:00:10.832054 未中奖
2026/05/28 23:00:10.832054 奖品已发完
2026/05/28 23:00:10.832054 未中奖
2026/05/28 23:00:10.832054 未中奖
2026/05/28 23:00:10.832054 未中奖
2026/05/28 23:00:10.832054 奖品已发完
2026/05/28 23:00:10.833277 未中奖
2026/05/28 23:00:10.833277 未中奖
2026/05/28 23:00:10.833277 奖品已发完
2026/05/28 23:00:10.833277 未中奖
2026/05/28 23:00:10.833277 奖品已发完
2026/05/28 23:00:10.833277 未中奖
2026/05/28 23:00:10.833277 未中奖
2026/05/28 23:00:10.833277 未中奖
2026/05/28 23:00:10.833277 未中奖
2026/05/28 23:00:10.833277 未中奖
2026/05/28 23:00:10.833277 未中奖
2026/05/28 23:00:10.833277 未中奖
2026/05/28 23:00:10.833277 未中奖
2026/05/28 23:00:10.833277 未中奖
2026/05/28 23:00:10.833277 未中奖
2026/05/28 23:00:10.833277 未中奖
2026/05/28 23:00:10.833277 未中奖
2026/05/28 23:00:10.833277 未中奖
2026/05/28 23:00:10.833277 未中奖
2026/05/28 23:00:10.833277 未中奖
2026/05/28 23:00:10.833277 未中奖
2026/05/28 23:00:10.833277 未中奖
2026/05/28 23:00:10.833277 未中奖
2026/05/28 23:00:10.833277 未中奖
2026/05/28 23:00:10.833277 未中奖
2026/05/28 23:00:10.833277 未中奖
2026/05/28 23:00:10.833277 未中奖
2026/05/28 23:00:10.833277 未中奖
2026/05/28 23:00:10.833277 未中奖
2026/05/28 23:00:10.833277 未中奖
2026/05/28 23:00:10.833277 未中奖
2026/05/28 23:00:10.833277 未中奖
2026/05/28 23:00:10.833277 未中奖
2026/05/28 23:00:10.833277 奖品已发完
2026/05/28 23:00:10.833277 未中奖
2026/05/28 23:00:10.833277 未中奖
2026/05/28 23:00:10.833277 奖品已发完
2026/05/28 23:00:10.833277 未中奖
2026/05/28 23:00:10.833277 未中奖
2026/05/28 23:00:10.833277 未中奖
2026/05/28 23:00:10.833277 未中奖
2026/05/28 23:00:10.833277 未中奖
2026/05/28 23:00:10.833277 未中奖
2026/05/28 23:00:10.833277 未中奖
2026/05/28 23:00:10.833277 未中奖
2026/05/28 23:00:10.833277 未中奖
2026/05/28 23:00:10.833277 未中奖
2026/05/28 23:00:10.833794 未中奖
2026/05/28 23:00:10.833794 未中奖
2026/05/28 23:00:10.833794 未中奖
2026/05/28 23:00:10.833794 未中奖
2026/05/28 23:00:10.833794 未中奖
2026/05/28 23:00:10.833794 未中奖
2026/05/28 23:00:10.833794 未中奖
2026/05/28 23:00:10.833794 未中奖
2026/05/28 23:00:10.833794 未中奖
2026/05/28 23:00:10.833794 未中奖
2026/05/28 23:00:10.833794 未中奖
2026/05/28 23:00:10.833794 未中奖
2026/05/28 23:00:10.833794 未中奖
2026/05/28 23:00:10.833794 未中奖
2026/05/28 23:00:10.833794 未中奖
2026/05/28 23:00:10.833794 未中奖
2026/05/28 23:00:10.833794 未中奖
2026/05/28 23:00:10.833794 未中奖
2026/05/28 23:00:10.833794 未中奖
2026/05/28 23:00:10.833794 未中奖
2026/05/28 23:00:10.833794 未中奖
2026/05/28 23:00:10.833794 未中奖
2026/05/28 23:00:10.833794 未中奖
2026/05/28 23:00:10.833794 未中奖
2026/05/28 23:00:10.833794 未中奖
2026/05/28 23:00:10.833794 未中奖
2026/05/28 23:00:10.833794 未中奖
2026/05/28 23:00:10.833794 未中奖
2026/05/28 23:00:10.833794 未中奖
2026/05/28 23:00:10.833794 未中奖
2026/05/28 23:00:10.833794 未中奖
2026/05/28 23:00:10.833794 奖品已发完
2026/05/28 23:00:10.833794 奖品已发完
2026/05/28 23:00:10.833794 未中奖
2026/05/28 23:00:10.833794 奖品已发完
2026/05/28 23:00:10.833794 奖品已发完
2026/05/28 23:00:10.833794 未中奖
2026/05/28 23:00:10.833794 未中奖
2026/05/28 23:00:10.833794 未中奖
2026/05/28 23:00:10.833794 未中奖
2026/05/28 23:00:10.833794 奖品已发完
2026/05/28 23:00:10.833794 未中奖
2026/05/28 23:00:10.833794 未中奖
2026/05/28 23:00:10.833794 未中奖
2026/05/28 23:00:10.833794 未中奖
2026/05/28 23:00:10.833794 未中奖
2026/05/28 23:00:10.833794 未中奖
2026/05/28 23:00:10.833794 奖品已发完
2026/05/28 23:00:10.833794 未中奖
2026/05/28 23:00:10.833794 未中奖
2026/05/28 23:00:10.833794 未中奖
2026/05/28 23:00:10.833794 未中奖
2026/05/28 23:00:10.833794 未中奖
2026/05/28 23:00:10.833794 未中奖
2026/05/28 23:00:10.833794 未中奖
2026/05/28 23:00:10.833794 未中奖
2026/05/28 23:00:10.833794 奖品已发完
2026/05/28 23:00:10.833794 奖品已发完
2026/05/28 23:00:10.833794 未中奖
2026/05/28 23:00:10.833794 未中奖
2026/05/28 23:00:10.833794 未中奖
2026/05/28 23:00:10.833794 奖品已发完
2026/05/28 23:00:10.833794 未中奖
2026/05/28 23:00:10.833794 未中奖
2026/05/28 23:00:10.833794 未中奖
2026/05/28 23:00:10.833794 未中奖
2026/05/28 23:00:10.833794 未中奖
2026/05/28 23:00:10.833794 未中奖
2026/05/28 23:00:10.833794 未中奖
2026/05/28 23:00:10.833794 未中奖
2026/05/28 23:00:10.833794 未中奖
2026/05/28 23:00:10.833794 未中奖
2026/05/28 23:00:10.833794 未中奖
2026/05/28 23:00:10.833794 未中奖
2026/05/28 23:00:10.833794 未中奖
2026/05/28 23:00:10.833794 未中奖
2026/05/28 23:00:10.833794 未中奖
2026/05/28 23:00:10.833794 未中奖
2026/05/28 23:00:10.833794 未中奖
2026/05/28 23:00:10.833794 未中奖
2026/05/28 23:00:10.833794 未中奖
2026/05/28 23:00:10.833794 未中奖
2026/05/28 23:00:10.833794 未中奖
2026/05/28 23:00:10.833794 未中奖
2026/05/28 23:00:10.833794 奖品已发完
2026/05/28 23:00:10.833794 未中奖
2026/05/28 23:00:10.833794 未中奖
2026/05/28 23:00:10.834799 未中奖
2026/05/28 23:00:10.834799 未中奖
2026/05/28 23:00:10.834799 未中奖
2026/05/28 23:00:10.834799 未中奖
2026/05/28 23:00:10.834799 未中奖
2026/05/28 23:00:10.834799 未中奖
2026/05/28 23:00:10.834799 未中奖
2026/05/28 23:00:10.834799 未中奖
2026/05/28 23:00:10.834799 未中奖
2026/05/28 23:00:10.834799 未中奖
2026/05/28 23:00:10.834799 未中奖
2026/05/28 23:00:10.834799 未中奖
2026/05/28 23:00:10.834799 未中奖
2026/05/28 23:00:10.834799 未中奖
2026/05/28 23:00:10.834799 未中奖
2026/05/28 23:00:10.834799 未中奖
2026/05/28 23:00:10.834799 奖品已发完
2026/05/28 23:00:10.834799 未中奖
2026/05/28 23:00:10.834799 未中奖
2026/05/28 23:00:10.834799 未中奖
2026/05/28 23:00:10.834799 奖品已发完
2026/05/28 23:00:10.834799 未中奖
2026/05/28 23:00:10.834799 未中奖
2026/05/28 23:00:10.834799 未中奖
2026/05/28 23:00:10.834799 未中奖
2026/05/28 23:00:10.834799 未中奖
2026/05/28 23:00:10.834799 未中奖
2026/05/28 23:00:10.834799 奖品已发完
2026/05/28 23:00:10.834799 未中奖
2026/05/28 23:00:10.834799 未中奖
2026/05/28 23:00:10.834799 未中奖
2026/05/28 23:00:10.834799 未中奖
2026/05/28 23:00:10.834799 未中奖
2026/05/28 23:00:10.834799 未中奖
2026/05/28 23:00:10.834799 未中奖
2026/05/28 23:00:10.834799 未中奖
2026/05/28 23:00:10.834799 未中奖
2026/05/28 23:00:10.834799 未中奖
2026/05/28 23:00:10.834799 未中奖
2026/05/28 23:00:10.834799 未中奖
2026/05/28 23:00:10.834799 未中奖
2026/05/28 23:00:10.834799 未中奖
2026/05/28 23:00:10.834799 未中奖
2026/05/28 23:00:10.834799 未中奖
2026/05/28 23:00:10.834799 未中奖
2026/05/28 23:00:10.834799 未中奖
2026/05/28 23:00:10.834799 奖品已发完
2026/05/28 23:00:10.834799 未中奖
2026/05/28 23:00:10.834799 奖品已发完
2026/05/28 23:00:10.834799 未中奖
2026/05/28 23:00:10.834799 未中奖
2026/05/28 23:00:10.834799 未中奖
2026/05/28 23:00:10.834799 未中奖
2026/05/28 23:00:10.834799 未中奖
2026/05/28 23:00:10.834799 未中奖
2026/05/28 23:00:10.834799 未中奖
2026/05/28 23:00:10.834799 未中奖
2026/05/28 23:00:10.834799 未中奖
2026/05/28 23:00:10.834799 未中奖
2026/05/28 23:00:10.834799 未中奖
2026/05/28 23:00:10.834799 奖品已发完
2026/05/28 23:00:10.834799 未中奖
2026/05/28 23:00:10.834799 未中奖
2026/05/28 23:00:10.834799 未中奖
2026/05/28 23:00:10.834799 未中奖
2026/05/28 23:00:10.834799 奖品已发完
2026/05/28 23:00:10.834799 奖品已发完
2026/05/28 23:00:10.834799 未中奖
2026/05/28 23:00:10.834799 未中奖
2026/05/28 23:00:10.834799 未中奖
2026/05/28 23:00:10.834799 未中奖
2026/05/28 23:00:10.834799 未中奖
2026/05/28 23:00:10.834799 未中奖
2026/05/28 23:00:10.834799 未中奖
2026/05/28 23:00:10.834799 未中奖
2026/05/28 23:00:10.834799 未中奖
2026/05/28 23:00:10.834799 未中奖
2026/05/28 23:00:10.834799 奖品已发完
2026/05/28 23:00:10.834799 未中奖
2026/05/28 23:00:10.834799 未中奖
2026/05/28 23:00:10.834799 未中奖
2026/05/28 23:00:10.834799 未中奖
2026/05/28 23:00:10.834799 未中奖
2026/05/28 23:00:10.834799 未中奖
2026/05/28 23:00:10.834799 未中奖
2026/05/28 23:00:10.834799 未中奖
2026/05/28 23:00:10.834799 未中奖
2026/05/28 23:00:10.834799 未中奖
2026/05/28 23:00:10.834799 未中奖
2026/05/28 23:00:10.834799 未中奖
2026/05/28 23:00:10.834799 奖品已发完
2026/05/28 23:00:10.834799 未中奖
2026/05/28 23:00:10.834799 未中奖
2026/05/28 23:00:10.834799 未中奖
2026/05/28 23:00:10.834799 未中奖
2026/05/28 23:00:10.834799 未中奖
2026/05/28 23:00:10.834799 未中奖
2026/05/28 23:00:10.834799 未中奖
2026/05/28 23:00:10.834799 未中奖
2026/05/28 23:00:10.834799 未中奖
2026/05/28 23:00:10.834799 未中奖
2026/05/28 23:00:10.835913 未中奖
2026/05/28 23:00:10.835913 未中奖
2026/05/28 23:00:10.835913 未中奖
2026/05/28 23:00:10.835913 未中奖
2026/05/28 23:00:10.835913 未中奖
2026/05/28 23:00:10.835913 未中奖
2026/05/28 23:00:10.835913 未中奖
2026/05/28 23:00:10.835913 未中奖
2026/05/28 23:00:10.835913 未中奖
2026/05/28 23:00:10.835913 奖品已发完
2026/05/28 23:00:10.835913 未中奖
2026/05/28 23:00:10.835913 未中奖
2026/05/28 23:00:10.835913 未中奖
2026/05/28 23:00:10.835913 未中奖
2026/05/28 23:00:10.835913 未中奖
2026/05/28 23:00:10.835913 奖品已发完
2026/05/28 23:00:10.835913 未中奖
2026/05/28 23:00:10.835913 未中奖
2026/05/28 23:00:10.835913 未中奖
2026/05/28 23:00:10.835913 未中奖
2026/05/28 23:00:10.835913 未中奖
2026/05/28 23:00:10.835913 未中奖
2026/05/28 23:00:10.835913 未中奖
2026/05/28 23:00:10.835913 未中奖
2026/05/28 23:00:10.835913 未中奖
2026/05/28 23:00:10.835913 未中奖
2026/05/28 23:00:10.835913 未中奖
2026/05/28 23:00:10.835913 未中奖
2026/05/28 23:00:10.835913 未中奖
2026/05/28 23:00:10.835913 未中奖
2026/05/28 23:00:10.835913 未中奖
2026/05/28 23:00:10.835913 未中奖
2026/05/28 23:00:10.835913 未中奖
2026/05/28 23:00:10.835913 未中奖
2026/05/28 23:00:10.835913 未中奖
2026/05/28 23:00:10.835913 奖品已发完
2026/05/28 23:00:10.835913 未中奖
2026/05/28 23:00:10.835913 未中奖
2026/05/28 23:00:10.835913 未中奖
2026/05/28 23:00:10.835913 未中奖
2026/05/28 23:00:10.835913 奖品已发完
2026/05/28 23:00:10.835913 未中奖
2026/05/28 23:00:10.835913 未中奖
2026/05/28 23:00:10.835913 未中奖
2026/05/28 23:00:10.835913 未中奖
2026/05/28 23:00:10.835913 未中奖
2026/05/28 23:00:10.835913 未中奖
2026/05/28 23:00:10.835913 未中奖
2026/05/28 23:00:10.835913 奖品已发完
2026/05/28 23:00:10.835913 未中奖
2026/05/28 23:00:10.835913 未中奖
2026/05/28 23:00:10.835913 未中奖
2026/05/28 23:00:10.835913 未中奖
2026/05/28 23:00:10.835913 未中奖
2026/05/28 23:00:10.835913 奖品已发完
2026/05/28 23:00:10.835913 未中奖
2026/05/28 23:00:10.835913 未中奖
2026/05/28 23:00:10.835913 未中奖
2026/05/28 23:00:10.835913 未中奖
2026/05/28 23:00:10.835913 未中奖
2026/05/28 23:00:10.835913 未中奖
2026/05/28 23:00:10.835913 未中奖
2026/05/28 23:00:10.835913 未中奖
2026/05/28 23:00:10.835913 奖品已发完
2026/05/28 23:00:10.835913 未中奖
2026/05/28 23:00:10.835913 未中奖
2026/05/28 23:00:10.835913 未中奖
2026/05/28 23:00:10.835913 奖品已发完
2026/05/28 23:00:10.835913 未中奖
2026/05/28 23:00:10.835913 未中奖
2026/05/28 23:00:10.835913 未中奖
2026/05/28 23:00:10.835913 未中奖
2026/05/28 23:00:10.835913 未中奖
2026/05/28 23:00:10.835913 未中奖
2026/05/28 23:00:10.835913 奖品已发完
2026/05/28 23:00:10.835913 未中奖
2026/05/28 23:00:10.835913 奖品已发完
2026/05/28 23:00:10.835913 未中奖
2026/05/28 23:00:10.835913 未中奖
2026/05/28 23:00:10.835913 未中奖
2026/05/28 23:00:10.835913 未中奖
2026/05/28 23:00:10.835913 奖品已发完
2026/05/28 23:00:10.835913 未中奖
2026/05/28 23:00:10.835913 未中奖
2026/05/28 23:00:10.835913 未中奖
2026/05/28 23:00:10.835913 未中奖
2026/05/28 23:00:10.835913 未中奖
2026/05/28 23:00:10.835913 未中奖
2026/05/28 23:00:10.835913 未中奖
2026/05/28 23:00:10.835913 未中奖
2026/05/28 23:00:10.835913 未中奖
2026/05/28 23:00:10.836932 未中奖
2026/05/28 23:00:10.836932 未中奖
2026/05/28 23:00:10.836932 未中奖
2026/05/28 23:00:10.836932 奖品已发完
2026/05/28 23:00:10.836932 未中奖
2026/05/28 23:00:10.836932 未中奖
2026/05/28 23:00:10.836932 未中奖
2026/05/28 23:00:10.836932 未中奖
2026/05/28 23:00:10.836932 未中奖
2026/05/28 23:00:10.836932 未中奖
2026/05/28 23:00:10.836932 未中奖
2026/05/28 23:00:10.836932 奖品已发完
2026/05/28 23:00:10.836932 未中奖
2026/05/28 23:00:10.836932 未中奖
2026/05/28 23:00:10.836932 未中奖
2026/05/28 23:00:10.836932 未中奖
2026/05/28 23:00:10.836932 未中奖
2026/05/28 23:00:10.836932 未中奖
2026/05/28 23:00:10.836932 未中奖
2026/05/28 23:00:10.836932 未中奖
2026/05/28 23:00:10.836932 未中奖
2026/05/28 23:00:10.836932 未中奖
2026/05/28 23:00:10.836932 未中奖
2026/05/28 23:00:10.836932 未中奖
2026/05/28 23:00:10.836932 未中奖
2026/05/28 23:00:10.836932 未中奖
2026/05/28 23:00:10.836932 未中奖
2026/05/28 23:00:10.836932 未中奖
2026/05/28 23:00:10.836932 未中奖
2026/05/28 23:00:10.836932 奖品已发完
2026/05/28 23:00:10.836932 未中奖
2026/05/28 23:00:10.836932 未中奖
2026/05/28 23:00:10.836932 未中奖
2026/05/28 23:00:10.836932 未中奖
2026/05/28 23:00:10.836932 未中奖
2026/05/28 23:00:10.836932 未中奖
2026/05/28 23:00:10.836932 未中奖
2026/05/28 23:00:10.836932 未中奖
2026/05/28 23:00:10.836932 未中奖
2026/05/28 23:00:10.836932 未中奖
2026/05/28 23:00:10.836932 未中奖
2026/05/28 23:00:10.836932 未中奖
2026/05/28 23:00:10.836932 奖品已发完
2026/05/28 23:00:10.836932 未中奖
2026/05/28 23:00:10.836932 未中奖
2026/05/28 23:00:10.836932 未中奖
2026/05/28 23:00:10.836932 未中奖
2026/05/28 23:00:10.836932 未中奖
2026/05/28 23:00:10.836932 未中奖
2026/05/28 23:00:10.836932 未中奖
2026/05/28 23:00:10.836932 未中奖
2026/05/28 23:00:10.836932 未中奖
2026/05/28 23:00:10.836932 未中奖
2026/05/28 23:00:10.836932 未中奖
2026/05/28 23:00:10.836932 未中奖
2026/05/28 23:00:10.836932 未中奖
2026/05/28 23:00:10.836932 未中奖
2026/05/28 23:00:10.836932 未中奖
2026/05/28 23:00:10.836932 未中奖
2026/05/28 23:00:10.836932 未中奖
2026/05/28 23:00:10.836932 未中奖
2026/05/28 23:00:10.836932 未中奖
2026/05/28 23:00:10.836932 未中奖
2026/05/28 23:00:10.836932 未中奖
2026/05/28 23:00:10.836932 未中奖
2026/05/28 23:00:10.836932 未中奖
2026/05/28 23:00:10.836932 未中奖
2026/05/28 23:00:10.836932 未中奖
2026/05/28 23:00:10.836932 未中奖
2026/05/28 23:00:10.836932 未中奖
2026/05/28 23:00:10.836932 未中奖
2026/05/28 23:00:10.836932 奖品已发完
2026/05/28 23:00:10.836932 未中奖
2026/05/28 23:00:10.836932 未中奖
2026/05/28 23:00:10.836932 未中奖
2026/05/28 23:00:10.836932 未中奖
2026/05/28 23:00:10.836932 未中奖
2026/05/28 23:00:10.836932 未中奖
2026/05/28 23:00:10.836932 未中奖
2026/05/28 23:00:10.836932 未中奖
2026/05/28 23:00:10.836932 奖品已发完
2026/05/28 23:00:10.836932 未中奖
2026/05/28 23:00:10.836932 未中奖
2026/05/28 23:00:10.836932 奖品已发完
2026/05/28 23:00:10.836932 未中奖
2026/05/28 23:00:10.836932 未中奖
2026/05/28 23:00:10.837939 未中奖
2026/05/28 23:00:10.837939 奖品已发完
2026/05/28 23:00:10.837939 未中奖
2026/05/28 23:00:10.837939 未中奖
2026/05/28 23:00:10.837939 未中奖
2026/05/28 23:00:10.837939 未中奖
2026/05/28 23:00:10.837939 未中奖
2026/05/28 23:00:10.837939 未中奖
2026/05/28 23:00:10.837939 未中奖
2026/05/28 23:00:10.837939 未中奖
2026/05/28 23:00:10.837939 未中奖
2026/05/28 23:00:10.837939 未中奖
2026/05/28 23:00:10.837939 未中奖
2026/05/28 23:00:10.837939 未中奖
2026/05/28 23:00:10.837939 未中奖
2026/05/28 23:00:10.837939 未中奖
2026/05/28 23:00:10.837939 未中奖
2026/05/28 23:00:10.837939 未中奖
2026/05/28 23:00:10.837939 未中奖
2026/05/28 23:00:10.837939 未中奖
2026/05/28 23:00:10.837939 未中奖
2026/05/28 23:00:10.837939 未中奖
2026/05/28 23:00:10.837939 未中奖
2026/05/28 23:00:10.837939 未中奖
2026/05/28 23:00:10.837939 未中奖
2026/05/28 23:00:10.837939 奖品已发完
2026/05/28 23:00:10.837939 未中奖
2026/05/28 23:00:10.837939 未中奖
2026/05/28 23:00:10.837939 未中奖
2026/05/28 23:00:10.837939 未中奖
2026/05/28 23:00:10.837939 未中奖
2026/05/28 23:00:10.837939 未中奖
2026/05/28 23:00:10.837939 奖品已发完
2026/05/28 23:00:10.837939 未中奖
2026/05/28 23:00:10.837939 未中奖
2026/05/28 23:00:10.837939 未中奖
2026/05/28 23:00:10.837939 未中奖
2026/05/28 23:00:10.837939 未中奖
2026/05/28 23:00:10.837939 未中奖
2026/05/28 23:00:10.837939 未中奖
2026/05/28 23:00:10.837939 未中奖
2026/05/28 23:00:10.837939 未中奖
2026/05/28 23:00:10.837939 未中奖
2026/05/28 23:00:10.838446 奖品已发完
2026/05/28 23:00:10.838446 未中奖
2026/05/28 23:00:10.838446 未中奖
2026/05/28 23:00:10.838446 未中奖
2026/05/28 23:00:10.838446 奖品已发完
2026/05/28 23:00:10.838446 未中奖
2026/05/28 23:00:10.838446 未中奖
2026/05/28 23:00:10.838446 未中奖
2026/05/28 23:00:10.838446 未中奖
2026/05/28 23:00:10.838446 奖品已发完
2026/05/28 23:00:10.838446 未中奖
2026/05/28 23:00:10.838446 未中奖
2026/05/28 23:00:10.838446 未中奖
2026/05/28 23:00:10.838446 奖品已发完
2026/05/28 23:00:10.838446 未中奖
2026/05/28 23:00:10.838446 未中奖
2026/05/28 23:00:10.838446 未中奖
2026/05/28 23:00:10.838446 未中奖
2026/05/28 23:00:10.838446 奖品已发完
2026/05/28 23:00:10.838446 未中奖
2026/05/28 23:00:10.838446 奖品已发完
2026/05/28 23:00:10.838446 未中奖
2026/05/28 23:00:10.838446 未中奖
2026/05/28 23:00:10.838446 未中奖
2026/05/28 23:00:10.838446 未中奖
2026/05/28 23:00:10.838446 未中奖
2026/05/28 23:00:10.838446 未中奖
2026/05/28 23:00:10.838446 未中奖
2026/05/28 23:00:10.838446 未中奖
2026/05/28 23:00:10.838446 未中奖
2026/05/28 23:00:10.838446 未中奖
2026/05/28 23:00:10.838446 未中奖
2026/05/28 23:00:10.838446 未中奖
2026/05/28 23:00:10.838446 未中奖
2026/05/28 23:00:10.838446 未中奖
2026/05/28 23:00:10.838446 未中奖
2026/05/28 23:00:10.838446 未中奖
2026/05/28 23:00:10.838446 奖品已发完
2026/05/28 23:00:10.838446 未中奖
2026/05/28 23:00:10.838446 未中奖
2026/05/28 23:00:10.838446 奖品已发完
2026/05/28 23:00:10.838446 未中奖
2026/05/28 23:00:10.838446 未中奖
2026/05/28 23:00:10.838446 未中奖
2026/05/28 23:00:10.838446 未中奖
2026/05/28 23:00:10.838446 未中奖
2026/05/28 23:00:10.838446 未中奖
2026/05/28 23:00:10.838446 奖品已发完
2026/05/28 23:00:10.838446 奖品已发完
2026/05/28 23:00:10.838446 未中奖
2026/05/28 23:00:10.838446 未中奖
2026/05/28 23:00:10.838446 未中奖
2026/05/28 23:00:10.838446 未中奖
2026/05/28 23:00:10.838446 未中奖
2026/05/28 23:00:10.838446 未中奖
2026/05/28 23:00:10.838446 未中奖
2026/05/28 23:00:10.838446 未中奖
2026/05/28 23:00:10.838446 未中奖
2026/05/28 23:00:10.838446 奖品已发完
2026/05/28 23:00:10.838446 未中奖
2026/05/28 23:00:10.838446 未中奖
2026/05/28 23:00:10.838446 未中奖
2026/05/28 23:00:10.838446 未中奖
2026/05/28 23:00:10.838446 未中奖
2026/05/28 23:00:10.838446 未中奖
2026/05/28 23:00:10.838446 未中奖
2026/05/28 23:00:10.838446 未中奖
2026/05/28 23:00:10.838446 未中奖
2026/05/28 23:00:10.838446 未中奖
2026/05/28 23:00:10.838446 未中奖
2026/05/28 23:00:10.838446 未中奖
2026/05/28 23:00:10.838446 未中奖
2026/05/28 23:00:10.838446 未中奖
2026/05/28 23:00:10.838446 未中奖
2026/05/28 23:00:10.838446 未中奖
2026/05/28 23:00:10.838446 未中奖
2026/05/28 23:00:10.838446 未中奖
2026/05/28 23:00:10.838446 未中奖
2026/05/28 23:00:10.838446 未中奖
2026/05/28 23:00:10.838446 奖品已发完
2026/05/28 23:00:10.838446 奖品已发完
2026/05/28 23:00:10.838446 未中奖
2026/05/28 23:00:10.838446 未中奖
2026/05/28 23:00:10.838446 未中奖
2026/05/28 23:00:10.838446 未中奖
2026/05/28 23:00:10.838446 未中奖
2026/05/28 23:00:10.838446 未中奖
2026/05/28 23:00:10.838446 奖品已发完
2026/05/28 23:00:10.838446 未中奖
2026/05/28 23:00:10.838446 未中奖
2026/05/28 23:00:10.838446 未中奖
2026/05/28 23:00:10.838446 未中奖
2026/05/28 23:00:10.838446 未中奖
2026/05/28 23:00:10.838446 未中奖
2026/05/28 23:00:10.838446 奖品已发完
2026/05/28 23:00:10.838446 未中奖
2026/05/28 23:00:10.838446 未中奖
2026/05/28 23:00:10.838446 未中奖
2026/05/28 23:00:10.838446 未中奖
2026/05/28 23:00:10.838446 奖品已发完
2026/05/28 23:00:10.838446 奖品已发完
2026/05/28 23:00:10.838446 未中奖
2026/05/28 23:00:10.838446 未中奖
2026/05/28 23:00:10.838446 未中奖
2026/05/28 23:00:10.838446 未中奖
2026/05/28 23:00:10.838446 未中奖
2026/05/28 23:00:10.838446 未中奖
2026/05/28 23:00:10.838446 奖品已发完
2026/05/28 23:00:10.838446 奖品已发完
2026/05/28 23:00:10.838446 未中奖
2026/05/28 23:00:10.838446 奖品已发完
2026/05/28 23:00:10.838446 未中奖
2026/05/28 23:00:10.838446 未中奖
2026/05/28 23:00:10.838446 未中奖
2026/05/28 23:00:10.838446 未中奖
2026/05/28 23:00:10.838446 未中奖
2026/05/28 23:00:10.838446 未中奖
2026/05/28 23:00:10.838446 未中奖
2026/05/28 23:00:10.838446 未中奖
2026/05/28 23:00:10.838446 未中奖
2026/05/28 23:00:10.838446 未中奖
2026/05/28 23:00:10.838446 未中奖
2026/05/28 23:00:10.838446 未中奖
2026/05/28 23:00:10.838446 未中奖
2026/05/28 23:00:10.838446 未中奖
2026/05/28 23:00:10.838446 未中奖
2026/05/28 23:00:10.838446 未中奖
2026/05/28 23:00:10.838446 未中奖
2026/05/28 23:00:10.838446 未中奖
2026/05/28 23:00:10.838446 未中奖
2026/05/28 23:00:10.838446 未中奖
2026/05/28 23:00:10.838446 未中奖
2026/05/28 23:00:10.838446 未中奖
2026/05/28 23:00:10.838446 未中奖
2026/05/28 23:00:10.839977 未中奖
2026/05/28 23:00:10.839977 未中奖
2026/05/28 23:00:10.839977 未中奖
2026/05/28 23:00:10.839977 未中奖
2026/05/28 23:00:10.839977 未中奖
2026/05/28 23:00:10.839977 未中奖
2026/05/28 23:00:10.839977 未中奖
2026/05/28 23:00:10.839977 未中奖
2026/05/28 23:00:10.839977 未中奖
2026/05/28 23:00:10.839977 未中奖
2026/05/28 23:00:10.839977 未中奖
2026/05/28 23:00:10.839977 奖品已发完
2026/05/28 23:00:10.839977 未中奖
2026/05/28 23:00:10.839977 未中奖
2026/05/28 23:00:10.839977 未中奖
2026/05/28 23:00:10.839977 未中奖
2026/05/28 23:00:10.839977 未中奖
2026/05/28 23:00:10.839977 未中奖
2026/05/28 23:00:10.839977 未中奖
2026/05/28 23:00:10.839977 未中奖
2026/05/28 23:00:10.839977 未中奖
2026/05/28 23:00:10.839977 未中奖
2026/05/28 23:00:10.839977 未中奖
2026/05/28 23:00:10.839977 未中奖
2026/05/28 23:00:10.839977 未中奖
2026/05/28 23:00:10.839977 未中奖
2026/05/28 23:00:10.839977 未中奖
2026/05/28 23:00:10.839977 奖品已发完
2026/05/28 23:00:10.839977 未中奖
2026/05/28 23:00:10.839977 奖品已发完
2026/05/28 23:00:10.839977 未中奖
2026/05/28 23:00:10.839977 未中奖
2026/05/28 23:00:10.839977 未中奖
2026/05/28 23:00:10.839977 奖品已发完
2026/05/28 23:00:10.839977 未中奖
2026/05/28 23:00:10.839977 奖品已发完
2026/05/28 23:00:10.839977 未中奖
2026/05/28 23:00:10.839977 未中奖
2026/05/28 23:00:10.839977 未中奖
2026/05/28 23:00:10.839977 未中奖
2026/05/28 23:00:10.839977 未中奖
2026/05/28 23:00:10.839977 未中奖
2026/05/28 23:00:10.839977 未中奖
2026/05/28 23:00:10.839977 奖品已发完
2026/05/28 23:00:10.839977 未中奖
2026/05/28 23:00:10.839977 奖品已发完
2026/05/28 23:00:10.839977 未中奖
2026/05/28 23:00:10.839977 未中奖
2026/05/28 23:00:10.839977 未中奖
2026/05/28 23:00:10.839977 未中奖
2026/05/28 23:00:10.839977 未中奖
2026/05/28 23:00:10.839977 未中奖
2026/05/28 23:00:10.839977 未中奖
2026/05/28 23:00:10.839977 未中奖
2026/05/28 23:00:10.839977 未中奖
2026/05/28 23:00:10.839977 未中奖
2026/05/28 23:00:10.839977 未中奖
2026/05/28 23:00:10.839977 未中奖
2026/05/28 23:00:10.839977 未中奖
2026/05/28 23:00:10.840485 未中奖
2026/05/28 23:00:10.840485 未中奖
2026/05/28 23:00:10.840485 未中奖
2026/05/28 23:00:10.840485 奖品已发完
2026/05/28 23:00:10.840485 未中奖
2026/05/28 23:00:10.840485 奖品已发完
2026/05/28 23:00:10.840485 未中奖
2026/05/28 23:00:10.840485 奖品已发完
2026/05/28 23:00:10.840485 未中奖
2026/05/28 23:00:10.840485 奖品已发完
2026/05/28 23:00:10.840485 未中奖
2026/05/28 23:00:10.840485 未中奖
2026/05/28 23:00:10.840485 未中奖
2026/05/28 23:00:10.840485 未中奖
2026/05/28 23:00:10.840485 未中奖
2026/05/28 23:00:10.840485 奖品已发完
2026/05/28 23:00:10.840485 奖品已发完
2026/05/28 23:00:10.840485 未中奖
2026/05/28 23:00:10.840485 未中奖
2026/05/28 23:00:10.840485 奖品已发完
2026/05/28 23:00:10.840485 未中奖
2026/05/28 23:00:10.840485 未中奖
2026/05/28 23:00:10.840485 未中奖
2026/05/28 23:00:10.840485 未中奖
2026/05/28 23:00:10.840485 未中奖
2026/05/28 23:00:10.840485 未中奖
2026/05/28 23:00:10.840485 未中奖
2026/05/28 23:00:10.840485 未中奖
2026/05/28 23:00:10.840485 未中奖
2026/05/28 23:00:10.840485 未中奖
2026/05/28 23:00:10.840485 未中奖
2026/05/28 23:00:10.840485 未中奖
2026/05/28 23:00:10.840485 未中奖
2026/05/28 23:00:10.840485 未中奖
2026/05/28 23:00:10.840485 未中奖
2026/05/28 23:00:10.840485 未中奖
2026/05/28 23:00:10.840485 未中奖
2026/05/28 23:00:10.840485 未中奖
2026/05/28 23:00:10.840485 未中奖
2026/05/28 23:00:10.840485 未中奖
2026/05/28 23:00:10.840485 未中奖
2026/05/28 23:00:10.840485 未中奖
2026/05/28 23:00:10.840485 未中奖
2026/05/28 23:00:10.840485 未中奖
2026/05/28 23:00:10.840485 未中奖
2026/05/28 23:00:10.840485 未中奖
2026/05/28 23:00:10.840485 未中奖
2026/05/28 23:00:10.840485 未中奖
2026/05/28 23:00:10.840485 未中奖
2026/05/28 23:00:10.840485 未中奖
2026/05/28 23:00:10.840485 未中奖
2026/05/28 23:00:10.840485 未中奖
2026/05/28 23:00:10.840485 未中奖
2026/05/28 23:00:10.840485 未中奖
2026/05/28 23:00:10.840485 未中奖
2026/05/28 23:00:10.840485 未中奖
2026/05/28 23:00:10.840485 奖品已发完
2026/05/28 23:00:10.840485 未中奖
2026/05/28 23:00:10.840485 奖品已发完
2026/05/28 23:00:10.840485 未中奖
2026/05/28 23:00:10.840485 未中奖
2026/05/28 23:00:10.840485 未中奖
2026/05/28 23:00:10.840485 未中奖
2026/05/28 23:00:10.840485 未中奖
2026/05/28 23:00:10.840485 未中奖
2026/05/28 23:00:10.840485 未中奖
2026/05/28 23:00:10.840485 未中奖
2026/05/28 23:00:10.840485 未中奖
2026/05/28 23:00:10.840485 未中奖
2026/05/28 23:00:10.840485 未中奖
2026/05/28 23:00:10.840485 奖品已发完
2026/05/28 23:00:10.840485 未中奖
2026/05/28 23:00:10.840485 未中奖
2026/05/28 23:00:10.840485 未中奖
2026/05/28 23:00:10.840485 未中奖
2026/05/28 23:00:10.840485 未中奖
2026/05/28 23:00:10.840485 未中奖
2026/05/28 23:00:10.840485 未中奖
2026/05/28 23:00:10.840485 未中奖
2026/05/28 23:00:10.840485 未中奖
2026/05/28 23:00:10.840485 未中奖
2026/05/28 23:00:10.840485 未中奖
2026/05/28 23:00:10.840485 未中奖
2026/05/28 23:00:10.840485 未中奖
2026/05/28 23:00:10.840485 未中奖
2026/05/28 23:00:10.840485 未中奖
2026/05/28 23:00:10.840485 奖品已发完
2026/05/28 23:00:10.840485 未中奖
2026/05/28 23:00:10.840485 未中奖
2026/05/28 23:00:10.840485 未中奖
2026/05/28 23:00:10.840485 未中奖
2026/05/28 23:00:10.840485 未中奖
2026/05/28 23:00:10.840485 奖品已发完
2026/05/28 23:00:10.840485 奖品已发完
2026/05/28 23:00:10.840485 未中奖
2026/05/28 23:00:10.840485 未中奖
2026/05/28 23:00:10.840485 未中奖
2026/05/28 23:00:10.840485 未中奖
2026/05/28 23:00:10.840485 未中奖
2026/05/28 23:00:10.840485 未中奖
2026/05/28 23:00:10.840485 未中奖
2026/05/28 23:00:10.840485 未中奖
2026/05/28 23:00:10.840485 未中奖
2026/05/28 23:00:10.840485 奖品已发完
2026/05/28 23:00:10.840485 未中奖
2026/05/28 23:00:10.840485 未中奖
2026/05/28 23:00:10.840485 未中奖
2026/05/28 23:00:10.840485 未中奖
2026/05/28 23:00:10.840485 未中奖
2026/05/28 23:00:10.840485 未中奖
2026/05/28 23:00:10.840485 未中奖
2026/05/28 23:00:10.840485 未中奖
2026/05/28 23:00:10.840485 未中奖
2026/05/28 23:00:10.840485 未中奖
2026/05/28 23:00:10.840485 未中奖
2026/05/28 23:00:10.840485 未中奖
2026/05/28 23:00:10.840485 未中奖
2026/05/28 23:00:10.840485 未中奖
2026/05/28 23:00:10.840485 未中奖
2026/05/28 23:00:10.840485 未中奖
2026/05/28 23:00:10.840485 未中奖
2026/05/28 23:00:10.840485 未中奖
2026/05/28 23:00:10.840485 未中奖
2026/05/28 23:00:10.840485 奖品已发完
2026/05/28 23:00:10.840485 未中奖
2026/05/28 23:00:10.840485 未中奖
2026/05/28 23:00:10.840485 未中奖
2026/05/28 23:00:10.840485 未中奖
2026/05/28 23:00:10.840485 未中奖
2026/05/28 23:00:10.840485 未中奖
2026/05/28 23:00:10.840485 未中奖
2026/05/28 23:00:10.840485 未中奖
2026/05/28 23:00:10.840485 未中奖
2026/05/28 23:00:10.840485 未中奖
2026/05/28 23:00:10.840485 未中奖
2026/05/28 23:00:10.840485 未中奖
2026/05/28 23:00:10.840485 未中奖
2026/05/28 23:00:10.840485 未中奖
2026/05/28 23:00:10.840485 未中奖
2026/05/28 23:00:10.840485 未中奖
2026/05/28 23:00:10.840485 未中奖
2026/05/28 23:00:10.840485 未中奖
2026/05/28 23:00:10.840485 未中奖
2026/05/28 23:00:10.840485 未中奖
2026/05/28 23:00:10.840485 未中奖
2026/05/28 23:00:10.840485 未中奖
2026/05/28 23:00:10.840485 未中奖
2026/05/28 23:00:10.840485 未中奖
2026/05/28 23:00:10.840485 未中奖
2026/05/28 23:00:10.840485 未中奖
2026/05/28 23:00:10.840485 未中奖
2026/05/28 23:00:10.840485 未中奖
2026/05/28 23:00:10.840485 未中奖
2026/05/28 23:00:10.840485 未中奖
2026/05/28 23:00:10.840485 未中奖
2026/05/28 23:00:10.840485 未中奖
2026/05/28 23:00:10.840485 奖品已发完
2026/05/28 23:00:10.840485 未中奖
2026/05/28 23:00:10.840485 未中奖
2026/05/28 23:00:10.840485 未中奖
2026/05/28 23:00:10.840485 未中奖
2026/05/28 23:00:10.840485 未中奖
2026/05/28 23:00:10.840485 未中奖
2026/05/28 23:00:10.840485 未中奖
2026/05/28 23:00:10.840485 未中奖
2026/05/28 23:00:10.840485 未中奖
2026/05/28 23:00:10.840485 未中奖
2026/05/28 23:00:10.840485 未中奖
2026/05/28 23:00:10.840485 未中奖
2026/05/28 23:00:10.840485 未中奖
2026/05/28 23:00:10.841668 未中奖
2026/05/28 23:00:10.841668 奖品已发完
2026/05/28 23:00:10.841668 未中奖
2026/05/28 23:00:10.841668 未中奖
2026/05/28 23:00:10.841668 未中奖
2026/05/28 23:00:10.841668 未中奖
2026/05/28 23:00:10.841668 未中奖
2026/05/28 23:00:10.841668 未中奖
2026/05/28 23:00:10.841668 未中奖
2026/05/28 23:00:10.841668 未中奖
2026/05/28 23:00:10.841668 未中奖
2026/05/28 23:00:10.841668 未中奖
2026/05/28 23:00:10.841668 未中奖
2026/05/28 23:00:10.841668 未中奖
2026/05/28 23:00:10.841668 未中奖
2026/05/28 23:00:10.841668 未中奖
2026/05/28 23:00:10.841668 未中奖
2026/05/28 23:00:10.841668 未中奖
2026/05/28 23:00:10.841668 未中奖
2026/05/28 23:00:10.841668 未中奖
2026/05/28 23:00:10.841668 未中奖
2026/05/28 23:00:10.841668 未中奖
2026/05/28 23:00:10.841668 未中奖
2026/05/28 23:00:10.841668 未中奖
2026/05/28 23:00:10.841668 未中奖
2026/05/28 23:00:10.841668 奖品已发完
2026/05/28 23:00:10.841668 未中奖
2026/05/28 23:00:10.841668 未中奖
2026/05/28 23:00:10.841668 未中奖
2026/05/28 23:00:10.841668 未中奖
2026/05/28 23:00:10.841668 未中奖
2026/05/28 23:00:10.841668 未中奖
2026/05/28 23:00:10.841668 未中奖
2026/05/28 23:00:10.841668 未中奖
2026/05/28 23:00:10.841668 未中奖
2026/05/28 23:00:10.841668 未中奖
2026/05/28 23:00:10.841668 奖品已发完
2026/05/28 23:00:10.841668 未中奖
2026/05/28 23:00:10.841668 未中奖
2026/05/28 23:00:10.841668 未中奖
2026/05/28 23:00:10.841668 未中奖
2026/05/28 23:00:10.841668 未中奖
2026/05/28 23:00:10.841668 未中奖
2026/05/28 23:00:10.841668 奖品已发完
2026/05/28 23:00:10.841668 未中奖
2026/05/28 23:00:10.841668 未中奖
2026/05/28 23:00:10.841668 未中奖
2026/05/28 23:00:10.841668 未中奖
2026/05/28 23:00:10.841668 奖品已发完
2026/05/28 23:00:10.841668 未中奖
2026/05/28 23:00:10.841668 未中奖
2026/05/28 23:00:10.841668 未中奖
2026/05/28 23:00:10.841668 未中奖
2026/05/28 23:00:10.841668 未中奖
2026/05/28 23:00:10.841668 未中奖
2026/05/28 23:00:10.841668 未中奖
2026/05/28 23:00:10.841668 奖品已发完
2026/05/28 23:00:10.841668 未中奖
2026/05/28 23:00:10.841668 未中奖
2026/05/28 23:00:10.841668 未中奖
2026/05/28 23:00:10.841668 未中奖
2026/05/28 23:00:10.841668 未中奖
2026/05/28 23:00:10.841668 未中奖
2026/05/28 23:00:10.841668 未中奖
2026/05/28 23:00:10.841668 未中奖
2026/05/28 23:00:10.841668 未中奖
2026/05/28 23:00:10.841668 未中奖
2026/05/28 23:00:10.841668 未中奖
2026/05/28 23:00:10.841668 未中奖
2026/05/28 23:00:10.841668 未中奖
2026/05/28 23:00:10.841668 未中奖
2026/05/28 23:00:10.841668 未中奖
2026/05/28 23:00:10.841668 未中奖
2026/05/28 23:00:10.841668 未中奖
2026/05/28 23:00:10.841668 未中奖
2026/05/28 23:00:10.841668 未中奖
2026/05/28 23:00:10.841668 未中奖
2026/05/28 23:00:10.841668 未中奖
2026/05/28 23:00:10.841668 未中奖
2026/05/28 23:00:10.841668 未中奖
2026/05/28 23:00:10.841668 未中奖
2026/05/28 23:00:10.841668 未中奖
2026/05/28 23:00:10.841668 未中奖
2026/05/28 23:00:10.841668 未中奖
2026/05/28 23:00:10.841668 未中奖
2026/05/28 23:00:10.841668 未中奖
2026/05/28 23:00:10.841668 奖品已发完
2026/05/28 23:00:10.841668 未中奖
2026/05/28 23:00:10.841668 未中奖
2026/05/28 23:00:10.841668 未中奖
2026/05/28 23:00:10.841668 未中奖
2026/05/28 23:00:10.841668 未中奖
2026/05/28 23:00:10.841668 未中奖
2026/05/28 23:00:10.841668 未中奖
2026/05/28 23:00:10.841668 奖品已发完
2026/05/28 23:00:10.841668 未中奖
2026/05/28 23:00:10.841668 未中奖
2026/05/28 23:00:10.841668 未中奖
2026/05/28 23:00:10.841668 未中奖
2026/05/28 23:00:10.841668 未中奖
2026/05/28 23:00:10.841668 未中奖
2026/05/28 23:00:10.841668 未中奖
2026/05/28 23:00:10.841668 未中奖
2026/05/28 23:00:10.841668 未中奖
2026/05/28 23:00:10.841668 未中奖
2026/05/28 23:00:10.841668 奖品已发完
2026/05/28 23:00:10.841668 未中奖
2026/05/28 23:00:10.841668 未中奖
2026/05/28 23:00:10.841668 未中奖
2026/05/28 23:00:10.841668 未中奖
2026/05/28 23:00:10.841668 未中奖
2026/05/28 23:00:10.841668 未中奖
2026/05/28 23:00:10.841668 奖品已发完
2026/05/28 23:00:10.841668 未中奖
2026/05/28 23:00:10.841668 未中奖
2026/05/28 23:00:10.841668 未中奖
2026/05/28 23:00:10.841668 未中奖
2026/05/28 23:00:10.841668 未中奖
2026/05/28 23:00:10.841668 未中奖
2026/05/28 23:00:10.841668 奖品已发完
2026/05/28 23:00:10.841668 未中奖
2026/05/28 23:00:10.841668 奖品已发完
2026/05/28 23:00:10.841668 未中奖
2026/05/28 23:00:10.841668 未中奖
2026/05/28 23:00:10.841668 未中奖
2026/05/28 23:00:10.841668 未中奖
2026/05/28 23:00:10.841668 未中奖
2026/05/28 23:00:10.841668 未中奖
2026/05/28 23:00:10.841668 未中奖
2026/05/28 23:00:10.841668 未中奖
2026/05/28 23:00:10.841668 未中奖
2026/05/28 23:00:10.841668 未中奖
2026/05/28 23:00:10.841668 未中奖
2026/05/28 23:00:10.841668 未中奖
2026/05/28 23:00:10.841668 未中奖
2026/05/28 23:00:10.841668 未中奖
2026/05/28 23:00:10.841668 未中奖
2026/05/28 23:00:10.841668 未中奖
2026/05/28 23:00:10.841668 未中奖
2026/05/28 23:00:10.841668 未中奖
2026/05/28 23:00:10.841668 未中奖
2026/05/28 23:00:10.841668 未中奖
2026/05/28 23:00:10.841668 未中奖
2026/05/28 23:00:10.841668 未中奖
2026/05/28 23:00:10.841668 未中奖
2026/05/28 23:00:10.841668 未中奖
2026/05/28 23:00:10.841668 未中奖
2026/05/28 23:00:10.841668 奖品已发完
2026/05/28 23:00:10.841668 未中奖
2026/05/28 23:00:10.841668 奖品已发完
2026/05/28 23:00:10.841668 奖品已发完
2026/05/28 23:00:10.841668 未中奖
2026/05/28 23:00:10.841668 未中奖
2026/05/28 23:00:10.841668 未中奖
2026/05/28 23:00:10.841668 未中奖
2026/05/28 23:00:10.841668 未中奖
2026/05/28 23:00:10.841668 未中奖
2026/05/28 23:00:10.841668 未中奖
2026/05/28 23:00:10.841668 未中奖
2026/05/28 23:00:10.841668 未中奖
2026/05/28 23:00:10.841668 未中奖
2026/05/28 23:00:10.841668 奖品已发完
2026/05/28 23:00:10.841668 未中奖
2026/05/28 23:00:10.841668 未中奖
2026/05/28 23:00:10.841668 未中奖
2026/05/28 23:00:10.841668 未中奖
2026/05/28 23:00:10.841668 奖品已发完
2026/05/28 23:00:10.841668 未中奖
2026/05/28 23:00:10.841668 未中奖
2026/05/28 23:00:10.841668 未中奖
2026/05/28 23:00:10.841668 未中奖
2026/05/28 23:00:10.841668 未中奖
2026/05/28 23:00:10.841668 未中奖
2026/05/28 23:00:10.841668 未中奖
2026/05/28 23:00:10.841668 未中奖
2026/05/28 23:00:10.841668 未中奖
2026/05/28 23:00:10.841668 未中奖
2026/05/28 23:00:10.841668 未中奖
2026/05/28 23:00:10.841668 奖品已发完
2026/05/28 23:00:10.841668 未中奖
2026/05/28 23:00:10.841668 未中奖
2026/05/28 23:00:10.841668 未中奖
2026/05/28 23:00:10.843171 未中奖
2026/05/28 23:00:10.843171 未中奖
2026/05/28 23:00:10.843171 未中奖
2026/05/28 23:00:10.843171 未中奖
2026/05/28 23:00:10.843171 未中奖
2026/05/28 23:00:10.843171 未中奖
2026/05/28 23:00:10.843171 未中奖
2026/05/28 23:00:10.843171 未中奖
2026/05/28 23:00:10.843171 未中奖
2026/05/28 23:00:10.843171 未中奖
2026/05/28 23:00:10.843171 未中奖
2026/05/28 23:00:10.843171 未中奖
2026/05/28 23:00:10.843171 未中奖
2026/05/28 23:00:10.843171 未中奖
2026/05/28 23:00:10.843171 未中奖
2026/05/28 23:00:10.843171 未中奖
2026/05/28 23:00:10.843171 奖品已发完
2026/05/28 23:00:10.843171 未中奖
2026/05/28 23:00:10.843171 未中奖
2026/05/28 23:00:10.843171 未中奖
2026/05/28 23:00:10.843171 未中奖
2026/05/28 23:00:10.843171 未中奖
2026/05/28 23:00:10.843171 未中奖
2026/05/28 23:00:10.843171 未中奖
2026/05/28 23:00:10.843171 未中奖
2026/05/28 23:00:10.843171 未中奖
2026/05/28 23:00:10.843171 未中奖
2026/05/28 23:00:10.843171 未中奖
2026/05/28 23:00:10.843171 未中奖
2026/05/28 23:00:10.843171 未中奖
2026/05/28 23:00:10.843171 未中奖
2026/05/28 23:00:10.843171 奖品已发完
2026/05/28 23:00:10.843171 未中奖
2026/05/28 23:00:10.843171 未中奖
2026/05/28 23:00:10.843171 未中奖
2026/05/28 23:00:10.843171 未中奖
2026/05/28 23:00:10.843171 奖品已发完
2026/05/28 23:00:10.843171 未中奖
2026/05/28 23:00:10.843171 未中奖
2026/05/28 23:00:10.843171 未中奖
2026/05/28 23:00:10.843171 未中奖
2026/05/28 23:00:10.843171 奖品已发完
2026/05/28 23:00:10.843171 未中奖
2026/05/28 23:00:10.843171 未中奖
2026/05/28 23:00:10.843171 未中奖
2026/05/28 23:00:10.843171 未中奖
2026/05/28 23:00:10.843171 未中奖
2026/05/28 23:00:10.843171 未中奖
2026/05/28 23:00:10.843171 未中奖
2026/05/28 23:00:10.843171 奖品已发完
2026/05/28 23:00:10.843171 未中奖
2026/05/28 23:00:10.843171 奖品已发完
2026/05/28 23:00:10.843171 未中奖
2026/05/28 23:00:10.843684 未中奖
2026/05/28 23:00:10.843684 未中奖
2026/05/28 23:00:10.843684 未中奖
2026/05/28 23:00:10.843684 未中奖
2026/05/28 23:00:10.843684 未中奖
2026/05/28 23:00:10.843684 奖品已发完
2026/05/28 23:00:10.843684 未中奖
2026/05/28 23:00:10.843684 未中奖
2026/05/28 23:00:10.843684 未中奖
2026/05/28 23:00:10.843684 未中奖
2026/05/28 23:00:10.843684 奖品已发完
2026/05/28 23:00:10.843684 未中奖
2026/05/28 23:00:10.843684 未中奖
2026/05/28 23:00:10.843684 未中奖
2026/05/28 23:00:10.843684 未中奖
2026/05/28 23:00:10.843684 未中奖
2026/05/28 23:00:10.843684 奖品已发完
2026/05/28 23:00:10.843684 未中奖
2026/05/28 23:00:10.843684 未中奖
2026/05/28 23:00:10.843684 未中奖
2026/05/28 23:00:10.843684 未中奖
2026/05/28 23:00:10.843684 未中奖
2026/05/28 23:00:10.843684 未中奖
2026/05/28 23:00:10.843684 未中奖
2026/05/28 23:00:10.843684 未中奖
2026/05/28 23:00:10.843684 未中奖
2026/05/28 23:00:10.843684 未中奖
2026/05/28 23:00:10.843684 未中奖
2026/05/28 23:00:10.843684 奖品已发完
2026/05/28 23:00:10.843684 未中奖
2026/05/28 23:00:10.843684 奖品已发完
2026/05/28 23:00:10.843684 未中奖
2026/05/28 23:00:10.843684 未中奖
2026/05/28 23:00:10.843684 未中奖
2026/05/28 23:00:10.843684 未中奖
2026/05/28 23:00:10.843684 未中奖
2026/05/28 23:00:10.843684 未中奖
2026/05/28 23:00:10.843684 未中奖
2026/05/28 23:00:10.843684 奖品已发完
2026/05/28 23:00:10.843684 未中奖
2026/05/28 23:00:10.843684 未中奖
2026/05/28 23:00:10.843684 未中奖
2026/05/28 23:00:10.843684 未中奖
2026/05/28 23:00:10.843684 未中奖
2026/05/28 23:00:10.843684 未中奖
2026/05/28 23:00:10.843684 奖品已发完
2026/05/28 23:00:10.843684 未中奖
2026/05/28 23:00:10.843684 未中奖
2026/05/28 23:00:10.843684 未中奖
2026/05/28 23:00:10.843684 未中奖
2026/05/28 23:00:10.843684 未中奖
2026/05/28 23:00:10.843684 未中奖
2026/05/28 23:00:10.843684 未中奖
2026/05/28 23:00:10.843684 未中奖
2026/05/28 23:00:10.843684 未中奖
2026/05/28 23:00:10.843684 未中奖
2026/05/28 23:00:10.843684 未中奖
2026/05/28 23:00:10.843684 未中奖
2026/05/28 23:00:10.843684 未中奖
2026/05/28 23:00:10.843684 未中奖
2026/05/28 23:00:10.843684 未中奖
2026/05/28 23:00:10.843684 未中奖
2026/05/28 23:00:10.843684 未中奖
2026/05/28 23:00:10.843684 未中奖
2026/05/28 23:00:10.843684 未中奖
2026/05/28 23:00:10.843684 未中奖
2026/05/28 23:00:10.843684 未中奖
2026/05/28 23:00:10.843684 未中奖
2026/05/28 23:00:10.843684 未中奖
2026/05/28 23:00:10.843684 未中奖
2026/05/28 23:00:10.843684 未中奖
2026/05/28 23:00:10.843684 未中奖
2026/05/28 23:00:10.843684 未中奖
2026/05/28 23:00:10.843684 未中奖
2026/05/28 23:00:10.843684 奖品已发完
2026/05/28 23:00:10.843684 奖品已发完
2026/05/28 23:00:10.843684 未中奖
2026/05/28 23:00:10.843684 未中奖
2026/05/28 23:00:10.843684 未中奖
2026/05/28 23:00:10.843684 未中奖
2026/05/28 23:00:10.843684 未中奖
2026/05/28 23:00:10.843684 未中奖
2026/05/28 23:00:10.843684 未中奖
2026/05/28 23:00:10.843684 未中奖
2026/05/28 23:00:10.843684 奖品已发完
2026/05/28 23:00:10.843684 未中奖
2026/05/28 23:00:10.843684 未中奖
2026/05/28 23:00:10.843684 未中奖
2026/05/28 23:00:10.843684 未中奖
2026/05/28 23:00:10.843684 未中奖
2026/05/28 23:00:10.843684 未中奖
2026/05/28 23:00:10.843684 未中奖
2026/05/28 23:00:10.843684 未中奖
2026/05/28 23:00:10.843684 未中奖
2026/05/28 23:00:10.843684 未中奖
2026/05/28 23:00:10.843684 未中奖
2026/05/28 23:00:10.843684 未中奖
2026/05/28 23:00:10.843684 未中奖
2026/05/28 23:00:10.843684 未中奖
2026/05/28 23:00:10.843684 未中奖
2026/05/28 23:00:10.843684 未中奖
2026/05/28 23:00:10.843684 未中奖
2026/05/28 23:00:10.843684 未中奖
2026/05/28 23:00:10.843684 未中奖
2026/05/28 23:00:10.843684 未中奖
2026/05/28 23:00:10.843684 未中奖
2026/05/28 23:00:10.843684 未中奖
2026/05/28 23:00:10.843684 未中奖
2026/05/28 23:00:10.844689 未中奖
2026/05/28 23:00:10.844689 未中奖
2026/05/28 23:00:10.844689 未中奖
2026/05/28 23:00:10.844689 未中奖
2026/05/28 23:00:10.844689 未中奖
2026/05/28 23:00:10.844689 未中奖
2026/05/28 23:00:10.844689 未中奖
2026/05/28 23:00:10.844689 未中奖
2026/05/28 23:00:10.844689 未中奖
2026/05/28 23:00:10.844689 未中奖
2026/05/28 23:00:10.844689 未中奖
2026/05/28 23:00:10.844689 奖品已发完
2026/05/28 23:00:10.844689 奖品已发完
2026/05/28 23:00:10.844689 未中奖
2026/05/28 23:00:10.844689 未中奖
2026/05/28 23:00:10.844689 未中奖
2026/05/28 23:00:10.844689 未中奖
2026/05/28 23:00:10.844689 未中奖
2026/05/28 23:00:10.844689 未中奖
2026/05/28 23:00:10.844689 未中奖
2026/05/28 23:00:10.844689 未中奖
2026/05/28 23:00:10.844689 未中奖
2026/05/28 23:00:10.844689 未中奖
2026/05/28 23:00:10.844689 未中奖
2026/05/28 23:00:10.844689 奖品已发完
2026/05/28 23:00:10.844689 奖品已发完
2026/05/28 23:00:10.844689 未中奖
2026/05/28 23:00:10.844689 未中奖
2026/05/28 23:00:10.844689 奖品已发完
2026/05/28 23:00:10.844689 未中奖
2026/05/28 23:00:10.844689 未中奖
2026/05/28 23:00:10.844689 未中奖
2026/05/28 23:00:10.844689 未中奖
2026/05/28 23:00:10.844689 未中奖
2026/05/28 23:00:10.844689 奖品已发完
2026/05/28 23:00:10.844689 未中奖
2026/05/28 23:00:10.844689 未中奖
2026/05/28 23:00:10.844689 未中奖
2026/05/28 23:00:10.844689 未中奖
2026/05/28 23:00:10.844689 未中奖
2026/05/28 23:00:10.844689 未中奖
2026/05/28 23:00:10.845747 未中奖
2026/05/28 23:00:10.845747 未中奖
2026/05/28 23:00:10.845747 未中奖
2026/05/28 23:00:10.845747 未中奖
2026/05/28 23:00:10.845747 未中奖
2026/05/28 23:00:10.845747 未中奖
2026/05/28 23:00:10.845747 未中奖
2026/05/28 23:00:10.845747 未中奖
2026/05/28 23:00:10.845747 未中奖
2026/05/28 23:00:10.845747 未中奖
2026/05/28 23:00:10.845747 奖品已发完
2026/05/28 23:00:10.845747 未中奖
2026/05/28 23:00:10.845747 未中奖
2026/05/28 23:00:10.845747 未中奖
2026/05/28 23:00:10.845747 奖品已发完
2026/05/28 23:00:10.845747 奖品已发完
2026/05/28 23:00:10.845747 未中奖
2026/05/28 23:00:10.845747 未中奖
2026/05/28 23:00:10.845747 未中奖
2026/05/28 23:00:10.845747 未中奖
2026/05/28 23:00:10.845747 奖品已发完
2026/05/28 23:00:10.845747 未中奖
2026/05/28 23:00:10.845747 未中奖
2026/05/28 23:00:10.845747 未中奖
2026/05/28 23:00:10.845747 未中奖
2026/05/28 23:00:10.845747 未中奖
2026/05/28 23:00:10.845747 未中奖
2026/05/28 23:00:10.845747 未中奖
2026/05/28 23:00:10.845747 未中奖
2026/05/28 23:00:10.845747 未中奖
2026/05/28 23:00:10.845747 未中奖
2026/05/28 23:00:10.845747 未中奖
2026/05/28 23:00:10.845747 未中奖
2026/05/28 23:00:10.845747 未中奖
2026/05/28 23:00:10.845747 奖品已发完
2026/05/28 23:00:10.845747 未中奖
2026/05/28 23:00:10.845747 未中奖
2026/05/28 23:00:10.845747 未中奖
2026/05/28 23:00:10.845747 未中奖
2026/05/28 23:00:10.845747 奖品已发完
2026/05/28 23:00:10.845747 未中奖
2026/05/28 23:00:10.845747 未中奖
2026/05/28 23:00:10.845747 未中奖
2026/05/28 23:00:10.845747 未中奖
2026/05/28 23:00:10.845747 未中奖
2026/05/28 23:00:10.845747 未中奖
2026/05/28 23:00:10.845747 未中奖
2026/05/28 23:00:10.845747 未中奖
2026/05/28 23:00:10.845747 奖品已发完
2026/05/28 23:00:10.845747 未中奖
2026/05/28 23:00:10.845747 未中奖
2026/05/28 23:00:10.845747 奖品已发完
2026/05/28 23:00:10.845747 未中奖
2026/05/28 23:00:10.845747 未中奖
2026/05/28 23:00:10.845747 未中奖
2026/05/28 23:00:10.845747 未中奖
2026/05/28 23:00:10.845747 未中奖
2026/05/28 23:00:10.845747 未中奖
2026/05/28 23:00:10.845747 未中奖
2026/05/28 23:00:10.845747 未中奖
2026/05/28 23:00:10.845747 未中奖
2026/05/28 23:00:10.845747 未中奖
2026/05/28 23:00:10.845747 未中奖
2026/05/28 23:00:10.845747 未中奖
2026/05/28 23:00:10.845747 未中奖
2026/05/28 23:00:10.845747 未中奖
2026/05/28 23:00:10.845747 未中奖
2026/05/28 23:00:10.845747 未中奖
2026/05/28 23:00:10.845747 未中奖
2026/05/28 23:00:10.845747 未中奖
2026/05/28 23:00:10.845747 未中奖
2026/05/28 23:00:10.845747 未中奖
2026/05/28 23:00:10.845747 奖品已发完
2026/05/28 23:00:10.845747 未中奖
2026/05/28 23:00:10.845747 奖品已发完
2026/05/28 23:00:10.845747 未中奖
2026/05/28 23:00:10.845747 未中奖
2026/05/28 23:00:10.845747 未中奖
2026/05/28 23:00:10.845747 奖品已发完
2026/05/28 23:00:10.845747 未中奖
2026/05/28 23:00:10.845747 未中奖
2026/05/28 23:00:10.845747 未中奖
2026/05/28 23:00:10.845747 未中奖
2026/05/28 23:00:10.845747 未中奖
2026/05/28 23:00:10.845747 未中奖
2026/05/28 23:00:10.845747 未中奖
2026/05/28 23:00:10.845747 未中奖
2026/05/28 23:00:10.845747 未中奖
2026/05/28 23:00:10.845747 未中奖
2026/05/28 23:00:10.845747 未中奖
2026/05/28 23:00:10.845747 未中奖
2026/05/28 23:00:10.845747 未中奖
2026/05/28 23:00:10.845747 未中奖
2026/05/28 23:00:10.845747 未中奖
2026/05/28 23:00:10.845747 未中奖
2026/05/28 23:00:10.845747 未中奖
2026/05/28 23:00:10.845747 未中奖
2026/05/28 23:00:10.845747 未中奖
2026/05/28 23:00:10.845747 未中奖
2026/05/28 23:00:10.845747 未中奖
2026/05/28 23:00:10.845747 未中奖
2026/05/28 23:00:10.845747 未中奖
2026/05/28 23:00:10.845747 未中奖
2026/05/28 23:00:10.845747 未中奖
2026/05/28 23:00:10.845747 未中奖
2026/05/28 23:00:10.845747 未中奖
2026/05/28 23:00:10.845747 未中奖
2026/05/28 23:00:10.846860 未中奖
2026/05/28 23:00:10.846860 未中奖
2026/05/28 23:00:10.846860 未中奖
2026/05/28 23:00:10.846860 未中奖
2026/05/28 23:00:10.846860 未中奖
2026/05/28 23:00:10.846860 未中奖
2026/05/28 23:00:10.846860 未中奖
2026/05/28 23:00:10.846860 未中奖
2026/05/28 23:00:10.846860 未中奖
2026/05/28 23:00:10.846860 未中奖
2026/05/28 23:00:10.846860 未中奖
2026/05/28 23:00:10.846860 未中奖
2026/05/28 23:00:10.846860 未中奖
2026/05/28 23:00:10.846860 未中奖
2026/05/28 23:00:10.846860 未中奖
2026/05/28 23:00:10.846860 未中奖
2026/05/28 23:00:10.846860 未中奖
2026/05/28 23:00:10.846860 未中奖
2026/05/28 23:00:10.846860 奖品已发完
2026/05/28 23:00:10.846860 未中奖
2026/05/28 23:00:10.846860 未中奖
2026/05/28 23:00:10.846860 未中奖
2026/05/28 23:00:10.846860 奖品已发完
2026/05/28 23:00:10.846860 未中奖
2026/05/28 23:00:10.846860 未中奖
2026/05/28 23:00:10.846860 未中奖
2026/05/28 23:00:10.846860 未中奖
2026/05/28 23:00:10.846860 未中奖
2026/05/28 23:00:10.846860 未中奖
2026/05/28 23:00:10.846860 未中奖
2026/05/28 23:00:10.846860 未中奖
2026/05/28 23:00:10.846860 未中奖
2026/05/28 23:00:10.846860 未中奖
2026/05/28 23:00:10.846860 未中奖
2026/05/28 23:00:10.846860 未中奖
2026/05/28 23:00:10.846860 未中奖
2026/05/28 23:00:10.846860 未中奖
2026/05/28 23:00:10.846860 未中奖
2026/05/28 23:00:10.846860 未中奖
2026/05/28 23:00:10.846860 未中奖
2026/05/28 23:00:10.846860 奖品已发完
2026/05/28 23:00:10.846860 奖品已发完
2026/05/28 23:00:10.846860 未中奖
2026/05/28 23:00:10.846860 奖品已发完
2026/05/28 23:00:10.846860 未中奖
2026/05/28 23:00:10.846860 奖品已发完
2026/05/28 23:00:10.846860 奖品已发完
2026/05/28 23:00:10.846860 未中奖
2026/05/28 23:00:10.846860 奖品已发完
2026/05/28 23:00:10.846860 未中奖
2026/05/28 23:00:10.846860 未中奖
2026/05/28 23:00:10.846860 奖品已发完
2026/05/28 23:00:10.846860 未中奖
2026/05/28 23:00:10.846860 未中奖
2026/05/28 23:00:10.846860 奖品已发完
2026/05/28 23:00:10.846860 未中奖
2026/05/28 23:00:10.846860 未中奖
2026/05/28 23:00:10.846860 未中奖
2026/05/28 23:00:10.846860 未中奖
2026/05/28 23:00:10.846860 未中奖
2026/05/28 23:00:10.846860 未中奖
2026/05/28 23:00:10.846860 未中奖
2026/05/28 23:00:10.846860 未中奖
2026/05/28 23:00:10.846860 未中奖
2026/05/28 23:00:10.846860 未中奖
2026/05/28 23:00:10.846860 未中奖
2026/05/28 23:00:10.846860 未中奖
2026/05/28 23:00:10.846860 未中奖
2026/05/28 23:00:10.846860 奖品已发完
2026/05/28 23:00:10.846860 未中奖
2026/05/28 23:00:10.846860 未中奖
2026/05/28 23:00:10.846860 未中奖
2026/05/28 23:00:10.846860 未中奖
2026/05/28 23:00:10.846860 未中奖
2026/05/28 23:00:10.846860 未中奖
2026/05/28 23:00:10.846860 未中奖
2026/05/28 23:00:10.846860 未中奖
2026/05/28 23:00:10.846860 未中奖
2026/05/28 23:00:10.846860 未中奖
2026/05/28 23:00:10.846860 未中奖
2026/05/28 23:00:10.846860 未中奖
2026/05/28 23:00:10.846860 未中奖
2026/05/28 23:00:10.846860 未中奖
2026/05/28 23:00:10.846860 未中奖
2026/05/28 23:00:10.846860 未中奖
2026/05/28 23:00:10.846860 未中奖
2026/05/28 23:00:10.846860 未中奖
2026/05/28 23:00:10.846860 未中奖
2026/05/28 23:00:10.846860 奖品已发完
2026/05/28 23:00:10.846860 未中奖
2026/05/28 23:00:10.846860 未中奖
2026/05/28 23:00:10.846860 未中奖
2026/05/28 23:00:10.846860 未中奖
2026/05/28 23:00:10.846860 未中奖
2026/05/28 23:00:10.846860 未中奖
2026/05/28 23:00:10.847867 未中奖
2026/05/28 23:00:10.847867 未中奖
2026/05/28 23:00:10.847867 未中奖
2026/05/28 23:00:10.847867 未中奖
2026/05/28 23:00:10.847867 未中奖
2026/05/28 23:00:10.847867 未中奖
2026/05/28 23:00:10.847867 未中奖
2026/05/28 23:00:10.847867 未中奖
2026/05/28 23:00:10.847867 奖品已发完
2026/05/28 23:00:10.847867 奖品已发完
2026/05/28 23:00:10.847867 未中奖
2026/05/28 23:00:10.847867 未中奖
2026/05/28 23:00:10.847867 未中奖
2026/05/28 23:00:10.847867 未中奖
2026/05/28 23:00:10.847867 未中奖
2026/05/28 23:00:10.847867 未中奖
2026/05/28 23:00:10.847867 未中奖
2026/05/28 23:00:10.847867 奖品已发完
2026/05/28 23:00:10.847867 奖品已发完
2026/05/28 23:00:10.847867 未中奖
2026/05/28 23:00:10.847867 奖品已发完
2026/05/28 23:00:10.847867 未中奖
2026/05/28 23:00:10.847867 未中奖
2026/05/28 23:00:10.847867 奖品已发完
2026/05/28 23:00:10.847867 未中奖
2026/05/28 23:00:10.847867 未中奖
2026/05/28 23:00:10.847867 未中奖
