2026/05/28 23:00:37.953466 中奖：三等奖
2026/05/28 23:00:37.983863 未中奖
2026/05/28 23:00:37.983863 未中奖
2026/05/28 23:00:37.983863 未中奖
2026/05/28 23:00:37.983863 未中奖
2026/05/28 23:00:37.983863 未中奖
2026/05/28 23:00:37.983863 未中奖
2026/05/28 23:00:37.983863 未中奖
2026/05/28 23:00:37.983863 未中奖
2026/05/28 23:00:37.983863 未中奖
2026/05/28 23:00:37.983863 未中奖
2026/05/28 23:00:37.983863 未中奖
2026/05/28 23:00:37.983863 未中奖
2026/05/28 23:00:37.983863 未中奖
2026/05/28 23:00:37.984868 中奖：三等奖
2026/05/28 23:00:37.984868 未中奖
2026/05/28 23:00:37.984868 未中奖
2026/05/28 23:00:37.984868 未中奖
2026/05/28 23:00:37.984868 未中奖
2026/05/28 23:00:37.986379 中奖：二等奖
2026/05/28 23:00:37.986379 未中奖
2026/05/28 23:00:37.986379 未中奖
2026/05/28 23:00:37.986379 未中奖
2026/05/28 23:00:37.986379 未中奖
2026/05/28 23:00:37.986379 未中奖
2026/05/28 23:00:37.986379 未中奖
2026/05/28 23:00:37.986379 未中奖
2026/05/28 23:00:37.986379 未中奖
2026/05/28 23:00:37.986379 未中奖
2026/05/28 23:00:37.986379 中奖：三等奖
2026/05/28 23:00:37.986379 未中奖
2026/05/28 23:00:37.986379 未中奖
2026/05/28 23:00:37.986379 未中奖
2026/05/28 23:00:37.986379 中奖：三等奖
2026/05/28 23:00:37.986379 未中奖
2026/05/28 23:00:37.986379 中奖：三等奖
2026/05/28 23:00:37.986379 未中奖
2026/05/28 23:00:37.986379 未中奖
2026/05/28 23:00:37.986379 未中奖
2026/05/28 23:00:37.986379 未中奖
2026/05/28 23:00:37.986379 未中奖
2026/05/28 23:00:37.986379 中奖：三等奖
2026/05/28 23:00:37.986379 中奖：三等奖
2026/05/28 23:00:37.986379 中奖：二等奖
2026/05/28 23:00:37.986379 未中奖
2026/05/28 23:00:37.986379 未中奖
2026/05/28 23:00:37.986379 中奖：二等奖
2026/05/28 23:00:37.986379 未中奖
2026/05/28 23:00:37.986379 未中奖
2026/05/28 23:00:37.986379 未中奖
2026/05/28 23:00:37.986379 中奖：三等奖
2026/05/28 23:00:37.986379 未中奖
2026/05/28 23:00:37.986379 未中奖
2026/05/28 23:00:37.986379 未中奖
2026/05/28 23:00:37.986379 未中奖
2026/05/28 23:00:37.986379 未中奖
2026/05/28 23:00:37.986379 未中奖
2026/05/28 23:00:37.986379 未中奖
2026/05/28 23:00:37.986379 未中奖
2026/05/28 23:00:37.986379 未中奖
2026/05/28 23:00:37.986379 未中奖
2026/05/28 23:00:37.986379 未中奖
2026/05/28 23:00:37.986379 未中奖
2026/05/28 23:00:37.986379 未中奖
2026/05/28 23:00:37.986379 未中奖
2026/05/28 23:00:37.986379 未中奖
2026/05/28 23:00:37.986379 未中奖
2026/05/28 23:00:37.986379 未中奖
2026/05/28 23:00:37.986379 中奖：三等奖
2026/05/28 23:00:37.986379 未中奖
2026/05/28 23:00:37.986379 未中奖
2026/05/28 23:00:37.986379 未中奖
2026/05/28 23:00:37.986379 未中奖
2026/05/28 23:00:37.986379 未中奖
2026/05/28 23:00:37.986379 未中奖
2026/05/28 23:00:37.986379 未中奖
2026/05/28 23:00:37.986379 未中奖
2026/05/28 23:00:37.986379 未中奖
2026/05/28 23:00:37.986379 未中奖
2026/05/28 23:00:37.986379 未中奖
2026/05/28 23:00:37.986379 未中奖
2026/05/28 23:00:37.986379 未中奖
2026/05/28 23:00:37.986379 未中奖
2026/05/28 23:00:37.986379 未中奖
2026/05/28 23:00:37.986379 未中奖
2026/05/28 23:00:37.986379 未中奖
2026/05/28 23:00:37.986379 未中奖
2026/05/28 23:00:37.986379 未中奖
2026/05/28 23:00:37.986379 未中奖
2026/05/28 23:00:37.986379 未中奖
2026/05/28 23:00:37.986379 未中奖
2026/05/28 23:00:37.986379 未中奖
2026/05/28 23:00:37.986379 未中奖
2026/05/28 23:00:37.986379 未中奖
2026/05/28 23:00:37.986379 未中奖
2026/05/28 23:00:37.986379 中奖：三等奖
2026/05/28 23:00:37.986379 未中奖
2026/05/28 23:00:37.986379 未中奖
2026/05/28 23:00:37.986379 未中奖
2026/05/28 23:00:37.986379 未中奖
2026/05/28 23:00:37.986379 未中奖
2026/05/28 23:00:37.986379 未中奖
2026/05/28 23:00:37.986379 未中奖
2026/05/28 23:00:37.986379 未中奖
2026/05/28 23:00:37.986379 未中奖
2026/05/28 23:00:37.986379 中奖：三等奖
2026/05/28 23:00:37.986379 未中奖
2026/05/28 23:00:37.986379 中奖：三等奖
2026/05/28 23:00:37.987685 未中奖
2026/05/28 23:00:37.987685 未中奖
2026/05/28 23:00:37.987685 中奖：一等奖
2026/05/28 23:00:37.987685 未中奖
2026/05/28 23:00:37.987685 未中奖
2026/05/28 23:00:37.987685 未中奖
2026/05/28 23:00:37.987685 未中奖
2026/05/28 23:00:37.987685 未中奖
2026/05/28 23:00:37.987685 未中奖
2026/05/28 23:00:37.987685 未中奖
2026/05/28 23:00:37.987685 未中奖
2026/05/28 23:00:37.987685 未中奖
2026/05/28 23:00:37.987685 未中奖
2026/05/28 23:00:37.987685 未中奖
2026/05/28 23:00:37.987685 未中奖
2026/05/28 23:00:37.987685 未中奖
2026/05/28 23:00:37.987685 未中奖
2026/05/28 23:00:37.987685 未中奖
2026/05/28 23:00:37.987685 中奖：三等奖
2026/05/28 23:00:37.987685 未中奖
2026/05/28 23:00:37.987685 未中奖
2026/05/28 23:00:37.987685 未中奖
2026/05/28 23:00:37.987685 未中奖
2026/05/28 23:00:37.987685 未中奖
2026/05/28 23:00:37.987685 未中奖
2026/05/28 23:00:37.987685 未中奖
2026/05/28 23:00:37.987685 中奖：二等奖
2026/05/28 23:00:37.987685 未中奖
2026/05/28 23:00:37.987685 中奖：三等奖
2026/05/28 23:00:37.987685 未中奖
2026/05/28 23:00:37.987685 未中奖
2026/05/28 23:00:37.987685 未中奖
2026/05/28 23:00:37.987685 未中奖
2026/05/28 23:00:37.987685 未中奖
2026/05/28 23:00:37.987685 未中奖
2026/05/28 23:00:37.987685 未中奖
2026/05/28 23:00:37.987685 未中奖
2026/05/28 23:00:37.987685 未中奖
2026/05/28 23:00:37.987685 未中奖
2026/05/28 23:00:37.987685 未中奖
2026/05/28 23:00:37.987685 未中奖
2026/05/28 23:00:37.987685 未中奖
2026/05/28 23:00:37.987685 未中奖
2026/05/28 23:00:37.987685 未中奖
2026/05/28 23:00:37.987685 未中奖
2026/05/28 23:00:37.987685 未中奖
2026/05/28 23:00:37.988599 未中奖
2026/05/28 23:00:37.988599 未中奖
2026/05/28 23:00:37.988599 未中奖
2026/05/28 23:00:37.988599 未中奖
2026/05/28 23:00:37.988599 未中奖
2026/05/28 23:00:37.988599 未中奖
2026/05/28 23:00:37.988599 未中奖
2026/05/28 23:00:37.988599 未中奖
2026/05/28 23:00:37.988599 未中奖
2026/05/28 23:00:37.988599 未中奖
2026/05/28 23:00:37.988599 未中奖
2026/05/28 23:00:37.988599 未中奖
2026/05/28 23:00:37.988599 未中奖
2026/05/28 23:00:37.988599 未中奖
2026/05/28 23:00:37.988599 未中奖
2026/05/28 23:00:37.988599 未中奖
2026/05/28 23:00:37.988599 中奖：三等奖
2026/05/28 23:00:37.988599 未中奖
2026/05/28 23:00:37.988599 未中奖
2026/05/28 23:00:37.988599 未中奖
2026/05/28 23:00:37.988599 未中奖
2026/05/28 23:00:37.988599 未中奖
2026/05/28 23:00:37.988599 未中奖
2026/05/28 23:00:37.988599 未中奖
2026/05/28 23:00:37.988599 未中奖
2026/05/28 23:00:37.988599 未中奖
2026/05/28 23:00:37.988599 中奖：三等奖
2026/05/28 23:00:37.988599 未中奖
2026/05/28 23:00:37.988599 未中奖
2026/05/28 23:00:37.988599 未中奖
2026/05/28 23:00:37.988599 中奖：二等奖
2026/05/28 23:00:37.988599 未中奖
2026/05/28 23:00:37.988599 未中奖
2026/05/28 23:00:37.988599 未中奖
2026/05/28 23:00:37.988599 未中奖
2026/05/28 23:00:37.988599 未中奖
2026/05/28 23:00:37.988599 未中奖
2026/05/28 23:00:37.988599 未中奖
2026/05/28 23:00:37.988599 未中奖
2026/05/28 23:00:37.988599 未中奖
2026/05/28 23:00:37.988599 中奖：三等奖
2026/05/28 23:00:37.988599 未中奖
2026/05/28 23:00:37.988599 未中奖
2026/05/28 23:00:37.988599 中奖：三等奖
2026/05/28 23:00:37.988599 中奖：二等奖
2026/05/28 23:00:37.989106 未中奖
2026/05/28 23:00:37.989106 未中奖
2026/05/28 23:00:37.989106 中奖：二等奖
2026/05/28 23:00:37.989106 未中奖
2026/05/28 23:00:37.989106 中奖：三等奖
2026/05/28 23:00:37.989106 中奖：三等奖
2026/05/28 23:00:37.989106 未中奖
2026/05/28 23:00:37.989106 未中奖
2026/05/28 23:00:37.989106 中奖：三等奖
2026/05/28 23:00:37.989106 未中奖
2026/05/28 23:00:37.989106 未中奖
2026/05/28 23:00:37.989106 未中奖
2026/05/28 23:00:37.989106 未中奖
2026/05/28 23:00:37.989106 未中奖
2026/05/28 23:00:37.989106 未中奖
2026/05/28 23:00:37.989106 未中奖
2026/05/28 23:00:37.989106 中奖：三等奖
2026/05/28 23:00:37.989106 未中奖
2026/05/28 23:00:37.989106 未中奖
2026/05/28 23:00:37.989106 未中奖
2026/05/28 23:00:37.989106 未中奖
2026/05/28 23:00:37.989106 未中奖
2026/05/28 23:00:37.989106 未中奖
2026/05/28 23:00:37.989106 未中奖
2026/05/28 23:00:37.989106 中奖：三等奖
2026/05/28 23:00:37.989106 未中奖
2026/05/28 23:00:37.989106 未中奖
2026/05/28 23:00:37.989106 中奖：二等奖
2026/05/28 23:00:37.989106 中奖：三等奖
2026/05/28 23:00:37.989106 中奖：二等奖
2026/05/28 23:00:37.989106 未中奖
2026/05/28 23:00:37.989106 未中奖
2026/05/28 23:00:37.989106 未中奖
2026/05/28 23:00:37.989629 未中奖
2026/05/28 23:00:37.989629 未中奖
2026/05/28 23:00:37.989629 未中奖
2026/05/28 23:00:37.989629 未中奖
2026/05/28 23:00:37.989629 未中奖
2026/05/28 23:00:37.989629 未中奖
2026/05/28 23:00:37.989629 中奖：三等奖
2026/05/28 23:00:37.989629 未中奖
2026/05/28 23:00:37.989629 未中奖
2026/05/28 23:00:37.989629 未中奖
2026/05/28 23:00:37.989629 未中奖
2026/05/28 23:00:37.989629 未中奖
2026/05/28 23:00:37.989629 未中奖
2026/05/28 23:00:37.989629 未中奖
2026/05/28 23:00:37.989629 未中奖
2026/05/28 23:00:37.989629 未中奖
2026/05/28 23:00:37.989629 未中奖
2026/05/28 23:00:37.989629 未中奖
2026/05/28 23:00:37.989629 未中奖
2026/05/28 23:00:37.989629 未中奖
2026/05/28 23:00:37.989629 未中奖
2026/05/28 23:00:37.989629 未中奖
2026/05/28 23:00:37.989629 中奖：二等奖
2026/05/28 23:00:37.989629 未中奖
2026/05/28 23:00:37.989629 中奖：三等奖
2026/05/28 23:00:37.989629 未中奖
2026/05/28 23:00:37.989629 未中奖
2026/05/28 23:00:37.989629 未中奖
2026/05/28 23:00:37.989629 未中奖
2026/05/28 23:00:37.989629 未中奖
2026/05/28 23:00:37.989629 未中奖
2026/05/28 23:00:37.989629 未中奖
2026/05/28 23:00:37.989629 未中奖
2026/05/28 23:00:37.989629 未中奖
2026/05/28 23:00:37.989629 未中奖
2026/05/28 23:00:37.989629 未中奖
2026/05/28 23:00:37.989629 未中奖
2026/05/28 23:00:37.989629 未中奖
2026/05/28 23:00:37.989629 未中奖
2026/05/28 23:00:37.989629 未中奖
2026/05/28 23:00:37.989629 未中奖
2026/05/28 23:00:37.989629 未中奖
2026/05/28 23:00:37.989629 未中奖
2026/05/28 23:00:37.989629 未中奖
2026/05/28 23:00:37.989629 未中奖
2026/05/28 23:00:37.989629 未中奖
2026/05/28 23:00:37.989629 未中奖
2026/05/28 23:00:37.989629 未中奖
2026/05/28 23:00:37.989629 奖品已发完
2026/05/28 23:00:37.989629 未中奖
2026/05/28 23:00:37.989629 未中奖
2026/05/28 23:00:37.989629 未中奖
2026/05/28 23:00:37.989629 未中奖
2026/05/28 23:00:37.989629 未中奖
2026/05/28 23:00:37.989629 未中奖
2026/05/28 23:00:37.989629 未中奖
2026/05/28 23:00:37.989629 未中奖
2026/05/28 23:00:37.989629 中奖：三等奖
2026/05/28 23:00:37.989629 未中奖
2026/05/28 23:00:37.989629 未中奖
2026/05/28 23:00:37.989629 未中奖
2026/05/28 23:00:37.989629 未中奖
2026/05/28 23:00:37.989629 未中奖
2026/05/28 23:00:37.989629 未中奖
2026/05/28 23:00:37.989629 中奖：一等奖
2026/05/28 23:00:37.989629 未中奖
2026/05/28 23:00:37.989629 未中奖
2026/05/28 23:00:37.989629 未中奖
2026/05/28 23:00:37.989629 未中奖
2026/05/28 23:00:37.989629 未中奖
2026/05/28 23:00:37.989629 未中奖
2026/05/28 23:00:37.989629 未中奖
2026/05/28 23:00:37.989629 奖品已发完
2026/05/28 23:00:37.989629 中奖：三等奖
2026/05/28 23:00:37.989629 未中奖
2026/05/28 23:00:37.989629 未中奖
2026/05/28 23:00:37.989629 未中奖
2026/05/28 23:00:37.989629 未中奖
2026/05/28 23:00:37.989629 未中奖
2026/05/28 23:00:37.989629 未中奖
2026/05/28 23:00:37.989629 未中奖
2026/05/28 23:00:37.989629 未中奖
2026/05/28 23:00:37.989629 未中奖
2026/05/28 23:00:37.989629 未中奖
2026/05/28 23:00:37.989629 未中奖
2026/05/28 23:00:37.989629 未中奖
2026/05/28 23:00:37.989629 未中奖
2026/05/28 23:00:37.989629 中奖：三等奖
2026/05/28 23:00:37.989629 未中奖
2026/05/28 23:00:37.989629 未中奖
2026/05/28 23:00:37.989629 未中奖
2026/05/28 23:00:37.989629 未中奖
2026/05/28 23:00:37.989629 中奖：三等奖
2026/05/28 23:00:37.989629 中奖：三等奖
2026/05/28 23:00:37.989629 中奖：三等奖
2026/05/28 23:00:37.989629 未中奖
2026/05/28 23:00:37.989629 未中奖
2026/05/28 23:00:37.989629 未中奖
2026/05/28 23:00:37.989629 奖品已发完
2026/05/28 23:00:37.989629 未中奖
2026/05/28 23:00:37.989629 未中奖
2026/05/28 23:00:37.989629 未中奖
2026/05/28 23:00:37.989629 未中奖
2026/05/28 23:00:37.989629 未中奖
2026/05/28 23:00:37.989629 未中奖
2026/05/28 23:00:37.989629 未中奖
2026/05/28 23:00:37.989629 未中奖
2026/05/28 23:00:37.989629 未中奖
2026/05/28 23:00:37.989629 未中奖
2026/05/28 23:00:37.990762 中奖：三等奖
2026/05/28 23:00:37.990762 未中奖
2026/05/28 23:00:37.990762 未中奖
2026/05/28 23:00:37.990762 未中奖
2026/05/28 23:00:37.990762 未中奖
2026/05/28 23:00:37.990762 未中奖
2026/05/28 23:00:37.990762 中奖：三等奖
2026/05/28 23:00:37.990762 未中奖
2026/05/28 23:00:37.990762 未中奖
2026/05/28 23:00:37.990762 未中奖
2026/05/28 23:00:37.990762 未中奖
2026/05/28 23:00:37.990762 未中奖
2026/05/28 23:00:37.990762 未中奖
2026/05/28 23:00:37.990762 中奖：三等奖
2026/05/28 23:00:37.990762 中奖：一等奖
2026/05/28 23:00:37.990762 中奖：三等奖
2026/05/28 23:00:37.990762 中奖：三等奖
2026/05/28 23:00:37.990762 中奖：三等奖
2026/05/28 23:00:37.990762 未中奖
2026/05/28 23:00:37.990762 未中奖
2026/05/28 23:00:37.990762 未中奖
2026/05/28 23:00:37.990762 未中奖
2026/05/28 23:00:37.990762 未中奖
2026/05/28 23:00:37.990762 未中奖
2026/05/28 23:00:37.990762 未中奖
2026/05/28 23:00:37.990762 未中奖
2026/05/28 23:00:37.990762 未中奖
2026/05/28 23:00:37.990762 未中奖
2026/05/28 23:00:37.990762 未中奖
2026/05/28 23:00:37.990762 未中奖
2026/05/28 23:00:37.990762 未中奖
2026/05/28 23:00:37.990762 未中奖
2026/05/28 23:00:37.990762 未中奖
2026/05/28 23:00:37.990762 未中奖
2026/05/28 23:00:37.990762 未中奖
2026/05/28 23:00:37.990762 未中奖
2026/05/28 23:00:37.990762 未中奖
2026/05/28 23:00:37.990762 未中奖
2026/05/28 23:00:37.990762 中奖：一等奖
2026/05/28 23:00:37.990762 未中奖
2026/05/28 23:00:37.990762 未中奖
2026/05/28 23:00:37.990762 奖品已发完
2026/05/28 23:00:37.990762 未中奖
2026/05/28 23:00:37.990762 未中奖
2026/05/28 23:00:37.990762 未中奖
2026/05/28 23:00:37.990762 未中奖
2026/05/28 23:00:37.990762 未中奖
2026/05/28 23:00:37.990762 未中奖
2026/05/28 23:00:37.990762 未中奖
2026/05/28 23:00:37.990762 未中奖
2026/05/28 23:00:37.990762 未中奖
2026/05/28 23:00:37.990762 未中奖
2026/05/28 23:00:37.990762 未中奖
2026/05/28 23:00:37.990762 未中奖
2026/05/28 23:00:37.990762 未中奖
2026/05/28 23:00:37.990762 未中奖
2026/05/28 23:00:37.990762 未中奖
2026/05/28 23:00:37.990762 未中奖
2026/05/28 23:00:37.990762 未中奖
2026/05/28 23:00:37.990762 中奖：三等奖
2026/05/28 23:00:37.990762 未中奖
2026/05/28 23:00:37.990762 未中奖
2026/05/28 23:00:37.990762 未中奖
2026/05/28 23:00:37.990762 未中奖
2026/05/28 23:00:37.990762 未中奖
2026/05/28 23:00:37.990762 未中奖
2026/05/28 23:00:37.990762 未中奖
2026/05/28 23:00:37.990762 未中奖
2026/05/28 23:00:37.990762 未中奖
2026/05/28 23:00:37.990762 未中奖
2026/05/28 23:00:37.990762 未中奖
2026/05/28 23:00:37.990762 未中奖
2026/05/28 23:00:37.990762 未中奖
2026/05/28 23:00:37.990762 未中奖
2026/05/28 23:00:37.990762 未中奖
2026/05/28 23:00:37.990762 未中奖
2026/05/28 23:00:37.990762 未中奖
2026/05/28 23:00:37.990762 未中奖
2026/05/28 23:00:37.990762 未中奖
2026/05/28 23:00:37.990762 未中奖
2026/05/28 23:00:37.990762 未中奖
2026/05/28 23:00:37.990762 未中奖
2026/05/28 23:00:37.990762 未中奖
2026/05/28 23:00:37.990762 未中奖
2026/05/28 23:00:37.990762 未中奖
2026/05/28 23:00:37.990762 未中奖
2026/05/28 23:00:37.990762 未中奖
2026/05/28 23:00:37.990762 奖品已发完
2026/05/28 23:00:37.990762 未中奖
2026/05/28 23:00:37.991693 奖品已发完
2026/05/28 23:00:37.991693 未中奖
2026/05/28 23:00:37.991693 未中奖
2026/05/28 23:00:37.991693 未中奖
2026/05/28 23:00:37.991693 未中奖
2026/05/28 23:00:37.991693 未中奖
2026/05/28 23:00:37.991693 未中奖
2026/05/28 23:00:37.991693 未中奖
2026/05/28 23:00:37.991693 未中奖
2026/05/28 23:00:37.991693 未中奖
2026/05/28 23:00:37.991693 未中奖
2026/05/28 23:00:37.991693 未中奖
2026/05/28 23:00:37.991693 未中奖
2026/05/28 23:00:37.991693 未中奖
2026/05/28 23:00:37.991693 未中奖
2026/05/28 23:00:37.991693 未中奖
2026/05/28 23:00:37.991693 中奖：三等奖
2026/05/28 23:00:37.991693 奖品已发完
2026/05/28 23:00:37.991693 未中奖
2026/05/28 23:00:37.991693 未中奖
2026/05/28 23:00:37.991693 未中奖
2026/05/28 23:00:37.991693 未中奖
2026/05/28 23:00:37.991693 未中奖
2026/05/28 23:00:37.991693 中奖：三等奖
2026/05/28 23:00:37.991693 未中奖
2026/05/28 23:00:37.991693 未中奖
2026/05/28 23:00:37.991693 未中奖
2026/05/28 23:00:37.991693 未中奖
2026/05/28 23:00:37.991693 未中奖
2026/05/28 23:00:37.991693 未中奖
2026/05/28 23:00:37.991693 未中奖
2026/05/28 23:00:37.991693 未中奖
2026/05/28 23:00:37.991693 未中奖
2026/05/28 23:00:37.991693 未中奖
2026/05/28 23:00:37.991693 未中奖
2026/05/28 23:00:37.991693 未中奖
2026/05/28 23:00:37.991693 未中奖
2026/05/28 23:00:37.991693 未中奖
2026/05/28 23:00:37.991693 奖品已发完
2026/05/28 23:00:37.991693 未中奖
2026/05/28 23:00:37.991693 未中奖
2026/05/28 23:00:37.991693 未中奖
2026/05/28 23:00:37.991693 未中奖
2026/05/28 23:00:37.991693 奖品已发完
2026/05/28 23:00:37.991693 未中奖
2026/05/28 23:00:37.991693 未中奖
2026/05/28 23:00:37.991693 中奖：三等奖
2026/05/28 23:00:37.991693 未中奖
2026/05/28 23:00:37.991693 未中奖
2026/05/28 23:00:37.991693 未中奖
2026/05/28 23:00:37.991693 未中奖
2026/05/28 23:00:37.991693 未中奖
2026/05/28 23:00:37.991693 未中奖
2026/05/28 23:00:37.991693 未中奖
2026/05/28 23:00:37.991693 未中奖
2026/05/28 23:00:37.991693 未中奖
2026/05/28 23:00:37.991693 奖品已发完
2026/05/28 23:00:37.991693 未中奖
2026/05/28 23:00:37.991693 未中奖
2026/05/28 23:00:37.991693 未中奖
2026/05/28 23:00:37.991693 未中奖
2026/05/28 23:00:37.991693 未中奖
2026/05/28 23:00:37.991693 中奖：三等奖
2026/05/28 23:00:37.991693 未中奖
2026/05/28 23:00:37.991693 未中奖
2026/05/28 23:00:37.991693 中奖：三等奖
2026/05/28 23:00:37.991693 中奖：三等奖
2026/05/28 23:00:37.991693 未中奖
2026/05/28 23:00:37.991693 未中奖
2026/05/28 23:00:37.991693 未中奖
2026/05/28 23:00:37.991693 奖品已发完
2026/05/28 23:00:37.991693 未中奖
2026/05/28 23:00:37.991693 未中奖
2026/05/28 23:00:37.991693 未中奖
2026/05/28 23:00:37.992850 未中奖
2026/05/28 23:00:37.992850 未中奖
2026/05/28 23:00:37.992850 未中奖
2026/05/28 23:00:37.992850 未中奖
2026/05/28 23:00:37.992850 未中奖
2026/05/28 23:00:37.992850 未中奖
2026/05/28 23:00:37.992850 未中奖
2026/05/28 23:00:37.992850 中奖：三等奖
2026/05/28 23:00:37.992850 未中奖
2026/05/28 23:00:37.992850 未中奖
2026/05/28 23:00:37.992850 未中奖
2026/05/28 23:00:37.992850 未中奖
2026/05/28 23:00:37.992850 未中奖
2026/05/28 23:00:37.992850 未中奖
2026/05/28 23:00:37.992850 未中奖
2026/05/28 23:00:37.992850 中奖：三等奖
2026/05/28 23:00:37.992850 未中奖
2026/05/28 23:00:37.992850 未中奖
2026/05/28 23:00:37.992850 未中奖
2026/05/28 23:00:37.992850 未中奖
2026/05/28 23:00:37.992850 未中奖
2026/05/28 23:00:37.992850 未中奖
2026/05/28 23:00:37.992850 未中奖
2026/05/28 23:00:37.992850 未中奖
2026/05/28 23:00:37.992850 未中奖
2026/05/28 23:00:37.992850 中奖：一等奖
2026/05/28 23:00:37.992850 未中奖
2026/05/28 23:00:37.992850 未中奖
2026/05/28 23:00:37.992850 未中奖
2026/05/28 23:00:37.992850 未中奖
2026/05/28 23:00:37.993849 未中奖
2026/05/28 23:00:37.993849 未中奖
2026/05/28 23:00:37.993849 未中奖
2026/05/28 23:00:37.993849 未中奖
2026/05/28 23:00:37.993849 未中奖
2026/05/28 23:00:37.993849 未中奖
2026/05/28 23:00:37.993849 未中奖
2026/05/28 23:00:37.993849 中奖：三等奖
2026/05/28 23:00:37.993849 未中奖
2026/05/28 23:00:37.993849 未中奖
2026/05/28 23:00:37.993849 中奖：三等奖
2026/05/28 23:00:37.993849 未中奖
2026/05/28 23:00:37.993849 未中奖
2026/05/28 23:00:37.993849 中奖：三等奖
2026/05/28 23:00:37.993849 未中奖
2026/05/28 23:00:37.993849 未中奖
2026/05/28 23:00:37.993849 未中奖
2026/05/28 23:00:37.993849 未中奖
2026/05/28 23:00:37.993849 中奖：三等奖
2026/05/28 23:00:37.993849 未中奖
2026/05/28 23:00:37.993849 未中奖
2026/05/28 23:00:37.993849 奖品已发完
2026/05/28 23:00:37.993849 未中奖
2026/05/28 23:00:37.993849 未中奖
2026/05/28 23:00:37.993849 未中奖
2026/05/28 23:00:37.993849 未中奖
2026/05/28 23:00:37.993849 未中奖
2026/05/28 23:00:37.993849 未中奖
2026/05/28 23:00:37.993849 未中奖
2026/05/28 23:00:37.993849 中奖：三等奖
2026/05/28 23:00:37.993849 未中奖
2026/05/28 23:00:37.993849 未中奖
2026/05/28 23:00:37.993849 未中奖
2026/05/28 23:00:37.993849 未中奖
2026/05/28 23:00:37.993849 未中奖
2026/05/28 23:00:37.993849 中奖：三等奖
2026/05/28 23:00:37.993849 未中奖
2026/05/28 23:00:37.993849 未中奖
2026/05/28 23:00:37.993849 未中奖
2026/05/28 23:00:37.993849 未中奖
2026/05/28 23:00:37.993849 未中奖
2026/05/28 23:00:37.993849 未中奖
2026/05/28 23:00:37.993849 中奖：三等奖
2026/05/28 23:00:37.994359 中奖：三等奖
2026/05/28 23:00:37.994359 未中奖
2026/05/28 23:00:37.994359 未中奖
2026/05/28 23:00:37.994359 未中奖
2026/05/28 23:00:37.994359 中奖：三等奖
2026/05/28 23:00:37.994359 未中奖
2026/05/28 23:00:37.994359 未中奖
2026/05/28 23:00:37.994359 未中奖
2026/05/28 23:00:37.994359 未中奖
2026/05/28 23:00:37.994359 中奖：三等奖
2026/05/28 23:00:37.994359 未中奖
2026/05/28 23:00:37.994359 未中奖
2026/05/28 23:00:37.994359 未中奖
2026/05/28 23:00:37.994359 未中奖
2026/05/28 23:00:37.994359 未中奖
2026/05/28 23:00:37.994359 未中奖
2026/05/28 23:00:37.994359 未中奖
2026/05/28 23:00:37.994359 未中奖
2026/05/28 23:00:37.994359 未中奖
2026/05/28 23:00:37.994359 未中奖
2026/05/28 23:00:37.994359 未中奖
2026/05/28 23:00:37.994359 奖品已发完
2026/05/28 23:00:37.994359 未中奖
2026/05/28 23:00:37.994359 未中奖
2026/05/28 23:00:37.994359 未中奖
2026/05/28 23:00:37.994359 未中奖
2026/05/28 23:00:37.994359 未中奖
2026/05/28 23:00:37.994359 未中奖
2026/05/28 23:00:37.994359 未中奖
2026/05/28 23:00:37.994359 未中奖
2026/05/28 23:00:37.994359 未中奖
2026/05/28 23:00:37.994359 未中奖
2026/05/28 23:00:37.994359 中奖：三等奖
2026/05/28 23:00:37.994359 未中奖
2026/05/28 23:00:37.994359 未中奖
2026/05/28 23:00:37.994359 中奖：三等奖
2026/05/28 23:00:37.994359 未中奖
2026/05/28 23:00:37.994359 未中奖
2026/05/28 23:00:37.994359 未中奖
2026/05/28 23:00:37.994359 未中奖
2026/05/28 23:00:37.994359 未中奖
2026/05/28 23:00:37.994886 未中奖
2026/05/28 23:00:37.994886 未中奖
2026/05/28 23:00:37.994886 中奖：三等奖
2026/05/28 23:00:37.994886 中奖：三等奖
2026/05/28 23:00:37.994886 未中奖
2026/05/28 23:00:37.994886 未中奖
2026/05/28 23:00:37.994886 未中奖
2026/05/28 23:00:37.994886 未中奖
2026/05/28 23:00:37.994886 未中奖
2026/05/28 23:00:37.994886 未中奖
2026/05/28 23:00:37.994886 未中奖
2026/05/28 23:00:37.994886 未中奖
2026/05/28 23:00:37.994886 未中奖
2026/05/28 23:00:37.994886 未中奖
2026/05/28 23:00:37.994886 未中奖
2026/05/28 23:00:37.994886 未中奖
2026/05/28 23:00:37.994886 中奖：三等奖
2026/05/28 23:00:37.994886 中奖：三等奖
2026/05/28 23:00:37.994886 未中奖
2026/05/28 23:00:37.994886 未中奖
2026/05/28 23:00:37.994886 未中奖
2026/05/28 23:00:37.994886 未中奖
2026/05/28 23:00:37.994886 中奖：三等奖
2026/05/28 23:00:37.994886 未中奖
2026/05/28 23:00:37.994886 未中奖
2026/05/28 23:00:37.994886 中奖：三等奖
2026/05/28 23:00:37.994886 中奖：三等奖
2026/05/28 23:00:37.994886 未中奖
2026/05/28 23:00:37.994886 未中奖
2026/05/28 23:00:37.994886 未中奖
2026/05/28 23:00:37.994886 未中奖
2026/05/28 23:00:37.994886 未中奖
2026/05/28 23:00:37.994886 未中奖
2026/05/28 23:00:37.994886 中奖：三等奖
2026/05/28 23:00:37.994886 未中奖
2026/05/28 23:00:37.994886 中奖：三等奖
2026/05/28 23:00:37.994886 未中奖
2026/05/28 23:00:37.994886 未中奖
2026/05/28 23:00:37.994886 未中奖
2026/05/28 23:00:37.994886 未中奖
2026/05/28 23:00:37.994886 未中奖
2026/05/28 23:00:37.994886 中奖：三等奖
2026/05/28 23:00:37.994886 未中奖
2026/05/28 23:00:37.994886 未中奖
2026/05/28 23:00:37.994886 未中奖
2026/05/28 23:00:37.994886 未中奖
2026/05/28 23:00:37.994886 未中奖
2026/05/28 23:00:37.994886 未中奖
2026/05/28 23:00:37.994886 未中奖
2026/05/28 23:00:37.994886 未中奖
2026/05/28 23:00:37.994886 未中奖
2026/05/28 23:00:37.994886 奖品已发完
2026/05/28 23:00:37.994886 未中奖
2026/05/28 23:00:37.994886 未中奖
2026/05/28 23:00:37.994886 未中奖
2026/05/28 23:00:37.994886 未中奖
2026/05/28 23:00:37.994886 中奖：三等奖
2026/05/28 23:00:37.994886 中奖：三等奖
2026/05/28 23:00:37.994886 未中奖
2026/05/28 23:00:37.994886 未中奖
2026/05/28 23:00:37.994886 中奖：三等奖
2026/05/28 23:00:37.994886 未中奖
2026/05/28 23:00:37.994886 中奖：三等奖
2026/05/28 23:00:37.994886 未中奖
2026/05/28 23:00:37.994886 未中奖
2026/05/28 23:00:37.994886 未中奖
2026/05/28 23:00:37.994886 中奖：三等奖
2026/05/28 23:00:37.994886 未中奖
2026/05/28 23:00:37.994886 未中奖
2026/05/28 23:00:37.994886 未中奖
2026/05/28 23:00:37.994886 中奖：三等奖
2026/05/28 23:00:37.994886 未中奖
2026/05/28 23:00:37.994886 未中奖
2026/05/28 23:00:37.994886 未中奖
2026/05/28 23:00:37.994886 未中奖
2026/05/28 23:00:37.994886 未中奖
2026/05/28 23:00:37.994886 奖品已发完
2026/05/28 23:00:37.994886 未中奖
2026/05/28 23:00:37.994886 未中奖
2026/05/28 23:00:37.994886 中奖：三等奖
2026/05/28 23:00:37.994886 未中奖
2026/05/28 23:00:37.995905 未中奖
2026/05/28 23:00:37.995905 未中奖
2026/05/28 23:00:37.995905 未中奖
2026/05/28 23:00:37.995905 未中奖
2026/05/28 23:00:37.995905 未中奖
2026/05/28 23:00:37.995905 未中奖
2026/05/28 23:00:37.995905 未中奖
2026/05/28 23:00:37.995905 未中奖
2026/05/28 23:00:37.995905 未中奖
2026/05/28 23:00:37.995905 未中奖
2026/05/28 23:00:37.995905 未中奖
2026/05/28 23:00:37.995905 未中奖
2026/05/28 23:00:37.995905 未中奖
2026/05/28 23:00:37.995905 奖品已发完
2026/05/28 23:00:37.995905 未中奖
2026/05/28 23:00:37.995905 未中奖
2026/05/28 23:00:37.995905 中奖：三等奖
2026/05/28 23:00:37.995905 未中奖
2026/05/28 23:00:37.995905 未中奖
2026/05/28 23:00:37.995905 未中奖
2026/05/28 23:00:37.995905 未中奖
2026/05/28 23:00:37.995905 未中奖
2026/05/28 23:00:37.995905 未中奖
2026/05/28 23:00:37.995905 未中奖
2026/05/28 23:00:37.995905 未中奖
2026/05/28 23:00:37.995905 未中奖
2026/05/28 23:00:37.995905 未中奖
2026/05/28 23:00:37.995905 未中奖
2026/05/28 23:00:37.995905 未中奖
2026/05/28 23:00:37.995905 中奖：三等奖
2026/05/28 23:00:37.995905 奖品已发完
2026/05/28 23:00:37.995905 未中奖
2026/05/28 23:00:37.995905 未中奖
2026/05/28 23:00:37.995905 中奖：三等奖
2026/05/28 23:00:37.995905 未中奖
2026/05/28 23:00:37.995905 未中奖
2026/05/28 23:00:37.995905 未中奖
2026/05/28 23:00:37.995905 未中奖
2026/05/28 23:00:37.995905 未中奖
2026/05/28 23:00:37.995905 未中奖
2026/05/28 23:00:37.995905 未中奖
2026/05/28 23:00:37.995905 未中奖
2026/05/28 23:00:37.995905 未中奖
2026/05/28 23:00:37.995905 未中奖
2026/05/28 23:00:37.995905 未中奖
2026/05/28 23:00:37.995905 未中奖
2026/05/28 23:00:37.995905 奖品已发完
2026/05/28 23:00:37.995905 未中奖
2026/05/28 23:00:37.995905 未中奖
2026/05/28 23:00:37.995905 未中奖
2026/05/28 23:00:37.995905 未中奖
2026/05/28 23:00:37.995905 未中奖
2026/05/28 23:00:37.995905 未中奖
2026/05/28 23:00:37.995905 未中奖
2026/05/28 23:00:37.995905 未中奖
2026/05/28 23:00:37.995905 未中奖
2026/05/28 23:00:37.995905 未中奖
2026/05/28 23:00:37.995905 未中奖
2026/05/28 23:00:37.995905 未中奖
2026/05/28 23:00:37.995905 奖品已发完
2026/05/28 23:00:37.995905 未中奖
2026/05/28 23:00:37.995905 未中奖
2026/05/28 23:00:37.995905 未中奖
2026/05/28 23:00:37.995905 未中奖
2026/05/28 23:00:37.995905 未中奖
2026/05/28 23:00:37.995905 未中奖
2026/05/28 23:00:37.995905 未中奖
2026/05/28 23:00:37.995905 未中奖
2026/05/28 23:00:37.995905 未中奖
2026/05/28 23:00:37.995905 奖品已发完
2026/05/28 23:00:37.995905 未中奖
2026/05/28 23:00:37.995905 奖品已发完
2026/05/28 23:00:37.995905 未中奖
2026/05/28 23:00:37.995905 未中奖
2026/05/28 23:00:37.995905 未中奖
2026/05/28 23:00:37.995905 未中奖
2026/05/28 23:00:37.995905 未中奖
2026/05/28 23:00:37.995905 未中奖
2026/05/28 23:00:37.995905 未中奖
2026/05/28 23:00:37.995905 未中奖
2026/05/28 23:00:37.995905 未中奖
2026/05/28 23:00:37.995905 未中奖
2026/05/28 23:00:37.995905 中奖：三等奖
2026/05/28 23:00:37.995905 未中奖
2026/05/28 23:00:37.995905 未中奖
2026/05/28 23:00:37.995905 未中奖
2026/05/28 23:00:37.995905 未中奖
2026/05/28 23:00:37.995905 未中奖
2026/05/28 23:00:37.995905 未中奖
2026/05/28 23:00:37.995905 未中奖
2026/05/28 23:00:37.995905 未中奖
2026/05/28 23:00:37.995905 未中奖
2026/05/28 23:00:37.995905 中奖：三等奖
2026/05/28 23:00:37.995905 未中奖
2026/05/28 23:00:37.995905 未中奖
2026/05/28 23:00:37.995905 中奖：三等奖
2026/05/28 23:00:37.995905 未中奖
2026/05/28 23:00:37.995905 未中奖
2026/05/28 23:00:37.995905 未中奖
2026/05/28 23:00:37.995905 未中奖
2026/05/28 23:00:37.995905 未中奖
2026/05/28 23:00:37.995905 未中奖
2026/05/28 23:00:37.995905 未中奖
2026/05/28 23:00:37.995905 未中奖
2026/05/28 23:00:37.995905 未中奖
2026/05/28 23:00:37.995905 未中奖
2026/05/28 23:00:37.995905 未中奖
2026/05/28 23:00:37.995905 未中奖
2026/05/28 23:00:37.995905 未中奖
2026/05/28 23:00:37.995905 未中奖
2026/05/28 23:00:37.995905 未中奖
2026/05/28 23:00:37.995905 未中奖
2026/05/28 23:00:37.995905 未中奖
2026/05/28 23:00:37.995905 奖品已发完
2026/05/28 23:00:37.995905 未中奖
2026/05/28 23:00:37.995905 未中奖
2026/05/28 23:00:37.995905 未中奖
2026/05/28 23:00:37.995905 未中奖
2026/05/28 23:00:37.995905 未中奖
2026/05/28 23:00:37.997371 未中奖
2026/05/28 23:00:37.997371 未中奖
2026/05/28 23:00:37.997371 未中奖
2026/05/28 23:00:37.997371 未中奖
2026/05/28 23:00:37.997371 中奖：三等奖
2026/05/28 23:00:37.997371 未中奖
2026/05/28 23:00:37.997371 未中奖
2026/05/28 23:00:37.997371 未中奖
2026/05/28 23:00:37.997371 未中奖
2026/05/28 23:00:37.997371 未中奖
2026/05/28 23:00:37.997371 奖品已发完
2026/05/28 23:00:37.997371 未中奖
2026/05/28 23:00:37.997371 中奖：三等奖
2026/05/28 23:00:37.997371 未中奖
2026/05/28 23:00:37.997371 未中奖
2026/05/28 23:00:37.997371 未中奖
2026/05/28 23:00:37.997371 未中奖
2026/05/28 23:00:37.997371 未中奖
2026/05/28 23:00:37.997371 未中奖
2026/05/28 23:00:37.997371 未中奖
2026/05/28 23:00:37.997371 未中奖
2026/05/28 23:00:37.997371 未中奖
2026/05/28 23:00:37.997371 未中奖
2026/05/28 23:00:37.997371 未中奖
2026/05/28 23:00:37.997371 未中奖
2026/05/28 23:00:37.997371 未中奖
2026/05/28 23:00:37.997371 未中奖
2026/05/28 23:00:37.997371 未中奖
2026/05/28 23:00:37.997371 未中奖
2026/05/28 23:00:37.997371 未中奖
2026/05/28 23:00:37.997371 未中奖
2026/05/28 23:00:37.997371 未中奖
2026/05/28 23:00:37.997371 未中奖
2026/05/28 23:00:37.997371 未中奖
2026/05/28 23:00:37.997371 未中奖
2026/05/28 23:00:37.997371 未中奖
2026/05/28 23:00:37.997371 奖品已发完
2026/05/28 23:00:37.997371 未中奖
2026/05/28 23:00:37.997371 未中奖
2026/05/28 23:00:37.997371 未中奖
2026/05/28 23:00:37.997371 未中奖
2026/05/28 23:00:37.997371 未中奖
2026/05/28 23:00:37.997371 未中奖
2026/05/28 23:00:37.997371 未中奖
2026/05/28 23:00:37.997371 中奖：三等奖
2026/05/28 23:00:37.997371 未中奖
2026/05/28 23:00:37.997371 未中奖
2026/05/28 23:00:37.997371 奖品已发完
2026/05/28 23:00:37.997371 未中奖
2026/05/28 23:00:37.997371 未中奖
2026/05/28 23:00:37.997371 未中奖
2026/05/28 23:00:37.997371 未中奖
2026/05/28 23:00:37.997371 未中奖
2026/05/28 23:00:37.997371 未中奖
2026/05/28 23:00:37.997371 未中奖
2026/05/28 23:00:37.997371 未中奖
2026/05/28 23:00:37.997371 未中奖
2026/05/28 23:00:37.997371 未中奖
2026/05/28 23:00:37.997371 中奖：三等奖
2026/05/28 23:00:37.997371 中奖：三等奖
2026/05/28 23:00:37.997371 未中奖
2026/05/28 23:00:37.997371 未中奖
2026/05/28 23:00:37.997371 未中奖
2026/05/28 23:00:37.997371 未中奖
2026/05/28 23:00:37.997371 未中奖
2026/05/28 23:00:37.997371 未中奖
2026/05/28 23:00:37.997371 未中奖
2026/05/28 23:00:37.997371 未中奖
2026/05/28 23:00:37.997371 未中奖
2026/05/28 23:00:37.997371 奖品已发完
2026/05/28 23:00:37.998385 未中奖
2026/05/28 23:00:37.998385 未中奖
2026/05/28 23:00:37.998385 未中奖
2026/05/28 23:00:37.998385 奖品已发完
2026/05/28 23:00:37.998385 未中奖
2026/05/28 23:00:37.998385 未中奖
2026/05/28 23:00:37.998385 未中奖
2026/05/28 23:00:37.998385 未中奖
2026/05/28 23:00:37.998385 未中奖
2026/05/28 23:00:37.998385 未中奖
2026/05/28 23:00:37.998385 未中奖
2026/05/28 23:00:37.998385 未中奖
2026/05/28 23:00:37.998385 奖品已发完
2026/05/28 23:00:37.998385 未中奖
2026/05/28 23:00:37.998385 未中奖
2026/05/28 23:00:37.998385 未中奖
2026/05/28 23:00:37.998385 未中奖
2026/05/28 23:00:37.998385 未中奖
2026/05/28 23:00:37.998385 未中奖
2026/05/28 23:00:37.998385 中奖：三等奖
2026/05/28 23:00:37.998385 未中奖
2026/05/28 23:00:37.998385 未中奖
2026/05/28 23:00:37.998385 未中奖
2026/05/28 23:00:37.998385 未中奖
2026/05/28 23:00:37.998385 未中奖
2026/05/28 23:00:37.998385 未中奖
2026/05/28 23:00:37.998385 未中奖
2026/05/28 23:00:37.998385 未中奖
2026/05/28 23:00:37.998385 未中奖
2026/05/28 23:00:37.998385 未中奖
2026/05/28 23:00:37.998385 未中奖
2026/05/28 23:00:37.998385 未中奖
2026/05/28 23:00:37.998385 未中奖
2026/05/28 23:00:37.998385 未中奖
2026/05/28 23:00:37.998385 未中奖
2026/05/28 23:00:37.998385 未中奖
2026/05/28 23:00:37.998385 未中奖
2026/05/28 23:00:37.998385 未中奖
2026/05/28 23:00:37.998385 未中奖
2026/05/28 23:00:37.998385 未中奖
2026/05/28 23:00:37.998385 未中奖
2026/05/28 23:00:37.998385 奖品已发完
2026/05/28 23:00:37.998385 未中奖
2026/05/28 23:00:37.998385 未中奖
2026/05/28 23:00:37.998385 未中奖
2026/05/28 23:00:37.998385 中奖：三等奖
2026/05/28 23:00:37.998385 未中奖
2026/05/28 23:00:37.998385 未中奖
2026/05/28 23:00:37.998385 中奖：三等奖
2026/05/28 23:00:37.998385 未中奖
2026/05/28 23:00:37.998385 未中奖
2026/05/28 23:00:37.998385 未中奖
2026/05/28 23:00:37.998385 未中奖
2026/05/28 23:00:37.998385 未中奖
2026/05/28 23:00:37.998385 未中奖
2026/05/28 23:00:37.998385 未中奖
2026/05/28 23:00:37.998385 未中奖
2026/05/28 23:00:37.998385 未中奖
2026/05/28 23:00:37.998385 未中奖
2026/05/28 23:00:37.998385 未中奖
2026/05/28 23:00:37.998385 未中奖
2026/05/28 23:00:37.998385 中奖：三等奖
2026/05/28 23:00:37.998385 未中奖
2026/05/28 23:00:37.998385 未中奖
2026/05/28 23:00:37.998385 未中奖
2026/05/28 23:00:37.998385 未中奖
2026/05/28 23:00:37.998385 未中奖
2026/05/28 23:00:37.998385 未中奖
2026/05/28 23:00:37.998385 未中奖
2026/05/28 23:00:37.999380 未中奖
2026/05/28 23:00:37.999380 未中奖
2026/05/28 23:00:37.999380 未中奖
2026/05/28 23:00:37.999380 未中奖
2026/05/28 23:00:37.999380 未中奖
2026/05/28 23:00:37.999380 未中奖
2026/05/28 23:00:37.999380 未中奖
2026/05/28 23:00:37.999380 未中奖
2026/05/28 23:00:37.999380 奖品已发完
2026/05/28 23:00:37.999380 未中奖
2026/05/28 23:00:37.999380 未中奖
2026/05/28 23:00:37.999380 未中奖
2026/05/28 23:00:37.999380 未中奖
2026/05/28 23:00:37.999380 未中奖
2026/05/28 23:00:37.999380 未中奖
2026/05/28 23:00:37.999380 未中奖
2026/05/28 23:00:37.999380 未中奖
2026/05/28 23:00:37.999380 未中奖
2026/05/28 23:00:37.999380 未中奖
2026/05/28 23:00:37.999380 未中奖
2026/05/28 23:00:37.999380 未中奖
2026/05/28 23:00:37.999380 未中奖
2026/05/28 23:00:37.999380 未中奖
2026/05/28 23:00:37.999380 奖品已发完
2026/05/28 23:00:37.999380 未中奖
2026/05/28 23:00:37.999380 未中奖
2026/05/28 23:00:37.999380 未中奖
2026/05/28 23:00:37.999380 未中奖
2026/05/28 23:00:37.999380 未中奖
2026/05/28 23:00:37.999380 未中奖
2026/05/28 23:00:37.999380 未中奖
2026/05/28 23:00:37.999380 未中奖
2026/05/28 23:00:37.999380 未中奖
2026/05/28 23:00:37.999380 未中奖
2026/05/28 23:00:37.999380 未中奖
2026/05/28 23:00:37.999380 未中奖
2026/05/28 23:00:37.999380 未中奖
2026/05/28 23:00:37.999380 未中奖
2026/05/28 23:00:37.999380 未中奖
2026/05/28 23:00:37.999380 未中奖
2026/05/28 23:00:37.999380 未中奖
2026/05/28 23:00:37.999380 奖品已发完
2026/05/28 23:00:37.999380 未中奖
2026/05/28 23:00:37.999380 未中奖
2026/05/28 23:00:37.999977 中奖：三等奖
2026/05/28 23:00:37.999977 未中奖
2026/05/28 23:00:37.999977 未中奖
2026/05/28 23:00:37.999977 未中奖
2026/05/28 23:00:37.999977 中奖：三等奖
2026/05/28 23:00:37.999977 未中奖
2026/05/28 23:00:37.999977 未中奖
2026/05/28 23:00:37.999977 未中奖
2026/05/28 23:00:37.999977 未中奖
2026/05/28 23:00:37.999977 未中奖
2026/05/28 23:00:37.999977 未中奖
2026/05/28 23:00:37.999977 未中奖
2026/05/28 23:00:37.999977 未中奖
2026/05/28 23:00:37.999977 未中奖
2026/05/28 23:00:37.999977 未中奖
2026/05/28 23:00:37.999977 中奖：三等奖
2026/05/28 23:00:37.999977 未中奖
2026/05/28 23:00:37.999977 未中奖
2026/05/28 23:00:37.999977 中奖：三等奖
2026/05/28 23:00:37.999977 未中奖
2026/05/28 23:00:37.999977 中奖：三等奖
2026/05/28 23:00:37.999977 未中奖
2026/05/28 23:00:37.999977 未中奖
2026/05/28 23:00:37.999977 未中奖
2026/05/28 23:00:37.999977 中奖：三等奖
2026/05/28 23:00:37.999977 未中奖
2026/05/28 23:00:37.999977 未中奖
2026/05/28 23:00:37.999977 未中奖
2026/05/28 23:00:37.999977 未中奖
2026/05/28 23:00:37.999977 未中奖
2026/05/28 23:00:37.999977 未中奖
2026/05/28 23:00:37.999977 未中奖
2026/05/28 23:00:37.999977 未中奖
2026/05/28 23:00:37.999977 未中奖
2026/05/28 23:00:37.999977 中奖：三等奖
2026/05/28 23:00:37.999977 未中奖
2026/05/28 23:00:37.999977 未中奖
2026/05/28 23:00:37.999977 未中奖
2026/05/28 23:00:37.999977 未中奖
2026/05/28 23:00:37.999977 未中奖
2026/05/28 23:00:37.999977 未中奖
2026/05/28 23:00:37.999977 未中奖
2026/05/28 23:00:37.999977 未中奖
2026/05/28 23:00:37.999977 中奖：三等奖
2026/05/28 23:00:37.999977 未中奖
2026/05/28 23:00:37.999977 未中奖
2026/05/28 23:00:37.999977 未中奖
2026/05/28 23:00:37.999977 未中奖
2026/05/28 23:00:37.999977 未中奖
2026/05/28 23:00:37.999977 未中奖
2026/05/28 23:00:37.999977 未中奖
2026/05/28 23:00:37.999977 未中奖
2026/05/28 23:00:37.999977 未中奖
2026/05/28 23:00:37.999977 未中奖
2026/05/28 23:00:37.999977 未中奖
2026/05/28 23:00:37.999977 未中奖
2026/05/28 23:00:37.999977 未中奖
2026/05/28 23:00:37.999977 未中奖
2026/05/28 23:00:37.999977 未中奖
2026/05/28 23:00:37.999977 未中奖
2026/05/28 23:00:37.999977 未中奖
2026/05/28 23:00:37.999977 未中奖
2026/05/28 23:00:37.999977 未中奖
2026/05/28 23:00:37.999977 未中奖
2026/05/28 23:00:37.999977 奖品已发完
2026/05/28 23:00:37.999977 未中奖
2026/05/28 23:00:37.999977 未中奖
2026/05/28 23:00:38.000997 未中奖
2026/05/28 23:00:38.000997 未中奖
2026/05/28 23:00:38.000997 未中奖
2026/05/28 23:00:38.000997 未中奖
2026/05/28 23:00:38.000997 未中奖
2026/05/28 23:00:38.000997 未中奖
2026/05/28 23:00:38.000997 未中奖
2026/05/28 23:00:38.000997 未中奖
2026/05/28 23:00:38.000997 未中奖
2026/05/28 23:00:38.000997 未中奖
2026/05/28 23:00:38.000997 未中奖
2026/05/28 23:00:38.000997 未中奖
2026/05/28 23:00:38.000997 未中奖
2026/05/28 23:00:38.000997 未中奖
2026/05/28 23:00:38.000997 未中奖
2026/05/28 23:00:38.000997 未中奖
2026/05/28 23:00:38.000997 未中奖
2026/05/28 23:00:38.000997 未中奖
2026/05/28 23:00:38.000997 未中奖
2026/05/28 23:00:38.000997 未中奖
2026/05/28 23:00:38.000997 未中奖
2026/05/28 23:00:38.000997 未中奖
2026/05/28 23:00:38.000997 未中奖
2026/05/28 23:00:38.000997 未中奖
2026/05/28 23:00:38.000997 中奖：三等奖
2026/05/28 23:00:38.000997 未中奖
2026/05/28 23:00:38.000997 未中奖
2026/05/28 23:00:38.000997 未中奖
2026/05/28 23:00:38.000997 未中奖
2026/05/28 23:00:38.000997 未中奖
2026/05/28 23:00:38.000997 奖品已发完
2026/05/28 23:00:38.000997 奖品已发完
2026/05/28 23:00:38.000997 未中奖
2026/05/28 23:00:38.000997 未中奖
2026/05/28 23:00:38.000997 未中奖
2026/05/28 23:00:38.000997 未中奖
2026/05/28 23:00:38.000997 未中奖
2026/05/28 23:00:38.000997 未中奖
2026/05/28 23:00:38.000997 未中奖
2026/05/28 23:00:38.000997 未中奖
2026/05/28 23:00:38.000997 未中奖
2026/05/28 23:00:38.000997 未中奖
2026/05/28 23:00:38.000997 未中奖
2026/05/28 23:00:38.000997 奖品已发完
2026/05/28 23:00:38.000997 未中奖
2026/05/28 23:00:38.000997 未中奖
2026/05/28 23:00:38.000997 未中奖
2026/05/28 23:00:38.000997 奖品已发完
2026/05/28 23:00:38.000997 未中奖
2026/05/28 23:00:38.000997 未中奖
2026/05/28 23:00:38.000997 未中奖
2026/05/28 23:00:38.000997 未中奖
2026/05/28 23:00:38.000997 未中奖
2026/05/28 23:00:38.000997 奖品已发完
2026/05/28 23:00:38.000997 未中奖
2026/05/28 23:00:38.000997 未中奖
2026/05/28 23:00:38.000997 未中奖
2026/05/28 23:00:38.000997 未中奖
2026/05/28 23:00:38.000997 奖品已发完
2026/05/28 23:00:38.000997 未中奖
2026/05/28 23:00:38.002004 奖品已发完
2026/05/28 23:00:38.002004 未中奖
2026/05/28 23:00:38.002004 未中奖
2026/05/28 23:00:38.002004 未中奖
2026/05/28 23:00:38.002004 未中奖
2026/05/28 23:00:38.002004 未中奖
2026/05/28 23:00:38.002004 未中奖
2026/05/28 23:00:38.002004 奖品已发完
2026/05/28 23:00:38.002004 未中奖
2026/05/28 23:00:38.002004 未中奖
2026/05/28 23:00:38.002004 未中奖
2026/05/28 23:00:38.002004 未中奖
2026/05/28 23:00:38.002004 未中奖
2026/05/28 23:00:38.002004 奖品已发完
2026/05/28 23:00:38.002004 未中奖
2026/05/28 23:00:38.002004 奖品已发完
2026/05/28 23:00:38.002004 未中奖
2026/05/28 23:00:38.002004 未中奖
2026/05/28 23:00:38.002004 未中奖
2026/05/28 23:00:38.002004 未中奖
2026/05/28 23:00:38.002004 未中奖
2026/05/28 23:00:38.002004 奖品已发完
2026/05/28 23:00:38.002004 未中奖
2026/05/28 23:00:38.002004 未中奖
2026/05/28 23:00:38.002004 未中奖
2026/05/28 23:00:38.002004 未中奖
2026/05/28 23:00:38.002004 未中奖
2026/05/28 23:00:38.002004 未中奖
2026/05/28 23:00:38.002004 未中奖
2026/05/28 23:00:38.002004 未中奖
2026/05/28 23:00:38.002004 未中奖
2026/05/28 23:00:38.002004 未中奖
2026/05/28 23:00:38.002004 未中奖
2026/05/28 23:00:38.002004 未中奖
2026/05/28 23:00:38.002004 未中奖
2026/05/28 23:00:38.002004 未中奖
2026/05/28 23:00:38.002004 奖品已发完
2026/05/28 23:00:38.002004 未中奖
2026/05/28 23:00:38.002004 未中奖
2026/05/28 23:00:38.002004 未中奖
2026/05/28 23:00:38.002004 未中奖
2026/05/28 23:00:38.002004 未中奖
2026/05/28 23:00:38.002004 未中奖
2026/05/28 23:00:38.002004 未中奖
2026/05/28 23:00:38.002004 未中奖
2026/05/28 23:00:38.002004 未中奖
2026/05/28 23:00:38.002004 未中奖
2026/05/28 23:00:38.002004 未中奖
2026/05/28 23:00:38.002004 未中奖
2026/05/28 23:00:38.002004 未中奖
2026/05/28 23:00:38.002004 未中奖
2026/05/28 23:00:38.002004 未中奖
2026/05/28 23:00:38.002004 未中奖
2026/05/28 23:00:38.002004 未中奖
2026/05/28 23:00:38.002004 未中奖
2026/05/28 23:00:38.002004 未中奖
2026/05/28 23:00:38.002004 未中奖
2026/05/28 23:00:38.002004 未中奖
2026/05/28 23:00:38.002004 未中奖
2026/05/28 23:00:38.002004 奖品已发完
2026/05/28 23:00:38.002004 未中奖
2026/05/28 23:00:38.002004 未中奖
2026/05/28 23:00:38.002004 未中奖
2026/05/28 23:00:38.002004 未中奖
2026/05/28 23:00:38.002004 未中奖
2026/05/28 23:00:38.002004 未中奖
2026/05/28 23:00:38.002004 未中奖
2026/05/28 23:00:38.002004 未中奖
2026/05/28 23:00:38.002004 未中奖
2026/05/28 23:00:38.002004 未中奖
2026/05/28 23:00:38.002995 未中奖
2026/05/28 23:00:38.002995 未中奖
2026/05/28 23:00:38.002995 未中奖
2026/05/28 23:00:38.002995 未中奖
2026/05/28 23:00:38.002995 未中奖
2026/05/28 23:00:38.002995 未中奖
2026/05/28 23:00:38.002995 未中奖
2026/05/28 23:00:38.002995 未中奖
2026/05/28 23:00:38.002995 未中奖
2026/05/28 23:00:38.002995 未中奖
2026/05/28 23:00:38.002995 未中奖
2026/05/28 23:00:38.002995 未中奖
2026/05/28 23:00:38.002995 未中奖
2026/05/28 23:00:38.002995 奖品已发完
2026/05/28 23:00:38.002995 未中奖
2026/05/28 23:00:38.002995 未中奖
2026/05/28 23:00:38.002995 奖品已发完
2026/05/28 23:00:38.002995 未中奖
2026/05/28 23:00:38.002995 未中奖
2026/05/28 23:00:38.002995 未中奖
2026/05/28 23:00:38.002995 未中奖
2026/05/28 23:00:38.002995 未中奖
2026/05/28 23:00:38.002995 奖品已发完
2026/05/28 23:00:38.002995 未中奖
2026/05/28 23:00:38.002995 未中奖
2026/05/28 23:00:38.002995 未中奖
2026/05/28 23:00:38.002995 奖品已发完
2026/05/28 23:00:38.002995 未中奖
2026/05/28 23:00:38.002995 未中奖
2026/05/28 23:00:38.002995 未中奖
2026/05/28 23:00:38.002995 未中奖
2026/05/28 23:00:38.003995 未中奖
2026/05/28 23:00:38.003995 奖品已发完
2026/05/28 23:00:38.003995 未中奖
2026/05/28 23:00:38.003995 未中奖
2026/05/28 23:00:38.003995 未中奖
2026/05/28 23:00:38.003995 未中奖
2026/05/28 23:00:38.003995 未中奖
2026/05/28 23:00:38.003995 未中奖
2026/05/28 23:00:38.003995 未中奖
2026/05/28 23:00:38.003995 奖品已发完
2026/05/28 23:00:38.003995 未中奖
2026/05/28 23:00:38.003995 未中奖
2026/05/28 23:00:38.003995 未中奖
2026/05/28 23:00:38.003995 未中奖
2026/05/28 23:00:38.003995 未中奖
2026/05/28 23:00:38.003995 未中奖
2026/05/28 23:00:38.003995 未中奖
2026/05/28 23:00:38.003995 奖品已发完
2026/05/28 23:00:38.003995 奖品已发完
2026/05/28 23:00:38.003995 未中奖
2026/05/28 23:00:38.003995 未中奖
2026/05/28 23:00:38.003995 未中奖
2026/05/28 23:00:38.003995 未中奖
2026/05/28 23:00:38.003995 未中奖
2026/05/28 23:00:38.003995 未中奖
2026/05/28 23:00:38.003995 奖品已发完
2026/05/28 23:00:38.003995 未中奖
2026/05/28 23:00:38.003995 未中奖
2026/05/28 23:00:38.003995 未中奖
2026/05/28 23:00:38.003995 奖品已发完
2026/05/28 23:00:38.003995 未中奖
2026/05/28 23:00:38.003995 未中奖
2026/05/28 23:00:38.003995 未中奖
2026/05/28 23:00:38.003995 未中奖
2026/05/28 23:00:38.003995 未中奖
2026/05/28 23:00:38.003995 未中奖
2026/05/28 23:00:38.003995 未中奖
2026/05/28 23:00:38.003995 未中奖
2026/05/28 23:00:38.003995 未中奖
2026/05/28 23:00:38.004501 未中奖
2026/05/28 23:00:38.004501 未中奖
2026/05/28 23:00:38.004501 未中奖
2026/05/28 23:00:38.004501 未中奖
2026/05/28 23:00:38.004501 未中奖
2026/05/28 23:00:38.004501 未中奖
2026/05/28 23:00:38.004501 未中奖
2026/05/28 23:00:38.004501 未中奖
2026/05/28 23:00:38.004501 未中奖
2026/05/28 23:00:38.004501 未中奖
2026/05/28 23:00:38.004501 奖品已发完
2026/05/28 23:00:38.004501 未中奖
2026/05/28 23:00:38.004501 奖品已发完
2026/05/28 23:00:38.004501 未中奖
2026/05/28 23:00:38.004501 奖品已发完
2026/05/28 23:00:38.004501 未中奖
2026/05/28 23:00:38.004501 未中奖
2026/05/28 23:00:38.004501 未中奖
2026/05/28 23:00:38.004501 未中奖
2026/05/28 23:00:38.004501 未中奖
2026/05/28 23:00:38.004501 未中奖
2026/05/28 23:00:38.004501 未中奖
2026/05/28 23:00:38.004501 未中奖
2026/05/28 23:00:38.004501 未中奖
2026/05/28 23:00:38.004501 未中奖
2026/05/28 23:00:38.004501 未中奖
2026/05/28 23:00:38.004501 未中奖
2026/05/28 23:00:38.004501 未中奖
2026/05/28 23:00:38.004501 奖品已发完
2026/05/28 23:00:38.004501 未中奖
2026/05/28 23:00:38.004501 未中奖
2026/05/28 23:00:38.004501 未中奖
2026/05/28 23:00:38.004501 未中奖
2026/05/28 23:00:38.004501 未中奖
2026/05/28 23:00:38.004501 未中奖
2026/05/28 23:00:38.004501 未中奖
2026/05/28 23:00:38.004501 奖品已发完
2026/05/28 23:00:38.004501 未中奖
2026/05/28 23:00:38.004501 未中奖
2026/05/28 23:00:38.004501 未中奖
2026/05/28 23:00:38.004501 未中奖
2026/05/28 23:00:38.004501 未中奖
2026/05/28 23:00:38.005017 未中奖
2026/05/28 23:00:38.005017 未中奖
2026/05/28 23:00:38.005017 未中奖
2026/05/28 23:00:38.005017 未中奖
2026/05/28 23:00:38.005017 未中奖
2026/05/28 23:00:38.005017 未中奖
2026/05/28 23:00:38.005017 未中奖
2026/05/28 23:00:38.005017 未中奖
2026/05/28 23:00:38.005017 未中奖
2026/05/28 23:00:38.005017 未中奖
2026/05/28 23:00:38.005017 未中奖
2026/05/28 23:00:38.005017 未中奖
2026/05/28 23:00:38.005017 未中奖
2026/05/28 23:00:38.005017 未中奖
2026/05/28 23:00:38.005017 未中奖
2026/05/28 23:00:38.005017 未中奖
2026/05/28 23:00:38.005017 未中奖
2026/05/28 23:00:38.005017 未中奖
2026/05/28 23:00:38.005017 未中奖
2026/05/28 23:00:38.005017 未中奖
2026/05/28 23:00:38.005017 奖品已发完
2026/05/28 23:00:38.005017 未中奖
2026/05/28 23:00:38.005017 未中奖
2026/05/28 23:00:38.005017 未中奖
2026/05/28 23:00:38.005017 奖品已发完
2026/05/28 23:00:38.005017 奖品已发完
2026/05/28 23:00:38.005017 未中奖
2026/05/28 23:00:38.005017 未中奖
2026/05/28 23:00:38.005017 奖品已发完
2026/05/28 23:00:38.005017 未中奖
2026/05/28 23:00:38.005017 未中奖
2026/05/28 23:00:38.005017 未中奖
2026/05/28 23:00:38.005017 未中奖
2026/05/28 23:00:38.005017 未中奖
2026/05/28 23:00:38.005017 未中奖
2026/05/28 23:00:38.005017 未中奖
2026/05/28 23:00:38.005017 未中奖
2026/05/28 23:00:38.005017 未中奖
2026/05/28 23:00:38.005017 未中奖
2026/05/28 23:00:38.005017 未中奖
2026/05/28 23:00:38.005017 未中奖
2026/05/28 23:00:38.005017 未中奖
2026/05/28 23:00:38.005017 未中奖
2026/05/28 23:00:38.005017 未中奖
2026/05/28 23:00:38.005017 未中奖
2026/05/28 23:00:38.005017 未中奖
2026/05/28 23:00:38.005017 未中奖
2026/05/28 23:00:38.005017 未中奖
2026/05/28 23:00:38.005017 未中奖
2026/05/28 23:00:38.005017 未中奖
2026/05/28 23:00:38.005017 未中奖
2026/05/28 23:00:38.005017 未中奖
2026/05/28 23:00:38.005017 未中奖
2026/05/28 23:00:38.005017 未中奖
2026/05/28 23:00:38.005017 未中奖
2026/05/28 23:00:38.005017 未中奖
2026/05/28 23:00:38.005017 未中奖
2026/05/28 23:00:38.005017 未中奖
2026/05/28 23:00:38.005017 奖品已发完
2026/05/28 23:00:38.005017 未中奖
2026/05/28 23:00:38.005017 奖品已发完
2026/05/28 23:00:38.005017 未中奖
2026/05/28 23:00:38.005017 未中奖
2026/05/28 23:00:38.005017 奖品已发完
2026/05/28 23:00:38.005017 未中奖
2026/05/28 23:00:38.005017 未中奖
2026/05/28 23:00:38.005017 未中奖
2026/05/28 23:00:38.005017 未中奖
2026/05/28 23:00:38.005017 未中奖
2026/05/28 23:00:38.005017 未中奖
2026/05/28 23:00:38.005017 未中奖
2026/05/28 23:00:38.005017 未中奖
2026/05/28 23:00:38.005017 未中奖
2026/05/28 23:00:38.005017 未中奖
2026/05/28 23:00:38.005017 未中奖
2026/05/28 23:00:38.005017 未中奖
2026/05/28 23:00:38.005017 未中奖
2026/05/28 23:00:38.005017 未中奖
2026/05/28 23:00:38.005017 未中奖
2026/05/28 23:00:38.005017 未中奖
2026/05/28 23:00:38.005017 未中奖
2026/05/28 23:00:38.005017 未中奖
2026/05/28 23:00:38.005017 未中奖
2026/05/28 23:00:38.005017 未中奖
2026/05/28 23:00:38.005017 未中奖
2026/05/28 23:00:38.005017 奖品已发完
2026/05/28 23:00:38.005017 奖品已发完
2026/05/28 23:00:38.005017 未中奖
2026/05/28 23:00:38.005017 未中奖
2026/05/28 23:00:38.005017 未中奖
2026/05/28 23:00:38.005017 未中奖
2026/05/28 23:00:38.005017 未中奖
2026/05/28 23:00:38.005017 未中奖
2026/05/28 23:00:38.005017 未中奖
2026/05/28 23:00:38.005017 未中奖
2026/05/28 23:00:38.005017 奖品已发完
2026/05/28 23:00:38.005017 未中奖
2026/05/28 23:00:38.006029 未中奖
2026/05/28 23:00:38.006029 奖品已发完
2026/05/28 23:00:38.006029 未中奖
2026/05/28 23:00:38.006029 未中奖
2026/05/28 23:00:38.006029 未中奖
2026/05/28 23:00:38.006029 未中奖
2026/05/28 23:00:38.006029 未中奖
2026/05/28 23:00:38.006029 未中奖
2026/05/28 23:00:38.006029 未中奖
2026/05/28 23:00:38.006029 未中奖
2026/05/28 23:00:38.006029 未中奖
2026/05/28 23:00:38.006029 未中奖
2026/05/28 23:00:38.006029 奖品已发完
2026/05/28 23:00:38.006029 未中奖
2026/05/28 23:00:38.006029 未中奖
2026/05/28 23:00:38.006029 未中奖
2026/05/28 23:00:38.006029 未中奖
2026/05/28 23:00:38.006029 未中奖
2026/05/28 23:00:38.006029 未中奖
2026/05/28 23:00:38.006029 奖品已发完
2026/05/28 23:00:38.006029 未中奖
2026/05/28 23:00:38.006029 奖品已发完
2026/05/28 23:00:38.006029 未中奖
2026/05/28 23:00:38.006029 未中奖
2026/05/28 23:00:38.006029 未中奖
2026/05/28 23:00:38.006029 未中奖
2026/05/28 23:00:38.006029 未中奖
2026/05/28 23:00:38.006029 未中奖
2026/05/28 23:00:38.006029 未中奖
2026/05/28 23:00:38.006029 未中奖
2026/05/28 23:00:38.006029 未中奖
2026/05/28 23:00:38.006029 奖品已发完
2026/05/28 23:00:38.006029 未中奖
2026/05/28 23:00:38.006029 未中奖
2026/05/28 23:00:38.006029 奖品已发完
2026/05/28 23:00:38.006029 未中奖
2026/05/28 23:00:38.006029 奖品已发完
2026/05/28 23:00:38.006029 奖品已发完
2026/05/28 23:00:38.006029 未中奖
2026/05/28 23:00:38.006029 未中奖
2026/05/28 23:00:38.006029 未中奖
2026/05/28 23:00:38.006029 未中奖
2026/05/28 23:00:38.006029 未中奖
2026/05/28 23:00:38.006029 未中奖
2026/05/28 23:00:38.006029 未中奖
2026/05/28 23:00:38.006029 未中奖
2026/05/28 23:00:38.006029 未中奖
2026/05/28 23:00:38.006029 未中奖
2026/05/28 23:00:38.006029 未中奖
2026/05/28 23:00:38.006029 未中奖
2026/05/28 23:00:38.006029 未中奖
2026/05/28 23:00:38.006029 未中奖
2026/05/28 23:00:38.006029 未中奖
2026/05/28 23:00:38.006029 未中奖
2026/05/28 23:00:38.006029 未中奖
2026/05/28 23:00:38.006029 未中奖
2026/05/28 23:00:38.006029 奖品已发完
2026/05/28 23:00:38.006029 未中奖
2026/05/28 23:00:38.006029 未中奖
2026/05/28 23:00:38.006029 奖品已发完
2026/05/28 23:00:38.006029 未中奖
2026/05/28 23:00:38.006029 未中奖
2026/05/28 23:00:38.006029 未中奖
2026/05/28 23:00:38.006029 未中奖
2026/05/28 23:00:38.006029 未中奖
2026/05/28 23:00:38.006029 未中奖
2026/05/28 23:00:38.006029 未中奖
2026/05/28 23:00:38.006029 未中奖
2026/05/28 23:00:38.006029 未中奖
2026/05/28 23:00:38.006029 未中奖
2026/05/28 23:00:38.006029 未中奖
2026/05/28 23:00:38.006029 未中奖
2026/05/28 23:00:38.006029 未中奖
2026/05/28 23:00:38.006029 未中奖
2026/05/28 23:00:38.006029 未中奖
2026/05/28 23:00:38.006029 奖品已发完
2026/05/28 23:00:38.006029 未中奖
2026/05/28 23:00:38.006029 未中奖
2026/05/28 23:00:38.006029 未中奖
2026/05/28 23:00:38.006029 未中奖
2026/05/28 23:00:38.006029 未中奖
2026/05/28 23:00:38.006029 未中奖
2026/05/28 23:00:38.006029 未中奖
2026/05/28 23:00:38.006029 未中奖
2026/05/28 23:00:38.006029 未中奖
2026/05/28 23:00:38.006029 未中奖
2026/05/28 23:00:38.006029 未中奖
2026/05/28 23:00:38.006029 未中奖
2026/05/28 23:00:38.006029 未中奖
2026/05/28 23:00:38.006029 未中奖
2026/05/28 23:00:38.006029 未中奖
2026/05/28 23:00:38.006029 未中奖
2026/05/28 23:00:38.006029 未中奖
2026/05/28 23:00:38.006029 未中奖
2026/05/28 23:00:38.006029 未中奖
2026/05/28 23:00:38.006029 未中奖
2026/05/28 23:00:38.006029 未中奖
2026/05/28 23:00:38.006029 未中奖
2026/05/28 23:00:38.006029 未中奖
2026/05/28 23:00:38.006029 未中奖
2026/05/28 23:00:38.006029 未中奖
2026/05/28 23:00:38.006029 未中奖
2026/05/28 23:00:38.006029 奖品已发完
2026/05/28 23:00:38.007029 未中奖
2026/05/28 23:00:38.007029 未中奖
2026/05/28 23:00:38.007029 未中奖
2026/05/28 23:00:38.007029 未中奖
2026/05/28 23:00:38.007029 未中奖
2026/05/28 23:00:38.007029 未中奖
2026/05/28 23:00:38.007029 未中奖
2026/05/28 23:00:38.007029 未中奖
2026/05/28 23:00:38.007029 未中奖
2026/05/28 23:00:38.007029 未中奖
2026/05/28 23:00:38.007029 未中奖
2026/05/28 23:00:38.007029 未中奖
2026/05/28 23:00:38.007029 未中奖
2026/05/28 23:00:38.007029 未中奖
2026/05/28 23:00:38.007029 未中奖
2026/05/28 23:00:38.007029 未中奖
2026/05/28 23:00:38.007029 未中奖
2026/05/28 23:00:38.007029 未中奖
2026/05/28 23:00:38.007029 未中奖
2026/05/28 23:00:38.007029 未中奖
2026/05/28 23:00:38.007029 未中奖
2026/05/28 23:00:38.007029 未中奖
2026/05/28 23:00:38.007029 未中奖
2026/05/28 23:00:38.007029 未中奖
2026/05/28 23:00:38.007029 奖品已发完
2026/05/28 23:00:38.007029 未中奖
2026/05/28 23:00:38.007029 未中奖
2026/05/28 23:00:38.007029 奖品已发完
2026/05/28 23:00:38.007029 未中奖
2026/05/28 23:00:38.007029 未中奖
2026/05/28 23:00:38.007029 未中奖
2026/05/28 23:00:38.007029 未中奖
2026/05/28 23:00:38.007029 未中奖
2026/05/28 23:00:38.007029 未中奖
2026/05/28 23:00:38.007029 未中奖
2026/05/28 23:00:38.007029 未中奖
2026/05/28 23:00:38.007029 未中奖
2026/05/28 23:00:38.007029 未中奖
2026/05/28 23:00:38.007029 未中奖
2026/05/28 23:00:38.007029 未中奖
2026/05/28 23:00:38.007029 未中奖
2026/05/28 23:00:38.007029 未中奖
2026/05/28 23:00:38.007029 未中奖
2026/05/28 23:00:38.007029 未中奖
2026/05/28 23:00:38.007029 未中奖
2026/05/28 23:00:38.007029 未中奖
2026/05/28 23:00:38.007029 未中奖
2026/05/28 23:00:38.007029 奖品已发完
2026/05/28 23:00:38.007029 未中奖
2026/05/28 23:00:38.007029 未中奖
2026/05/28 23:00:38.007029 未中奖
2026/05/28 23:00:38.007029 未中奖
2026/05/28 23:00:38.007029 未中奖
2026/05/28 23:00:38.007029 未中奖
2026/05/28 23:00:38.007029 未中奖
2026/05/28 23:00:38.007029 未中奖
2026/05/28 23:00:38.007029 未中奖
2026/05/28 23:00:38.007029 未中奖
2026/05/28 23:00:38.007029 未中奖
2026/05/28 23:00:38.007029 未中奖
2026/05/28 23:00:38.007029 未中奖
2026/05/28 23:00:38.007029 未中奖
2026/05/28 23:00:38.007029 未中奖
2026/05/28 23:00:38.007029 未中奖
2026/05/28 23:00:38.007029 未中奖
2026/05/28 23:00:38.007029 未中奖
2026/05/28 23:00:38.007029 未中奖
2026/05/28 23:00:38.007029 未中奖
2026/05/28 23:00:38.007029 未中奖
2026/05/28 23:00:38.007029 奖品已发完
2026/05/28 23:00:38.007029 未中奖
2026/05/28 23:00:38.007029 未中奖
2026/05/28 23:00:38.007029 未中奖
2026/05/28 23:00:38.007029 未中奖
2026/05/28 23:00:38.007029 未中奖
2026/05/28 23:00:38.007029 未中奖
2026/05/28 23:00:38.007029 未中奖
2026/05/28 23:00:38.007029 未中奖
2026/05/28 23:00:38.007029 未中奖
2026/05/28 23:00:38.007029 未中奖
2026/05/28 23:00:38.007029 未中奖
2026/05/28 23:00:38.007029 未中奖
2026/05/28 23:00:38.007029 奖品已发完
2026/05/28 23:00:38.007029 未中奖
2026/05/28 23:00:38.007029 未中奖
2026/05/28 23:00:38.007029 奖品已发完
2026/05/28 23:00:38.007029 未中奖
2026/05/28 23:00:38.007029 未中奖
2026/05/28 23:00:38.007029 未中奖
2026/05/28 23:00:38.007029 未中奖
2026/05/28 23:00:38.007029 奖品已发完
2026/05/28 23:00:38.007029 未中奖
2026/05/28 23:00:38.007029 未中奖
2026/05/28 23:00:38.007029 未中奖
2026/05/28 23:00:38.007029 未中奖
2026/05/28 23:00:38.007029 未中奖
2026/05/28 23:00:38.007029 未中奖
2026/05/28 23:00:38.007029 未中奖
2026/05/28 23:00:38.007029 未中奖
2026/05/28 23:00:38.007029 未中奖
2026/05/28 23:00:38.007029 未中奖
2026/05/28 23:00:38.007029 未中奖
2026/05/28 23:00:38.007029 未中奖
2026/05/28 23:00:38.007029 奖品已发完
2026/05/28 23:00:38.008036 未中奖
2026/05/28 23:00:38.008036 奖品已发完
2026/05/28 23:00:38.008036 未中奖
2026/05/28 23:00:38.008036 未中奖
2026/05/28 23:00:38.008036 奖品已发完
2026/05/28 23:00:38.008036 奖品已发完
2026/05/28 23:00:38.008036 未中奖
2026/05/28 23:00:38.008036 未中奖
2026/05/28 23:00:38.008036 未中奖
2026/05/28 23:00:38.008036 未中奖
2026/05/28 23:00:38.008036 未中奖
2026/05/28 23:00:38.008036 未中奖
2026/05/28 23:00:38.008036 未中奖
2026/05/28 23:00:38.008036 未中奖
2026/05/28 23:00:38.008036 未中奖
2026/05/28 23:00:38.008036 未中奖
2026/05/28 23:00:38.008036 未中奖
2026/05/28 23:00:38.008036 未中奖
2026/05/28 23:00:38.008036 未中奖
2026/05/28 23:00:38.008036 未中奖
2026/05/28 23:00:38.008036 未中奖
2026/05/28 23:00:38.008036 未中奖
2026/05/28 23:00:38.008036 未中奖
2026/05/28 23:00:38.008036 未中奖
2026/05/28 23:00:38.008036 未中奖
2026/05/28 23:00:38.008036 未中奖
2026/05/28 23:00:38.008036 未中奖
2026/05/28 23:00:38.008036 未中奖
2026/05/28 23:00:38.008036 未中奖
2026/05/28 23:00:38.008036 未中奖
2026/05/28 23:00:38.008036 未中奖
2026/05/28 23:00:38.008036 未中奖
2026/05/28 23:00:38.008036 奖品已发完
2026/05/28 23:00:38.008036 未中奖
2026/05/28 23:00:38.008036 未中奖
2026/05/28 23:00:38.008036 未中奖
2026/05/28 23:00:38.008036 未中奖
2026/05/28 23:00:38.008036 未中奖
2026/05/28 23:00:38.008036 未中奖
2026/05/28 23:00:38.008036 未中奖
2026/05/28 23:00:38.008036 未中奖
2026/05/28 23:00:38.008036 未中奖
2026/05/28 23:00:38.008036 未中奖
2026/05/28 23:00:38.008036 未中奖
2026/05/28 23:00:38.008036 未中奖
2026/05/28 23:00:38.008036 未中奖
2026/05/28 23:00:38.008036 未中奖
2026/05/28 23:00:38.008036 未中奖
2026/05/28 23:00:38.008036 未中奖
2026/05/28 23:00:38.008036 未中奖
2026/05/28 23:00:38.008036 未中奖
2026/05/28 23:00:38.008036 未中奖
2026/05/28 23:00:38.008036 未中奖
2026/05/28 23:00:38.008036 未中奖
2026/05/28 23:00:38.008036 未中奖
2026/05/28 23:00:38.008036 未中奖
2026/05/28 23:00:38.008036 未中奖
2026/05/28 23:00:38.008036 未中奖
2026/05/28 23:00:38.008036 未中奖
2026/05/28 23:00:38.008036 未中奖
2026/05/28 23:00:38.008036 未中奖
2026/05/28 23:00:38.008036 奖品已发完
2026/05/28 23:00:38.008036 未中奖
2026/05/28 23:00:38.008036 未中奖
2026/05/28 23:00:38.008036 未中奖
2026/05/28 23:00:38.008036 未中奖
2026/05/28 23:00:38.008036 奖品已发完
2026/05/28 23:00:38.008036 未中奖
2026/05/28 23:00:38.008036 未中奖
2026/05/28 23:00:38.008036 未中奖
2026/05/28 23:00:38.008036 未中奖
2026/05/28 23:00:38.008036 奖品已发完
2026/05/28 23:00:38.008036 未中奖
2026/05/28 23:00:38.008036 未中奖
2026/05/28 23:00:38.008036 未中奖
2026/05/28 23:00:38.008036 未中奖
2026/05/28 23:00:38.008036 未中奖
2026/05/28 23:00:38.008036 未中奖
2026/05/28 23:00:38.008036 奖品已发完
2026/05/28 23:00:38.008036 未中奖
2026/05/28 23:00:38.008036 未中奖
2026/05/28 23:00:38.008036 未中奖
2026/05/28 23:00:38.008036 未中奖
2026/05/28 23:00:38.008036 未中奖
2026/05/28 23:00:38.008036 未中奖
2026/05/28 23:00:38.008036 未中奖
2026/05/28 23:00:38.008036 未中奖
2026/05/28 23:00:38.008036 未中奖
2026/05/28 23:00:38.008036 未中奖
2026/05/28 23:00:38.008036 未中奖
2026/05/28 23:00:38.008036 未中奖
2026/05/28 23:00:38.008036 奖品已发完
2026/05/28 23:00:38.008036 未中奖
2026/05/28 23:00:38.008036 未中奖
2026/05/28 23:00:38.008036 未中奖
2026/05/28 23:00:38.008036 未中奖
2026/05/28 23:00:38.008036 奖品已发完
2026/05/28 23:00:38.008036 未中奖
2026/05/28 23:00:38.009037 未中奖
2026/05/28 23:00:38.009037 未中奖
2026/05/28 23:00:38.009037 奖品已发完
2026/05/28 23:00:38.009037 未中奖
2026/05/28 23:00:38.009037 未中奖
2026/05/28 23:00:38.009037 未中奖
2026/05/28 23:00:38.009037 未中奖
2026/05/28 23:00:38.009037 未中奖
2026/05/28 23:00:38.009037 未中奖
2026/05/28 23:00:38.009037 未中奖
2026/05/28 23:00:38.009037 未中奖
2026/05/28 23:00:38.009037 奖品已发完
2026/05/28 23:00:38.009037 未中奖
2026/05/28 23:00:38.009037 未中奖
2026/05/28 23:00:38.009037 未中奖
2026/05/28 23:00:38.009037 奖品已发完
2026/05/28 23:00:38.009037 未中奖
2026/05/28 23:00:38.009037 未中奖
2026/05/28 23:00:38.009037 未中奖
2026/05/28 23:00:38.009037 未中奖
2026/05/28 23:00:38.009037 未中奖
2026/05/28 23:00:38.009037 未中奖
2026/05/28 23:00:38.009037 奖品已发完
2026/05/28 23:00:38.009037 未中奖
2026/05/28 23:00:38.009037 奖品已发完
2026/05/28 23:00:38.009037 未中奖
2026/05/28 23:00:38.009037 未中奖
2026/05/28 23:00:38.009037 未中奖
2026/05/28 23:00:38.009037 未中奖
2026/05/28 23:00:38.009037 未中奖
2026/05/28 23:00:38.009037 未中奖
2026/05/28 23:00:38.009037 未中奖
2026/05/28 23:00:38.009037 未中奖
2026/05/28 23:00:38.009037 未中奖
2026/05/28 23:00:38.009037 奖品已发完
2026/05/28 23:00:38.009037 未中奖
2026/05/28 23:00:38.009037 未中奖
2026/05/28 23:00:38.009037 未中奖
2026/05/28 23:00:38.009037 未中奖
2026/05/28 23:00:38.009037 未中奖
2026/05/28 23:00:38.009037 未中奖
2026/05/28 23:00:38.009037 未中奖
2026/05/28 23:00:38.009037 奖品已发完
2026/05/28 23:00:38.009037 未中奖
2026/05/28 23:00:38.009037 未中奖
2026/05/28 23:00:38.009037 未中奖
2026/05/28 23:00:38.009037 未中奖
2026/05/28 23:00:38.009037 未中奖
2026/05/28 23:00:38.009037 未中奖
2026/05/28 23:00:38.009037 未中奖
2026/05/28 23:00:38.009037 未中奖
2026/05/28 23:00:38.009037 未中奖
2026/05/28 23:00:38.009037 未中奖
2026/05/28 23:00:38.009037 未中奖
2026/05/28 23:00:38.009037 未中奖
2026/05/28 23:00:38.009037 未中奖
2026/05/28 23:00:38.009037 未中奖
2026/05/28 23:00:38.009037 未中奖
2026/05/28 23:00:38.009037 奖品已发完
2026/05/28 23:00:38.009037 未中奖
2026/05/28 23:00:38.009037 未中奖
2026/05/28 23:00:38.009037 未中奖
2026/05/28 23:00:38.009037 未中奖
2026/05/28 23:00:38.009037 未中奖
2026/05/28 23:00:38.009037 未中奖
2026/05/28 23:00:38.009037 未中奖
2026/05/28 23:00:38.009037 未中奖
2026/05/28 23:00:38.009037 未中奖
2026/05/28 23:00:38.009037 未中奖
2026/05/28 23:00:38.010038 未中奖
2026/05/28 23:00:38.010038 未中奖
2026/05/28 23:00:38.010038 未中奖
2026/05/28 23:00:38.010038 未中奖
2026/05/28 23:00:38.010038 未中奖
2026/05/28 23:00:38.010038 未中奖
2026/05/28 23:00:38.010038 未中奖
2026/05/28 23:00:38.010038 未中奖
2026/05/28 23:00:38.010038 未中奖
2026/05/28 23:00:38.010038 未中奖
2026/05/28 23:00:38.010038 未中奖
2026/05/28 23:00:38.010038 未中奖
2026/05/28 23:00:38.010038 奖品已发完
2026/05/28 23:00:38.010038 未中奖
2026/05/28 23:00:38.010038 未中奖
2026/05/28 23:00:38.010038 未中奖
2026/05/28 23:00:38.010038 未中奖
2026/05/28 23:00:38.010038 奖品已发完
2026/05/28 23:00:38.010038 未中奖
2026/05/28 23:00:38.010038 未中奖
2026/05/28 23:00:38.010038 未中奖
2026/05/28 23:00:38.010038 未中奖
2026/05/28 23:00:38.010038 未中奖
2026/05/28 23:00:38.010038 未中奖
2026/05/28 23:00:38.010038 未中奖
2026/05/28 23:00:38.010038 未中奖
2026/05/28 23:00:38.010038 奖品已发完
2026/05/28 23:00:38.010038 未中奖
2026/05/28 23:00:38.010038 未中奖
2026/05/28 23:00:38.010038 未中奖
2026/05/28 23:00:38.010038 未中奖
2026/05/28 23:00:38.010038 未中奖
2026/05/28 23:00:38.010038 未中奖
2026/05/28 23:00:38.010038 未中奖
2026/05/28 23:00:38.010038 未中奖
2026/05/28 23:00:38.010038 未中奖
2026/05/28 23:00:38.010038 未中奖
2026/05/28 23:00:38.010038 未中奖
2026/05/28 23:00:38.010038 未中奖
2026/05/28 23:00:38.010038 未中奖
2026/05/28 23:00:38.010038 奖品已发完
2026/05/28 23:00:38.010038 未中奖
2026/05/28 23:00:38.010038 未中奖
2026/05/28 23:00:38.010038 未中奖
2026/05/28 23:00:38.010038 未中奖
2026/05/28 23:00:38.010038 未中奖
2026/05/28 23:00:38.010038 未中奖
2026/05/28 23:00:38.011038 未中奖
2026/05/28 23:00:38.011038 未中奖
2026/05/28 23:00:38.011038 未中奖
2026/05/28 23:00:38.011038 未中奖
2026/05/28 23:00:38.011038 未中奖
2026/05/28 23:00:38.011038 未中奖
2026/05/28 23:00:38.011038 未中奖
2026/05/28 23:00:38.011038 未中奖
2026/05/28 23:00:38.011038 未中奖
2026/05/28 23:00:38.011038 未中奖
2026/05/28 23:00:38.011038 未中奖
2026/05/28 23:00:38.011038 未中奖
2026/05/28 23:00:38.011038 奖品已发完
2026/05/28 23:00:38.011038 奖品已发完
2026/05/28 23:00:38.011038 未中奖
2026/05/28 23:00:38.011038 未中奖
2026/05/28 23:00:38.011038 未中奖
2026/05/28 23:00:38.011038 未中奖
2026/05/28 23:00:38.011038 未中奖
2026/05/28 23:00:38.011038 未中奖
2026/05/28 23:00:38.011038 未中奖
2026/05/28 23:00:38.011038 未中奖
2026/05/28 23:00:38.011038 未中奖
2026/05/28 23:00:38.011038 未中奖
2026/05/28 23:00:38.011038 未中奖
2026/05/28 23:00:38.011038 未中奖
2026/05/28 23:00:38.011038 未中奖
2026/05/28 23:00:38.011038 未中奖
2026/05/28 23:00:38.011038 未中奖
2026/05/28 23:00:38.011038 未中奖
2026/05/28 23:00:38.011038 未中奖
2026/05/28 23:00:38.011038 未中奖
2026/05/28 23:00:38.011038 未中奖
2026/05/28 23:00:38.011038 未中奖
2026/05/28 23:00:38.011038 未中奖
2026/05/28 23:00:38.011038 未中奖
2026/05/28 23:00:38.011038 未中奖
2026/05/28 23:00:38.011038 未中奖
2026/05/28 23:00:38.011038 未中奖
2026/05/28 23:00:38.011038 未中奖
2026/05/28 23:00:38.011038 未中奖
2026/05/28 23:00:38.011038 未中奖
2026/05/28 23:00:38.011038 未中奖
2026/05/28 23:00:38.011038 未中奖
2026/05/28 23:00:38.011038 未中奖
2026/05/28 23:00:38.011038 未中奖
2026/05/28 23:00:38.011543 奖品已发完
2026/05/28 23:00:38.011543 未中奖
2026/05/28 23:00:38.011543 未中奖
2026/05/28 23:00:38.011543 未中奖
2026/05/28 23:00:38.011543 未中奖
2026/05/28 23:00:38.011543 未中奖
2026/05/28 23:00:38.011543 未中奖
2026/05/28 23:00:38.011543 未中奖
2026/05/28 23:00:38.011543 未中奖
2026/05/28 23:00:38.011543 未中奖
2026/05/28 23:00:38.011543 未中奖
2026/05/28 23:00:38.011543 奖品已发完
2026/05/28 23:00:38.011543 未中奖
2026/05/28 23:00:38.011543 未中奖
2026/05/28 23:00:38.011543 未中奖
2026/05/28 23:00:38.011543 未中奖
2026/05/28 23:00:38.011543 未中奖
2026/05/28 23:00:38.011543 未中奖
2026/05/28 23:00:38.011543 奖品已发完
2026/05/28 23:00:38.011543 未中奖
2026/05/28 23:00:38.011543 未中奖
2026/05/28 23:00:38.011543 未中奖
2026/05/28 23:00:38.011543 未中奖
2026/05/28 23:00:38.011543 未中奖
2026/05/28 23:00:38.011543 未中奖
2026/05/28 23:00:38.011543 未中奖
2026/05/28 23:00:38.011543 奖品已发完
2026/05/28 23:00:38.011543 未中奖
2026/05/28 23:00:38.011543 未中奖
2026/05/28 23:00:38.011543 未中奖
2026/05/28 23:00:38.011543 未中奖
2026/05/28 23:00:38.011543 未中奖
2026/05/28 23:00:38.011543 未中奖
2026/05/28 23:00:38.011543 奖品已发完
2026/05/28 23:00:38.011543 奖品已发完
2026/05/28 23:00:38.011543 未中奖
2026/05/28 23:00:38.011543 未中奖
2026/05/28 23:00:38.011543 未中奖
2026/05/28 23:00:38.011543 未中奖
2026/05/28 23:00:38.011543 未中奖
2026/05/28 23:00:38.011543 未中奖
2026/05/28 23:00:38.011543 未中奖
2026/05/28 23:00:38.011543 未中奖
2026/05/28 23:00:38.011543 未中奖
2026/05/28 23:00:38.011543 未中奖
2026/05/28 23:00:38.011543 未中奖
2026/05/28 23:00:38.011543 未中奖
2026/05/28 23:00:38.011543 未中奖
2026/05/28 23:00:38.011543 未中奖
2026/05/28 23:00:38.011543 未中奖
2026/05/28 23:00:38.011543 未中奖
2026/05/28 23:00:38.011543 未中奖
2026/05/28 23:00:38.011543 未中奖
2026/05/28 23:00:38.011543 未中奖
2026/05/28 23:00:38.011543 未中奖
2026/05/28 23:00:38.011543 奖品已发完
2026/05/28 23:00:38.011543 未中奖
2026/05/28 23:00:38.011543 奖品已发完
2026/05/28 23:00:38.011543 未中奖
2026/05/28 23:00:38.011543 未中奖
2026/05/28 23:00:38.011543 未中奖
2026/05/28 23:00:38.011543 未中奖
2026/05/28 23:00:38.011543 未中奖
2026/05/28 23:00:38.011543 未中奖
2026/05/28 23:00:38.011543 奖品已发完
2026/05/28 23:00:38.011543 未中奖
2026/05/28 23:00:38.011543 未中奖
2026/05/28 23:00:38.011543 未中奖
2026/05/28 23:00:38.011543 未中奖
2026/05/28 23:00:38.011543 未中奖
2026/05/28 23:00:38.011543 未中奖
2026/05/28 23:00:38.011543 未中奖
2026/05/28 23:00:38.011543 未中奖
2026/05/28 23:00:38.011543 未中奖
2026/05/28 23:00:38.011543 未中奖
2026/05/28 23:00:38.011543 奖品已发完
2026/05/28 23:00:38.011543 未中奖
2026/05/28 23:00:38.011543 未中奖
2026/05/28 23:00:38.011543 未中奖
2026/05/28 23:00:38.011543 未中奖
2026/05/28 23:00:38.011543 奖品已发完
2026/05/28 23:00:38.011543 未中奖
2026/05/28 23:00:38.011543 未中奖
2026/05/28 23:00:38.011543 未中奖
2026/05/28 23:00:38.011543 未中奖
2026/05/28 23:00:38.011543 未中奖
2026/05/28 23:00:38.011543 未中奖
2026/05/28 23:00:38.011543 未中奖
2026/05/28 23:00:38.011543 未中奖
2026/05/28 23:00:38.011543 未中奖
2026/05/28 23:00:38.011543 未中奖
2026/05/28 23:00:38.011543 未中奖
2026/05/28 23:00:38.011543 未中奖
2026/05/28 23:00:38.011543 未中奖
2026/05/28 23:00:38.011543 未中奖
2026/05/28 23:00:38.011543 未中奖
2026/05/28 23:00:38.011543 未中奖
2026/05/28 23:00:38.011543 未中奖
2026/05/28 23:00:38.011543 未中奖
2026/05/28 23:00:38.011543 奖品已发完
2026/05/28 23:00:38.011543 未中奖
2026/05/28 23:00:38.011543 未中奖
2026/05/28 23:00:38.012548 未中奖
2026/05/28 23:00:38.012548 未中奖
2026/05/28 23:00:38.012548 未中奖
2026/05/28 23:00:38.012548 未中奖
2026/05/28 23:00:38.012548 奖品已发完
2026/05/28 23:00:38.012548 未中奖
2026/05/28 23:00:38.012548 未中奖
2026/05/28 23:00:38.012548 未中奖
2026/05/28 23:00:38.012548 未中奖
2026/05/28 23:00:38.012548 未中奖
2026/05/28 23:00:38.012548 未中奖
2026/05/28 23:00:38.012548 未中奖
2026/05/28 23:00:38.012548 未中奖
2026/05/28 23:00:38.012548 未中奖
2026/05/28 23:00:38.012548 未中奖
2026/05/28 23:00:38.012548 未中奖
2026/05/28 23:00:38.012548 未中奖
2026/05/28 23:00:38.012548 未中奖
2026/05/28 23:00:38.012548 奖品已发完
2026/05/28 23:00:38.012548 未中奖
2026/05/28 23:00:38.012548 未中奖
2026/05/28 23:00:38.012548 未中奖
2026/05/28 23:00:38.012548 未中奖
2026/05/28 23:00:38.012548 未中奖
2026/05/28 23:00:38.012548 未中奖
2026/05/28 23:00:38.012548 奖品已发完
2026/05/28 23:00:38.012548 奖品已发完
2026/05/28 23:00:38.012548 奖品已发完
2026/05/28 23:00:38.012548 未中奖
2026/05/28 23:00:38.012548 未中奖
2026/05/28 23:00:38.012548 未中奖
2026/05/28 23:00:38.012548 未中奖
2026/05/28 23:00:38.012548 未中奖
2026/05/28 23:00:38.012548 未中奖
2026/05/28 23:00:38.012548 未中奖
2026/05/28 23:00:38.012548 未中奖
2026/05/28 23:00:38.012548 奖品已发完
2026/05/28 23:00:38.012548 未中奖
2026/05/28 23:00:38.012548 未中奖
2026/05/28 23:00:38.012548 未中奖
2026/05/28 23:00:38.012548 未中奖
2026/05/28 23:00:38.012548 未中奖
2026/05/28 23:00:38.012548 未中奖
2026/05/28 23:00:38.012548 未中奖
2026/05/28 23:00:38.012548 未中奖
2026/05/28 23:00:38.012548 未中奖
2026/05/28 23:00:38.012548 奖品已发完
2026/05/28 23:00:38.012548 未中奖
2026/05/28 23:00:38.012548 未中奖
2026/05/28 23:00:38.012548 奖品已发完
2026/05/28 23:00:38.012548 未中奖
2026/05/28 23:00:38.012548 未中奖
2026/05/28 23:00:38.012548 未中奖
2026/05/28 23:00:38.012548 未中奖
2026/05/28 23:00:38.012548 未中奖
2026/05/28 23:00:38.012548 未中奖
2026/05/28 23:00:38.012548 奖品已发完
2026/05/28 23:00:38.012548 未中奖
2026/05/28 23:00:38.012548 未中奖
2026/05/28 23:00:38.012548 未中奖
2026/05/28 23:00:38.012548 奖品已发完
2026/05/28 23:00:38.012548 未中奖
2026/05/28 23:00:38.012548 未中奖
2026/05/28 23:00:38.012548 未中奖
2026/05/28 23:00:38.012548 未中奖
2026/05/28 23:00:38.012548 未中奖
2026/05/28 23:00:38.012548 未中奖
2026/05/28 23:00:38.012548 未中奖
2026/05/28 23:00:38.012548 未中奖
2026/05/28 23:00:38.012548 未中奖
2026/05/28 23:00:38.012548 未中奖
2026/05/28 23:00:38.012548 奖品已发完
2026/05/28 23:00:38.012548 未中奖
2026/05/28 23:00:38.012548 未中奖
2026/05/28 23:00:38.012548 未中奖
2026/05/28 23:00:38.012548 奖品已发完
2026/05/28 23:00:38.012548 未中奖
2026/05/28 23:00:38.012548 未中奖
2026/05/28 23:00:38.013548 未中奖
2026/05/28 23:00:38.013548 未中奖
2026/05/28 23:00:38.013548 未中奖
2026/05/28 23:00:38.013548 未中奖
2026/05/28 23:00:38.013548 未中奖
2026/05/28 23:00:38.013548 未中奖
2026/05/28 23:00:38.013548 未中奖
2026/05/28 23:00:38.013548 未中奖
2026/05/28 23:00:38.013548 未中奖
2026/05/28 23:00:38.013548 奖品已发完
2026/05/28 23:00:38.013548 未中奖
2026/05/28 23:00:38.013548 未中奖
2026/05/28 23:00:38.013548 奖品已发完
2026/05/28 23:00:38.013548 奖品已发完
2026/05/28 23:00:38.013548 未中奖
2026/05/28 23:00:38.013548 未中奖
2026/05/28 23:00:38.013548 未中奖
2026/05/28 23:00:38.013548 未中奖
2026/05/28 23:00:38.013548 未中奖
2026/05/28 23:00:38.013548 未中奖
2026/05/28 23:00:38.013548 未中奖
2026/05/28 23:00:38.013548 未中奖
2026/05/28 23:00:38.013548 未中奖
2026/05/28 23:00:38.013548 奖品已发完
2026/05/28 23:00:38.013548 未中奖
2026/05/28 23:00:38.013548 未中奖
2026/05/28 23:00:38.013548 未中奖
2026/05/28 23:00:38.013548 未中奖
2026/05/28 23:00:38.013548 未中奖
2026/05/28 23:00:38.013548 未中奖
2026/05/28 23:00:38.013548 未中奖
2026/05/28 23:00:38.013548 未中奖
2026/05/28 23:00:38.013548 未中奖
2026/05/28 23:00:38.013548 未中奖
2026/05/28 23:00:38.013548 未中奖
2026/05/28 23:00:38.013548 未中奖
2026/05/28 23:00:38.013548 奖品已发完
2026/05/28 23:00:38.013548 未中奖
2026/05/28 23:00:38.013548 未中奖
2026/05/28 23:00:38.013548 未中奖
2026/05/28 23:00:38.013548 未中奖
2026/05/28 23:00:38.013548 未中奖
2026/05/28 23:00:38.013548 未中奖
2026/05/28 23:00:38.013548 未中奖
2026/05/28 23:00:38.013548 未中奖
2026/05/28 23:00:38.013548 未中奖
2026/05/28 23:00:38.013548 未中奖
2026/05/28 23:00:38.013548 未中奖
2026/05/28 23:00:38.013548 未中奖
2026/05/28 23:00:38.013548 未中奖
2026/05/28 23:00:38.013548 奖品已发完
2026/05/28 23:00:38.013548 未中奖
2026/05/28 23:00:38.013548 未中奖
2026/05/28 23:00:38.013548 未中奖
2026/05/28 23:00:38.013548 未中奖
2026/05/28 23:00:38.013548 未中奖
2026/05/28 23:00:38.013548 未中奖
2026/05/28 23:00:38.013548 未中奖
2026/05/28 23:00:38.013548 未中奖
2026/05/28 23:00:38.013548 未中奖
2026/05/28 23:00:38.013548 未中奖
2026/05/28 23:00:38.013548 未中奖
2026/05/28 23:00:38.013548 未中奖
2026/05/28 23:00:38.013548 未中奖
2026/05/28 23:00:38.013548 奖品已发完
2026/05/28 23:00:38.013548 未中奖
2026/05/28 23:00:38.013548 未中奖
2026/05/28 23:00:38.013548 未中奖
2026/05/28 23:00:38.013548 未中奖
2026/05/28 23:00:38.013548 奖品已发完
2026/05/28 23:00:38.013548 未中奖
2026/05/28 23:00:38.013548 未中奖
2026/05/28 23:00:38.013548 未中奖
2026/05/28 23:00:38.013548 奖品已发完
2026/05/28 23:00:38.013548 未中奖
2026/05/28 23:00:38.013548 未中奖
2026/05/28 23:00:38.013548 未中奖
2026/05/28 23:00:38.013548 奖品已发完
2026/05/28 23:00:38.013548 未中奖
2026/05/28 23:00:38.013548 奖品已发完
2026/05/28 23:00:38.013548 未中奖
2026/05/28 23:00:38.013548 未中奖
2026/05/28 23:00:38.013548 未中奖
2026/05/28 23:00:38.013548 未中奖
2026/05/28 23:00:38.013548 未中奖
2026/05/28 23:00:38.013548 奖品已发完
2026/05/28 23:00:38.013548 未中奖
2026/05/28 23:00:38.013548 未中奖
2026/05/28 23:00:38.013548 未中奖
2026/05/28 23:00:38.014548 未中奖
2026/05/28 23:00:38.014548 未中奖
2026/05/28 23:00:38.014548 未中奖
2026/05/28 23:00:38.014548 未中奖
2026/05/28 23:00:38.014548 未中奖
2026/05/28 23:00:38.014548 未中奖
2026/05/28 23:00:38.014548 奖品已发完
2026/05/28 23:00:38.014548 未中奖
2026/05/28 23:00:38.014548 未中奖
2026/05/28 23:00:38.014548 奖品已发完
2026/05/28 23:00:38.014548 未中奖
2026/05/28 23:00:38.014548 奖品已发完
2026/05/28 23:00:38.014548 未中奖
2026/05/28 23:00:38.014548 未中奖
2026/05/28 23:00:38.014548 未中奖
2026/05/28 23:00:38.014548 未中奖
2026/05/28 23:00:38.014548 未中奖
2026/05/28 23:00:38.014548 未中奖
2026/05/28 23:00:38.014548 未中奖
2026/05/28 23:00:38.014548 未中奖
2026/05/28 23:00:38.014548 未中奖
2026/05/28 23:00:38.014548 未中奖
2026/05/28 23:00:38.014548 未中奖
2026/05/28 23:00:38.014548 奖品已发完
2026/05/28 23:00:38.014548 未中奖
2026/05/28 23:00:38.014548 未中奖
2026/05/28 23:00:38.014548 未中奖
2026/05/28 23:00:38.014548 未中奖
2026/05/28 23:00:38.014548 未中奖
2026/05/28 23:00:38.014548 未中奖
2026/05/28 23:00:38.014548 奖品已发完
2026/05/28 23:00:38.014548 未中奖
2026/05/28 23:00:38.014548 未中奖
2026/05/28 23:00:38.014548 奖品已发完
2026/05/28 23:00:38.014548 未中奖
2026/05/28 23:00:38.014548 未中奖
2026/05/28 23:00:38.014548 未中奖
2026/05/28 23:00:38.014548 未中奖
2026/05/28 23:00:38.014548 未中奖
2026/05/28 23:00:38.014548 未中奖
2026/05/28 23:00:38.014548 未中奖
2026/05/28 23:00:38.014548 未中奖
2026/05/28 23:00:38.015053 未中奖
2026/05/28 23:00:38.015053 未中奖
2026/05/28 23:00:38.015053 未中奖
2026/05/28 23:00:38.015053 未中奖
2026/05/28 23:00:38.015053 未中奖
2026/05/28 23:00:38.015053 奖品已发完
2026/05/28 23:00:38.015053 奖品已发完
2026/05/28 23:00:38.015053 未中奖
2026/05/28 23:00:38.015053 未中奖
2026/05/28 23:00:38.015053 未中奖
2026/05/28 23:00:38.015053 奖品已发完
2026/05/28 23:00:38.015053 未中奖
2026/05/28 23:00:38.015053 未中奖
2026/05/28 23:00:38.015053 未中奖
2026/05/28 23:00:38.015053 未中奖
2026/05/28 23:00:38.015053 未中奖
2026/05/28 23:00:38.015053 未中奖
2026/05/28 23:00:38.015053 未中奖
2026/05/28 23:00:38.015053 未中奖
2026/05/28 23:00:38.015053 未中奖
2026/05/28 23:00:38.015053 未中奖
2026/05/28 23:00:38.015053 未中奖
2026/05/28 23:00:38.015053 未中奖
2026/05/28 23:00:38.015053 未中奖
2026/05/28 23:00:38.015053 奖品已发完
2026/05/28 23:00:38.015053 未中奖
2026/05/28 23:00:38.015053 未中奖
2026/05/28 23:00:38.015053 奖品已发完
2026/05/28 23:00:38.015053 未中奖
2026/05/28 23:00:38.015053 未中奖
2026/05/28 23:00:38.015053 未中奖
2026/05/28 23:00:38.015053 未中奖
2026/05/28 23:00:38.015053 未中奖
2026/05/28 23:00:38.015053 未中奖
2026/05/28 23:00:38.015053 未中奖
2026/05/28 23:00:38.015053 未中奖
2026/05/28 23:00:38.015053 未中奖
2026/05/28 23:00:38.015053 未中奖
2026/05/28 23:00:38.015053 未中奖
2026/05/28 23:00:38.015053 未中奖
2026/05/28 23:00:38.015053 未中奖
2026/05/28 23:00:38.015053 未中奖
2026/05/28 23:00:38.015053 未中奖
2026/05/28 23:00:38.015053 未中奖
2026/05/28 23:00:38.015053 未中奖
2026/05/28 23:00:38.015053 未中奖
2026/05/28 23:00:38.015053 未中奖
2026/05/28 23:00:38.015053 未中奖
2026/05/28 23:00:38.015053 未中奖
2026/05/28 23:00:38.015053 未中奖
2026/05/28 23:00:38.015053 未中奖
2026/05/28 23:00:38.015053 未中奖
2026/05/28 23:00:38.015053 未中奖
2026/05/28 23:00:38.015053 未中奖
2026/05/28 23:00:38.015053 未中奖
2026/05/28 23:00:38.015053 奖品已发完
2026/05/28 23:00:38.015053 未中奖
2026/05/28 23:00:38.015053 未中奖
2026/05/28 23:00:38.015053 奖品已发完
2026/05/28 23:00:38.015053 未中奖
2026/05/28 23:00:38.015053 未中奖
2026/05/28 23:00:38.015053 未中奖
2026/05/28 23:00:38.015053 未中奖
2026/05/28 23:00:38.015053 未中奖
2026/05/28 23:00:38.015053 未中奖
2026/05/28 23:00:38.015053 未中奖
2026/05/28 23:00:38.015053 奖品已发完
2026/05/28 23:00:38.015053 未中奖
2026/05/28 23:00:38.015053 未中奖
2026/05/28 23:00:38.015053 未中奖
2026/05/28 23:00:38.015053 未中奖
2026/05/28 23:00:38.015053 未中奖
2026/05/28 23:00:38.015053 未中奖
2026/05/28 23:00:38.015053 未中奖
2026/05/28 23:00:38.015053 未中奖
2026/05/28 23:00:38.015053 未中奖
2026/05/28 23:00:38.015053 未中奖
2026/05/28 23:00:38.015053 未中奖
2026/05/28 23:00:38.015053 未中奖
2026/05/28 23:00:38.015053 未中奖
2026/05/28 23:00:38.015053 未中奖
2026/05/28 23:00:38.015053 未中奖
2026/05/28 23:00:38.015053 未中奖
2026/05/28 23:00:38.015053 未中奖
2026/05/28 23:00:38.015053 奖品已发完
2026/05/28 23:00:38.015053 奖品已发完
2026/05/28 23:00:38.015053 奖品已发完
2026/05/28 23:00:38.015053 未中奖
2026/05/28 23:00:38.015053 未中奖
2026/05/28 23:00:38.015053 奖品已发完
2026/05/28 23:00:38.015053 未中奖
2026/05/28 23:00:38.015053 未中奖
2026/05/28 23:00:38.016060 未中奖
2026/05/28 23:00:38.016060 奖品已发完
2026/05/28 23:00:38.016060 未中奖
2026/05/28 23:00:38.016060 未中奖
2026/05/28 23:00:38.016060 未中奖
2026/05/28 23:00:38.016060 未中奖
2026/05/28 23:00:38.016060 奖品已发完
2026/05/28 23:00:38.016060 未中奖
2026/05/28 23:00:38.016060 未中奖
2026/05/28 23:00:38.016060 未中奖
2026/05/28 23:00:38.016060 未中奖
2026/05/28 23:00:38.016060 未中奖
2026/05/28 23:00:38.016060 未中奖
2026/05/28 23:00:38.016060 未中奖
2026/05/28 23:00:38.016060 未中奖
2026/05/28 23:00:38.016060 未中奖
2026/05/28 23:00:38.016060 未中奖
2026/05/28 23:00:38.016060 奖品已发完
2026/05/28 23:00:38.016060 未中奖
2026/05/28 23:00:38.016060 未中奖
2026/05/28 23:00:38.016060 奖品已发完
2026/05/28 23:00:38.016060 未中奖
2026/05/28 23:00:38.016060 未中奖
2026/05/28 23:00:38.016060 未中奖
2026/05/28 23:00:38.016060 未中奖
2026/05/28 23:00:38.016060 未中奖
2026/05/28 23:00:38.016060 未中奖
2026/05/28 23:00:38.016060 未中奖
2026/05/28 23:00:38.016060 未中奖
2026/05/28 23:00:38.016060 奖品已发完
2026/05/28 23:00:38.016060 未中奖
2026/05/28 23:00:38.016060 未中奖
2026/05/28 23:00:38.016060 未中奖
2026/05/28 23:00:38.016060 未中奖
2026/05/28 23:00:38.016060 未中奖
2026/05/28 23:00:38.016060 奖品已发完
2026/05/28 23:00:38.016060 未中奖
2026/05/28 23:00:38.016060 未中奖
2026/05/28 23:00:38.016060 未中奖
2026/05/28 23:00:38.016060 未中奖
2026/05/28 23:00:38.016060 未中奖
2026/05/28 23:00:38.016060 未中奖
2026/05/28 23:00:38.016060 未中奖
2026/05/28 23:00:38.016060 未中奖
2026/05/28 23:00:38.016060 未中奖
2026/05/28 23:00:38.016060 未中奖
2026/05/28 23:00:38.016060 未中奖
2026/05/28 23:00:38.016060 未中奖
2026/05/28 23:00:38.016060 奖品已发完
2026/05/28 23:00:38.016060 未中奖
2026/05/28 23:00:38.016060 未中奖
2026/05/28 23:00:38.016060 未中奖
2026/05/28 23:00:38.016060 未中奖
2026/05/28 23:00:38.016060 未中奖
2026/05/28 23:00:38.016060 未中奖
2026/05/28 23:00:38.016060 未中奖
2026/05/28 23:00:38.016060 未中奖
2026/05/28 23:00:38.016060 未中奖
2026/05/28 23:00:38.016060 奖品已发完
2026/05/28 23:00:38.016060 未中奖
2026/05/28 23:00:38.016060 未中奖
2026/05/28 23:00:38.017291 未中奖
2026/05/28 23:00:38.017291 未中奖
2026/05/28 23:00:38.017291 未中奖
2026/05/28 23:00:38.017291 未中奖
2026/05/28 23:00:38.017291 未中奖
2026/05/28 23:00:38.017291 未中奖
2026/05/28 23:00:38.017291 未中奖
2026/05/28 23:00:38.017291 未中奖
2026/05/28 23:00:38.017291 未中奖
2026/05/28 23:00:38.017291 未中奖
2026/05/28 23:00:38.017291 未中奖
2026/05/28 23:00:38.017291 未中奖
2026/05/28 23:00:38.017291 未中奖
2026/05/28 23:00:38.017291 未中奖
2026/05/28 23:00:38.017291 未中奖
2026/05/28 23:00:38.017291 未中奖
2026/05/28 23:00:38.017291 未中奖
2026/05/28 23:00:38.017291 未中奖
2026/05/28 23:00:38.017291 未中奖
2026/05/28 23:00:38.017291 未中奖
2026/05/28 23:00:38.017291 未中奖
2026/05/28 23:00:38.017291 未中奖
2026/05/28 23:00:38.017291 未中奖
2026/05/28 23:00:38.017291 未中奖
2026/05/28 23:00:38.017291 未中奖
2026/05/28 23:00:38.017291 未中奖
2026/05/28 23:00:38.017291 奖品已发完
2026/05/28 23:00:38.017291 未中奖
2026/05/28 23:00:38.017291 未中奖
2026/05/28 23:00:38.017291 未中奖
2026/05/28 23:00:38.017291 奖品已发完
2026/05/28 23:00:38.017291 未中奖
2026/05/28 23:00:38.017291 未中奖
2026/05/28 23:00:38.017291 未中奖
2026/05/28 23:00:38.017291 未中奖
2026/05/28 23:00:38.017291 未中奖
2026/05/28 23:00:38.017291 未中奖
2026/05/28 23:00:38.017291 未中奖
2026/05/28 23:00:38.017291 奖品已发完
2026/05/28 23:00:38.017291 奖品已发完
2026/05/28 23:00:38.017291 未中奖
2026/05/28 23:00:38.017291 未中奖
2026/05/28 23:00:38.017291 未中奖
2026/05/28 23:00:38.017291 未中奖
2026/05/28 23:00:38.017291 未中奖
2026/05/28 23:00:38.017291 未中奖
2026/05/28 23:00:38.017291 未中奖
2026/05/28 23:00:38.017291 未中奖
2026/05/28 23:00:38.017291 未中奖
2026/05/28 23:00:38.017291 未中奖
2026/05/28 23:00:38.017291 未中奖
2026/05/28 23:00:38.017291 奖品已发完
2026/05/28 23:00:38.017291 未中奖
2026/05/28 23:00:38.017291 未中奖
2026/05/28 23:00:38.017291 未中奖
2026/05/28 23:00:38.017291 未中奖
2026/05/28 23:00:38.017291 未中奖
2026/05/28 23:00:38.017291 未中奖
2026/05/28 23:00:38.017291 未中奖
2026/05/28 23:00:38.017291 未中奖
2026/05/28 23:00:38.017291 未中奖
2026/05/28 23:00:38.017291 未中奖
2026/05/28 23:00:38.017291 奖品已发完
2026/05/28 23:00:38.017291 未中奖
2026/05/28 23:00:38.017291 未中奖
2026/05/28 23:00:38.017291 未中奖
2026/05/28 23:00:38.017291 未中奖
2026/05/28 23:00:38.017291 未中奖
2026/05/28 23:00:38.017291 未中奖
2026/05/28 23:00:38.018297 未中奖
2026/05/28 23:00:38.018297 未中奖
2026/05/28 23:00:38.018297 未中奖
2026/05/28 23:00:38.018297 未中奖
2026/05/28 23:00:38.018297 奖品已发完
2026/05/28 23:00:38.018297 奖品已发完
2026/05/28 23:00:38.018297 未中奖
2026/05/28 23:00:38.018297 未中奖
2026/05/28 23:00:38.018297 未中奖
2026/05/28 23:00:38.018297 未中奖
2026/05/28 23:00:38.018297 未中奖
2026/05/28 23:00:38.018297 未中奖
2026/05/28 23:00:38.018297 未中奖
2026/05/28 23:00:38.018297 未中奖
2026/05/28 23:00:38.018297 未中奖
2026/05/28 23:00:38.018297 未中奖
2026/05/28 23:00:38.018297 未中奖
2026/05/28 23:00:38.018297 未中奖
2026/05/28 23:00:38.018297 未中奖
2026/05/28 23:00:38.018297 未中奖
2026/05/28 23:00:38.018297 未中奖
2026/05/28 23:00:38.018297 未中奖
2026/05/28 23:00:38.018297 奖品已发完
2026/05/28 23:00:38.018297 未中奖
2026/05/28 23:00:38.018297 未中奖
2026/05/28 23:00:38.018297 未中奖
2026/05/28 23:00:38.018297 未中奖
2026/05/28 23:00:38.018297 未中奖
2026/05/28 23:00:38.018297 奖品已发完
2026/05/28 23:00:38.018297 未中奖
2026/05/28 23:00:38.018297 未中奖
2026/05/28 23:00:38.018297 奖品已发完
2026/05/28 23:00:38.018297 未中奖
2026/05/28 23:00:38.018297 未中奖
2026/05/28 23:00:38.018297 未中奖
2026/05/28 23:00:38.018297 未中奖
2026/05/28 23:00:38.018297 未中奖
2026/05/28 23:00:38.018297 未中奖
2026/05/28 23:00:38.018297 未中奖
2026/05/28 23:00:38.018297 未中奖
2026/05/28 23:00:38.018297 未中奖
2026/05/28 23:00:38.018297 未中奖
2026/05/28 23:00:38.018297 未中奖
2026/05/28 23:00:38.018804 未中奖
2026/05/28 23:00:38.018804 未中奖
2026/05/28 23:00:38.018804 未中奖
2026/05/28 23:00:38.018804 未中奖
2026/05/28 23:00:38.018804 未中奖
2026/05/28 23:00:38.018804 奖品已发完
2026/05/28 23:00:38.018804 奖品已发完
2026/05/28 23:00:38.018804 未中奖
2026/05/28 23:00:38.018804 奖品已发完
2026/05/28 23:00:38.018804 未中奖
2026/05/28 23:00:38.018804 未中奖
2026/05/28 23:00:38.018804 未中奖
2026/05/28 23:00:38.018804 未中奖
2026/05/28 23:00:38.018804 未中奖
2026/05/28 23:00:38.018804 未中奖
2026/05/28 23:00:38.018804 未中奖
2026/05/28 23:00:38.018804 未中奖
2026/05/28 23:00:38.018804 未中奖
2026/05/28 23:00:38.018804 未中奖
2026/05/28 23:00:38.018804 未中奖
2026/05/28 23:00:38.018804 奖品已发完
2026/05/28 23:00:38.018804 未中奖
2026/05/28 23:00:38.018804 未中奖
2026/05/28 23:00:38.018804 未中奖
2026/05/28 23:00:38.018804 未中奖
2026/05/28 23:00:38.018804 未中奖
2026/05/28 23:00:38.018804 未中奖
2026/05/28 23:00:38.018804 未中奖
2026/05/28 23:00:38.018804 未中奖
2026/05/28 23:00:38.018804 奖品已发完
2026/05/28 23:00:38.018804 奖品已发完
2026/05/28 23:00:38.018804 未中奖
2026/05/28 23:00:38.018804 奖品已发完
2026/05/28 23:00:38.018804 奖品已发完
2026/05/28 23:00:38.018804 未中奖
2026/05/28 23:00:38.018804 未中奖
2026/05/28 23:00:38.018804 未中奖
2026/05/28 23:00:38.018804 未中奖
2026/05/28 23:00:38.018804 未中奖
2026/05/28 23:00:38.018804 奖品已发完
2026/05/28 23:00:38.018804 未中奖
2026/05/28 23:00:38.018804 未中奖
2026/05/28 23:00:38.018804 未中奖
2026/05/28 23:00:38.018804 未中奖
2026/05/28 23:00:38.018804 未中奖
2026/05/28 23:00:38.018804 未中奖
2026/05/28 23:00:38.018804 未中奖
2026/05/28 23:00:38.018804 奖品已发完
2026/05/28 23:00:38.018804 未中奖
2026/05/28 23:00:38.018804 未中奖
2026/05/28 23:00:38.018804 奖品已发完
2026/05/28 23:00:38.018804 未中奖
2026/05/28 23:00:38.018804 未中奖
2026/05/28 23:00:38.018804 未中奖
2026/05/28 23:00:38.018804 未中奖
2026/05/28 23:00:38.018804 未中奖
2026/05/28 23:00:38.018804 未中奖
2026/05/28 23:00:38.018804 未中奖
2026/05/28 23:00:38.018804 未中奖
2026/05/28 23:00:38.018804 未中奖
2026/05/28 23:00:38.018804 未中奖
2026/05/28 23:00:38.018804 奖品已发完
2026/05/28 23:00:38.018804 未中奖
2026/05/28 23:00:38.018804 奖品已发完
2026/05/28 23:00:38.018804 未中奖
2026/05/28 23:00:38.018804 未中奖
2026/05/28 23:00:38.018804 未中奖
2026/05/28 23:00:38.018804 未中奖
2026/05/28 23:00:38.018804 奖品已发完
2026/05/28 23:00:38.018804 奖品已发完
2026/05/28 23:00:38.018804 未中奖
2026/05/28 23:00:38.018804 未中奖
2026/05/28 23:00:38.018804 未中奖
2026/05/28 23:00:38.018804 奖品已发完
2026/05/28 23:00:38.018804 未中奖
2026/05/28 23:00:38.018804 未中奖
2026/05/28 23:00:38.018804 未中奖
2026/05/28 23:00:38.018804 未中奖
2026/05/28 23:00:38.018804 未中奖
2026/05/28 23:00:38.018804 未中奖
2026/05/28 23:00:38.018804 未中奖
2026/05/28 23:00:38.018804 未中奖
2026/05/28 23:00:38.018804 未中奖
2026/05/28 23:00:38.018804 未中奖
2026/05/28 23:00:38.018804 未中奖
2026/05/28 23:00:38.018804 未中奖
2026/05/28 23:00:38.018804 未中奖
2026/05/28 23:00:38.018804 未中奖
2026/05/28 23:00:38.018804 奖品已发完
2026/05/28 23:00:38.019809 未中奖
2026/05/28 23:00:38.019809 未中奖
2026/05/28 23:00:38.019809 未中奖
2026/05/28 23:00:38.019809 未中奖
2026/05/28 23:00:38.019809 奖品已发完
2026/05/28 23:00:38.019809 未中奖
2026/05/28 23:00:38.019809 未中奖
2026/05/28 23:00:38.019809 奖品已发完
2026/05/28 23:00:38.019809 奖品已发完
2026/05/28 23:00:38.019809 未中奖
2026/05/28 23:00:38.019809 未中奖
2026/05/28 23:00:38.019809 未中奖
2026/05/28 23:00:38.019809 奖品已发完
2026/05/28 23:00:38.019809 未中奖
2026/05/28 23:00:38.019809 奖品已发完
2026/05/28 23:00:38.019809 未中奖
2026/05/28 23:00:38.019809 未中奖
2026/05/28 23:00:38.019809 未中奖
2026/05/28 23:00:38.019809 未中奖
2026/05/28 23:00:38.019809 未中奖
2026/05/28 23:00:38.019809 未中奖
2026/05/28 23:00:38.019809 未中奖
2026/05/28 23:00:38.019809 奖品已发完
2026/05/28 23:00:38.019809 未中奖
2026/05/28 23:00:38.019809 奖品已发完
2026/05/28 23:00:38.019809 未中奖
2026/05/28 23:00:38.019809 未中奖
2026/05/28 23:00:38.019809 奖品已发完
2026/05/28 23:00:38.019809 奖品已发完
2026/05/28 23:00:38.019809 奖品已发完
2026/05/28 23:00:38.019809 奖品已发完
2026/05/28 23:00:38.019809 未中奖
2026/05/28 23:00:38.019809 未中奖
2026/05/28 23:00:38.019809 未中奖
2026/05/28 23:00:38.019809 未中奖
2026/05/28 23:00:38.019809 未中奖
2026/05/28 23:00:38.019809 未中奖
2026/05/28 23:00:38.019809 奖品已发完
2026/05/28 23:00:38.019809 未中奖
2026/05/28 23:00:38.019809 未中奖
2026/05/28 23:00:38.019809 未中奖
2026/05/28 23:00:38.019809 未中奖
2026/05/28 23:00:38.019809 未中奖
2026/05/28 23:00:38.019809 未中奖
2026/05/28 23:00:38.019809 未中奖
2026/05/28 23:00:38.019809 未中奖
2026/05/28 23:00:38.019809 未中奖
2026/05/28 23:00:38.019809 未中奖
2026/05/28 23:00:38.019809 奖品已发完
2026/05/28 23:00:38.019809 未中奖
2026/05/28 23:00:38.019809 未中奖
2026/05/28 23:00:38.019809 未中奖
2026/05/28 23:00:38.019809 奖品已发完
2026/05/28 23:00:38.019809 未中奖
2026/05/28 23:00:38.019809 未中奖
2026/05/28 23:00:38.019809 未中奖
2026/05/28 23:00:38.019809 未中奖
2026/05/28 23:00:38.019809 未中奖
2026/05/28 23:00:38.019809 未中奖
2026/05/28 23:00:38.019809 未中奖
2026/05/28 23:00:38.019809 未中奖
2026/05/28 23:00:38.019809 未中奖
2026/05/28 23:00:38.019809 未中奖
2026/05/28 23:00:38.019809 未中奖
2026/05/28 23:00:38.019809 未中奖
2026/05/28 23:00:38.019809 未中奖
2026/05/28 23:00:38.019809 奖品已发完
2026/05/28 23:00:38.019809 未中奖
2026/05/28 23:00:38.019809 未中奖
2026/05/28 23:00:38.019809 未中奖
2026/05/28 23:00:38.019809 奖品已发完
2026/05/28 23:00:38.019809 未中奖
2026/05/28 23:00:38.019809 奖品已发完
2026/05/28 23:00:38.019809 未中奖
2026/05/28 23:00:38.019809 未中奖
2026/05/28 23:00:38.019809 未中奖
2026/05/28 23:00:38.019809 奖品已发完
2026/05/28 23:00:38.019809 未中奖
2026/05/28 23:00:38.019809 未中奖
2026/05/28 23:00:38.019809 未中奖
2026/05/28 23:00:38.019809 未中奖
2026/05/28 23:00:38.019809 未中奖
2026/05/28 23:00:38.019809 未中奖
2026/05/28 23:00:38.019809 未中奖
2026/05/28 23:00:38.019809 未中奖
2026/05/28 23:00:38.019809 奖品已发完
2026/05/28 23:00:38.019809 未中奖
2026/05/28 23:00:38.019809 未中奖
2026/05/28 23:00:38.019809 奖品已发完
2026/05/28 23:00:38.019809 未中奖
2026/05/28 23:00:38.019809 未中奖
2026/05/28 23:00:38.019809 未中奖
2026/05/28 23:00:38.020809 未中奖
2026/05/28 23:00:38.020809 未中奖
2026/05/28 23:00:38.020809 未中奖
2026/05/28 23:00:38.020809 未中奖
2026/05/28 23:00:38.020809 未中奖
2026/05/28 23:00:38.020809 未中奖
2026/05/28 23:00:38.020809 未中奖
2026/05/28 23:00:38.020809 未中奖
2026/05/28 23:00:38.020809 未中奖
2026/05/28 23:00:38.020809 未中奖
2026/05/28 23:00:38.020809 奖品已发完
2026/05/28 23:00:38.020809 未中奖
2026/05/28 23:00:38.020809 未中奖
2026/05/28 23:00:38.020809 未中奖
2026/05/28 23:00:38.020809 未中奖
2026/05/28 23:00:38.020809 未中奖
2026/05/28 23:00:38.020809 未中奖
2026/05/28 23:00:38.020809 未中奖
2026/05/28 23:00:38.020809 未中奖
2026/05/28 23:00:38.020809 未中奖
2026/05/28 23:00:38.020809 未中奖
2026/05/28 23:00:38.020809 未中奖
2026/05/28 23:00:38.020809 未中奖
2026/05/28 23:00:38.020809 未中奖
2026/05/28 23:00:38.020809 未中奖
2026/05/28 23:00:38.020809 未中奖
2026/05/28 23:00:38.020809 未中奖
2026/05/28 23:00:38.020809 未中奖
2026/05/28 23:00:38.020809 未中奖
2026/05/28 23:00:38.020809 未中奖
2026/05/28 23:00:38.020809 未中奖
2026/05/28 23:00:38.020809 未中奖
2026/05/28 23:00:38.020809 未中奖
2026/05/28 23:00:38.020809 奖品已发完
2026/05/28 23:00:38.020809 未中奖
2026/05/28 23:00:38.020809 未中奖
2026/05/28 23:00:38.020809 未中奖
2026/05/28 23:00:38.020809 未中奖
2026/05/28 23:00:38.020809 未中奖
2026/05/28 23:00:38.020809 未中奖
2026/05/28 23:00:38.020809 未中奖
2026/05/28 23:00:38.020809 奖品已发完
2026/05/28 23:00:38.020809 奖品已发完
2026/05/28 23:00:38.020809 未中奖
2026/05/28 23:00:38.020809 未中奖
2026/05/28 23:00:38.020809 未中奖
2026/05/28 23:00:38.020809 未中奖
2026/05/28 23:00:38.021338 未中奖
2026/05/28 23:00:38.021338 未中奖
2026/05/28 23:00:38.021338 未中奖
2026/05/28 23:00:38.021338 未中奖
2026/05/28 23:00:38.021338 未中奖
2026/05/28 23:00:38.021338 未中奖
2026/05/28 23:00:38.021338 未中奖
2026/05/28 23:00:38.021338 未中奖
2026/05/28 23:00:38.021338 未中奖
2026/05/28 23:00:38.021338 未中奖
2026/05/28 23:00:38.021338 未中奖
2026/05/28 23:00:38.021338 未中奖
2026/05/28 23:00:38.021338 未中奖
2026/05/28 23:00:38.021338 未中奖
2026/05/28 23:00:38.021338 未中奖
2026/05/28 23:00:38.021338 未中奖
2026/05/28 23:00:38.021338 未中奖
2026/05/28 23:00:38.021338 未中奖
2026/05/28 23:00:38.021338 奖品已发完
2026/05/28 23:00:38.021338 未中奖
2026/05/28 23:00:38.021338 奖品已发完
2026/05/28 23:00:38.021338 未中奖
2026/05/28 23:00:38.021338 未中奖
2026/05/28 23:00:38.021338 未中奖
2026/05/28 23:00:38.021338 未中奖
2026/05/28 23:00:38.021338 未中奖
2026/05/28 23:00:38.021338 未中奖
2026/05/28 23:00:38.021338 未中奖
2026/05/28 23:00:38.021338 未中奖
2026/05/28 23:00:38.021338 未中奖
2026/05/28 23:00:38.021338 奖品已发完
2026/05/28 23:00:38.021338 未中奖
2026/05/28 23:00:38.021338 未中奖
2026/05/28 23:00:38.021338 未中奖
2026/05/28 23:00:38.021338 未中奖
2026/05/28 23:00:38.021338 奖品已发完
2026/05/28 23:00:38.021338 奖品已发完
2026/05/28 23:00:38.021338 未中奖
2026/05/28 23:00:38.021338 奖品已发完
2026/05/28 23:00:38.021338 未中奖
2026/05/28 23:00:38.021338 未中奖
2026/05/28 23:00:38.021338 未中奖
2026/05/28 23:00:38.021338 未中奖
2026/05/28 23:00:38.021338 未中奖
2026/05/28 23:00:38.021338 未中奖
2026/05/28 23:00:38.021338 未中奖
2026/05/28 23:00:38.021338 未中奖
2026/05/28 23:00:38.021338 未中奖
2026/05/28 23:00:38.021338 未中奖
2026/05/28 23:00:38.021338 奖品已发完
2026/05/28 23:00:38.021338 奖品已发完
2026/05/28 23:00:38.021338 未中奖
2026/05/28 23:00:38.021338 未中奖
2026/05/28 23:00:38.021338 未中奖
2026/05/28 23:00:38.021338 未中奖
2026/05/28 23:00:38.021338 未中奖
2026/05/28 23:00:38.021338 未中奖
2026/05/28 23:00:38.021338 未中奖
2026/05/28 23:00:38.021338 未中奖
2026/05/28 23:00:38.021338 未中奖
2026/05/28 23:00:38.021338 未中奖
2026/05/28 23:00:38.021338 未中奖
2026/05/28 23:00:38.021338 未中奖
2026/05/28 23:00:38.021338 未中奖
2026/05/28 23:00:38.021338 未中奖
2026/05/28 23:00:38.021338 未中奖
2026/05/28 23:00:38.021338 未中奖
2026/05/28 23:00:38.021338 未中奖
2026/05/28 23:00:38.021338 未中奖
2026/05/28 23:00:38.021338 未中奖
2026/05/28 23:00:38.021338 未中奖
2026/05/28 23:00:38.021338 未中奖
2026/05/28 23:00:38.021338 未中奖
2026/05/28 23:00:38.021338 未中奖
2026/05/28 23:00:38.021338 未中奖
2026/05/28 23:00:38.021338 未中奖
2026/05/28 23:00:38.021338 未中奖
2026/05/28 23:00:38.021338 未中奖
2026/05/28 23:00:38.021338 未中奖
2026/05/28 23:00:38.021338 未中奖
2026/05/28 23:00:38.021338 未中奖
2026/05/28 23:00:38.021338 未中奖
2026/05/28 23:00:38.021338 未中奖
2026/05/28 23:00:38.021338 未中奖
2026/05/28 23:00:38.021338 未中奖
2026/05/28 23:00:38.021338 未中奖
2026/05/28 23:00:38.021338 未中奖
2026/05/28 23:00:38.021338 未中奖
2026/05/28 23:00:38.021338 未中奖
2026/05/28 23:00:38.021338 未中奖
2026/05/28 23:00:38.021338 未中奖
2026/05/28 23:00:38.022350 未中奖
2026/05/28 23:00:38.022350 未中奖
2026/05/28 23:00:38.022350 未中奖
2026/05/28 23:00:38.022350 奖品已发完
2026/05/28 23:00:38.022350 未中奖
2026/05/28 23:00:38.022350 未中奖
2026/05/28 23:00:38.022350 未中奖
2026/05/28 23:00:38.022350 未中奖
2026/05/28 23:00:38.022350 未中奖
2026/05/28 23:00:38.022350 奖品已发完
2026/05/28 23:00:38.022350 未中奖
2026/05/28 23:00:38.022350 未中奖
2026/05/28 23:00:38.022350 未中奖
2026/05/28 23:00:38.022350 未中奖
2026/05/28 23:00:38.022350 未中奖
2026/05/28 23:00:38.022350 未中奖
2026/05/28 23:00:38.022350 未中奖
2026/05/28 23:00:38.022350 未中奖
2026/05/28 23:00:38.022350 未中奖
2026/05/28 23:00:38.022350 未中奖
2026/05/28 23:00:38.022350 未中奖
2026/05/28 23:00:38.022350 奖品已发完
2026/05/28 23:00:38.022350 未中奖
2026/05/28 23:00:38.022350 未中奖
2026/05/28 23:00:38.022350 未中奖
2026/05/28 23:00:38.022350 未中奖
2026/05/28 23:00:38.022350 未中奖
2026/05/28 23:00:38.022350 未中奖
2026/05/28 23:00:38.022350 未中奖
2026/05/28 23:00:38.022350 未中奖
2026/05/28 23:00:38.022350 未中奖
2026/05/28 23:00:38.022350 未中奖
2026/05/28 23:00:38.022350 奖品已发完
2026/05/28 23:00:38.022350 未中奖
2026/05/28 23:00:38.022350 奖品已发完
2026/05/28 23:00:38.022350 未中奖
2026/05/28 23:00:38.022350 未中奖
2026/05/28 23:00:38.022350 未中奖
2026/05/28 23:00:38.022350 未中奖
2026/05/28 23:00:38.022350 未中奖
2026/05/28 23:00:38.022350 未中奖
2026/05/28 23:00:38.022350 未中奖
2026/05/28 23:00:38.022350 未中奖
2026/05/28 23:00:38.022350 未中奖
2026/05/28 23:00:38.022350 未中奖
2026/05/28 23:00:38.022350 未中奖
2026/05/28 23:00:38.022350 未中奖
2026/05/28 23:00:38.022350 未中奖
2026/05/28 23:00:38.022350 奖品已发完
2026/05/28 23:00:38.022350 未中奖
2026/05/28 23:00:38.022350 未中奖
2026/05/28 23:00:38.022350 未中奖
2026/05/28 23:00:38.022350 未中奖
2026/05/28 23:00:38.022350 未中奖
2026/05/28 23:00:38.022350 未中奖
2026/05/28 23:00:38.022350 未中奖
2026/05/28 23:00:38.022350 未中奖
2026/05/28 23:00:38.022350 未中奖
2026/05/28 23:00:38.023001 未中奖
2026/05/28 23:00:38.023001 未中奖
2026/05/28 23:00:38.023001 奖品已发完
2026/05/28 23:00:38.023001 未中奖
2026/05/28 23:00:38.023001 未中奖
2026/05/28 23:00:38.023001 未中奖
2026/05/28 23:00:38.023001 未中奖
2026/05/28 23:00:38.023001 未中奖
2026/05/28 23:00:38.023001 奖品已发完
2026/05/28 23:00:38.023001 未中奖
2026/05/28 23:00:38.023001 未中奖
2026/05/28 23:00:38.023001 未中奖
2026/05/28 23:00:38.023001 未中奖
2026/05/28 23:00:38.023001 奖品已发完
2026/05/28 23:00:38.023001 未中奖
2026/05/28 23:00:38.023001 未中奖
2026/05/28 23:00:38.023001 未中奖
2026/05/28 23:00:38.023001 奖品已发完
2026/05/28 23:00:38.023001 未中奖
2026/05/28 23:00:38.023001 未中奖
2026/05/28 23:00:38.023001 未中奖
2026/05/28 23:00:38.023001 未中奖
2026/05/28 23:00:38.023001 未中奖
2026/05/28 23:00:38.023001 未中奖
2026/05/28 23:00:38.023001 未中奖
2026/05/28 23:00:38.023001 未中奖
2026/05/28 23:00:38.023001 未中奖
2026/05/28 23:00:38.023001 未中奖
2026/05/28 23:00:38.023001 未中奖
2026/05/28 23:00:38.023001 未中奖
2026/05/28 23:00:38.023001 未中奖
2026/05/28 23:00:38.023001 未中奖
2026/05/28 23:00:38.023001 未中奖
2026/05/28 23:00:38.023001 未中奖
2026/05/28 23:00:38.023001 未中奖
2026/05/28 23:00:38.023001 未中奖
2026/05/28 23:00:38.023001 奖品已发完
2026/05/28 23:00:38.023001 未中奖
2026/05/28 23:00:38.023001 未中奖
2026/05/28 23:00:38.023001 未中奖
2026/05/28 23:00:38.023001 未中奖
2026/05/28 23:00:38.023001 未中奖
2026/05/28 23:00:38.023001 未中奖
2026/05/28 23:00:38.023001 未中奖
2026/05/28 23:00:38.023001 未中奖
2026/05/28 23:00:38.023001 未中奖
2026/05/28 23:00:38.023001 未中奖
2026/05/28 23:00:38.023001 未中奖
2026/05/28 23:00:38.023001 未中奖
2026/05/28 23:00:38.023001 未中奖
2026/05/28 23:00:38.023001 奖品已发完
2026/05/28 23:00:38.023001 未中奖
2026/05/28 23:00:38.023001 奖品已发完
2026/05/28 23:00:38.023001 未中奖
2026/05/28 23:00:38.023001 未中奖
2026/05/28 23:00:38.023001 未中奖
2026/05/28 23:00:38.023001 未中奖
2026/05/28 23:00:38.023001 未中奖
2026/05/28 23:00:38.023001 未中奖
2026/05/28 23:00:38.023001 未中奖
2026/05/28 23:00:38.023001 未中奖
2026/05/28 23:00:38.023001 奖品已发完
2026/05/28 23:00:38.023001 未中奖
2026/05/28 23:00:38.023001 未中奖
2026/05/28 23:00:38.023001 未中奖
2026/05/28 23:00:38.023001 未中奖
2026/05/28 23:00:38.023001 奖品已发完
2026/05/28 23:00:38.023001 奖品已发完
2026/05/28 23:00:38.023001 奖品已发完
2026/05/28 23:00:38.023001 未中奖
2026/05/28 23:00:38.023001 未中奖
2026/05/28 23:00:38.023001 未中奖
2026/05/28 23:00:38.023001 未中奖
2026/05/28 23:00:38.023001 未中奖
2026/05/28 23:00:38.023001 未中奖
2026/05/28 23:00:38.023001 未中奖
2026/05/28 23:00:38.023001 未中奖
2026/05/28 23:00:38.023001 未中奖
2026/05/28 23:00:38.023001 奖品已发完
2026/05/28 23:00:38.023001 未中奖
2026/05/28 23:00:38.023001 未中奖
2026/05/28 23:00:38.023001 未中奖
2026/05/28 23:00:38.023001 未中奖
2026/05/28 23:00:38.023001 奖品已发完
2026/05/28 23:00:38.023001 未中奖
2026/05/28 23:00:38.023001 未中奖
2026/05/28 23:00:38.023001 未中奖
2026/05/28 23:00:38.023001 未中奖
2026/05/28 23:00:38.023001 未中奖
2026/05/28 23:00:38.024069 未中奖
2026/05/28 23:00:38.024069 未中奖
2026/05/28 23:00:38.024069 未中奖
2026/05/28 23:00:38.024069 未中奖
2026/05/28 23:00:38.024069 未中奖
2026/05/28 23:00:38.024069 奖品已发完
2026/05/28 23:00:38.024069 奖品已发完
2026/05/28 23:00:38.024069 未中奖
2026/05/28 23:00:38.024069 奖品已发完
2026/05/28 23:00:38.024069 未中奖
2026/05/28 23:00:38.024069 奖品已发完
2026/05/28 23:00:38.024069 未中奖
2026/05/28 23:00:38.024069 未中奖
2026/05/28 23:00:38.024069 未中奖
2026/05/28 23:00:38.024069 未中奖
2026/05/28 23:00:38.024069 未中奖
2026/05/28 23:00:38.024069 未中奖
2026/05/28 23:00:38.024069 未中奖
2026/05/28 23:00:38.024069 未中奖
2026/05/28 23:00:38.024069 奖品已发完
2026/05/28 23:00:38.024069 未中奖
2026/05/28 23:00:38.024069 奖品已发完
2026/05/28 23:00:38.024069 未中奖
2026/05/28 23:00:38.024069 未中奖
2026/05/28 23:00:38.024069 未中奖
2026/05/28 23:00:38.024069 未中奖
2026/05/28 23:00:38.024069 未中奖
2026/05/28 23:00:38.024069 未中奖
2026/05/28 23:00:38.024069 未中奖
2026/05/28 23:00:38.024069 奖品已发完
2026/05/28 23:00:38.024069 未中奖
2026/05/28 23:00:38.024069 未中奖
2026/05/28 23:00:38.024069 未中奖
2026/05/28 23:00:38.024069 未中奖
2026/05/28 23:00:38.024575 未中奖
2026/05/28 23:00:38.024575 未中奖
2026/05/28 23:00:38.024575 未中奖
2026/05/28 23:00:38.024575 未中奖
2026/05/28 23:00:38.024575 未中奖
2026/05/28 23:00:38.024575 未中奖
2026/05/28 23:00:38.024575 未中奖
2026/05/28 23:00:38.024575 未中奖
2026/05/28 23:00:38.024575 未中奖
2026/05/28 23:00:38.024575 未中奖
2026/05/28 23:00:38.024575 奖品已发完
2026/05/28 23:00:38.025092 未中奖
2026/05/28 23:00:38.025092 未中奖
2026/05/28 23:00:38.025092 未中奖
2026/05/28 23:00:38.025092 未中奖
2026/05/28 23:00:38.025092 奖品已发完
2026/05/28 23:00:38.025092 未中奖
2026/05/28 23:00:38.025092 未中奖
2026/05/28 23:00:38.025092 奖品已发完
2026/05/28 23:00:38.025092 奖品已发完
2026/05/28 23:00:38.025092 未中奖
2026/05/28 23:00:38.025092 未中奖
2026/05/28 23:00:38.025092 未中奖
2026/05/28 23:00:38.025092 未中奖
2026/05/28 23:00:38.025092 未中奖
2026/05/28 23:00:38.025092 未中奖
2026/05/28 23:00:38.025092 未中奖
2026/05/28 23:00:38.025092 未中奖
2026/05/28 23:00:38.025092 未中奖
2026/05/28 23:00:38.025092 未中奖
2026/05/28 23:00:38.025092 未中奖
2026/05/28 23:00:38.025092 奖品已发完
2026/05/28 23:00:38.025092 未中奖
2026/05/28 23:00:38.025092 奖品已发完
2026/05/28 23:00:38.025092 未中奖
2026/05/28 23:00:38.025092 未中奖
2026/05/28 23:00:38.025092 未中奖
2026/05/28 23:00:38.025092 奖品已发完
2026/05/28 23:00:38.025092 未中奖
2026/05/28 23:00:38.025092 未中奖
2026/05/28 23:00:38.025092 未中奖
2026/05/28 23:00:38.025092 未中奖
2026/05/28 23:00:38.025092 未中奖
2026/05/28 23:00:38.025092 未中奖
2026/05/28 23:00:38.025092 未中奖
2026/05/28 23:00:38.025092 未中奖
2026/05/28 23:00:38.025092 未中奖
2026/05/28 23:00:38.025092 未中奖
2026/05/28 23:00:38.025660 未中奖
2026/05/28 23:00:38.025660 未中奖
2026/05/28 23:00:38.025660 未中奖
2026/05/28 23:00:38.025660 未中奖
2026/05/28 23:00:38.025660 未中奖
2026/05/28 23:00:38.025660 未中奖
2026/05/28 23:00:38.025660 奖品已发完
2026/05/28 23:00:38.025660 未中奖
2026/05/28 23:00:38.025660 未中奖
2026/05/28 23:00:38.025660 未中奖
2026/05/28 23:00:38.025660 未中奖
2026/05/28 23:00:38.025660 未中奖
2026/05/28 23:00:38.025660 未中奖
2026/05/28 23:00:38.025660 未中奖
2026/05/28 23:00:38.025660 未中奖
2026/05/28 23:00:38.025660 奖品已发完
2026/05/28 23:00:38.025660 未中奖
2026/05/28 23:00:38.025660 未中奖
2026/05/28 23:00:38.025660 未中奖
2026/05/28 23:00:38.025660 未中奖
2026/05/28 23:00:38.025660 未中奖
2026/05/28 23:00:38.025660 未中奖
2026/05/28 23:00:38.025660 奖品已发完
2026/05/28 23:00:38.025660 奖品已发完
2026/05/28 23:00:38.025660 未中奖
2026/05/28 23:00:38.025660 未中奖
2026/05/28 23:00:38.025660 未中奖
2026/05/28 23:00:38.025660 未中奖
2026/05/28 23:00:38.025660 未中奖
2026/05/28 23:00:38.025660 未中奖
2026/05/28 23:00:38.025660 未中奖
2026/05/28 23:00:38.025660 未中奖
2026/05/28 23:00:38.025660 未中奖
2026/05/28 23:00:38.025660 未中奖
2026/05/28 23:00:38.025660 未中奖
2026/05/28 23:00:38.025660 未中奖
2026/05/28 23:00:38.025660 未中奖
2026/05/28 23:00:38.025660 未中奖
2026/05/28 23:00:38.025660 未中奖
2026/05/28 23:00:38.025660 未中奖
2026/05/28 23:00:38.025660 未中奖
2026/05/28 23:00:38.026274 未中奖
2026/05/28 23:00:38.026274 未中奖
2026/05/28 23:00:38.026274 未中奖
2026/05/28 23:00:38.026274 未中奖
2026/05/28 23:00:38.026274 未中奖
2026/05/28 23:00:38.026274 未中奖
2026/05/28 23:00:38.026274 未中奖
2026/05/28 23:00:38.026274 未中奖
2026/05/28 23:00:38.026274 奖品已发完
2026/05/28 23:00:38.026274 未中奖
2026/05/28 23:00:38.026274 奖品已发完
2026/05/28 23:00:38.026274 未中奖
2026/05/28 23:00:38.026274 奖品已发完
2026/05/28 23:00:38.026274 未中奖
2026/05/28 23:00:38.026274 未中奖
2026/05/28 23:00:38.026274 未中奖
2026/05/28 23:00:38.026274 未中奖
2026/05/28 23:00:38.026274 未中奖
2026/05/28 23:00:38.026274 未中奖
2026/05/28 23:00:38.026274 未中奖
2026/05/28 23:00:38.026274 未中奖
2026/05/28 23:00:38.026274 未中奖
2026/05/28 23:00:38.026274 未中奖
2026/05/28 23:00:38.026274 未中奖
2026/05/28 23:00:38.026274 未中奖
2026/05/28 23:00:38.026274 未中奖
2026/05/28 23:00:38.026274 未中奖
2026/05/28 23:00:38.026274 未中奖
2026/05/28 23:00:38.026274 未中奖
2026/05/28 23:00:38.026274 未中奖
2026/05/28 23:00:38.026274 未中奖
2026/05/28 23:00:38.026274 未中奖
2026/05/28 23:00:38.026274 未中奖
2026/05/28 23:00:38.026274 未中奖
2026/05/28 23:00:38.026274 未中奖
2026/05/28 23:00:38.026274 未中奖
2026/05/28 23:00:38.026274 未中奖
2026/05/28 23:00:38.026274 未中奖
2026/05/28 23:00:38.026274 未中奖
2026/05/28 23:00:38.026274 未中奖
2026/05/28 23:00:38.026274 未中奖
2026/05/28 23:00:38.026274 未中奖
2026/05/28 23:00:38.026274 未中奖
2026/05/28 23:00:38.026274 未中奖
2026/05/28 23:00:38.026274 未中奖
2026/05/28 23:00:38.026274 未中奖
2026/05/28 23:00:38.026274 未中奖
2026/05/28 23:00:38.026274 未中奖
2026/05/28 23:00:38.026274 未中奖
2026/05/28 23:00:38.026274 未中奖
2026/05/28 23:00:38.026274 未中奖
2026/05/28 23:00:38.026274 未中奖
2026/05/28 23:00:38.026274 未中奖
2026/05/28 23:00:38.026274 未中奖
2026/05/28 23:00:38.026274 未中奖
2026/05/28 23:00:38.026274 未中奖
2026/05/28 23:00:38.026274 未中奖
2026/05/28 23:00:38.026274 未中奖
2026/05/28 23:00:38.026274 未中奖
2026/05/28 23:00:38.026274 未中奖
2026/05/28 23:00:38.026274 未中奖
2026/05/28 23:00:38.026274 未中奖
2026/05/28 23:00:38.026274 未中奖
2026/05/28 23:00:38.026274 奖品已发完
2026/05/28 23:00:38.026929 未中奖
2026/05/28 23:00:38.026929 未中奖
2026/05/28 23:00:38.026929 未中奖
2026/05/28 23:00:38.026929 奖品已发完
2026/05/28 23:00:38.026929 未中奖
2026/05/28 23:00:38.026929 未中奖
2026/05/28 23:00:38.026929 未中奖
2026/05/28 23:00:38.026929 未中奖
2026/05/28 23:00:38.026929 奖品已发完
2026/05/28 23:00:38.026929 未中奖
2026/05/28 23:00:38.026929 未中奖
2026/05/28 23:00:38.026929 奖品已发完
2026/05/28 23:00:38.026929 未中奖
2026/05/28 23:00:38.026929 未中奖
2026/05/28 23:00:38.026929 未中奖
2026/05/28 23:00:38.026929 未中奖
2026/05/28 23:00:38.026929 未中奖
2026/05/28 23:00:38.026929 未中奖
2026/05/28 23:00:38.026929 未中奖
2026/05/28 23:00:38.026929 未中奖
2026/05/28 23:00:38.026929 未中奖
2026/05/28 23:00:38.026929 未中奖
2026/05/28 23:00:38.026929 未中奖
2026/05/28 23:00:38.026929 未中奖
2026/05/28 23:00:38.026929 未中奖
2026/05/28 23:00:38.026929 未中奖
2026/05/28 23:00:38.026929 未中奖
2026/05/28 23:00:38.026929 未中奖
2026/05/28 23:00:38.026929 未中奖
2026/05/28 23:00:38.026929 未中奖
2026/05/28 23:00:38.026929 未中奖
2026/05/28 23:00:38.026929 未中奖
2026/05/28 23:00:38.026929 未中奖
2026/05/28 23:00:38.026929 未中奖
2026/05/28 23:00:38.026929 未中奖
2026/05/28 23:00:38.026929 未中奖
2026/05/28 23:00:38.026929 未中奖
2026/05/28 23:00:38.026929 未中奖
2026/05/28 23:00:38.026929 未中奖
2026/05/28 23:00:38.026929 未中奖
2026/05/28 23:00:38.026929 未中奖
2026/05/28 23:00:38.026929 未中奖
2026/05/28 23:00:38.026929 未中奖
2026/05/28 23:00:38.026929 未中奖
2026/05/28 23:00:38.026929 未中奖
2026/05/28 23:00:38.026929 未中奖
2026/05/28 23:00:38.026929 未中奖
2026/05/28 23:00:38.026929 未中奖
2026/05/28 23:00:38.026929 未中奖
2026/05/28 23:00:38.026929 未中奖
2026/05/28 23:00:38.026929 未中奖
2026/05/28 23:00:38.026929 未中奖
2026/05/28 23:00:38.026929 未中奖
2026/05/28 23:00:38.026929 未中奖
2026/05/28 23:00:38.026929 未中奖
2026/05/28 23:00:38.026929 未中奖
2026/05/28 23:00:38.026929 未中奖
2026/05/28 23:00:38.026929 未中奖
2026/05/28 23:00:38.026929 未中奖
2026/05/28 23:00:38.026929 未中奖
2026/05/28 23:00:38.026929 奖品已发完
2026/05/28 23:00:38.026929 未中奖
2026/05/28 23:00:38.026929 未中奖
2026/05/28 23:00:38.026929 未中奖
2026/05/28 23:00:38.026929 奖品已发完
2026/05/28 23:00:38.026929 未中奖
2026/05/28 23:00:38.026929 未中奖
2026/05/28 23:00:38.026929 奖品已发完
2026/05/28 23:00:38.027466 未中奖
2026/05/28 23:00:38.027466 未中奖
2026/05/28 23:00:38.027466 未中奖
2026/05/28 23:00:38.027466 未中奖
2026/05/28 23:00:38.027466 未中奖
2026/05/28 23:00:38.027466 未中奖
2026/05/28 23:00:38.027466 未中奖
2026/05/28 23:00:38.027466 未中奖
2026/05/28 23:00:38.027466 未中奖
2026/05/28 23:00:38.027466 奖品已发完
2026/05/28 23:00:38.027466 未中奖
2026/05/28 23:00:38.027466 未中奖
2026/05/28 23:00:38.027466 未中奖
2026/05/28 23:00:38.027466 未中奖
2026/05/28 23:00:38.027466 未中奖
2026/05/28 23:00:38.027466 未中奖
2026/05/28 23:00:38.027466 未中奖
2026/05/28 23:00:38.027466 未中奖
2026/05/28 23:00:38.027466 未中奖
2026/05/28 23:00:38.027466 未中奖
2026/05/28 23:00:38.027466 未中奖
2026/05/28 23:00:38.027466 未中奖
2026/05/28 23:00:38.027466 未中奖
2026/05/28 23:00:38.027466 未中奖
2026/05/28 23:00:38.027466 未中奖
2026/05/28 23:00:38.027466 未中奖
2026/05/28 23:00:38.027466 未中奖
2026/05/28 23:00:38.027466 未中奖
2026/05/28 23:00:38.027466 未中奖
2026/05/28 23:00:38.027466 未中奖
2026/05/28 23:00:38.027466 未中奖
2026/05/28 23:00:38.027466 未中奖
2026/05/28 23:00:38.027466 未中奖
2026/05/28 23:00:38.027466 未中奖
2026/05/28 23:00:38.027466 未中奖
2026/05/28 23:00:38.027466 未中奖
2026/05/28 23:00:38.027466 未中奖
2026/05/28 23:00:38.027466 奖品已发完
2026/05/28 23:00:38.027466 奖品已发完
2026/05/28 23:00:38.027466 未中奖
2026/05/28 23:00:38.027466 未中奖
2026/05/28 23:00:38.027466 未中奖
2026/05/28 23:00:38.027466 未中奖
2026/05/28 23:00:38.027466 未中奖
2026/05/28 23:00:38.027466 未中奖
2026/05/28 23:00:38.027466 未中奖
2026/05/28 23:00:38.027466 未中奖
2026/05/28 23:00:38.027466 未中奖
2026/05/28 23:00:38.027466 未中奖
2026/05/28 23:00:38.027466 奖品已发完
2026/05/28 23:00:38.027466 未中奖
2026/05/28 23:00:38.027466 未中奖
2026/05/28 23:00:38.027466 未中奖
2026/05/28 23:00:38.027466 未中奖
2026/05/28 23:00:38.027466 未中奖
2026/05/28 23:00:38.027466 未中奖
2026/05/28 23:00:38.027466 奖品已发完
2026/05/28 23:00:38.027466 未中奖
2026/05/28 23:00:38.027466 未中奖
2026/05/28 23:00:38.027466 奖品已发完
2026/05/28 23:00:38.027466 未中奖
2026/05/28 23:00:38.027466 未中奖
2026/05/28 23:00:38.027466 未中奖
2026/05/28 23:00:38.027466 未中奖
2026/05/28 23:00:38.027466 未中奖
2026/05/28 23:00:38.027466 未中奖
2026/05/28 23:00:38.027466 未中奖
2026/05/28 23:00:38.027466 未中奖
2026/05/28 23:00:38.027466 未中奖
2026/05/28 23:00:38.027983 未中奖
2026/05/28 23:00:38.027983 奖品已发完
2026/05/28 23:00:38.027983 未中奖
2026/05/28 23:00:38.027983 未中奖
2026/05/28 23:00:38.027983 未中奖
2026/05/28 23:00:38.027983 未中奖
2026/05/28 23:00:38.027983 奖品已发完
2026/05/28 23:00:38.027983 未中奖
2026/05/28 23:00:38.027983 未中奖
2026/05/28 23:00:38.027983 未中奖
2026/05/28 23:00:38.027983 未中奖
2026/05/28 23:00:38.027983 未中奖
2026/05/28 23:00:38.027983 未中奖
2026/05/28 23:00:38.027983 未中奖
2026/05/28 23:00:38.027983 未中奖
2026/05/28 23:00:38.027983 奖品已发完
2026/05/28 23:00:38.027983 未中奖
2026/05/28 23:00:38.027983 未中奖
2026/05/28 23:00:38.027983 未中奖
2026/05/28 23:00:38.027983 未中奖
2026/05/28 23:00:38.027983 未中奖
2026/05/28 23:00:38.027983 未中奖
2026/05/28 23:00:38.027983 未中奖
2026/05/28 23:00:38.027983 未中奖
2026/05/28 23:00:38.027983 未中奖
2026/05/28 23:00:38.027983 未中奖
2026/05/28 23:00:38.027983 未中奖
2026/05/28 23:00:38.027983 奖品已发完
2026/05/28 23:00:38.027983 未中奖
2026/05/28 23:00:38.027983 未中奖
2026/05/28 23:00:38.027983 奖品已发完
2026/05/28 23:00:38.027983 奖品已发完
2026/05/28 23:00:38.027983 未中奖
2026/05/28 23:00:38.027983 未中奖
2026/05/28 23:00:38.027983 未中奖
2026/05/28 23:00:38.027983 未中奖
2026/05/28 23:00:38.027983 未中奖
2026/05/28 23:00:38.027983 未中奖
2026/05/28 23:00:38.027983 未中奖
2026/05/28 23:00:38.027983 未中奖
2026/05/28 23:00:38.027983 奖品已发完
2026/05/28 23:00:38.027983 未中奖
2026/05/28 23:00:38.027983 未中奖
2026/05/28 23:00:38.027983 未中奖
2026/05/28 23:00:38.027983 未中奖
2026/05/28 23:00:38.027983 奖品已发完
2026/05/28 23:00:38.027983 奖品已发完
2026/05/28 23:00:38.027983 未中奖
2026/05/28 23:00:38.027983 未中奖
2026/05/28 23:00:38.027983 未中奖
2026/05/28 23:00:38.027983 未中奖
2026/05/28 23:00:38.027983 未中奖
2026/05/28 23:00:38.027983 未中奖
2026/05/28 23:00:38.027983 未中奖
2026/05/28 23:00:38.027983 未中奖
2026/05/28 23:00:38.027983 未中奖
2026/05/28 23:00:38.027983 未中奖
2026/05/28 23:00:38.027983 未中奖
2026/05/28 23:00:38.027983 未中奖
2026/05/28 23:00:38.027983 未中奖
2026/05/28 23:00:38.027983 奖品已发完
2026/05/28 23:00:38.027983 未中奖
2026/05/28 23:00:38.027983 未中奖
2026/05/28 23:00:38.027983 未中奖
2026/05/28 23:00:38.027983 未中奖
2026/05/28 23:00:38.027983 未中奖
2026/05/28 23:00:38.027983 奖品已发完
2026/05/28 23:00:38.027983 未中奖
2026/05/28 23:00:38.027983 未中奖
2026/05/28 23:00:38.027983 未中奖
2026/05/28 23:00:38.027983 未中奖
2026/05/28 23:00:38.028502 未中奖
2026/05/28 23:00:38.028502 未中奖
2026/05/28 23:00:38.028502 奖品已发完
2026/05/28 23:00:38.028502 未中奖
2026/05/28 23:00:38.028502 未中奖
2026/05/28 23:00:38.028502 未中奖
2026/05/28 23:00:38.028502 奖品已发完
2026/05/28 23:00:38.028502 未中奖
2026/05/28 23:00:38.028502 奖品已发完
2026/05/28 23:00:38.028502 奖品已发完
2026/05/28 23:00:38.028502 未中奖
2026/05/28 23:00:38.028502 未中奖
2026/05/28 23:00:38.028502 未中奖
2026/05/28 23:00:38.028502 未中奖
2026/05/28 23:00:38.028502 未中奖
2026/05/28 23:00:38.028502 未中奖
2026/05/28 23:00:38.028502 未中奖
2026/05/28 23:00:38.028502 未中奖
2026/05/28 23:00:38.028502 未中奖
2026/05/28 23:00:38.028502 奖品已发完
2026/05/28 23:00:38.028502 未中奖
2026/05/28 23:00:38.028502 未中奖
2026/05/28 23:00:38.028502 未中奖
2026/05/28 23:00:38.028502 未中奖
2026/05/28 23:00:38.028502 未中奖
2026/05/28 23:00:38.028502 未中奖
2026/05/28 23:00:38.028502 未中奖
2026/05/28 23:00:38.028502 奖品已发完
2026/05/28 23:00:38.028502 未中奖
2026/05/28 23:00:38.028502 未中奖
2026/05/28 23:00:38.028502 未中奖
2026/05/28 23:00:38.028502 未中奖
2026/05/28 23:00:38.028502 奖品已发完
2026/05/28 23:00:38.028502 未中奖
2026/05/28 23:00:38.028502 未中奖
2026/05/28 23:00:38.028502 未中奖
2026/05/28 23:00:38.028502 未中奖
2026/05/28 23:00:38.028502 未中奖
2026/05/28 23:00:38.028502 未中奖
2026/05/28 23:00:38.028502 未中奖
2026/05/28 23:00:38.028502 奖品已发完
2026/05/28 23:00:38.028502 未中奖
2026/05/28 23:00:38.028502 未中奖
2026/05/28 23:00:38.028502 奖品已发完
2026/05/28 23:00:38.028502 未中奖
2026/05/28 23:00:38.028502 未中奖
2026/05/28 23:00:38.028502 未中奖
2026/05/28 23:00:38.028502 奖品已发完
2026/05/28 23:00:38.028502 未中奖
2026/05/28 23:00:38.028502 未中奖
2026/05/28 23:00:38.028502 未中奖
2026/05/28 23:00:38.028502 未中奖
2026/05/28 23:00:38.028502 未中奖
2026/05/28 23:00:38.028502 未中奖
2026/05/28 23:00:38.028502 未中奖
2026/05/28 23:00:38.028502 未中奖
2026/05/28 23:00:38.028502 未中奖
2026/05/28 23:00:38.028502 未中奖
2026/05/28 23:00:38.028502 未中奖
2026/05/28 23:00:38.028502 未中奖
2026/05/28 23:00:38.028502 奖品已发完
2026/05/28 23:00:38.028502 未中奖
2026/05/28 23:00:38.028502 未中奖
2026/05/28 23:00:38.028502 未中奖
2026/05/28 23:00:38.028502 奖品已发完
2026/05/28 23:00:38.028502 未中奖
2026/05/28 23:00:38.028502 未中奖
2026/05/28 23:00:38.028502 未中奖
2026/05/28 23:00:38.028502 未中奖
2026/05/28 23:00:38.028502 未中奖
2026/05/28 23:00:38.028502 未中奖
2026/05/28 23:00:38.028502 未中奖
2026/05/28 23:00:38.028502 未中奖
2026/05/28 23:00:38.028502 未中奖
2026/05/28 23:00:38.029024 奖品已发完
2026/05/28 23:00:38.029024 未中奖
2026/05/28 23:00:38.029024 未中奖
2026/05/28 23:00:38.029024 未中奖
2026/05/28 23:00:38.029024 未中奖
2026/05/28 23:00:38.029024 未中奖
2026/05/28 23:00:38.029024 未中奖
2026/05/28 23:00:38.029024 未中奖
2026/05/28 23:00:38.029024 未中奖
2026/05/28 23:00:38.029024 未中奖
2026/05/28 23:00:38.029024 未中奖
2026/05/28 23:00:38.029024 未中奖
2026/05/28 23:00:38.029024 未中奖
2026/05/28 23:00:38.029024 未中奖
2026/05/28 23:00:38.029024 未中奖
2026/05/28 23:00:38.029024 未中奖
2026/05/28 23:00:38.029024 奖品已发完
2026/05/28 23:00:38.029024 未中奖
2026/05/28 23:00:38.029024 未中奖
2026/05/28 23:00:38.029024 未中奖
2026/05/28 23:00:38.029024 奖品已发完
2026/05/28 23:00:38.029024 奖品已发完
2026/05/28 23:00:38.029024 未中奖
2026/05/28 23:00:38.029024 未中奖
2026/05/28 23:00:38.029024 未中奖
2026/05/28 23:00:38.029024 未中奖
2026/05/28 23:00:38.029024 奖品已发完
2026/05/28 23:00:38.029024 未中奖
2026/05/28 23:00:38.029024 未中奖
2026/05/28 23:00:38.029024 未中奖
2026/05/28 23:00:38.029024 未中奖
2026/05/28 23:00:38.029024 未中奖
2026/05/28 23:00:38.029024 未中奖
2026/05/28 23:00:38.029024 未中奖
2026/05/28 23:00:38.029024 未中奖
2026/05/28 23:00:38.029024 未中奖
2026/05/28 23:00:38.029024 未中奖
2026/05/28 23:00:38.029024 未中奖
2026/05/28 23:00:38.029024 未中奖
2026/05/28 23:00:38.029024 未中奖
2026/05/28 23:00:38.029024 未中奖
2026/05/28 23:00:38.029024 未中奖
2026/05/28 23:00:38.029024 未中奖
2026/05/28 23:00:38.029024 未中奖
2026/05/28 23:00:38.029024 未中奖
2026/05/28 23:00:38.029024 未中奖
2026/05/28 23:00:38.029024 未中奖
2026/05/28 23:00:38.029024 未中奖
2026/05/28 23:00:38.029024 未中奖
2026/05/28 23:00:38.029024 未中奖
2026/05/28 23:00:38.029024 未中奖
2026/05/28 23:00:38.029024 未中奖
2026/05/28 23:00:38.029024 未中奖
2026/05/28 23:00:38.029024 未中奖
2026/05/28 23:00:38.029024 奖品已发完
2026/05/28 23:00:38.029024 未中奖
2026/05/28 23:00:38.029024 未中奖
2026/05/28 23:00:38.029024 未中奖
2026/05/28 23:00:38.029024 未中奖
2026/05/28 23:00:38.029024 未中奖
2026/05/28 23:00:38.029024 未中奖
2026/05/28 23:00:38.029024 未中奖
2026/05/28 23:00:38.029024 未中奖
2026/05/28 23:00:38.029024 未中奖
2026/05/28 23:00:38.029024 未中奖
2026/05/28 23:00:38.029024 未中奖
2026/05/28 23:00:38.029024 未中奖
2026/05/28 23:00:38.029024 未中奖
2026/05/28 23:00:38.029024 未中奖
2026/05/28 23:00:38.029024 未中奖
2026/05/28 23:00:38.029024 未中奖
2026/05/28 23:00:38.029024 奖品已发完
2026/05/28 23:00:38.029024 未中奖
2026/05/28 23:00:38.029024 奖品已发完
2026/05/28 23:00:38.029547 未中奖
2026/05/28 23:00:38.029547 奖品已发完
2026/05/28 23:00:38.029547 奖品已发完
2026/05/28 23:00:38.029547 未中奖
2026/05/28 23:00:38.029547 奖品已发完
2026/05/28 23:00:38.029547 未中奖
2026/05/28 23:00:38.029547 未中奖
2026/05/28 23:00:38.029547 未中奖
2026/05/28 23:00:38.029547 未中奖
2026/05/28 23:00:38.029547 未中奖
2026/05/28 23:00:38.029547 未中奖
2026/05/28 23:00:38.029547 奖品已发完
2026/05/28 23:00:38.029547 未中奖
2026/05/28 23:00:38.029547 未中奖
2026/05/28 23:00:38.029547 未中奖
2026/05/28 23:00:38.029547 未中奖
2026/05/28 23:00:38.029547 奖品已发完
2026/05/28 23:00:38.029547 未中奖
2026/05/28 23:00:38.029547 未中奖
2026/05/28 23:00:38.029547 未中奖
2026/05/28 23:00:38.029547 未中奖
2026/05/28 23:00:38.029547 未中奖
2026/05/28 23:00:38.029547 奖品已发完
2026/05/28 23:00:38.029547 未中奖
2026/05/28 23:00:38.029547 未中奖
2026/05/28 23:00:38.029547 未中奖
2026/05/28 23:00:38.029547 未中奖
2026/05/28 23:00:38.029547 未中奖
2026/05/28 23:00:38.029547 未中奖
2026/05/28 23:00:38.029547 未中奖
2026/05/28 23:00:38.029547 奖品已发完
2026/05/28 23:00:38.029547 未中奖
2026/05/28 23:00:38.029547 未中奖
2026/05/28 23:00:38.029547 未中奖
2026/05/28 23:00:38.029547 奖品已发完
2026/05/28 23:00:38.029547 未中奖
2026/05/28 23:00:38.029547 奖品已发完
2026/05/28 23:00:38.029547 未中奖
2026/05/28 23:00:38.029547 奖品已发完
2026/05/28 23:00:38.029547 未中奖
2026/05/28 23:00:38.029547 未中奖
2026/05/28 23:00:38.029547 未中奖
2026/05/28 23:00:38.029547 未中奖
2026/05/28 23:00:38.029547 未中奖
2026/05/28 23:00:38.029547 未中奖
2026/05/28 23:00:38.029547 未中奖
2026/05/28 23:00:38.029547 未中奖
2026/05/28 23:00:38.029547 奖品已发完
2026/05/28 23:00:38.029547 未中奖
2026/05/28 23:00:38.029547 奖品已发完
2026/05/28 23:00:38.029547 奖品已发完
2026/05/28 23:00:38.029547 未中奖
2026/05/28 23:00:38.029547 未中奖
2026/05/28 23:00:38.029547 奖品已发完
2026/05/28 23:00:38.029547 未中奖
2026/05/28 23:00:38.029547 未中奖
2026/05/28 23:00:38.029547 未中奖
2026/05/28 23:00:38.029547 未中奖
2026/05/28 23:00:38.029547 未中奖
2026/05/28 23:00:38.029547 奖品已发完
2026/05/28 23:00:38.029547 奖品已发完
2026/05/28 23:00:38.029547 未中奖
2026/05/28 23:00:38.029547 奖品已发完
2026/05/28 23:00:38.029547 未中奖
2026/05/28 23:00:38.029547 未中奖
2026/05/28 23:00:38.029547 未中奖
2026/05/28 23:00:38.029547 未中奖
2026/05/28 23:00:38.029547 未中奖
2026/05/28 23:00:38.029547 未中奖
2026/05/28 23:00:38.029547 未中奖
2026/05/28 23:00:38.030094 未中奖
2026/05/28 23:00:38.030094 未中奖
2026/05/28 23:00:38.030094 未中奖
2026/05/28 23:00:38.030094 未中奖
2026/05/28 23:00:38.030094 未中奖
2026/05/28 23:00:38.030094 未中奖
2026/05/28 23:00:38.030094 未中奖
2026/05/28 23:00:38.030094 未中奖
2026/05/28 23:00:38.030094 奖品已发完
2026/05/28 23:00:38.030094 未中奖
2026/05/28 23:00:38.030094 未中奖
2026/05/28 23:00:38.030094 未中奖
2026/05/28 23:00:38.030094 奖品已发完
2026/05/28 23:00:38.030094 未中奖
2026/05/28 23:00:38.030094 未中奖
2026/05/28 23:00:38.030094 奖品已发完
2026/05/28 23:00:38.030094 奖品已发完
2026/05/28 23:00:38.030094 未中奖
2026/05/28 23:00:38.030094 未中奖
2026/05/28 23:00:38.030094 未中奖
2026/05/28 23:00:38.030094 未中奖
2026/05/28 23:00:38.030094 未中奖
2026/05/28 23:00:38.030094 未中奖
2026/05/28 23:00:38.030094 未中奖
2026/05/28 23:00:38.030094 未中奖
2026/05/28 23:00:38.030094 未中奖
2026/05/28 23:00:38.030094 未中奖
2026/05/28 23:00:38.030094 未中奖
2026/05/28 23:00:38.030094 未中奖
2026/05/28 23:00:38.030094 未中奖
2026/05/28 23:00:38.030094 未中奖
2026/05/28 23:00:38.030094 未中奖
2026/05/28 23:00:38.030094 未中奖
2026/05/28 23:00:38.030094 未中奖
2026/05/28 23:00:38.030094 未中奖
2026/05/28 23:00:38.030094 未中奖
2026/05/28 23:00:38.030094 未中奖
2026/05/28 23:00:38.030094 未中奖
2026/05/28 23:00:38.030094 未中奖
2026/05/28 23:00:38.030094 未中奖
2026/05/28 23:00:38.030094 未中奖
2026/05/28 23:00:38.030094 未中奖
2026/05/28 23:00:38.030094 未中奖
2026/05/28 23:00:38.030094 奖品已发完
2026/05/28 23:00:38.030094 未中奖
2026/05/28 23:00:38.030094 未中奖
2026/05/28 23:00:38.030094 未中奖
2026/05/28 23:00:38.030094 未中奖
2026/05/28 23:00:38.030094 未中奖
2026/05/28 23:00:38.030094 奖品已发完
2026/05/28 23:00:38.030094 未中奖
2026/05/28 23:00:38.030094 未中奖
2026/05/28 23:00:38.030094 未中奖
2026/05/28 23:00:38.030094 未中奖
2026/05/28 23:00:38.030094 未中奖
2026/05/28 23:00:38.030094 未中奖
2026/05/28 23:00:38.030094 未中奖
2026/05/28 23:00:38.030094 未中奖
2026/05/28 23:00:38.030094 未中奖
2026/05/28 23:00:38.030094 未中奖
2026/05/28 23:00:38.030094 未中奖
2026/05/28 23:00:38.030094 未中奖
2026/05/28 23:00:38.030094 未中奖
2026/05/28 23:00:38.030094 未中奖
2026/05/28 23:00:38.030094 未中奖
2026/05/28 23:00:38.030094 未中奖
2026/05/28 23:00:38.030094 未中奖
2026/05/28 23:00:38.030094 未中奖
2026/05/28 23:00:38.030094 奖品已发完
2026/05/28 23:00:38.030094 未中奖
2026/05/28 23:00:38.030094 未中奖
2026/05/28 23:00:38.030094 未中奖
2026/05/28 23:00:38.030094 未中奖
2026/05/28 23:00:38.030094 未中奖
2026/05/28 23:00:38.030094 奖品已发完
2026/05/28 23:00:38.030094 未中奖
2026/05/28 23:00:38.030094 未中奖
2026/05/28 23:00:38.030611 未中奖
2026/05/28 23:00:38.030611 未中奖
2026/05/28 23:00:38.030611 未中奖
2026/05/28 23:00:38.030611 未中奖
2026/05/28 23:00:38.030611 未中奖
2026/05/28 23:00:38.030611 未中奖
2026/05/28 23:00:38.030611 未中奖
2026/05/28 23:00:38.030611 未中奖
2026/05/28 23:00:38.030611 奖品已发完
2026/05/28 23:00:38.030611 未中奖
2026/05/28 23:00:38.030611 奖品已发完
2026/05/28 23:00:38.030611 未中奖
2026/05/28 23:00:38.030611 未中奖
2026/05/28 23:00:38.030611 未中奖
2026/05/28 23:00:38.030611 未中奖
2026/05/28 23:00:38.030611 未中奖
2026/05/28 23:00:38.030611 未中奖
2026/05/28 23:00:38.030611 未中奖
2026/05/28 23:00:38.030611 未中奖
2026/05/28 23:00:38.030611 未中奖
2026/05/28 23:00:38.030611 未中奖
2026/05/28 23:00:38.030611 未中奖
2026/05/28 23:00:38.030611 未中奖
2026/05/28 23:00:38.030611 未中奖
2026/05/28 23:00:38.030611 未中奖
2026/05/28 23:00:38.030611 未中奖
2026/05/28 23:00:38.030611 未中奖
2026/05/28 23:00:38.030611 未中奖
2026/05/28 23:00:38.030611 未中奖
2026/05/28 23:00:38.030611 未中奖
2026/05/28 23:00:38.030611 奖品已发完
2026/05/28 23:00:38.030611 未中奖
2026/05/28 23:00:38.030611 未中奖
2026/05/28 23:00:38.030611 未中奖
2026/05/28 23:00:38.030611 未中奖
2026/05/28 23:00:38.030611 未中奖
2026/05/28 23:00:38.030611 未中奖
2026/05/28 23:00:38.030611 未中奖
2026/05/28 23:00:38.030611 未中奖
2026/05/28 23:00:38.030611 未中奖
2026/05/28 23:00:38.030611 奖品已发完
2026/05/28 23:00:38.030611 未中奖
2026/05/28 23:00:38.030611 未中奖
2026/05/28 23:00:38.031141 未中奖
2026/05/28 23:00:38.031141 奖品已发完
2026/05/28 23:00:38.031141 未中奖
2026/05/28 23:00:38.031141 未中奖
2026/05/28 23:00:38.031141 未中奖
2026/05/28 23:00:38.031141 未中奖
2026/05/28 23:00:38.031141 未中奖
2026/05/28 23:00:38.031667 未中奖
2026/05/28 23:00:38.031667 未中奖
2026/05/28 23:00:38.031667 未中奖
2026/05/28 23:00:38.031667 未中奖
2026/05/28 23:00:38.031667 奖品已发完
2026/05/28 23:00:38.031667 未中奖
2026/05/28 23:00:38.031667 未中奖
2026/05/28 23:00:38.031667 未中奖
2026/05/28 23:00:38.031667 未中奖
2026/05/28 23:00:38.031667 未中奖
2026/05/28 23:00:38.031667 未中奖
2026/05/28 23:00:38.031667 奖品已发完
2026/05/28 23:00:38.031667 未中奖
2026/05/28 23:00:38.031667 未中奖
2026/05/28 23:00:38.031667 未中奖
2026/05/28 23:00:38.031667 未中奖
2026/05/28 23:00:38.031667 未中奖
2026/05/28 23:00:38.031667 未中奖
2026/05/28 23:00:38.031667 奖品已发完
2026/05/28 23:00:38.031667 未中奖
2026/05/28 23:00:38.031667 未中奖
2026/05/28 23:00:38.031667 未中奖
2026/05/28 23:00:38.031667 未中奖
2026/05/28 23:00:38.031667 未中奖
2026/05/28 23:00:38.031667 奖品已发完
2026/05/28 23:00:38.031667 未中奖
2026/05/28 23:00:38.031667 未中奖
2026/05/28 23:00:38.031667 奖品已发完
2026/05/28 23:00:38.031667 未中奖
2026/05/28 23:00:38.031667 未中奖
2026/05/28 23:00:38.031667 未中奖
2026/05/28 23:00:38.031667 未中奖
2026/05/28 23:00:38.031667 未中奖
2026/05/28 23:00:38.031667 未中奖
2026/05/28 23:00:38.031667 未中奖
2026/05/28 23:00:38.031667 未中奖
2026/05/28 23:00:38.031667 未中奖
2026/05/28 23:00:38.031667 未中奖
2026/05/28 23:00:38.031667 未中奖
2026/05/28 23:00:38.031667 未中奖
2026/05/28 23:00:38.031667 未中奖
2026/05/28 23:00:38.031667 未中奖
2026/05/28 23:00:38.031667 未中奖
2026/05/28 23:00:38.031667 未中奖
2026/05/28 23:00:38.031667 奖品已发完
2026/05/28 23:00:38.031667 奖品已发完
2026/05/28 23:00:38.031667 奖品已发完
2026/05/28 23:00:38.031667 未中奖
2026/05/28 23:00:38.031667 未中奖
2026/05/28 23:00:38.031667 奖品已发完
2026/05/28 23:00:38.031667 未中奖
2026/05/28 23:00:38.031667 未中奖
2026/05/28 23:00:38.031667 未中奖
2026/05/28 23:00:38.031667 未中奖
2026/05/28 23:00:38.031667 未中奖
2026/05/28 23:00:38.032194 奖品已发完
2026/05/28 23:00:38.032194 奖品已发完
2026/05/28 23:00:38.032194 未中奖
2026/05/28 23:00:38.032194 奖品已发完
2026/05/28 23:00:38.032194 未中奖
2026/05/28 23:00:38.032194 未中奖
2026/05/28 23:00:38.032194 未中奖
2026/05/28 23:00:38.032194 未中奖
2026/05/28 23:00:38.032194 未中奖
2026/05/28 23:00:38.032194 未中奖
2026/05/28 23:00:38.032194 未中奖
2026/05/28 23:00:38.032194 未中奖
2026/05/28 23:00:38.032194 未中奖
2026/05/28 23:00:38.032194 未中奖
2026/05/28 23:00:38.032194 未中奖
2026/05/28 23:00:38.032194 未中奖
2026/05/28 23:00:38.032194 未中奖
2026/05/28 23:00:38.032194 未中奖
2026/05/28 23:00:38.032194 未中奖
2026/05/28 23:00:38.032194 未中奖
2026/05/28 23:00:38.032194 奖品已发完
2026/05/28 23:00:38.032194 未中奖
2026/05/28 23:00:38.032194 未中奖
2026/05/28 23:00:38.032194 奖品已发完
2026/05/28 23:00:38.032194 未中奖
2026/05/28 23:00:38.032194 未中奖
2026/05/28 23:00:38.032194 奖品已发完
2026/05/28 23:00:38.032194 未中奖
2026/05/28 23:00:38.032194 未中奖
2026/05/28 23:00:38.032194 奖品已发完
2026/05/28 23:00:38.032194 未中奖
2026/05/28 23:00:38.032194 未中奖
2026/05/28 23:00:38.032194 未中奖
2026/05/28 23:00:38.032194 未中奖
2026/05/28 23:00:38.032194 未中奖
2026/05/28 23:00:38.032194 未中奖
2026/05/28 23:00:38.032194 未中奖
2026/05/28 23:00:38.032194 未中奖
2026/05/28 23:00:38.032194 未中奖
2026/05/28 23:00:38.032194 未中奖
2026/05/28 23:00:38.032194 未中奖
2026/05/28 23:00:38.032194 未中奖
2026/05/28 23:00:38.032194 未中奖
2026/05/28 23:00:38.032194 未中奖
2026/05/28 23:00:38.032194 未中奖
2026/05/28 23:00:38.032194 未中奖
2026/05/28 23:00:38.032194 未中奖
2026/05/28 23:00:38.032194 奖品已发完
2026/05/28 23:00:38.032194 奖品已发完
2026/05/28 23:00:38.032194 未中奖
2026/05/28 23:00:38.032194 奖品已发完
2026/05/28 23:00:38.032194 未中奖
2026/05/28 23:00:38.032194 未中奖
2026/05/28 23:00:38.032194 未中奖
2026/05/28 23:00:38.032194 未中奖
2026/05/28 23:00:38.032766 未中奖
2026/05/28 23:00:38.032766 未中奖
2026/05/28 23:00:38.032766 未中奖
2026/05/28 23:00:38.032766 未中奖
2026/05/28 23:00:38.032766 未中奖
2026/05/28 23:00:38.032766 未中奖
2026/05/28 23:00:38.032766 未中奖
2026/05/28 23:00:38.032766 未中奖
2026/05/28 23:00:38.032766 未中奖
2026/05/28 23:00:38.032766 未中奖
2026/05/28 23:00:38.032766 未中奖
2026/05/28 23:00:38.032766 未中奖
2026/05/28 23:00:38.032766 未中奖
2026/05/28 23:00:38.032766 未中奖
2026/05/28 23:00:38.032766 未中奖
2026/05/28 23:00:38.032766 未中奖
2026/05/28 23:00:38.032766 未中奖
2026/05/28 23:00:38.032766 奖品已发完
2026/05/28 23:00:38.032766 未中奖
2026/05/28 23:00:38.032766 未中奖
2026/05/28 23:00:38.032766 奖品已发完
2026/05/28 23:00:38.032766 未中奖
2026/05/28 23:00:38.032766 奖品已发完
2026/05/28 23:00:38.032766 未中奖
2026/05/28 23:00:38.032766 未中奖
2026/05/28 23:00:38.032766 奖品已发完
2026/05/28 23:00:38.032766 未中奖
2026/05/28 23:00:38.032766 未中奖
2026/05/28 23:00:38.032766 未中奖
2026/05/28 23:00:38.032766 未中奖
2026/05/28 23:00:38.032766 未中奖
2026/05/28 23:00:38.032766 未中奖
2026/05/28 23:00:38.032766 未中奖
2026/05/28 23:00:38.032766 未中奖
2026/05/28 23:00:38.032766 未中奖
2026/05/28 23:00:38.032766 未中奖
2026/05/28 23:00:38.032766 未中奖
2026/05/28 23:00:38.032766 未中奖
2026/05/28 23:00:38.032766 未中奖
2026/05/28 23:00:38.032766 未中奖
2026/05/28 23:00:38.032766 奖品已发完
2026/05/28 23:00:38.032766 奖品已发完
2026/05/28 23:00:38.032766 未中奖
2026/05/28 23:00:38.032766 未中奖
2026/05/28 23:00:38.032766 未中奖
2026/05/28 23:00:38.032766 未中奖
2026/05/28 23:00:38.032766 未中奖
2026/05/28 23:00:38.032766 未中奖
2026/05/28 23:00:38.032766 奖品已发完
2026/05/28 23:00:38.032766 未中奖
2026/05/28 23:00:38.032766 未中奖
2026/05/28 23:00:38.032766 奖品已发完
2026/05/28 23:00:38.032766 未中奖
2026/05/28 23:00:38.032766 未中奖
2026/05/28 23:00:38.032766 未中奖
2026/05/28 23:00:38.033291 未中奖
2026/05/28 23:00:38.033291 未中奖
2026/05/28 23:00:38.033291 未中奖
2026/05/28 23:00:38.033291 未中奖
2026/05/28 23:00:38.033291 未中奖
2026/05/28 23:00:38.033291 未中奖
2026/05/28 23:00:38.033291 未中奖
2026/05/28 23:00:38.033291 未中奖
2026/05/28 23:00:38.033291 未中奖
2026/05/28 23:00:38.033291 未中奖
2026/05/28 23:00:38.033291 未中奖
2026/05/28 23:00:38.033291 奖品已发完
2026/05/28 23:00:38.033291 未中奖
2026/05/28 23:00:38.033291 未中奖
2026/05/28 23:00:38.033291 未中奖
2026/05/28 23:00:38.033291 未中奖
2026/05/28 23:00:38.033291 奖品已发完
2026/05/28 23:00:38.033291 未中奖
2026/05/28 23:00:38.033291 未中奖
2026/05/28 23:00:38.033291 未中奖
2026/05/28 23:00:38.033291 奖品已发完
2026/05/28 23:00:38.033291 未中奖
2026/05/28 23:00:38.033291 未中奖
2026/05/28 23:00:38.033291 未中奖
2026/05/28 23:00:38.033291 未中奖
2026/05/28 23:00:38.033291 未中奖
2026/05/28 23:00:38.033291 未中奖
2026/05/28 23:00:38.033291 未中奖
2026/05/28 23:00:38.033291 未中奖
2026/05/28 23:00:38.033291 未中奖
2026/05/28 23:00:38.033291 未中奖
2026/05/28 23:00:38.033291 奖品已发完
2026/05/28 23:00:38.033291 奖品已发完
2026/05/28 23:00:38.033291 未中奖
2026/05/28 23:00:38.033291 未中奖
2026/05/28 23:00:38.033291 未中奖
2026/05/28 23:00:38.033291 未中奖
2026/05/28 23:00:38.033291 未中奖
2026/05/28 23:00:38.033291 未中奖
2026/05/28 23:00:38.033291 未中奖
2026/05/28 23:00:38.033291 未中奖
2026/05/28 23:00:38.033291 未中奖
2026/05/28 23:00:38.033291 未中奖
2026/05/28 23:00:38.033291 未中奖
2026/05/28 23:00:38.033291 未中奖
2026/05/28 23:00:38.033291 未中奖
2026/05/28 23:00:38.033291 未中奖
2026/05/28 23:00:38.033291 未中奖
2026/05/28 23:00:38.033291 未中奖
2026/05/28 23:00:38.033291 未中奖
2026/05/28 23:00:38.033291 未中奖
2026/05/28 23:00:38.033291 未中奖
2026/05/28 23:00:38.033291 未中奖
2026/05/28 23:00:38.033291 奖品已发完
2026/05/28 23:00:38.033830 未中奖
2026/05/28 23:00:38.033830 奖品已发完
2026/05/28 23:00:38.033830 未中奖
2026/05/28 23:00:38.033830 未中奖
2026/05/28 23:00:38.033830 未中奖
2026/05/28 23:00:38.033830 未中奖
2026/05/28 23:00:38.033830 未中奖
2026/05/28 23:00:38.033830 未中奖
2026/05/28 23:00:38.033830 未中奖
2026/05/28 23:00:38.033830 未中奖
2026/05/28 23:00:38.033830 未中奖
2026/05/28 23:00:38.033830 未中奖
2026/05/28 23:00:38.033830 未中奖
2026/05/28 23:00:38.033830 奖品已发完
2026/05/28 23:00:38.033830 未中奖
2026/05/28 23:00:38.033830 未中奖
2026/05/28 23:00:38.033830 奖品已发完
2026/05/28 23:00:38.033830 奖品已发完
2026/05/28 23:00:38.033830 未中奖
2026/05/28 23:00:38.033830 未中奖
2026/05/28 23:00:38.033830 未中奖
2026/05/28 23:00:38.033830 未中奖
2026/05/28 23:00:38.033830 未中奖
2026/05/28 23:00:38.033830 未中奖
2026/05/28 23:00:38.033830 未中奖
2026/05/28 23:00:38.033830 未中奖
2026/05/28 23:00:38.033830 未中奖
2026/05/28 23:00:38.033830 未中奖
2026/05/28 23:00:38.033830 未中奖
2026/05/28 23:00:38.033830 未中奖
2026/05/28 23:00:38.033830 奖品已发完
2026/05/28 23:00:38.033830 未中奖
2026/05/28 23:00:38.033830 未中奖
2026/05/28 23:00:38.033830 奖品已发完
2026/05/28 23:00:38.033830 奖品已发完
2026/05/28 23:00:38.033830 未中奖
2026/05/28 23:00:38.033830 未中奖
2026/05/28 23:00:38.033830 未中奖
2026/05/28 23:00:38.033830 未中奖
2026/05/28 23:00:38.033830 未中奖
2026/05/28 23:00:38.033830 未中奖
2026/05/28 23:00:38.033830 奖品已发完
2026/05/28 23:00:38.033830 奖品已发完
2026/05/28 23:00:38.033830 奖品已发完
2026/05/28 23:00:38.033830 未中奖
2026/05/28 23:00:38.033830 未中奖
2026/05/28 23:00:38.033830 未中奖
2026/05/28 23:00:38.033830 未中奖
2026/05/28 23:00:38.033830 未中奖
2026/05/28 23:00:38.033830 未中奖
2026/05/28 23:00:38.033830 未中奖
2026/05/28 23:00:38.033830 奖品已发完
2026/05/28 23:00:38.033830 未中奖
2026/05/28 23:00:38.034361 未中奖
2026/05/28 23:00:38.034361 未中奖
2026/05/28 23:00:38.034361 奖品已发完
2026/05/28 23:00:38.034361 未中奖
2026/05/28 23:00:38.034361 未中奖
2026/05/28 23:00:38.034361 未中奖
2026/05/28 23:00:38.034361 奖品已发完
2026/05/28 23:00:38.034361 未中奖
2026/05/28 23:00:38.034361 未中奖
2026/05/28 23:00:38.034361 未中奖
2026/05/28 23:00:38.034361 奖品已发完
2026/05/28 23:00:38.034361 未中奖
2026/05/28 23:00:38.034361 未中奖
2026/05/28 23:00:38.034361 未中奖
2026/05/28 23:00:38.034361 奖品已发完
2026/05/28 23:00:38.034361 未中奖
2026/05/28 23:00:38.034361 未中奖
2026/05/28 23:00:38.034361 未中奖
2026/05/28 23:00:38.034361 未中奖
2026/05/28 23:00:38.034361 未中奖
2026/05/28 23:00:38.034361 奖品已发完
2026/05/28 23:00:38.034361 未中奖
2026/05/28 23:00:38.034361 未中奖
2026/05/28 23:00:38.034361 奖品已发完
2026/05/28 23:00:38.034361 未中奖
2026/05/28 23:00:38.034361 未中奖
2026/05/28 23:00:38.034361 未中奖
2026/05/28 23:00:38.034361 奖品已发完
2026/05/28 23:00:38.034361 未中奖
2026/05/28 23:00:38.034361 奖品已发完
2026/05/28 23:00:38.034361 奖品已发完
2026/05/28 23:00:38.034361 奖品已发完
2026/05/28 23:00:38.034361 未中奖
2026/05/28 23:00:38.034361 未中奖
2026/05/28 23:00:38.034361 未中奖
2026/05/28 23:00:38.034361 未中奖
2026/05/28 23:00:38.034361 未中奖
2026/05/28 23:00:38.034361 未中奖
2026/05/28 23:00:38.034361 未中奖
2026/05/28 23:00:38.034361 未中奖
2026/05/28 23:00:38.034361 未中奖
2026/05/28 23:00:38.034361 未中奖
2026/05/28 23:00:38.034361 未中奖
2026/05/28 23:00:38.034361 未中奖
2026/05/28 23:00:38.034361 未中奖
2026/05/28 23:00:38.034361 未中奖
2026/05/28 23:00:38.034361 未中奖
2026/05/28 23:00:38.034361 未中奖
2026/05/28 23:00:38.034361 未中奖
2026/05/28 23:00:38.034361 未中奖
2026/05/28 23:00:38.034361 奖品已发完
2026/05/28 23:00:38.034361 未中奖
2026/05/28 23:00:38.034361 未中奖
2026/05/28 23:00:38.034874 未中奖
2026/05/28 23:00:38.034874 未中奖
2026/05/28 23:00:38.034874 未中奖
2026/05/28 23:00:38.034874 未中奖
2026/05/28 23:00:38.034874 未中奖
2026/05/28 23:00:38.034874 未中奖
2026/05/28 23:00:38.034874 未中奖
2026/05/28 23:00:38.034874 未中奖
2026/05/28 23:00:38.034874 未中奖
2026/05/28 23:00:38.034874 未中奖
2026/05/28 23:00:38.034874 未中奖
2026/05/28 23:00:38.034874 未中奖
2026/05/28 23:00:38.034874 未中奖
2026/05/28 23:00:38.034874 未中奖
2026/05/28 23:00:38.034874 奖品已发完
2026/05/28 23:00:38.034874 未中奖
2026/05/28 23:00:38.034874 未中奖
2026/05/28 23:00:38.034874 未中奖
2026/05/28 23:00:38.034874 未中奖
2026/05/28 23:00:38.034874 未中奖
2026/05/28 23:00:38.034874 未中奖
2026/05/28 23:00:38.034874 未中奖
2026/05/28 23:00:38.034874 未中奖
2026/05/28 23:00:38.034874 未中奖
2026/05/28 23:00:38.034874 未中奖
2026/05/28 23:00:38.034874 未中奖
2026/05/28 23:00:38.034874 未中奖
2026/05/28 23:00:38.034874 未中奖
2026/05/28 23:00:38.034874 未中奖
2026/05/28 23:00:38.034874 未中奖
2026/05/28 23:00:38.034874 奖品已发完
2026/05/28 23:00:38.034874 未中奖
2026/05/28 23:00:38.034874 未中奖
2026/05/28 23:00:38.034874 未中奖
2026/05/28 23:00:38.034874 未中奖
2026/05/28 23:00:38.034874 未中奖
2026/05/28 23:00:38.034874 未中奖
2026/05/28 23:00:38.034874 未中奖
2026/05/28 23:00:38.034874 未中奖
2026/05/28 23:00:38.034874 未中奖
2026/05/28 23:00:38.034874 未中奖
2026/05/28 23:00:38.034874 未中奖
2026/05/28 23:00:38.034874 未中奖
2026/05/28 23:00:38.034874 未中奖
2026/05/28 23:00:38.034874 未中奖
2026/05/28 23:00:38.034874 未中奖
2026/05/28 23:00:38.034874 未中奖
2026/05/28 23:00:38.034874 未中奖
2026/05/28 23:00:38.034874 未中奖
2026/05/28 23:00:38.034874 未中奖
2026/05/28 23:00:38.034874 未中奖
2026/05/28 23:00:38.034874 未中奖
2026/05/28 23:00:38.034874 未中奖
2026/05/28 23:00:38.034874 未中奖
2026/05/28 23:00:38.034874 未中奖
2026/05/28 23:00:38.034874 未中奖
2026/05/28 23:00:38.034874 未中奖
2026/05/28 23:00:38.034874 未中奖
2026/05/28 23:00:38.034874 未中奖
2026/05/28 23:00:38.035422 未中奖
2026/05/28 23:00:38.035422 未中奖
2026/05/28 23:00:38.035422 未中奖
2026/05/28 23:00:38.035422 未中奖
2026/05/28 23:00:38.035422 未中奖
2026/05/28 23:00:38.035422 奖品已发完
2026/05/28 23:00:38.035422 未中奖
2026/05/28 23:00:38.035422 未中奖
2026/05/28 23:00:38.035422 未中奖
2026/05/28 23:00:38.035422 未中奖
2026/05/28 23:00:38.035422 未中奖
2026/05/28 23:00:38.035422 未中奖
2026/05/28 23:00:38.035422 未中奖
2026/05/28 23:00:38.035422 未中奖
2026/05/28 23:00:38.035422 未中奖
2026/05/28 23:00:38.035422 未中奖
2026/05/28 23:00:38.035422 未中奖
2026/05/28 23:00:38.035422 未中奖
2026/05/28 23:00:38.035422 未中奖
2026/05/28 23:00:38.035422 奖品已发完
2026/05/28 23:00:38.035422 未中奖
2026/05/28 23:00:38.035422 未中奖
2026/05/28 23:00:38.035422 奖品已发完
2026/05/28 23:00:38.035422 未中奖
2026/05/28 23:00:38.035422 未中奖
2026/05/28 23:00:38.035422 奖品已发完
2026/05/28 23:00:38.035422 奖品已发完
2026/05/28 23:00:38.035422 未中奖
2026/05/28 23:00:38.035422 未中奖
2026/05/28 23:00:38.035422 未中奖
2026/05/28 23:00:38.035422 未中奖
2026/05/28 23:00:38.035422 奖品已发完
2026/05/28 23:00:38.035422 未中奖
2026/05/28 23:00:38.035422 未中奖
2026/05/28 23:00:38.035422 未中奖
2026/05/28 23:00:38.035422 未中奖
2026/05/28 23:00:38.035422 未中奖
2026/05/28 23:00:38.035422 未中奖
2026/05/28 23:00:38.035422 未中奖
2026/05/28 23:00:38.035422 未中奖
2026/05/28 23:00:38.035422 未中奖
2026/05/28 23:00:38.035422 未中奖
2026/05/28 23:00:38.035422 未中奖
2026/05/28 23:00:38.035422 未中奖
2026/05/28 23:00:38.035422 未中奖
2026/05/28 23:00:38.035422 未中奖
2026/05/28 23:00:38.035422 未中奖
2026/05/28 23:00:38.035422 未中奖
2026/05/28 23:00:38.035422 未中奖
2026/05/28 23:00:38.035422 未中奖
2026/05/28 23:00:38.035422 未中奖
2026/05/28 23:00:38.035941 未中奖
2026/05/28 23:00:38.035941 未中奖
2026/05/28 23:00:38.035941 未中奖
2026/05/28 23:00:38.035941 奖品已发完
2026/05/28 23:00:38.035941 未中奖
2026/05/28 23:00:38.035941 未中奖
2026/05/28 23:00:38.035941 未中奖
2026/05/28 23:00:38.035941 未中奖
2026/05/28 23:00:38.035941 未中奖
2026/05/28 23:00:38.035941 未中奖
2026/05/28 23:00:38.035941 未中奖
2026/05/28 23:00:38.035941 未中奖
2026/05/28 23:00:38.035941 未中奖
2026/05/28 23:00:38.035941 未中奖
2026/05/28 23:00:38.035941 未中奖
2026/05/28 23:00:38.035941 未中奖
2026/05/28 23:00:38.035941 未中奖
2026/05/28 23:00:38.035941 未中奖
2026/05/28 23:00:38.035941 未中奖
2026/05/28 23:00:38.035941 未中奖
2026/05/28 23:00:38.035941 未中奖
2026/05/28 23:00:38.035941 奖品已发完
2026/05/28 23:00:38.035941 未中奖
2026/05/28 23:00:38.035941 未中奖
2026/05/28 23:00:38.035941 奖品已发完
2026/05/28 23:00:38.035941 未中奖
2026/05/28 23:00:38.035941 未中奖
2026/05/28 23:00:38.035941 未中奖
2026/05/28 23:00:38.035941 未中奖
2026/05/28 23:00:38.035941 未中奖
2026/05/28 23:00:38.035941 未中奖
2026/05/28 23:00:38.035941 未中奖
2026/05/28 23:00:38.035941 奖品已发完
2026/05/28 23:00:38.035941 未中奖
2026/05/28 23:00:38.035941 奖品已发完
2026/05/28 23:00:38.035941 未中奖
2026/05/28 23:00:38.035941 未中奖
2026/05/28 23:00:38.035941 未中奖
2026/05/28 23:00:38.035941 未中奖
2026/05/28 23:00:38.035941 未中奖
2026/05/28 23:00:38.035941 未中奖
2026/05/28 23:00:38.035941 未中奖
2026/05/28 23:00:38.035941 未中奖
2026/05/28 23:00:38.035941 未中奖
2026/05/28 23:00:38.035941 未中奖
2026/05/28 23:00:38.035941 未中奖
2026/05/28 23:00:38.035941 未中奖
2026/05/28 23:00:38.035941 未中奖
2026/05/28 23:00:38.035941 未中奖
2026/05/28 23:00:38.035941 未中奖
2026/05/28 23:00:38.035941 未中奖
2026/05/28 23:00:38.035941 未中奖
2026/05/28 23:00:38.036464 奖品已发完
2026/05/28 23:00:38.036464 未中奖
2026/05/28 23:00:38.036464 奖品已发完
2026/05/28 23:00:38.036464 未中奖
2026/05/28 23:00:38.036464 奖品已发完
2026/05/28 23:00:38.036464 未中奖
2026/05/28 23:00:38.036464 未中奖
2026/05/28 23:00:38.036464 未中奖
2026/05/28 23:00:38.036464 未中奖
2026/05/28 23:00:38.036464 未中奖
2026/05/28 23:00:38.036464 未中奖
2026/05/28 23:00:38.036464 未中奖
2026/05/28 23:00:38.036464 未中奖
2026/05/28 23:00:38.036464 未中奖
2026/05/28 23:00:38.036464 未中奖
2026/05/28 23:00:38.036464 奖品已发完
2026/05/28 23:00:38.036464 未中奖
2026/05/28 23:00:38.036464 奖品已发完
2026/05/28 23:00:38.036464 未中奖
2026/05/28 23:00:38.036464 未中奖
2026/05/28 23:00:38.036464 奖品已发完
2026/05/28 23:00:38.036464 未中奖
2026/05/28 23:00:38.036464 奖品已发完
2026/05/28 23:00:38.036464 未中奖
2026/05/28 23:00:38.036464 未中奖
2026/05/28 23:00:38.036464 未中奖
2026/05/28 23:00:38.036464 奖品已发完
2026/05/28 23:00:38.036464 未中奖
2026/05/28 23:00:38.036464 未中奖
2026/05/28 23:00:38.036464 未中奖
2026/05/28 23:00:38.036464 未中奖
2026/05/28 23:00:38.036464 未中奖
2026/05/28 23:00:38.036464 未中奖
2026/05/28 23:00:38.036464 未中奖
2026/05/28 23:00:38.036464 未中奖
2026/05/28 23:00:38.036464 未中奖
2026/05/28 23:00:38.036464 未中奖
2026/05/28 23:00:38.036464 未中奖
2026/05/28 23:00:38.036464 未中奖
2026/05/28 23:00:38.036464 未中奖
2026/05/28 23:00:38.036464 奖品已发完
2026/05/28 23:00:38.036464 未中奖
2026/05/28 23:00:38.036464 奖品已发完
2026/05/28 23:00:38.036464 未中奖
2026/05/28 23:00:38.036464 未中奖
2026/05/28 23:00:38.036464 未中奖
2026/05/28 23:00:38.036464 未中奖
2026/05/28 23:00:38.036464 未中奖
2026/05/28 23:00:38.036464 未中奖
2026/05/28 23:00:38.036464 未中奖
2026/05/28 23:00:38.036464 未中奖
2026/05/28 23:00:38.036464 未中奖
2026/05/28 23:00:38.036464 未中奖
2026/05/28 23:00:38.036464 未中奖
2026/05/28 23:00:38.036464 未中奖
2026/05/28 23:00:38.036464 未中奖
2026/05/28 23:00:38.036464 未中奖
2026/05/28 23:00:38.036988 未中奖
2026/05/28 23:00:38.036988 未中奖
2026/05/28 23:00:38.036988 未中奖
2026/05/28 23:00:38.036988 奖品已发完
2026/05/28 23:00:38.036988 未中奖
2026/05/28 23:00:38.036988 未中奖
2026/05/28 23:00:38.036988 未中奖
2026/05/28 23:00:38.036988 未中奖
2026/05/28 23:00:38.036988 奖品已发完
2026/05/28 23:00:38.036988 未中奖
2026/05/28 23:00:38.036988 未中奖
2026/05/28 23:00:38.036988 未中奖
2026/05/28 23:00:38.036988 未中奖
2026/05/28 23:00:38.036988 未中奖
2026/05/28 23:00:38.036988 未中奖
2026/05/28 23:00:38.036988 未中奖
2026/05/28 23:00:38.036988 未中奖
2026/05/28 23:00:38.036988 未中奖
2026/05/28 23:00:38.036988 未中奖
2026/05/28 23:00:38.036988 未中奖
2026/05/28 23:00:38.036988 未中奖
2026/05/28 23:00:38.036988 未中奖
2026/05/28 23:00:38.036988 未中奖
2026/05/28 23:00:38.036988 奖品已发完
2026/05/28 23:00:38.036988 未中奖
2026/05/28 23:00:38.036988 未中奖
2026/05/28 23:00:38.036988 未中奖
2026/05/28 23:00:38.036988 未中奖
2026/05/28 23:00:38.036988 未中奖
2026/05/28 23:00:38.036988 未中奖
2026/05/28 23:00:38.036988 未中奖
2026/05/28 23:00:38.036988 未中奖
2026/05/28 23:00:38.036988 未中奖
2026/05/28 23:00:38.036988 未中奖
2026/05/28 23:00:38.036988 未中奖
2026/05/28 23:00:38.036988 未中奖
2026/05/28 23:00:38.036988 未中奖
2026/05/28 23:00:38.036988 奖品已发完
2026/05/28 23:00:38.036988 未中奖
2026/05/28 23:00:38.036988 未中奖
2026/05/28 23:00:38.036988 未中奖
2026/05/28 23:00:38.036988 未中奖
2026/05/28 23:00:38.036988 未中奖
2026/05/28 23:00:38.036988 未中奖
2026/05/28 23:00:38.036988 未中奖
2026/05/28 23:00:38.036988 未中奖
2026/05/28 23:00:38.036988 奖品已发完
2026/05/28 23:00:38.036988 未中奖
2026/05/28 23:00:38.036988 未中奖
2026/05/28 23:00:38.036988 未中奖
2026/05/28 23:00:38.036988 未中奖
2026/05/28 23:00:38.036988 未中奖
2026/05/28 23:00:38.036988 未中奖
2026/05/28 23:00:38.036988 未中奖
2026/05/28 23:00:38.037506 未中奖
2026/05/28 23:00:38.037506 未中奖
2026/05/28 23:00:38.037506 未中奖
2026/05/28 23:00:38.037506 未中奖
2026/05/28 23:00:38.037506 未中奖
2026/05/28 23:00:38.037506 未中奖
2026/05/28 23:00:38.037506 奖品已发完
2026/05/28 23:00:38.037506 奖品已发完
2026/05/28 23:00:38.037506 未中奖
2026/05/28 23:00:38.037506 未中奖
2026/05/28 23:00:38.037506 未中奖
2026/05/28 23:00:38.037506 未中奖
2026/05/28 23:00:38.037506 未中奖
2026/05/28 23:00:38.037506 未中奖
2026/05/28 23:00:38.037506 未中奖
2026/05/28 23:00:38.037506 未中奖
2026/05/28 23:00:38.037506 未中奖
2026/05/28 23:00:38.037506 奖品已发完
2026/05/28 23:00:38.037506 未中奖
2026/05/28 23:00:38.037506 未中奖
2026/05/28 23:00:38.037506 未中奖
2026/05/28 23:00:38.037506 未中奖
2026/05/28 23:00:38.037506 奖品已发完
2026/05/28 23:00:38.037506 未中奖
2026/05/28 23:00:38.037506 未中奖
2026/05/28 23:00:38.037506 未中奖
2026/05/28 23:00:38.037506 奖品已发完
2026/05/28 23:00:38.037506 奖品已发完
2026/05/28 23:00:38.037506 未中奖
2026/05/28 23:00:38.037506 未中奖
2026/05/28 23:00:38.037506 未中奖
2026/05/28 23:00:38.037506 奖品已发完
2026/05/28 23:00:38.037506 未中奖
2026/05/28 23:00:38.037506 未中奖
2026/05/28 23:00:38.037506 未中奖
2026/05/28 23:00:38.037506 未中奖
2026/05/28 23:00:38.037506 未中奖
2026/05/28 23:00:38.037506 未中奖
2026/05/28 23:00:38.037506 未中奖
2026/05/28 23:00:38.037506 未中奖
2026/05/28 23:00:38.038127 未中奖
2026/05/28 23:00:38.038127 未中奖
2026/05/28 23:00:38.038127 未中奖
2026/05/28 23:00:38.038127 奖品已发完
2026/05/28 23:00:38.038646 未中奖
2026/05/28 23:00:38.038646 奖品已发完
2026/05/28 23:00:38.038646 未中奖
2026/05/28 23:00:38.038646 奖品已发完
2026/05/28 23:00:38.038646 未中奖
2026/05/28 23:00:38.038646 未中奖
2026/05/28 23:00:38.038646 未中奖
2026/05/28 23:00:38.038646 未中奖
2026/05/28 23:00:38.038646 奖品已发完
2026/05/28 23:00:38.038646 未中奖
2026/05/28 23:00:38.038646 未中奖
2026/05/28 23:00:38.038646 奖品已发完
2026/05/28 23:00:38.038646 未中奖
2026/05/28 23:00:38.038646 未中奖
2026/05/28 23:00:38.038646 未中奖
2026/05/28 23:00:38.038646 奖品已发完
2026/05/28 23:00:38.038646 未中奖
2026/05/28 23:00:38.038646 未中奖
2026/05/28 23:00:38.038646 未中奖
2026/05/28 23:00:38.038646 奖品已发完
2026/05/28 23:00:38.038646 未中奖
2026/05/28 23:00:38.038646 未中奖
2026/05/28 23:00:38.038646 奖品已发完
2026/05/28 23:00:38.038646 未中奖
2026/05/28 23:00:38.038646 未中奖
2026/05/28 23:00:38.038646 未中奖
2026/05/28 23:00:38.038646 未中奖
2026/05/28 23:00:38.038646 未中奖
2026/05/28 23:00:38.038646 未中奖
2026/05/28 23:00:38.038646 未中奖
2026/05/28 23:00:38.038646 未中奖
2026/05/28 23:00:38.038646 未中奖
2026/05/28 23:00:38.038646 未中奖
2026/05/28 23:00:38.038646 未中奖
2026/05/28 23:00:38.038646 未中奖
2026/05/28 23:00:38.038646 未中奖
2026/05/28 23:00:38.038646 未中奖
2026/05/28 23:00:38.038646 未中奖
2026/05/28 23:00:38.038646 未中奖
2026/05/28 23:00:38.038646 未中奖
2026/05/28 23:00:38.038646 未中奖
2026/05/28 23:00:38.038646 奖品已发完
2026/05/28 23:00:38.038646 未中奖
2026/05/28 23:00:38.038646 未中奖
2026/05/28 23:00:38.038646 奖品已发完
2026/05/28 23:00:38.038646 未中奖
2026/05/28 23:00:38.038646 未中奖
2026/05/28 23:00:38.038646 未中奖
2026/05/28 23:00:38.038646 未中奖
2026/05/28 23:00:38.038646 未中奖
2026/05/28 23:00:38.038646 未中奖
2026/05/28 23:00:38.038646 未中奖
2026/05/28 23:00:38.038646 未中奖
2026/05/28 23:00:38.038646 未中奖
2026/05/28 23:00:38.039169 未中奖
2026/05/28 23:00:38.039169 未中奖
2026/05/28 23:00:38.039169 未中奖
2026/05/28 23:00:38.039169 未中奖
2026/05/28 23:00:38.039169 奖品已发完
2026/05/28 23:00:38.039169 未中奖
2026/05/28 23:00:38.039169 未中奖
2026/05/28 23:00:38.039169 未中奖
2026/05/28 23:00:38.039169 未中奖
2026/05/28 23:00:38.039169 未中奖
2026/05/28 23:00:38.039169 未中奖
2026/05/28 23:00:38.039169 未中奖
2026/05/28 23:00:38.039169 未中奖
2026/05/28 23:00:38.039169 未中奖
2026/05/28 23:00:38.039169 未中奖
2026/05/28 23:00:38.039169 奖品已发完
2026/05/28 23:00:38.039169 未中奖
2026/05/28 23:00:38.039169 未中奖
2026/05/28 23:00:38.039169 未中奖
2026/05/28 23:00:38.039169 奖品已发完
2026/05/28 23:00:38.039169 未中奖
2026/05/28 23:00:38.039169 未中奖
2026/05/28 23:00:38.039169 未中奖
2026/05/28 23:00:38.039169 未中奖
2026/05/28 23:00:38.039169 未中奖
2026/05/28 23:00:38.039169 奖品已发完
2026/05/28 23:00:38.039169 未中奖
2026/05/28 23:00:38.039169 未中奖
2026/05/28 23:00:38.039169 未中奖
2026/05/28 23:00:38.039169 未中奖
2026/05/28 23:00:38.039169 未中奖
2026/05/28 23:00:38.039169 未中奖
2026/05/28 23:00:38.039169 未中奖
2026/05/28 23:00:38.039169 未中奖
2026/05/28 23:00:38.039169 未中奖
2026/05/28 23:00:38.039169 未中奖
2026/05/28 23:00:38.039169 未中奖
2026/05/28 23:00:38.039169 未中奖
2026/05/28 23:00:38.039169 未中奖
2026/05/28 23:00:38.039169 未中奖
2026/05/28 23:00:38.039169 未中奖
2026/05/28 23:00:38.039169 未中奖
2026/05/28 23:00:38.039169 未中奖
2026/05/28 23:00:38.039169 未中奖
2026/05/28 23:00:38.039169 未中奖
2026/05/28 23:00:38.039169 未中奖
2026/05/28 23:00:38.039169 奖品已发完
2026/05/28 23:00:38.039703 未中奖
2026/05/28 23:00:38.039703 未中奖
2026/05/28 23:00:38.039703 未中奖
2026/05/28 23:00:38.039703 未中奖
2026/05/28 23:00:38.039703 未中奖
2026/05/28 23:00:38.039703 未中奖
2026/05/28 23:00:38.039703 未中奖
2026/05/28 23:00:38.039703 未中奖
2026/05/28 23:00:38.039703 未中奖
2026/05/28 23:00:38.039703 未中奖
2026/05/28 23:00:38.039703 奖品已发完
2026/05/28 23:00:38.039703 未中奖
2026/05/28 23:00:38.039703 奖品已发完
2026/05/28 23:00:38.039703 未中奖
2026/05/28 23:00:38.039703 未中奖
2026/05/28 23:00:38.039703 奖品已发完
2026/05/28 23:00:38.039703 未中奖
2026/05/28 23:00:38.039703 未中奖
2026/05/28 23:00:38.039703 未中奖
2026/05/28 23:00:38.039703 奖品已发完
2026/05/28 23:00:38.039703 未中奖
2026/05/28 23:00:38.039703 未中奖
2026/05/28 23:00:38.039703 未中奖
2026/05/28 23:00:38.039703 未中奖
2026/05/28 23:00:38.039703 未中奖
2026/05/28 23:00:38.039703 未中奖
2026/05/28 23:00:38.039703 未中奖
2026/05/28 23:00:38.039703 未中奖
2026/05/28 23:00:38.039703 未中奖
2026/05/28 23:00:38.039703 未中奖
2026/05/28 23:00:38.039703 未中奖
2026/05/28 23:00:38.039703 奖品已发完
2026/05/28 23:00:38.039703 未中奖
2026/05/28 23:00:38.039703 未中奖
2026/05/28 23:00:38.039703 未中奖
2026/05/28 23:00:38.039703 未中奖
2026/05/28 23:00:38.039703 未中奖
2026/05/28 23:00:38.039703 未中奖
2026/05/28 23:00:38.039703 未中奖
2026/05/28 23:00:38.039703 未中奖
2026/05/28 23:00:38.039703 未中奖
2026/05/28 23:00:38.039703 未中奖
2026/05/28 23:00:38.039703 未中奖
2026/05/28 23:00:38.039703 未中奖
2026/05/28 23:00:38.039703 未中奖
2026/05/28 23:00:38.039703 未中奖
2026/05/28 23:00:38.039703 未中奖
2026/05/28 23:00:38.039703 未中奖
2026/05/28 23:00:38.039703 奖品已发完
2026/05/28 23:00:38.039703 未中奖
2026/05/28 23:00:38.039703 未中奖
2026/05/28 23:00:38.039703 未中奖
2026/05/28 23:00:38.040230 未中奖
2026/05/28 23:00:38.040230 未中奖
2026/05/28 23:00:38.040230 未中奖
2026/05/28 23:00:38.040230 未中奖
2026/05/28 23:00:38.040230 未中奖
2026/05/28 23:00:38.040230 未中奖
2026/05/28 23:00:38.040230 未中奖
2026/05/28 23:00:38.040230 未中奖
2026/05/28 23:00:38.040230 未中奖
2026/05/28 23:00:38.040230 未中奖
2026/05/28 23:00:38.040230 未中奖
2026/05/28 23:00:38.040230 未中奖
2026/05/28 23:00:38.040230 未中奖
2026/05/28 23:00:38.040230 未中奖
2026/05/28 23:00:38.040230 未中奖
2026/05/28 23:00:38.040230 未中奖
2026/05/28 23:00:38.040230 未中奖
2026/05/28 23:00:38.040230 未中奖
2026/05/28 23:00:38.040230 未中奖
2026/05/28 23:00:38.040230 奖品已发完
2026/05/28 23:00:38.040230 未中奖
2026/05/28 23:00:38.040230 未中奖
2026/05/28 23:00:38.040230 未中奖
2026/05/28 23:00:38.040230 未中奖
2026/05/28 23:00:38.040230 未中奖
2026/05/28 23:00:38.040230 未中奖
2026/05/28 23:00:38.040230 未中奖
2026/05/28 23:00:38.040230 奖品已发完
2026/05/28 23:00:38.040230 未中奖
2026/05/28 23:00:38.040230 未中奖
2026/05/28 23:00:38.040230 奖品已发完
2026/05/28 23:00:38.040230 未中奖
2026/05/28 23:00:38.040230 未中奖
2026/05/28 23:00:38.040230 未中奖
2026/05/28 23:00:38.040230 未中奖
2026/05/28 23:00:38.040230 未中奖
2026/05/28 23:00:38.040230 未中奖
2026/05/28 23:00:38.040230 未中奖
2026/05/28 23:00:38.040230 未中奖
2026/05/28 23:00:38.040230 奖品已发完
2026/05/28 23:00:38.040230 未中奖
2026/05/28 23:00:38.040230 未中奖
2026/05/28 23:00:38.040230 未中奖
2026/05/28 23:00:38.040230 奖品已发完
2026/05/28 23:00:38.040230 未中奖
2026/05/28 23:00:38.040230 未中奖
2026/05/28 23:00:38.040230 未中奖
2026/05/28 23:00:38.040230 未中奖
2026/05/28 23:00:38.040230 未中奖
2026/05/28 23:00:38.040230 未中奖
2026/05/28 23:00:38.040230 奖品已发完
2026/05/28 23:00:38.040230 未中奖
2026/05/28 23:00:38.040230 未中奖
2026/05/28 23:00:38.040230 奖品已发完
2026/05/28 23:00:38.040230 未中奖
2026/05/28 23:00:38.040788 未中奖
2026/05/28 23:00:38.040788 未中奖
2026/05/28 23:00:38.040788 奖品已发完
2026/05/28 23:00:38.040788 未中奖
2026/05/28 23:00:38.040788 奖品已发完
2026/05/28 23:00:38.040788 未中奖
2026/05/28 23:00:38.040788 未中奖
2026/05/28 23:00:38.040788 未中奖
2026/05/28 23:00:38.040788 奖品已发完
2026/05/28 23:00:38.040788 奖品已发完
2026/05/28 23:00:38.040788 未中奖
2026/05/28 23:00:38.040788 奖品已发完
2026/05/28 23:00:38.040788 未中奖
2026/05/28 23:00:38.040788 奖品已发完
2026/05/28 23:00:38.040788 未中奖
2026/05/28 23:00:38.040788 未中奖
2026/05/28 23:00:38.040788 未中奖
2026/05/28 23:00:38.040788 未中奖
2026/05/28 23:00:38.040788 未中奖
2026/05/28 23:00:38.040788 未中奖
2026/05/28 23:00:38.040788 未中奖
2026/05/28 23:00:38.040788 未中奖
2026/05/28 23:00:38.040788 未中奖
2026/05/28 23:00:38.040788 未中奖
2026/05/28 23:00:38.040788 未中奖
2026/05/28 23:00:38.040788 未中奖
2026/05/28 23:00:38.040788 未中奖
2026/05/28 23:00:38.040788 未中奖
2026/05/28 23:00:38.040788 未中奖
2026/05/28 23:00:38.040788 未中奖
2026/05/28 23:00:38.040788 未中奖
2026/05/28 23:00:38.040788 未中奖
2026/05/28 23:00:38.040788 未中奖
2026/05/28 23:00:38.040788 奖品已发完
2026/05/28 23:00:38.040788 未中奖
2026/05/28 23:00:38.040788 未中奖
2026/05/28 23:00:38.040788 未中奖
2026/05/28 23:00:38.040788 未中奖
2026/05/28 23:00:38.040788 未中奖
2026/05/28 23:00:38.040788 奖品已发完
2026/05/28 23:00:38.040788 未中奖
2026/05/28 23:00:38.040788 未中奖
2026/05/28 23:00:38.040788 未中奖
2026/05/28 23:00:38.040788 奖品已发完
2026/05/28 23:00:38.040788 奖品已发完
2026/05/28 23:00:38.040788 未中奖
2026/05/28 23:00:38.040788 未中奖
2026/05/28 23:00:38.040788 未中奖
2026/05/28 23:00:38.040788 未中奖
2026/05/28 23:00:38.040788 未中奖
2026/05/28 23:00:38.040788 未中奖
2026/05/28 23:00:38.040788 未中奖
2026/05/28 23:00:38.040788 未中奖
2026/05/28 23:00:38.040788 未中奖
2026/05/28 23:00:38.041328 未中奖
2026/05/28 23:00:38.041328 未中奖
2026/05/28 23:00:38.041328 未中奖
2026/05/28 23:00:38.041328 未中奖
2026/05/28 23:00:38.041328 未中奖
2026/05/28 23:00:38.041328 奖品已发完
2026/05/28 23:00:38.041328 未中奖
2026/05/28 23:00:38.041328 未中奖
2026/05/28 23:00:38.041328 未中奖
2026/05/28 23:00:38.041328 未中奖
2026/05/28 23:00:38.041328 未中奖
2026/05/28 23:00:38.041328 未中奖
2026/05/28 23:00:38.041328 未中奖
2026/05/28 23:00:38.041328 未中奖
2026/05/28 23:00:38.041328 未中奖
2026/05/28 23:00:38.041328 未中奖
2026/05/28 23:00:38.041328 未中奖
2026/05/28 23:00:38.041328 未中奖
2026/05/28 23:00:38.041328 未中奖
2026/05/28 23:00:38.041328 未中奖
2026/05/28 23:00:38.041328 未中奖
2026/05/28 23:00:38.041328 未中奖
2026/05/28 23:00:38.041328 未中奖
2026/05/28 23:00:38.041328 未中奖
2026/05/28 23:00:38.041328 未中奖
2026/05/28 23:00:38.041328 未中奖
2026/05/28 23:00:38.041328 未中奖
2026/05/28 23:00:38.041328 未中奖
2026/05/28 23:00:38.041328 未中奖
2026/05/28 23:00:38.041328 未中奖
2026/05/28 23:00:38.041328 奖品已发完
2026/05/28 23:00:38.041328 未中奖
2026/05/28 23:00:38.041328 奖品已发完
2026/05/28 23:00:38.041328 未中奖
2026/05/28 23:00:38.041328 未中奖
2026/05/28 23:00:38.041328 未中奖
2026/05/28 23:00:38.041328 未中奖
2026/05/28 23:00:38.041328 未中奖
2026/05/28 23:00:38.041328 未中奖
2026/05/28 23:00:38.041328 奖品已发完
2026/05/28 23:00:38.041328 未中奖
2026/05/28 23:00:38.041328 未中奖
2026/05/28 23:00:38.041328 未中奖
2026/05/28 23:00:38.041328 未中奖
2026/05/28 23:00:38.041328 未中奖
2026/05/28 23:00:38.041328 未中奖
2026/05/28 23:00:38.041328 未中奖
2026/05/28 23:00:38.041328 奖品已发完
2026/05/28 23:00:38.041328 未中奖
2026/05/28 23:00:38.041328 未中奖
2026/05/28 23:00:38.041328 未中奖
2026/05/28 23:00:38.041328 未中奖
2026/05/28 23:00:38.041328 未中奖
2026/05/28 23:00:38.041328 未中奖
2026/05/28 23:00:38.041328 未中奖
2026/05/28 23:00:38.041328 未中奖
2026/05/28 23:00:38.041328 未中奖
2026/05/28 23:00:38.041328 未中奖
2026/05/28 23:00:38.041886 未中奖
2026/05/28 23:00:38.041886 未中奖
2026/05/28 23:00:38.041886 未中奖
2026/05/28 23:00:38.041886 未中奖
2026/05/28 23:00:38.041886 未中奖
2026/05/28 23:00:38.041886 奖品已发完
2026/05/28 23:00:38.041886 未中奖
2026/05/28 23:00:38.041886 未中奖
2026/05/28 23:00:38.041886 未中奖
2026/05/28 23:00:38.041886 未中奖
2026/05/28 23:00:38.041886 未中奖
2026/05/28 23:00:38.041886 未中奖
2026/05/28 23:00:38.041886 未中奖
2026/05/28 23:00:38.041886 未中奖
2026/05/28 23:00:38.041886 未中奖
2026/05/28 23:00:38.041886 未中奖
2026/05/28 23:00:38.041886 未中奖
2026/05/28 23:00:38.041886 未中奖
2026/05/28 23:00:38.041886 未中奖
2026/05/28 23:00:38.041886 未中奖
2026/05/28 23:00:38.041886 未中奖
2026/05/28 23:00:38.041886 未中奖
2026/05/28 23:00:38.041886 未中奖
2026/05/28 23:00:38.041886 未中奖
2026/05/28 23:00:38.041886 未中奖
2026/05/28 23:00:38.041886 未中奖
2026/05/28 23:00:38.041886 未中奖
2026/05/28 23:00:38.041886 未中奖
2026/05/28 23:00:38.041886 未中奖
2026/05/28 23:00:38.041886 未中奖
2026/05/28 23:00:38.041886 未中奖
2026/05/28 23:00:38.041886 奖品已发完
2026/05/28 23:00:38.041886 奖品已发完
2026/05/28 23:00:38.041886 未中奖
2026/05/28 23:00:38.041886 未中奖
2026/05/28 23:00:38.041886 未中奖
2026/05/28 23:00:38.041886 未中奖
2026/05/28 23:00:38.041886 未中奖
2026/05/28 23:00:38.041886 未中奖
2026/05/28 23:00:38.041886 奖品已发完
2026/05/28 23:00:38.041886 奖品已发完
2026/05/28 23:00:38.041886 未中奖
2026/05/28 23:00:38.041886 未中奖
2026/05/28 23:00:38.041886 未中奖
2026/05/28 23:00:38.041886 奖品已发完
2026/05/28 23:00:38.041886 未中奖
2026/05/28 23:00:38.041886 未中奖
2026/05/28 23:00:38.041886 未中奖
2026/05/28 23:00:38.041886 奖品已发完
2026/05/28 23:00:38.041886 未中奖
2026/05/28 23:00:38.041886 未中奖
2026/05/28 23:00:38.041886 未中奖
2026/05/28 23:00:38.041886 未中奖
2026/05/28 23:00:38.041886 未中奖
2026/05/28 23:00:38.041886 未中奖
2026/05/28 23:00:38.041886 未中奖
2026/05/28 23:00:38.042430 未中奖
2026/05/28 23:00:38.042430 未中奖
2026/05/28 23:00:38.042430 未中奖
2026/05/28 23:00:38.042430 未中奖
2026/05/28 23:00:38.042430 未中奖
2026/05/28 23:00:38.042430 未中奖
2026/05/28 23:00:38.042430 未中奖
2026/05/28 23:00:38.042430 未中奖
2026/05/28 23:00:38.042430 未中奖
2026/05/28 23:00:38.042430 未中奖
2026/05/28 23:00:38.042430 未中奖
2026/05/28 23:00:38.042430 未中奖
2026/05/28 23:00:38.042430 未中奖
2026/05/28 23:00:38.042430 未中奖
2026/05/28 23:00:38.042430 未中奖
2026/05/28 23:00:38.042430 奖品已发完
2026/05/28 23:00:38.042430 未中奖
2026/05/28 23:00:38.042430 未中奖
2026/05/28 23:00:38.042430 未中奖
2026/05/28 23:00:38.042430 未中奖
2026/05/28 23:00:38.042430 未中奖
2026/05/28 23:00:38.042430 未中奖
2026/05/28 23:00:38.042430 未中奖
2026/05/28 23:00:38.042430 未中奖
2026/05/28 23:00:38.042430 未中奖
2026/05/28 23:00:38.042430 未中奖
2026/05/28 23:00:38.042430 未中奖
2026/05/28 23:00:38.042430 未中奖
2026/05/28 23:00:38.042430 未中奖
2026/05/28 23:00:38.042430 未中奖
2026/05/28 23:00:38.042430 未中奖
2026/05/28 23:00:38.042430 未中奖
2026/05/28 23:00:38.042430 未中奖
2026/05/28 23:00:38.042430 奖品已发完
2026/05/28 23:00:38.042430 未中奖
2026/05/28 23:00:38.042430 奖品已发完
2026/05/28 23:00:38.042430 未中奖
2026/05/28 23:00:38.042430 未中奖
2026/05/28 23:00:38.042430 未中奖
2026/05/28 23:00:38.042430 未中奖
2026/05/28 23:00:38.042430 未中奖
2026/05/28 23:00:38.042430 未中奖
2026/05/28 23:00:38.042430 未中奖
2026/05/28 23:00:38.042430 未中奖
2026/05/28 23:00:38.042430 未中奖
2026/05/28 23:00:38.042430 未中奖
2026/05/28 23:00:38.042430 奖品已发完
2026/05/28 23:00:38.042430 未中奖
2026/05/28 23:00:38.042430 未中奖
2026/05/28 23:00:38.042430 奖品已发完
2026/05/28 23:00:38.042430 奖品已发完
2026/05/28 23:00:38.042430 未中奖
2026/05/28 23:00:38.042430 未中奖
2026/05/28 23:00:38.042430 未中奖
2026/05/28 23:00:38.043027 未中奖
2026/05/28 23:00:38.043027 未中奖
2026/05/28 23:00:38.043027 未中奖
2026/05/28 23:00:38.043027 未中奖
2026/05/28 23:00:38.043027 未中奖
2026/05/28 23:00:38.043027 未中奖
2026/05/28 23:00:38.043027 未中奖
2026/05/28 23:00:38.043027 未中奖
2026/05/28 23:00:38.043027 未中奖
2026/05/28 23:00:38.043027 未中奖
2026/05/28 23:00:38.043027 未中奖
2026/05/28 23:00:38.043027 未中奖
2026/05/28 23:00:38.043027 未中奖
2026/05/28 23:00:38.043027 未中奖
2026/05/28 23:00:38.043027 未中奖
2026/05/28 23:00:38.043027 未中奖
2026/05/28 23:00:38.043027 未中奖
2026/05/28 23:00:38.043027 未中奖
2026/05/28 23:00:38.043027 未中奖
2026/05/28 23:00:38.043027 未中奖
2026/05/28 23:00:38.043027 未中奖
2026/05/28 23:00:38.043027 未中奖
2026/05/28 23:00:38.043027 未中奖
2026/05/28 23:00:38.043027 未中奖
2026/05/28 23:00:38.043027 奖品已发完
2026/05/28 23:00:38.043027 未中奖
2026/05/28 23:00:38.043027 未中奖
2026/05/28 23:00:38.043027 未中奖
2026/05/28 23:00:38.043027 未中奖
2026/05/28 23:00:38.043027 未中奖
2026/05/28 23:00:38.043027 奖品已发完
2026/05/28 23:00:38.043027 未中奖
2026/05/28 23:00:38.043027 未中奖
2026/05/28 23:00:38.043027 未中奖
2026/05/28 23:00:38.043027 未中奖
2026/05/28 23:00:38.043027 未中奖
2026/05/28 23:00:38.043027 奖品已发完
2026/05/28 23:00:38.043027 未中奖
2026/05/28 23:00:38.043027 奖品已发完
2026/05/28 23:00:38.043027 未中奖
2026/05/28 23:00:38.043027 未中奖
2026/05/28 23:00:38.043027 未中奖
2026/05/28 23:00:38.043027 未中奖
2026/05/28 23:00:38.043027 未中奖
2026/05/28 23:00:38.043027 未中奖
2026/05/28 23:00:38.043027 奖品已发完
2026/05/28 23:00:38.043027 未中奖
2026/05/28 23:00:38.043027 未中奖
2026/05/28 23:00:38.043027 奖品已发完
2026/05/28 23:00:38.043027 未中奖
2026/05/28 23:00:38.043567 未中奖
2026/05/28 23:00:38.043567 未中奖
2026/05/28 23:00:38.043567 未中奖
2026/05/28 23:00:38.043567 未中奖
2026/05/28 23:00:38.043567 未中奖
2026/05/28 23:00:38.043567 未中奖
2026/05/28 23:00:38.043567 未中奖
2026/05/28 23:00:38.043567 未中奖
2026/05/28 23:00:38.043567 未中奖
2026/05/28 23:00:38.043567 未中奖
2026/05/28 23:00:38.043567 未中奖
2026/05/28 23:00:38.043567 未中奖
2026/05/28 23:00:38.043567 未中奖
2026/05/28 23:00:38.043567 未中奖
2026/05/28 23:00:38.043567 未中奖
2026/05/28 23:00:38.043567 未中奖
2026/05/28 23:00:38.043567 未中奖
2026/05/28 23:00:38.043567 未中奖
2026/05/28 23:00:38.043567 未中奖
2026/05/28 23:00:38.043567 未中奖
2026/05/28 23:00:38.043567 未中奖
2026/05/28 23:00:38.043567 未中奖
2026/05/28 23:00:38.043567 未中奖
2026/05/28 23:00:38.043567 未中奖
2026/05/28 23:00:38.043567 未中奖
2026/05/28 23:00:38.043567 未中奖
2026/05/28 23:00:38.043567 未中奖
2026/05/28 23:00:38.043567 未中奖
2026/05/28 23:00:38.043567 奖品已发完
2026/05/28 23:00:38.043567 未中奖
2026/05/28 23:00:38.043567 未中奖
2026/05/28 23:00:38.043567 未中奖
2026/05/28 23:00:38.043567 奖品已发完
2026/05/28 23:00:38.043567 未中奖
2026/05/28 23:00:38.043567 未中奖
2026/05/28 23:00:38.043567 未中奖
2026/05/28 23:00:38.043567 未中奖
2026/05/28 23:00:38.043567 未中奖
2026/05/28 23:00:38.043567 未中奖
2026/05/28 23:00:38.043567 未中奖
2026/05/28 23:00:38.043567 未中奖
2026/05/28 23:00:38.043567 未中奖
2026/05/28 23:00:38.043567 未中奖
2026/05/28 23:00:38.043567 未中奖
2026/05/28 23:00:38.043567 未中奖
2026/05/28 23:00:38.043567 未中奖
2026/05/28 23:00:38.043567 未中奖
2026/05/28 23:00:38.043567 未中奖
2026/05/28 23:00:38.043567 未中奖
2026/05/28 23:00:38.044108 未中奖
2026/05/28 23:00:38.044108 未中奖
2026/05/28 23:00:38.044108 未中奖
2026/05/28 23:00:38.044108 未中奖
2026/05/28 23:00:38.044108 未中奖
2026/05/28 23:00:38.044108 奖品已发完
2026/05/28 23:00:38.044108 未中奖
2026/05/28 23:00:38.044108 未中奖
2026/05/28 23:00:38.044108 未中奖
2026/05/28 23:00:38.044108 未中奖
2026/05/28 23:00:38.044108 未中奖
2026/05/28 23:00:38.044108 未中奖
2026/05/28 23:00:38.044108 未中奖
2026/05/28 23:00:38.044108 奖品已发完
2026/05/28 23:00:38.044108 未中奖
2026/05/28 23:00:38.044108 未中奖
2026/05/28 23:00:38.044108 未中奖
2026/05/28 23:00:38.044108 未中奖
2026/05/28 23:00:38.044108 未中奖
2026/05/28 23:00:38.044108 未中奖
2026/05/28 23:00:38.044108 未中奖
2026/05/28 23:00:38.044108 奖品已发完
2026/05/28 23:00:38.044108 未中奖
2026/05/28 23:00:38.044108 未中奖
2026/05/28 23:00:38.044108 未中奖
2026/05/28 23:00:38.044108 未中奖
2026/05/28 23:00:38.044108 奖品已发完
2026/05/28 23:00:38.044108 未中奖
2026/05/28 23:00:38.044108 奖品已发完
2026/05/28 23:00:38.044622 未中奖
2026/05/28 23:00:38.044622 未中奖
2026/05/28 23:00:38.044622 未中奖
2026/05/28 23:00:38.044622 未中奖
2026/05/28 23:00:38.044622 未中奖
2026/05/28 23:00:38.044622 未中奖
2026/05/28 23:00:38.044622 未中奖
2026/05/28 23:00:38.044622 未中奖
2026/05/28 23:00:38.044622 未中奖
2026/05/28 23:00:38.045146 未中奖
2026/05/28 23:00:38.045146 未中奖
2026/05/28 23:00:38.045146 未中奖
2026/05/28 23:00:38.045146 未中奖
2026/05/28 23:00:38.045146 未中奖
2026/05/28 23:00:38.045146 未中奖
2026/05/28 23:00:38.045146 未中奖
2026/05/28 23:00:38.045146 未中奖
2026/05/28 23:00:38.045146 未中奖
2026/05/28 23:00:38.045146 未中奖
2026/05/28 23:00:38.045146 未中奖
2026/05/28 23:00:38.045146 未中奖
2026/05/28 23:00:38.045146 未中奖
2026/05/28 23:00:38.045146 未中奖
2026/05/28 23:00:38.045146 未中奖
2026/05/28 23:00:38.045146 未中奖
2026/05/28 23:00:38.045146 未中奖
2026/05/28 23:00:38.045146 未中奖
2026/05/28 23:00:38.045146 未中奖
2026/05/28 23:00:38.045146 未中奖
2026/05/28 23:00:38.045146 未中奖
2026/05/28 23:00:38.045146 未中奖
2026/05/28 23:00:38.045146 未中奖
2026/05/28 23:00:38.045146 未中奖
2026/05/28 23:00:38.045146 未中奖
2026/05/28 23:00:38.045146 未中奖
2026/05/28 23:00:38.045146 未中奖
2026/05/28 23:00:38.045146 未中奖
2026/05/28 23:00:38.045146 未中奖
2026/05/28 23:00:38.045146 未中奖
2026/05/28 23:00:38.045146 未中奖
2026/05/28 23:00:38.045146 未中奖
2026/05/28 23:00:38.045146 未中奖
2026/05/28 23:00:38.045146 未中奖
2026/05/28 23:00:38.045146 未中奖
2026/05/28 23:00:38.045146 奖品已发完
2026/05/28 23:00:38.045146 未中奖
2026/05/28 23:00:38.045146 未中奖
2026/05/28 23:00:38.045146 奖品已发完
2026/05/28 23:00:38.045146 未中奖
2026/05/28 23:00:38.045146 未中奖
2026/05/28 23:00:38.045146 奖品已发完
2026/05/28 23:00:38.045146 未中奖
2026/05/28 23:00:38.045146 未中奖
2026/05/28 23:00:38.045146 未中奖
2026/05/28 23:00:38.045146 未中奖
2026/05/28 23:00:38.045146 未中奖
2026/05/28 23:00:38.045146 未中奖
2026/05/28 23:00:38.045146 未中奖
2026/05/28 23:00:38.045146 奖品已发完
2026/05/28 23:00:38.045146 未中奖
2026/05/28 23:00:38.045146 未中奖
2026/05/28 23:00:38.045146 未中奖
2026/05/28 23:00:38.045146 未中奖
2026/05/28 23:00:38.045146 未中奖
2026/05/28 23:00:38.045146 未中奖
2026/05/28 23:00:38.045146 未中奖
2026/05/28 23:00:38.045146 未中奖
2026/05/28 23:00:38.045146 未中奖
2026/05/28 23:00:38.045146 未中奖
2026/05/28 23:00:38.045146 未中奖
2026/05/28 23:00:38.045146 奖品已发完
2026/05/28 23:00:38.045146 未中奖
2026/05/28 23:00:38.045146 奖品已发完
2026/05/28 23:00:38.045146 未中奖
2026/05/28 23:00:38.045146 未中奖
2026/05/28 23:00:38.045146 未中奖
2026/05/28 23:00:38.045146 未中奖
2026/05/28 23:00:38.045146 未中奖
2026/05/28 23:00:38.045146 未中奖
2026/05/28 23:00:38.045146 未中奖
2026/05/28 23:00:38.045146 奖品已发完
2026/05/28 23:00:38.045146 未中奖
2026/05/28 23:00:38.045146 未中奖
2026/05/28 23:00:38.045146 奖品已发完
2026/05/28 23:00:38.045665 未中奖
2026/05/28 23:00:38.045665 未中奖
2026/05/28 23:00:38.045665 未中奖
2026/05/28 23:00:38.045665 未中奖
2026/05/28 23:00:38.045665 未中奖
2026/05/28 23:00:38.045665 未中奖
2026/05/28 23:00:38.045665 未中奖
2026/05/28 23:00:38.045665 未中奖
2026/05/28 23:00:38.045665 未中奖
2026/05/28 23:00:38.045665 未中奖
2026/05/28 23:00:38.045665 未中奖
2026/05/28 23:00:38.045665 未中奖
2026/05/28 23:00:38.045665 未中奖
2026/05/28 23:00:38.045665 未中奖
2026/05/28 23:00:38.045665 奖品已发完
2026/05/28 23:00:38.045665 未中奖
2026/05/28 23:00:38.045665 未中奖
2026/05/28 23:00:38.045665 未中奖
2026/05/28 23:00:38.045665 未中奖
2026/05/28 23:00:38.045665 未中奖
2026/05/28 23:00:38.045665 未中奖
2026/05/28 23:00:38.045665 未中奖
2026/05/28 23:00:38.045665 未中奖
2026/05/28 23:00:38.045665 未中奖
2026/05/28 23:00:38.045665 未中奖
2026/05/28 23:00:38.045665 未中奖
2026/05/28 23:00:38.045665 奖品已发完
2026/05/28 23:00:38.045665 未中奖
2026/05/28 23:00:38.045665 未中奖
2026/05/28 23:00:38.045665 未中奖
2026/05/28 23:00:38.045665 未中奖
2026/05/28 23:00:38.045665 未中奖
2026/05/28 23:00:38.045665 未中奖
2026/05/28 23:00:38.045665 未中奖
2026/05/28 23:00:38.045665 未中奖
2026/05/28 23:00:38.045665 未中奖
2026/05/28 23:00:38.045665 未中奖
2026/05/28 23:00:38.045665 未中奖
2026/05/28 23:00:38.045665 未中奖
2026/05/28 23:00:38.045665 未中奖
2026/05/28 23:00:38.045665 未中奖
2026/05/28 23:00:38.045665 未中奖
2026/05/28 23:00:38.045665 未中奖
2026/05/28 23:00:38.045665 未中奖
2026/05/28 23:00:38.045665 奖品已发完
2026/05/28 23:00:38.045665 未中奖
2026/05/28 23:00:38.045665 未中奖
2026/05/28 23:00:38.045665 奖品已发完
2026/05/28 23:00:38.045665 奖品已发完
2026/05/28 23:00:38.045665 未中奖
2026/05/28 23:00:38.045665 未中奖
2026/05/28 23:00:38.045665 未中奖
2026/05/28 23:00:38.045665 未中奖
2026/05/28 23:00:38.045665 未中奖
2026/05/28 23:00:38.045665 未中奖
2026/05/28 23:00:38.045665 未中奖
2026/05/28 23:00:38.045665 未中奖
2026/05/28 23:00:38.045665 未中奖
2026/05/28 23:00:38.045665 未中奖
2026/05/28 23:00:38.045665 未中奖
2026/05/28 23:00:38.045665 未中奖
2026/05/28 23:00:38.045665 未中奖
2026/05/28 23:00:38.045665 未中奖
2026/05/28 23:00:38.045665 未中奖
2026/05/28 23:00:38.045665 未中奖
2026/05/28 23:00:38.045665 未中奖
2026/05/28 23:00:38.045665 奖品已发完
2026/05/28 23:00:38.045665 未中奖
2026/05/28 23:00:38.045665 未中奖
2026/05/28 23:00:38.045665 未中奖
2026/05/28 23:00:38.045665 奖品已发完
2026/05/28 23:00:38.045665 未中奖
2026/05/28 23:00:38.045665 未中奖
2026/05/28 23:00:38.045665 未中奖
2026/05/28 23:00:38.045665 未中奖
2026/05/28 23:00:38.045665 未中奖
2026/05/28 23:00:38.045665 未中奖
2026/05/28 23:00:38.046237 奖品已发完
2026/05/28 23:00:38.046237 未中奖
2026/05/28 23:00:38.046237 未中奖
2026/05/28 23:00:38.046237 未中奖
2026/05/28 23:00:38.046237 未中奖
2026/05/28 23:00:38.046237 未中奖
2026/05/28 23:00:38.046237 未中奖
2026/05/28 23:00:38.046237 未中奖
2026/05/28 23:00:38.046237 未中奖
2026/05/28 23:00:38.046237 未中奖
2026/05/28 23:00:38.046237 未中奖
2026/05/28 23:00:38.046237 奖品已发完
2026/05/28 23:00:38.046237 未中奖
2026/05/28 23:00:38.046237 未中奖
2026/05/28 23:00:38.046237 未中奖
2026/05/28 23:00:38.046237 未中奖
2026/05/28 23:00:38.046237 未中奖
2026/05/28 23:00:38.046237 未中奖
2026/05/28 23:00:38.046237 奖品已发完
2026/05/28 23:00:38.046237 奖品已发完
2026/05/28 23:00:38.046237 未中奖
2026/05/28 23:00:38.046237 未中奖
2026/05/28 23:00:38.046237 未中奖
2026/05/28 23:00:38.046237 未中奖
2026/05/28 23:00:38.046237 未中奖
2026/05/28 23:00:38.046237 未中奖
2026/05/28 23:00:38.046237 未中奖
2026/05/28 23:00:38.046237 未中奖
2026/05/28 23:00:38.046237 未中奖
2026/05/28 23:00:38.046237 未中奖
2026/05/28 23:00:38.046237 未中奖
2026/05/28 23:00:38.046237 奖品已发完
2026/05/28 23:00:38.046237 未中奖
2026/05/28 23:00:38.046237 未中奖
2026/05/28 23:00:38.046237 未中奖
2026/05/28 23:00:38.046237 未中奖
2026/05/28 23:00:38.046237 奖品已发完
2026/05/28 23:00:38.046237 未中奖
2026/05/28 23:00:38.046237 未中奖
2026/05/28 23:00:38.046237 未中奖
2026/05/28 23:00:38.046237 未中奖
2026/05/28 23:00:38.046237 未中奖
2026/05/28 23:00:38.046237 奖品已发完
2026/05/28 23:00:38.046237 未中奖
2026/05/28 23:00:38.046237 未中奖
2026/05/28 23:00:38.046237 未中奖
2026/05/28 23:00:38.046237 未中奖
2026/05/28 23:00:38.046237 未中奖
2026/05/28 23:00:38.046237 未中奖
2026/05/28 23:00:38.046237 未中奖
2026/05/28 23:00:38.046237 未中奖
2026/05/28 23:00:38.046237 未中奖
2026/05/28 23:00:38.046237 未中奖
2026/05/28 23:00:38.046237 奖品已发完
2026/05/28 23:00:38.046237 未中奖
2026/05/28 23:00:38.046237 未中奖
2026/05/28 23:00:38.046237 奖品已发完
2026/05/28 23:00:38.046237 未中奖
2026/05/28 23:00:38.046237 未中奖
2026/05/28 23:00:38.046237 未中奖
2026/05/28 23:00:38.046237 奖品已发完
2026/05/28 23:00:38.046237 未中奖
2026/05/28 23:00:38.046237 奖品已发完
2026/05/28 23:00:38.046237 未中奖
2026/05/28 23:00:38.046237 未中奖
2026/05/28 23:00:38.046237 未中奖
2026/05/28 23:00:38.046237 奖品已发完
2026/05/28 23:00:38.046237 未中奖
2026/05/28 23:00:38.046237 未中奖
2026/05/28 23:00:38.046237 未中奖
2026/05/28 23:00:38.046237 未中奖
2026/05/28 23:00:38.046757 未中奖
2026/05/28 23:00:38.046757 未中奖
2026/05/28 23:00:38.046757 未中奖
2026/05/28 23:00:38.046757 未中奖
2026/05/28 23:00:38.046757 未中奖
2026/05/28 23:00:38.046757 未中奖
2026/05/28 23:00:38.046757 未中奖
2026/05/28 23:00:38.046757 未中奖
2026/05/28 23:00:38.046757 奖品已发完
2026/05/28 23:00:38.046757 未中奖
2026/05/28 23:00:38.046757 未中奖
2026/05/28 23:00:38.046757 未中奖
2026/05/28 23:00:38.046757 未中奖
2026/05/28 23:00:38.046757 未中奖
2026/05/28 23:00:38.046757 未中奖
2026/05/28 23:00:38.046757 未中奖
2026/05/28 23:00:38.046757 未中奖
2026/05/28 23:00:38.046757 未中奖
2026/05/28 23:00:38.046757 奖品已发完
2026/05/28 23:00:38.046757 未中奖
2026/05/28 23:00:38.046757 未中奖
2026/05/28 23:00:38.046757 未中奖
2026/05/28 23:00:38.046757 未中奖
2026/05/28 23:00:38.046757 未中奖
2026/05/28 23:00:38.046757 未中奖
2026/05/28 23:00:38.046757 未中奖
2026/05/28 23:00:38.046757 未中奖
2026/05/28 23:00:38.046757 未中奖
2026/05/28 23:00:38.046757 未中奖
2026/05/28 23:00:38.046757 未中奖
2026/05/28 23:00:38.046757 未中奖
2026/05/28 23:00:38.046757 未中奖
2026/05/28 23:00:38.046757 奖品已发完
2026/05/28 23:00:38.046757 奖品已发完
2026/05/28 23:00:38.046757 未中奖
2026/05/28 23:00:38.046757 奖品已发完
2026/05/28 23:00:38.046757 未中奖
2026/05/28 23:00:38.046757 奖品已发完
2026/05/28 23:00:38.046757 未中奖
2026/05/28 23:00:38.046757 未中奖
2026/05/28 23:00:38.046757 奖品已发完
2026/05/28 23:00:38.046757 未中奖
2026/05/28 23:00:38.046757 未中奖
2026/05/28 23:00:38.046757 未中奖
2026/05/28 23:00:38.046757 未中奖
2026/05/28 23:00:38.046757 未中奖
2026/05/28 23:00:38.046757 未中奖
2026/05/28 23:00:38.046757 未中奖
2026/05/28 23:00:38.046757 未中奖
2026/05/28 23:00:38.046757 未中奖
2026/05/28 23:00:38.046757 未中奖
2026/05/28 23:00:38.046757 未中奖
2026/05/28 23:00:38.046757 奖品已发完
2026/05/28 23:00:38.046757 未中奖
2026/05/28 23:00:38.046757 未中奖
2026/05/28 23:00:38.046757 未中奖
2026/05/28 23:00:38.046757 未中奖
2026/05/28 23:00:38.046757 未中奖
2026/05/28 23:00:38.046757 未中奖
2026/05/28 23:00:38.046757 未中奖
2026/05/28 23:00:38.046757 未中奖
2026/05/28 23:00:38.046757 未中奖
2026/05/28 23:00:38.046757 未中奖
2026/05/28 23:00:38.046757 未中奖
2026/05/28 23:00:38.047318 未中奖
2026/05/28 23:00:38.047318 未中奖
2026/05/28 23:00:38.047318 未中奖
2026/05/28 23:00:38.047318 未中奖
2026/05/28 23:00:38.047318 未中奖
2026/05/28 23:00:38.047318 未中奖
2026/05/28 23:00:38.047318 未中奖
2026/05/28 23:00:38.047318 未中奖
2026/05/28 23:00:38.047318 奖品已发完
2026/05/28 23:00:38.047318 未中奖
2026/05/28 23:00:38.047318 未中奖
2026/05/28 23:00:38.047318 未中奖
2026/05/28 23:00:38.047318 未中奖
2026/05/28 23:00:38.047318 未中奖
2026/05/28 23:00:38.047318 未中奖
2026/05/28 23:00:38.047318 未中奖
2026/05/28 23:00:38.047318 未中奖
2026/05/28 23:00:38.047318 未中奖
2026/05/28 23:00:38.047318 未中奖
2026/05/28 23:00:38.047318 未中奖
2026/05/28 23:00:38.047318 未中奖
2026/05/28 23:00:38.047318 未中奖
2026/05/28 23:00:38.047318 未中奖
2026/05/28 23:00:38.047318 未中奖
2026/05/28 23:00:38.047318 未中奖
2026/05/28 23:00:38.047318 奖品已发完
2026/05/28 23:00:38.047318 未中奖
2026/05/28 23:00:38.047318 未中奖
2026/05/28 23:00:38.047318 未中奖
2026/05/28 23:00:38.047318 未中奖
2026/05/28 23:00:38.047318 未中奖
2026/05/28 23:00:38.047318 未中奖
2026/05/28 23:00:38.047318 未中奖
2026/05/28 23:00:38.047318 奖品已发完
2026/05/28 23:00:38.047318 未中奖
2026/05/28 23:00:38.047318 奖品已发完
2026/05/28 23:00:38.047318 未中奖
2026/05/28 23:00:38.047842 未中奖
2026/05/28 23:00:38.047842 奖品已发完
2026/05/28 23:00:38.047842 未中奖
2026/05/28 23:00:38.047842 未中奖
2026/05/28 23:00:38.047842 未中奖
2026/05/28 23:00:38.047842 未中奖
2026/05/28 23:00:38.047842 未中奖
2026/05/28 23:00:38.047842 未中奖
2026/05/28 23:00:38.047842 未中奖
2026/05/28 23:00:38.047842 未中奖
2026/05/28 23:00:38.047842 未中奖
2026/05/28 23:00:38.047842 未中奖
2026/05/28 23:00:38.047842 未中奖
2026/05/28 23:00:38.047842 未中奖
2026/05/28 23:00:38.047842 未中奖
2026/05/28 23:00:38.047842 奖品已发完
2026/05/28 23:00:38.047842 未中奖
2026/05/28 23:00:38.047842 未中奖
2026/05/28 23:00:38.047842 未中奖
2026/05/28 23:00:38.047842 未中奖
2026/05/28 23:00:38.047842 奖品已发完
2026/05/28 23:00:38.047842 未中奖
2026/05/28 23:00:38.047842 未中奖
2026/05/28 23:00:38.047842 未中奖
2026/05/28 23:00:38.047842 未中奖
2026/05/28 23:00:38.047842 未中奖
2026/05/28 23:00:38.047842 未中奖
2026/05/28 23:00:38.047842 未中奖
2026/05/28 23:00:38.047842 奖品已发完
2026/05/28 23:00:38.047842 奖品已发完
2026/05/28 23:00:38.047842 未中奖
2026/05/28 23:00:38.047842 未中奖
2026/05/28 23:00:38.047842 未中奖
2026/05/28 23:00:38.047842 未中奖
2026/05/28 23:00:38.047842 未中奖
2026/05/28 23:00:38.047842 奖品已发完
2026/05/28 23:00:38.047842 未中奖
2026/05/28 23:00:38.048366 未中奖
2026/05/28 23:00:38.048366 奖品已发完
2026/05/28 23:00:38.048366 奖品已发完
2026/05/28 23:00:38.048366 未中奖
2026/05/28 23:00:38.048366 未中奖
2026/05/28 23:00:38.048366 奖品已发完
2026/05/28 23:00:38.048366 未中奖
2026/05/28 23:00:38.048366 未中奖
2026/05/28 23:00:38.048366 未中奖
2026/05/28 23:00:38.048366 未中奖
2026/05/28 23:00:38.048366 未中奖
2026/05/28 23:00:38.048366 未中奖
2026/05/28 23:00:38.048366 未中奖
2026/05/28 23:00:38.048366 未中奖
2026/05/28 23:00:38.048366 未中奖
2026/05/28 23:00:38.048366 未中奖
2026/05/28 23:00:38.048366 未中奖
2026/05/28 23:00:38.048366 未中奖
2026/05/28 23:00:38.048366 未中奖
2026/05/28 23:00:38.048366 未中奖
2026/05/28 23:00:38.048366 未中奖
2026/05/28 23:00:38.048366 未中奖
2026/05/28 23:00:38.048366 奖品已发完
2026/05/28 23:00:38.048366 未中奖
2026/05/28 23:00:38.048366 未中奖
2026/05/28 23:00:38.048366 未中奖
2026/05/28 23:00:38.048366 未中奖
2026/05/28 23:00:38.048366 未中奖
2026/05/28 23:00:38.048366 未中奖
2026/05/28 23:00:38.048366 未中奖
2026/05/28 23:00:38.048366 未中奖
2026/05/28 23:00:38.048366 奖品已发完
2026/05/28 23:00:38.048366 奖品已发完
2026/05/28 23:00:38.048366 未中奖
2026/05/28 23:00:38.048366 未中奖
2026/05/28 23:00:38.048366 未中奖
2026/05/28 23:00:38.048366 未中奖
2026/05/28 23:00:38.048899 未中奖
2026/05/28 23:00:38.048899 未中奖
2026/05/28 23:00:38.048899 未中奖
2026/05/28 23:00:38.048899 未中奖
2026/05/28 23:00:38.048899 未中奖
2026/05/28 23:00:38.048899 未中奖
2026/05/28 23:00:38.048899 未中奖
2026/05/28 23:00:38.048899 未中奖
2026/05/28 23:00:38.048899 未中奖
2026/05/28 23:00:38.048899 未中奖
2026/05/28 23:00:38.048899 未中奖
2026/05/28 23:00:38.048899 未中奖
2026/05/28 23:00:38.048899 未中奖
2026/05/28 23:00:38.048899 未中奖
2026/05/28 23:00:38.048899 未中奖
2026/05/28 23:00:38.048899 未中奖
2026/05/28 23:00:38.048899 未中奖
2026/05/28 23:00:38.048899 未中奖
2026/05/28 23:00:38.048899 奖品已发完
2026/05/28 23:00:38.048899 未中奖
2026/05/28 23:00:38.048899 未中奖
2026/05/28 23:00:38.048899 未中奖
2026/05/28 23:00:38.048899 未中奖
2026/05/28 23:00:38.048899 未中奖
2026/05/28 23:00:38.048899 未中奖
2026/05/28 23:00:38.048899 未中奖
2026/05/28 23:00:38.048899 未中奖
2026/05/28 23:00:38.048899 奖品已发完
2026/05/28 23:00:38.048899 未中奖
2026/05/28 23:00:38.048899 未中奖
2026/05/28 23:00:38.048899 未中奖
2026/05/28 23:00:38.048899 未中奖
2026/05/28 23:00:38.048899 未中奖
2026/05/28 23:00:38.048899 未中奖
2026/05/28 23:00:38.048899 奖品已发完
2026/05/28 23:00:38.048899 未中奖
2026/05/28 23:00:38.048899 未中奖
2026/05/28 23:00:38.049419 未中奖
2026/05/28 23:00:38.049419 未中奖
2026/05/28 23:00:38.049419 未中奖
2026/05/28 23:00:38.049419 未中奖
2026/05/28 23:00:38.049419 未中奖
2026/05/28 23:00:38.049419 未中奖
2026/05/28 23:00:38.049419 未中奖
2026/05/28 23:00:38.049419 未中奖
2026/05/28 23:00:38.049419 未中奖
2026/05/28 23:00:38.049419 未中奖
2026/05/28 23:00:38.049419 未中奖
2026/05/28 23:00:38.049419 未中奖
2026/05/28 23:00:38.049419 未中奖
2026/05/28 23:00:38.049419 未中奖
2026/05/28 23:00:38.049419 未中奖
2026/05/28 23:00:38.049419 未中奖
2026/05/28 23:00:38.049419 未中奖
2026/05/28 23:00:38.049419 奖品已发完
2026/05/28 23:00:38.049419 未中奖
2026/05/28 23:00:38.049419 未中奖
2026/05/28 23:00:38.049419 未中奖
2026/05/28 23:00:38.049419 未中奖
2026/05/28 23:00:38.049419 未中奖
2026/05/28 23:00:38.049419 未中奖
2026/05/28 23:00:38.049419 未中奖
2026/05/28 23:00:38.049419 未中奖
2026/05/28 23:00:38.049419 奖品已发完
2026/05/28 23:00:38.049419 未中奖
2026/05/28 23:00:38.049419 未中奖
2026/05/28 23:00:38.049419 未中奖
2026/05/28 23:00:38.049419 未中奖
2026/05/28 23:00:38.049419 未中奖
2026/05/28 23:00:38.049419 未中奖
2026/05/28 23:00:38.049419 未中奖
2026/05/28 23:00:38.049936 未中奖
2026/05/28 23:00:38.049936 未中奖
2026/05/28 23:00:38.049936 奖品已发完
2026/05/28 23:00:38.049936 未中奖
2026/05/28 23:00:38.049936 奖品已发完
2026/05/28 23:00:38.049936 奖品已发完
2026/05/28 23:00:38.049936 未中奖
2026/05/28 23:00:38.049936 未中奖
2026/05/28 23:00:38.049936 未中奖
2026/05/28 23:00:38.049936 未中奖
2026/05/28 23:00:38.049936 未中奖
2026/05/28 23:00:38.049936 未中奖
2026/05/28 23:00:38.049936 未中奖
2026/05/28 23:00:38.049936 未中奖
2026/05/28 23:00:38.049936 未中奖
2026/05/28 23:00:38.049936 未中奖
2026/05/28 23:00:38.049936 未中奖
2026/05/28 23:00:38.049936 未中奖
2026/05/28 23:00:38.049936 未中奖
2026/05/28 23:00:38.049936 未中奖
2026/05/28 23:00:38.049936 未中奖
2026/05/28 23:00:38.049936 奖品已发完
2026/05/28 23:00:38.049936 未中奖
2026/05/28 23:00:38.049936 未中奖
2026/05/28 23:00:38.049936 未中奖
2026/05/28 23:00:38.049936 奖品已发完
2026/05/28 23:00:38.049936 奖品已发完
2026/05/28 23:00:38.049936 未中奖
2026/05/28 23:00:38.049936 未中奖
2026/05/28 23:00:38.049936 未中奖
2026/05/28 23:00:38.049936 未中奖
2026/05/28 23:00:38.049936 未中奖
2026/05/28 23:00:38.049936 未中奖
2026/05/28 23:00:38.049936 未中奖
2026/05/28 23:00:38.049936 未中奖
2026/05/28 23:00:38.050454 未中奖
2026/05/28 23:00:38.050454 未中奖
2026/05/28 23:00:38.050454 未中奖
2026/05/28 23:00:38.050454 未中奖
2026/05/28 23:00:38.050454 未中奖
2026/05/28 23:00:38.050454 未中奖
2026/05/28 23:00:38.050454 未中奖
2026/05/28 23:00:38.050454 奖品已发完
2026/05/28 23:00:38.050454 未中奖
2026/05/28 23:00:38.050454 奖品已发完
2026/05/28 23:00:38.050454 未中奖
2026/05/28 23:00:38.050454 未中奖
2026/05/28 23:00:38.050454 未中奖
2026/05/28 23:00:38.050454 未中奖
2026/05/28 23:00:38.050454 奖品已发完
2026/05/28 23:00:38.050454 未中奖
2026/05/28 23:00:38.050454 未中奖
2026/05/28 23:00:38.050454 未中奖
2026/05/28 23:00:38.050454 未中奖
2026/05/28 23:00:38.050454 未中奖
2026/05/28 23:00:38.050454 未中奖
2026/05/28 23:00:38.050454 未中奖
2026/05/28 23:00:38.050454 未中奖
2026/05/28 23:00:38.050454 未中奖
2026/05/28 23:00:38.050454 未中奖
2026/05/28 23:00:38.050454 未中奖
2026/05/28 23:00:38.050454 未中奖
2026/05/28 23:00:38.050454 未中奖
2026/05/28 23:00:38.050454 奖品已发完
2026/05/28 23:00:38.050454 未中奖
2026/05/28 23:00:38.050454 未中奖
2026/05/28 23:00:38.050454 未中奖
2026/05/28 23:00:38.050454 未中奖
2026/05/28 23:00:38.050454 奖品已发完
2026/05/28 23:00:38.050454 未中奖
2026/05/28 23:00:38.050454 未中奖
2026/05/28 23:00:38.050983 未中奖
2026/05/28 23:00:38.050983 未中奖
2026/05/28 23:00:38.050983 奖品已发完
2026/05/28 23:00:38.050983 未中奖
2026/05/28 23:00:38.050983 未中奖
2026/05/28 23:00:38.050983 未中奖
2026/05/28 23:00:38.050983 未中奖
2026/05/28 23:00:38.050983 未中奖
2026/05/28 23:00:38.050983 未中奖
2026/05/28 23:00:38.050983 未中奖
2026/05/28 23:00:38.050983 未中奖
2026/05/28 23:00:38.050983 未中奖
2026/05/28 23:00:38.050983 未中奖
2026/05/28 23:00:38.050983 未中奖
2026/05/28 23:00:38.050983 未中奖
2026/05/28 23:00:38.050983 未中奖
2026/05/28 23:00:38.050983 未中奖
2026/05/28 23:00:38.050983 未中奖
2026/05/28 23:00:38.050983 未中奖
2026/05/28 23:00:38.050983 未中奖
2026/05/28 23:00:38.050983 未中奖
2026/05/28 23:00:38.050983 未中奖
2026/05/28 23:00:38.050983 未中奖
2026/05/28 23:00:38.050983 未中奖
2026/05/28 23:00:38.050983 未中奖
2026/05/28 23:00:38.050983 未中奖
2026/05/28 23:00:38.050983 未中奖
2026/05/28 23:00:38.050983 未中奖
2026/05/28 23:00:38.050983 未中奖
2026/05/28 23:00:38.050983 未中奖
2026/05/28 23:00:38.050983 未中奖
2026/05/28 23:00:38.050983 奖品已发完
2026/05/28 23:00:38.050983 未中奖
2026/05/28 23:00:38.050983 未中奖
2026/05/28 23:00:38.050983 奖品已发完
2026/05/28 23:00:38.050983 未中奖
2026/05/28 23:00:38.050983 未中奖
2026/05/28 23:00:38.051544 未中奖
2026/05/28 23:00:38.051544 未中奖
2026/05/28 23:00:38.051544 未中奖
2026/05/28 23:00:38.051544 未中奖
2026/05/28 23:00:38.051544 未中奖
2026/05/28 23:00:38.051544 未中奖
2026/05/28 23:00:38.051544 未中奖
2026/05/28 23:00:38.051544 未中奖
2026/05/28 23:00:38.051544 奖品已发完
2026/05/28 23:00:38.051544 未中奖
2026/05/28 23:00:38.051544 未中奖
2026/05/28 23:00:38.051544 未中奖
2026/05/28 23:00:38.051544 未中奖
2026/05/28 23:00:38.051544 未中奖
2026/05/28 23:00:38.051544 未中奖
2026/05/28 23:00:38.051544 奖品已发完
2026/05/28 23:00:38.051544 未中奖
2026/05/28 23:00:38.051544 未中奖
2026/05/28 23:00:38.051544 未中奖
2026/05/28 23:00:38.051544 奖品已发完
2026/05/28 23:00:38.051544 未中奖
2026/05/28 23:00:38.051544 未中奖
2026/05/28 23:00:38.051544 未中奖
2026/05/28 23:00:38.051544 未中奖
2026/05/28 23:00:38.051544 未中奖
2026/05/28 23:00:38.051544 未中奖
2026/05/28 23:00:38.051544 未中奖
2026/05/28 23:00:38.051544 未中奖
2026/05/28 23:00:38.051544 未中奖
2026/05/28 23:00:38.051544 奖品已发完
2026/05/28 23:00:38.051544 未中奖
2026/05/28 23:00:38.051544 未中奖
2026/05/28 23:00:38.051544 未中奖
2026/05/28 23:00:38.051544 未中奖
2026/05/28 23:00:38.051544 未中奖
2026/05/28 23:00:38.051544 未中奖
2026/05/28 23:00:38.051544 未中奖
2026/05/28 23:00:38.052060 奖品已发完
2026/05/28 23:00:38.052060 未中奖
2026/05/28 23:00:38.052060 未中奖
2026/05/28 23:00:38.052060 未中奖
2026/05/28 23:00:38.052060 未中奖
2026/05/28 23:00:38.052060 未中奖
2026/05/28 23:00:38.052060 未中奖
2026/05/28 23:00:38.052060 未中奖
2026/05/28 23:00:38.052060 奖品已发完
2026/05/28 23:00:38.052060 未中奖
2026/05/28 23:00:38.052060 未中奖
2026/05/28 23:00:38.052060 未中奖
2026/05/28 23:00:38.052060 未中奖
2026/05/28 23:00:38.052060 未中奖
2026/05/28 23:00:38.052060 未中奖
2026/05/28 23:00:38.052060 未中奖
2026/05/28 23:00:38.052060 未中奖
2026/05/28 23:00:38.052060 奖品已发完
2026/05/28 23:00:38.052060 未中奖
2026/05/28 23:00:38.052060 未中奖
2026/05/28 23:00:38.052060 未中奖
2026/05/28 23:00:38.052060 未中奖
2026/05/28 23:00:38.052060 未中奖
2026/05/28 23:00:38.052060 未中奖
2026/05/28 23:00:38.052060 未中奖
2026/05/28 23:00:38.052060 奖品已发完
2026/05/28 23:00:38.052060 奖品已发完
2026/05/28 23:00:38.052060 未中奖
2026/05/28 23:00:38.052060 未中奖
2026/05/28 23:00:38.052060 奖品已发完
2026/05/28 23:00:38.052060 未中奖
2026/05/28 23:00:38.052060 未中奖
2026/05/28 23:00:38.052060 未中奖
2026/05/28 23:00:38.052060 未中奖
2026/05/28 23:00:38.052060 奖品已发完
2026/05/28 23:00:38.052060 未中奖
2026/05/28 23:00:38.052060 未中奖
2026/05/28 23:00:38.052588 未中奖
2026/05/28 23:00:38.052588 未中奖
2026/05/28 23:00:38.052588 未中奖
2026/05/28 23:00:38.052588 未中奖
2026/05/28 23:00:38.052588 未中奖
2026/05/28 23:00:38.052588 未中奖
2026/05/28 23:00:38.052588 奖品已发完
2026/05/28 23:00:38.052588 未中奖
2026/05/28 23:00:38.052588 奖品已发完
2026/05/28 23:00:38.052588 未中奖
2026/05/28 23:00:38.052588 未中奖
2026/05/28 23:00:38.052588 未中奖
2026/05/28 23:00:38.052588 未中奖
2026/05/28 23:00:38.052588 奖品已发完
2026/05/28 23:00:38.052588 奖品已发完
2026/05/28 23:00:38.052588 未中奖
2026/05/28 23:00:38.052588 未中奖
2026/05/28 23:00:38.052588 未中奖
2026/05/28 23:00:38.052588 未中奖
2026/05/28 23:00:38.052588 未中奖
2026/05/28 23:00:38.052588 未中奖
2026/05/28 23:00:38.052588 未中奖
2026/05/28 23:00:38.052588 未中奖
2026/05/28 23:00:38.052588 未中奖
2026/05/28 23:00:38.052588 奖品已发完
2026/05/28 23:00:38.052588 未中奖
2026/05/28 23:00:38.052588 未中奖
2026/05/28 23:00:38.052588 未中奖
2026/05/28 23:00:38.052588 未中奖
2026/05/28 23:00:38.052588 未中奖
2026/05/28 23:00:38.052588 未中奖
2026/05/28 23:00:38.052588 未中奖
2026/05/28 23:00:38.052588 奖品已发完
2026/05/28 23:00:38.052588 未中奖
2026/05/28 23:00:38.052588 未中奖
2026/05/28 23:00:38.052588 未中奖
2026/05/28 23:00:38.053108 未中奖
2026/05/28 23:00:38.053108 未中奖
2026/05/28 23:00:38.053108 未中奖
2026/05/28 23:00:38.053108 奖品已发完
2026/05/28 23:00:38.053108 奖品已发完
2026/05/28 23:00:38.053108 奖品已发完
2026/05/28 23:00:38.053108 未中奖
2026/05/28 23:00:38.053108 未中奖
2026/05/28 23:00:38.053108 未中奖
2026/05/28 23:00:38.053108 未中奖
2026/05/28 23:00:38.053108 未中奖
2026/05/28 23:00:38.053108 未中奖
2026/05/28 23:00:38.053108 未中奖
2026/05/28 23:00:38.053108 未中奖
2026/05/28 23:00:38.053108 未中奖
2026/05/28 23:00:38.053108 奖品已发完
2026/05/28 23:00:38.053108 未中奖
2026/05/28 23:00:38.053108 未中奖
2026/05/28 23:00:38.053108 未中奖
2026/05/28 23:00:38.053108 未中奖
2026/05/28 23:00:38.053108 未中奖
2026/05/28 23:00:38.053108 奖品已发完
2026/05/28 23:00:38.053108 未中奖
2026/05/28 23:00:38.053108 未中奖
2026/05/28 23:00:38.053108 未中奖
2026/05/28 23:00:38.053108 未中奖
2026/05/28 23:00:38.053108 奖品已发完
2026/05/28 23:00:38.053108 未中奖
2026/05/28 23:00:38.053108 未中奖
2026/05/28 23:00:38.053108 未中奖
2026/05/28 23:00:38.053108 奖品已发完
2026/05/28 23:00:38.053108 未中奖
2026/05/28 23:00:38.053108 未中奖
2026/05/28 23:00:38.053108 未中奖
2026/05/28 23:00:38.053108 未中奖
2026/05/28 23:00:38.053108 未中奖
2026/05/28 23:00:38.053108 奖品已发完
2026/05/28 23:00:38.053108 未中奖
2026/05/28 23:00:38.053705 未中奖
2026/05/28 23:00:38.053705 未中奖
2026/05/28 23:00:38.053705 未中奖
2026/05/28 23:00:38.053705 未中奖
2026/05/28 23:00:38.053705 未中奖
2026/05/28 23:00:38.053705 未中奖
2026/05/28 23:00:38.053705 未中奖
2026/05/28 23:00:38.053705 未中奖
2026/05/28 23:00:38.053705 未中奖
2026/05/28 23:00:38.053705 未中奖
2026/05/28 23:00:38.053705 未中奖
2026/05/28 23:00:38.053705 奖品已发完
2026/05/28 23:00:38.053705 未中奖
2026/05/28 23:00:38.053705 未中奖
2026/05/28 23:00:38.053705 未中奖
2026/05/28 23:00:38.053705 未中奖
2026/05/28 23:00:38.053705 未中奖
2026/05/28 23:00:38.053705 未中奖
2026/05/28 23:00:38.053705 未中奖
2026/05/28 23:00:38.053705 奖品已发完
2026/05/28 23:00:38.053705 未中奖
2026/05/28 23:00:38.053705 未中奖
2026/05/28 23:00:38.053705 奖品已发完
2026/05/28 23:00:38.053705 未中奖
2026/05/28 23:00:38.053705 未中奖
2026/05/28 23:00:38.053705 奖品已发完
2026/05/28 23:00:38.053705 未中奖
2026/05/28 23:00:38.053705 未中奖
2026/05/28 23:00:38.053705 未中奖
2026/05/28 23:00:38.053705 未中奖
2026/05/28 23:00:38.053705 未中奖
2026/05/28 23:00:38.053705 未中奖
2026/05/28 23:00:38.053705 奖品已发完
2026/05/28 23:00:38.053705 未中奖
2026/05/28 23:00:38.053705 未中奖
2026/05/28 23:00:38.053705 未中奖
2026/05/28 23:00:38.053705 未中奖
2026/05/28 23:00:38.053705 未中奖
2026/05/28 23:00:38.053705 未中奖
2026/05/28 23:00:38.053705 未中奖
2026/05/28 23:00:38.054714 未中奖
2026/05/28 23:00:38.054714 未中奖
2026/05/28 23:00:38.054714 未中奖
2026/05/28 23:00:38.054714 未中奖
2026/05/28 23:00:38.054714 未中奖
2026/05/28 23:00:38.054714 未中奖
2026/05/28 23:00:38.054714 未中奖
2026/05/28 23:00:38.054714 未中奖
2026/05/28 23:00:38.054714 未中奖
2026/05/28 23:00:38.054714 未中奖
2026/05/28 23:00:38.054714 未中奖
2026/05/28 23:00:38.054714 未中奖
2026/05/28 23:00:38.054714 奖品已发完
2026/05/28 23:00:38.054714 未中奖
2026/05/28 23:00:38.054714 未中奖
2026/05/28 23:00:38.054714 未中奖
2026/05/28 23:00:38.054714 奖品已发完
2026/05/28 23:00:38.054714 未中奖
2026/05/28 23:00:38.054714 未中奖
2026/05/28 23:00:38.054714 未中奖
2026/05/28 23:00:38.054714 未中奖
2026/05/28 23:00:38.054714 未中奖
2026/05/28 23:00:38.054714 未中奖
2026/05/28 23:00:38.054714 未中奖
2026/05/28 23:00:38.054714 未中奖
2026/05/28 23:00:38.054714 未中奖
2026/05/28 23:00:38.054714 未中奖
2026/05/28 23:00:38.054714 未中奖
2026/05/28 23:00:38.054714 未中奖
2026/05/28 23:00:38.054714 未中奖
2026/05/28 23:00:38.054714 未中奖
2026/05/28 23:00:38.054714 奖品已发完
2026/05/28 23:00:38.054714 未中奖
2026/05/28 23:00:38.054714 未中奖
2026/05/28 23:00:38.054714 未中奖
2026/05/28 23:00:38.054714 奖品已发完
2026/05/28 23:00:38.054714 未中奖
2026/05/28 23:00:38.054714 未中奖
2026/05/28 23:00:38.054714 未中奖
2026/05/28 23:00:38.054714 奖品已发完
2026/05/28 23:00:38.054714 未中奖
2026/05/28 23:00:38.054714 未中奖
2026/05/28 23:00:38.054714 未中奖
2026/05/28 23:00:38.054714 未中奖
2026/05/28 23:00:38.054714 未中奖
2026/05/28 23:00:38.054714 未中奖
2026/05/28 23:00:38.054714 未中奖
2026/05/28 23:00:38.054714 奖品已发完
2026/05/28 23:00:38.054714 未中奖
2026/05/28 23:00:38.054714 未中奖
2026/05/28 23:00:38.054714 未中奖
2026/05/28 23:00:38.054714 未中奖
2026/05/28 23:00:38.054714 未中奖
2026/05/28 23:00:38.054714 未中奖
2026/05/28 23:00:38.055225 未中奖
2026/05/28 23:00:38.055225 未中奖
2026/05/28 23:00:38.055225 未中奖
2026/05/28 23:00:38.055225 未中奖
2026/05/28 23:00:38.055225 奖品已发完
2026/05/28 23:00:38.055225 奖品已发完
2026/05/28 23:00:38.055225 未中奖
2026/05/28 23:00:38.055225 未中奖
2026/05/28 23:00:38.055225 未中奖
2026/05/28 23:00:38.055225 未中奖
2026/05/28 23:00:38.055225 未中奖
2026/05/28 23:00:38.055225 未中奖
2026/05/28 23:00:38.055225 奖品已发完
2026/05/28 23:00:38.055225 未中奖
2026/05/28 23:00:38.055225 未中奖
2026/05/28 23:00:38.055225 未中奖
2026/05/28 23:00:38.055225 未中奖
2026/05/28 23:00:38.055225 未中奖
2026/05/28 23:00:38.055225 未中奖
2026/05/28 23:00:38.055225 未中奖
2026/05/28 23:00:38.055225 未中奖
2026/05/28 23:00:38.055225 未中奖
2026/05/28 23:00:38.055225 未中奖
2026/05/28 23:00:38.055225 未中奖
2026/05/28 23:00:38.055225 未中奖
2026/05/28 23:00:38.055225 未中奖
2026/05/28 23:00:38.055225 未中奖
2026/05/28 23:00:38.055225 未中奖
2026/05/28 23:00:38.055225 未中奖
2026/05/28 23:00:38.055225 未中奖
2026/05/28 23:00:38.055225 未中奖
2026/05/28 23:00:38.055225 未中奖
2026/05/28 23:00:38.055225 未中奖
2026/05/28 23:00:38.055225 奖品已发完
2026/05/28 23:00:38.055225 奖品已发完
2026/05/28 23:00:38.055225 未中奖
2026/05/28 23:00:38.055225 未中奖
2026/05/28 23:00:38.055225 未中奖
2026/05/28 23:00:38.055225 未中奖
2026/05/28 23:00:38.055225 奖品已发完
2026/05/28 23:00:38.055225 奖品已发完
2026/05/28 23:00:38.055225 奖品已发完
2026/05/28 23:00:38.055225 未中奖
2026/05/28 23:00:38.055225 未中奖
2026/05/28 23:00:38.055225 未中奖
2026/05/28 23:00:38.055225 未中奖
2026/05/28 23:00:38.055729 未中奖
2026/05/28 23:00:38.055729 未中奖
2026/05/28 23:00:38.055729 奖品已发完
2026/05/28 23:00:38.055729 未中奖
2026/05/28 23:00:38.055729 奖品已发完
2026/05/28 23:00:38.055729 奖品已发完
2026/05/28 23:00:38.055729 未中奖
2026/05/28 23:00:38.055729 奖品已发完
2026/05/28 23:00:38.055729 未中奖
2026/05/28 23:00:38.055729 未中奖
2026/05/28 23:00:38.055729 奖品已发完
2026/05/28 23:00:38.055729 未中奖
2026/05/28 23:00:38.055729 奖品已发完
2026/05/28 23:00:38.055729 未中奖
2026/05/28 23:00:38.055729 未中奖
2026/05/28 23:00:38.055729 未中奖
2026/05/28 23:00:38.055729 未中奖
2026/05/28 23:00:38.055729 奖品已发完
2026/05/28 23:00:38.055729 未中奖
2026/05/28 23:00:38.055729 未中奖
2026/05/28 23:00:38.055729 未中奖
2026/05/28 23:00:38.055729 未中奖
2026/05/28 23:00:38.055729 未中奖
2026/05/28 23:00:38.055729 未中奖
2026/05/28 23:00:38.055729 未中奖
2026/05/28 23:00:38.055729 未中奖
2026/05/28 23:00:38.055729 未中奖
2026/05/28 23:00:38.055729 未中奖
2026/05/28 23:00:38.055729 未中奖
2026/05/28 23:00:38.055729 未中奖
2026/05/28 23:00:38.055729 未中奖
2026/05/28 23:00:38.055729 未中奖
2026/05/28 23:00:38.055729 未中奖
2026/05/28 23:00:38.055729 未中奖
2026/05/28 23:00:38.055729 未中奖
2026/05/28 23:00:38.055729 未中奖
2026/05/28 23:00:38.055729 未中奖
2026/05/28 23:00:38.055729 未中奖
2026/05/28 23:00:38.055729 未中奖
2026/05/28 23:00:38.055729 未中奖
2026/05/28 23:00:38.055729 未中奖
2026/05/28 23:00:38.055729 奖品已发完
2026/05/28 23:00:38.055729 奖品已发完
2026/05/28 23:00:38.055729 未中奖
2026/05/28 23:00:38.055729 未中奖
2026/05/28 23:00:38.055729 未中奖
2026/05/28 23:00:38.055729 未中奖
2026/05/28 23:00:38.055729 未中奖
2026/05/28 23:00:38.055729 未中奖
2026/05/28 23:00:38.055729 未中奖
2026/05/28 23:00:38.055729 未中奖
2026/05/28 23:00:38.055729 未中奖
2026/05/28 23:00:38.055729 未中奖
2026/05/28 23:00:38.055729 奖品已发完
2026/05/28 23:00:38.055729 未中奖
2026/05/28 23:00:38.055729 未中奖
2026/05/28 23:00:38.055729 未中奖
2026/05/28 23:00:38.055729 未中奖
2026/05/28 23:00:38.055729 未中奖
2026/05/28 23:00:38.055729 奖品已发完
2026/05/28 23:00:38.055729 未中奖
2026/05/28 23:00:38.055729 未中奖
2026/05/28 23:00:38.055729 未中奖
2026/05/28 23:00:38.055729 奖品已发完
2026/05/28 23:00:38.055729 奖品已发完
2026/05/28 23:00:38.055729 未中奖
2026/05/28 23:00:38.055729 未中奖
2026/05/28 23:00:38.055729 未中奖
2026/05/28 23:00:38.055729 未中奖
2026/05/28 23:00:38.055729 未中奖
2026/05/28 23:00:38.055729 未中奖
2026/05/28 23:00:38.055729 奖品已发完
2026/05/28 23:00:38.055729 奖品已发完
2026/05/28 23:00:38.055729 未中奖
2026/05/28 23:00:38.055729 未中奖
2026/05/28 23:00:38.055729 未中奖
2026/05/28 23:00:38.055729 未中奖
2026/05/28 23:00:38.055729 未中奖
2026/05/28 23:00:38.055729 未中奖
2026/05/28 23:00:38.055729 未中奖
2026/05/28 23:00:38.055729 奖品已发完
2026/05/28 23:00:38.055729 未中奖
2026/05/28 23:00:38.055729 未中奖
2026/05/28 23:00:38.055729 未中奖
2026/05/28 23:00:38.055729 未中奖
2026/05/28 23:00:38.055729 未中奖
2026/05/28 23:00:38.055729 未中奖
2026/05/28 23:00:38.055729 未中奖
2026/05/28 23:00:38.055729 未中奖
2026/05/28 23:00:38.055729 未中奖
2026/05/28 23:00:38.055729 奖品已发完
2026/05/28 23:00:38.055729 未中奖
2026/05/28 23:00:38.055729 未中奖
2026/05/28 23:00:38.055729 未中奖
2026/05/28 23:00:38.055729 未中奖
2026/05/28 23:00:38.055729 未中奖
2026/05/28 23:00:38.055729 未中奖
2026/05/28 23:00:38.055729 奖品已发完
2026/05/28 23:00:38.056785 未中奖
2026/05/28 23:00:38.056785 未中奖
2026/05/28 23:00:38.056785 未中奖
2026/05/28 23:00:38.056785 未中奖
2026/05/28 23:00:38.056785 未中奖
2026/05/28 23:00:38.056785 未中奖
2026/05/28 23:00:38.056785 未中奖
2026/05/28 23:00:38.056785 未中奖
2026/05/28 23:00:38.056785 未中奖
2026/05/28 23:00:38.056785 未中奖
2026/05/28 23:00:38.056785 未中奖
2026/05/28 23:00:38.056785 未中奖
2026/05/28 23:00:38.056785 奖品已发完
2026/05/28 23:00:38.056785 未中奖
2026/05/28 23:00:38.056785 未中奖
2026/05/28 23:00:38.056785 未中奖
2026/05/28 23:00:38.056785 未中奖
2026/05/28 23:00:38.056785 未中奖
2026/05/28 23:00:38.056785 未中奖
2026/05/28 23:00:38.056785 奖品已发完
2026/05/28 23:00:38.056785 未中奖
2026/05/28 23:00:38.056785 奖品已发完
2026/05/28 23:00:38.056785 未中奖
2026/05/28 23:00:38.056785 未中奖
2026/05/28 23:00:38.056785 未中奖
2026/05/28 23:00:38.056785 未中奖
2026/05/28 23:00:38.056785 未中奖
2026/05/28 23:00:38.056785 未中奖
2026/05/28 23:00:38.056785 未中奖
2026/05/28 23:00:38.056785 未中奖
2026/05/28 23:00:38.056785 奖品已发完
2026/05/28 23:00:38.056785 奖品已发完
2026/05/28 23:00:38.056785 未中奖
2026/05/28 23:00:38.056785 未中奖
2026/05/28 23:00:38.056785 未中奖
2026/05/28 23:00:38.056785 未中奖
2026/05/28 23:00:38.056785 未中奖
2026/05/28 23:00:38.056785 未中奖
2026/05/28 23:00:38.056785 奖品已发完
2026/05/28 23:00:38.056785 未中奖
2026/05/28 23:00:38.056785 未中奖
2026/05/28 23:00:38.056785 未中奖
2026/05/28 23:00:38.056785 未中奖
2026/05/28 23:00:38.056785 未中奖
2026/05/28 23:00:38.056785 未中奖
2026/05/28 23:00:38.056785 奖品已发完
2026/05/28 23:00:38.056785 未中奖
2026/05/28 23:00:38.056785 未中奖
2026/05/28 23:00:38.056785 未中奖
2026/05/28 23:00:38.056785 未中奖
2026/05/28 23:00:38.056785 未中奖
2026/05/28 23:00:38.056785 未中奖
2026/05/28 23:00:38.056785 未中奖
2026/05/28 23:00:38.056785 未中奖
2026/05/28 23:00:38.057291 未中奖
2026/05/28 23:00:38.057291 未中奖
2026/05/28 23:00:38.057291 未中奖
2026/05/28 23:00:38.057291 未中奖
2026/05/28 23:00:38.057291 未中奖
2026/05/28 23:00:38.057291 奖品已发完
2026/05/28 23:00:38.057291 未中奖
2026/05/28 23:00:38.057291 未中奖
2026/05/28 23:00:38.057291 奖品已发完
2026/05/28 23:00:38.057291 未中奖
2026/05/28 23:00:38.057291 未中奖
2026/05/28 23:00:38.057291 未中奖
2026/05/28 23:00:38.057291 未中奖
2026/05/28 23:00:38.057291 奖品已发完
2026/05/28 23:00:38.057291 未中奖
2026/05/28 23:00:38.057291 未中奖
2026/05/28 23:00:38.057291 未中奖
2026/05/28 23:00:38.057291 未中奖
2026/05/28 23:00:38.057291 奖品已发完
2026/05/28 23:00:38.057291 奖品已发完
2026/05/28 23:00:38.057291 未中奖
2026/05/28 23:00:38.057291 未中奖
2026/05/28 23:00:38.057291 未中奖
2026/05/28 23:00:38.057291 未中奖
2026/05/28 23:00:38.057291 未中奖
2026/05/28 23:00:38.057291 未中奖
2026/05/28 23:00:38.057291 未中奖
2026/05/28 23:00:38.057291 未中奖
2026/05/28 23:00:38.057291 奖品已发完
2026/05/28 23:00:38.057291 未中奖
2026/05/28 23:00:38.057291 未中奖
2026/05/28 23:00:38.057291 未中奖
2026/05/28 23:00:38.057291 未中奖
2026/05/28 23:00:38.057291 奖品已发完
2026/05/28 23:00:38.057291 未中奖
2026/05/28 23:00:38.057291 未中奖
2026/05/28 23:00:38.057291 未中奖
2026/05/28 23:00:38.057291 未中奖
2026/05/28 23:00:38.057291 未中奖
2026/05/28 23:00:38.057291 未中奖
2026/05/28 23:00:38.057291 未中奖
2026/05/28 23:00:38.057291 奖品已发完
2026/05/28 23:00:38.057291 未中奖
2026/05/28 23:00:38.057291 未中奖
2026/05/28 23:00:38.057291 未中奖
2026/05/28 23:00:38.057291 未中奖
2026/05/28 23:00:38.057291 未中奖
2026/05/28 23:00:38.057291 未中奖
2026/05/28 23:00:38.057291 未中奖
2026/05/28 23:00:38.057291 未中奖
2026/05/28 23:00:38.057291 未中奖
2026/05/28 23:00:38.057291 未中奖
2026/05/28 23:00:38.057291 未中奖
2026/05/28 23:00:38.057291 奖品已发完
2026/05/28 23:00:38.057291 未中奖
2026/05/28 23:00:38.057291 未中奖
2026/05/28 23:00:38.057291 未中奖
2026/05/28 23:00:38.057291 未中奖
2026/05/28 23:00:38.057291 奖品已发完
2026/05/28 23:00:38.057291 未中奖
2026/05/28 23:00:38.057291 未中奖
2026/05/28 23:00:38.057291 未中奖
2026/05/28 23:00:38.057291 未中奖
2026/05/28 23:00:38.057291 未中奖
2026/05/28 23:00:38.057291 未中奖
2026/05/28 23:00:38.057291 未中奖
2026/05/28 23:00:38.057291 未中奖
2026/05/28 23:00:38.057291 奖品已发完
2026/05/28 23:00:38.057291 未中奖
2026/05/28 23:00:38.057291 未中奖
2026/05/28 23:00:38.057291 未中奖
2026/05/28 23:00:38.057291 奖品已发完
2026/05/28 23:00:38.057291 未中奖
2026/05/28 23:00:38.057291 未中奖
2026/05/28 23:00:38.057291 奖品已发完
2026/05/28 23:00:38.057828 未中奖
2026/05/28 23:00:38.057828 未中奖
2026/05/28 23:00:38.057828 未中奖
2026/05/28 23:00:38.057828 未中奖
2026/05/28 23:00:38.057828 未中奖
2026/05/28 23:00:38.057828 未中奖
2026/05/28 23:00:38.057828 未中奖
2026/05/28 23:00:38.057828 奖品已发完
2026/05/28 23:00:38.057828 未中奖
2026/05/28 23:00:38.057828 未中奖
2026/05/28 23:00:38.057828 未中奖
2026/05/28 23:00:38.057828 奖品已发完
2026/05/28 23:00:38.057828 未中奖
2026/05/28 23:00:38.057828 未中奖
2026/05/28 23:00:38.057828 未中奖
2026/05/28 23:00:38.057828 未中奖
2026/05/28 23:00:38.057828 未中奖
2026/05/28 23:00:38.057828 未中奖
2026/05/28 23:00:38.057828 未中奖
2026/05/28 23:00:38.057828 未中奖
2026/05/28 23:00:38.057828 未中奖
2026/05/28 23:00:38.057828 未中奖
2026/05/28 23:00:38.057828 未中奖
2026/05/28 23:00:38.057828 未中奖
2026/05/28 23:00:38.057828 未中奖
2026/05/28 23:00:38.057828 未中奖
2026/05/28 23:00:38.057828 未中奖
2026/05/28 23:00:38.057828 未中奖
2026/05/28 23:00:38.057828 未中奖
2026/05/28 23:00:38.057828 未中奖
2026/05/28 23:00:38.057828 未中奖
2026/05/28 23:00:38.057828 未中奖
2026/05/28 23:00:38.057828 奖品已发完
2026/05/28 23:00:38.057828 奖品已发完
2026/05/28 23:00:38.057828 未中奖
2026/05/28 23:00:38.057828 未中奖
2026/05/28 23:00:38.057828 未中奖
2026/05/28 23:00:38.057828 未中奖
2026/05/28 23:00:38.057828 未中奖
2026/05/28 23:00:38.057828 未中奖
2026/05/28 23:00:38.057828 奖品已发完
2026/05/28 23:00:38.057828 未中奖
2026/05/28 23:00:38.057828 未中奖
2026/05/28 23:00:38.057828 未中奖
2026/05/28 23:00:38.057828 未中奖
2026/05/28 23:00:38.057828 未中奖
2026/05/28 23:00:38.057828 未中奖
2026/05/28 23:00:38.057828 未中奖
2026/05/28 23:00:38.057828 未中奖
2026/05/28 23:00:38.057828 未中奖
2026/05/28 23:00:38.057828 未中奖
2026/05/28 23:00:38.057828 未中奖
2026/05/28 23:00:38.057828 奖品已发完
2026/05/28 23:00:38.057828 未中奖
2026/05/28 23:00:38.057828 未中奖
2026/05/28 23:00:38.057828 未中奖
2026/05/28 23:00:38.057828 未中奖
2026/05/28 23:00:38.057828 未中奖
2026/05/28 23:00:38.057828 未中奖
2026/05/28 23:00:38.057828 未中奖
2026/05/28 23:00:38.057828 未中奖
2026/05/28 23:00:38.057828 未中奖
2026/05/28 23:00:38.057828 奖品已发完
2026/05/28 23:00:38.057828 未中奖
2026/05/28 23:00:38.057828 未中奖
2026/05/28 23:00:38.057828 未中奖
2026/05/28 23:00:38.057828 未中奖
2026/05/28 23:00:38.057828 未中奖
2026/05/28 23:00:38.057828 未中奖
2026/05/28 23:00:38.057828 未中奖
2026/05/28 23:00:38.057828 未中奖
2026/05/28 23:00:38.057828 未中奖
2026/05/28 23:00:38.057828 未中奖
2026/05/28 23:00:38.057828 未中奖
2026/05/28 23:00:38.057828 未中奖
2026/05/28 23:00:38.057828 未中奖
2026/05/28 23:00:38.057828 未中奖
2026/05/28 23:00:38.057828 未中奖
2026/05/28 23:00:38.057828 未中奖
2026/05/28 23:00:38.057828 未中奖
2026/05/28 23:00:38.057828 未中奖
2026/05/28 23:00:38.057828 未中奖
2026/05/28 23:00:38.057828 未中奖
2026/05/28 23:00:38.057828 未中奖
2026/05/28 23:00:38.057828 未中奖
2026/05/28 23:00:38.057828 未中奖
2026/05/28 23:00:38.057828 未中奖
2026/05/28 23:00:38.057828 奖品已发完
2026/05/28 23:00:38.057828 未中奖
2026/05/28 23:00:38.057828 未中奖
2026/05/28 23:00:38.057828 未中奖
2026/05/28 23:00:38.057828 未中奖
2026/05/28 23:00:38.057828 未中奖
2026/05/28 23:00:38.057828 未中奖
2026/05/28 23:00:38.057828 未中奖
2026/05/28 23:00:38.057828 未中奖
2026/05/28 23:00:38.057828 未中奖
2026/05/28 23:00:38.057828 未中奖
2026/05/28 23:00:38.057828 未中奖
2026/05/28 23:00:38.057828 未中奖
2026/05/28 23:00:38.057828 未中奖
2026/05/28 23:00:38.057828 未中奖
2026/05/28 23:00:38.057828 未中奖
2026/05/28 23:00:38.057828 未中奖
2026/05/28 23:00:38.057828 未中奖
2026/05/28 23:00:38.057828 未中奖
2026/05/28 23:00:38.057828 未中奖
2026/05/28 23:00:38.057828 奖品已发完
2026/05/28 23:00:38.057828 未中奖
2026/05/28 23:00:38.057828 未中奖
2026/05/28 23:00:38.057828 未中奖
2026/05/28 23:00:38.057828 未中奖
2026/05/28 23:00:38.057828 未中奖
2026/05/28 23:00:38.057828 未中奖
2026/05/28 23:00:38.057828 未中奖
2026/05/28 23:00:38.057828 未中奖
2026/05/28 23:00:38.057828 未中奖
2026/05/28 23:00:38.057828 未中奖
2026/05/28 23:00:38.057828 未中奖
2026/05/28 23:00:38.057828 奖品已发完
2026/05/28 23:00:38.057828 未中奖
2026/05/28 23:00:38.057828 未中奖
2026/05/28 23:00:38.057828 未中奖
2026/05/28 23:00:38.058839 未中奖
2026/05/28 23:00:38.058839 奖品已发完
2026/05/28 23:00:38.058839 奖品已发完
2026/05/28 23:00:38.058839 奖品已发完
2026/05/28 23:00:38.058839 未中奖
2026/05/28 23:00:38.058839 未中奖
2026/05/28 23:00:38.058839 未中奖
2026/05/28 23:00:38.058839 未中奖
2026/05/28 23:00:38.058839 奖品已发完
2026/05/28 23:00:38.058839 未中奖
2026/05/28 23:00:38.058839 未中奖
2026/05/28 23:00:38.058839 未中奖
2026/05/28 23:00:38.058839 未中奖
2026/05/28 23:00:38.058839 未中奖
2026/05/28 23:00:38.058839 未中奖
2026/05/28 23:00:38.058839 未中奖
2026/05/28 23:00:38.058839 未中奖
2026/05/28 23:00:38.058839 未中奖
2026/05/28 23:00:38.058839 未中奖
2026/05/28 23:00:38.058839 未中奖
2026/05/28 23:00:38.058839 奖品已发完
2026/05/28 23:00:38.058839 未中奖
2026/05/28 23:00:38.058839 未中奖
2026/05/28 23:00:38.058839 未中奖
2026/05/28 23:00:38.058839 奖品已发完
2026/05/28 23:00:38.058839 未中奖
2026/05/28 23:00:38.058839 未中奖
2026/05/28 23:00:38.058839 未中奖
2026/05/28 23:00:38.058839 奖品已发完
2026/05/28 23:00:38.058839 奖品已发完
2026/05/28 23:00:38.058839 未中奖
2026/05/28 23:00:38.058839 未中奖
2026/05/28 23:00:38.058839 未中奖
2026/05/28 23:00:38.058839 未中奖
2026/05/28 23:00:38.058839 未中奖
2026/05/28 23:00:38.058839 未中奖
2026/05/28 23:00:38.058839 未中奖
2026/05/28 23:00:38.058839 未中奖
2026/05/28 23:00:38.058839 未中奖
2026/05/28 23:00:38.058839 未中奖
2026/05/28 23:00:38.058839 奖品已发完
2026/05/28 23:00:38.058839 奖品已发完
2026/05/28 23:00:38.058839 未中奖
2026/05/28 23:00:38.058839 未中奖
2026/05/28 23:00:38.058839 未中奖
2026/05/28 23:00:38.058839 未中奖
2026/05/28 23:00:38.058839 未中奖
2026/05/28 23:00:38.058839 未中奖
2026/05/28 23:00:38.058839 未中奖
2026/05/28 23:00:38.058839 未中奖
2026/05/28 23:00:38.058839 未中奖
2026/05/28 23:00:38.058839 未中奖
2026/05/28 23:00:38.058839 奖品已发完
2026/05/28 23:00:38.058839 未中奖
2026/05/28 23:00:38.058839 奖品已发完
2026/05/28 23:00:38.058839 未中奖
2026/05/28 23:00:38.058839 未中奖
2026/05/28 23:00:38.058839 未中奖
2026/05/28 23:00:38.058839 未中奖
2026/05/28 23:00:38.058839 奖品已发完
2026/05/28 23:00:38.058839 未中奖
2026/05/28 23:00:38.058839 奖品已发完
2026/05/28 23:00:38.058839 未中奖
2026/05/28 23:00:38.058839 未中奖
2026/05/28 23:00:38.058839 未中奖
2026/05/28 23:00:38.058839 未中奖
2026/05/28 23:00:38.058839 未中奖
2026/05/28 23:00:38.058839 未中奖
2026/05/28 23:00:38.058839 未中奖
2026/05/28 23:00:38.058839 奖品已发完
2026/05/28 23:00:38.058839 未中奖
2026/05/28 23:00:38.058839 未中奖
2026/05/28 23:00:38.058839 未中奖
2026/05/28 23:00:38.058839 未中奖
2026/05/28 23:00:38.058839 未中奖
2026/05/28 23:00:38.058839 未中奖
2026/05/28 23:00:38.058839 奖品已发完
2026/05/28 23:00:38.058839 未中奖
2026/05/28 23:00:38.058839 未中奖
2026/05/28 23:00:38.058839 未中奖
2026/05/28 23:00:38.058839 未中奖
2026/05/28 23:00:38.058839 未中奖
2026/05/28 23:00:38.058839 奖品已发完
2026/05/28 23:00:38.058839 奖品已发完
2026/05/28 23:00:38.058839 未中奖
2026/05/28 23:00:38.058839 未中奖
2026/05/28 23:00:38.058839 未中奖
2026/05/28 23:00:38.058839 未中奖
2026/05/28 23:00:38.058839 未中奖
2026/05/28 23:00:38.058839 未中奖
2026/05/28 23:00:38.058839 未中奖
2026/05/28 23:00:38.058839 奖品已发完
2026/05/28 23:00:38.058839 未中奖
2026/05/28 23:00:38.058839 奖品已发完
2026/05/28 23:00:38.058839 未中奖
2026/05/28 23:00:38.058839 未中奖
2026/05/28 23:00:38.058839 奖品已发完
2026/05/28 23:00:38.058839 未中奖
2026/05/28 23:00:38.058839 未中奖
2026/05/28 23:00:38.058839 未中奖
2026/05/28 23:00:38.058839 未中奖
2026/05/28 23:00:38.058839 未中奖
2026/05/28 23:00:38.058839 未中奖
2026/05/28 23:00:38.058839 未中奖
2026/05/28 23:00:38.058839 未中奖
2026/05/28 23:00:38.058839 未中奖
2026/05/28 23:00:38.058839 未中奖
2026/05/28 23:00:38.058839 未中奖
2026/05/28 23:00:38.058839 未中奖
2026/05/28 23:00:38.058839 未中奖
2026/05/28 23:00:38.058839 未中奖
2026/05/28 23:00:38.058839 未中奖
2026/05/28 23:00:38.058839 未中奖
2026/05/28 23:00:38.058839 未中奖
2026/05/28 23:00:38.058839 未中奖
2026/05/28 23:00:38.058839 未中奖
2026/05/28 23:00:38.058839 未中奖
2026/05/28 23:00:38.058839 未中奖
2026/05/28 23:00:38.058839 未中奖
2026/05/28 23:00:38.058839 未中奖
2026/05/28 23:00:38.058839 未中奖
2026/05/28 23:00:38.058839 未中奖
2026/05/28 23:00:38.058839 未中奖
2026/05/28 23:00:38.058839 未中奖
2026/05/28 23:00:38.058839 未中奖
2026/05/28 23:00:38.058839 奖品已发完
2026/05/28 23:00:38.058839 奖品已发完
2026/05/28 23:00:38.058839 未中奖
2026/05/28 23:00:38.058839 未中奖
2026/05/28 23:00:38.058839 未中奖
2026/05/28 23:00:38.058839 未中奖
2026/05/28 23:00:38.058839 未中奖
2026/05/28 23:00:38.058839 未中奖
2026/05/28 23:00:38.058839 未中奖
2026/05/28 23:00:38.058839 未中奖
2026/05/28 23:00:38.058839 未中奖
2026/05/28 23:00:38.058839 未中奖
2026/05/28 23:00:38.058839 未中奖
2026/05/28 23:00:38.058839 奖品已发完
2026/05/28 23:00:38.058839 未中奖
2026/05/28 23:00:38.058839 未中奖
2026/05/28 23:00:38.058839 未中奖
2026/05/28 23:00:38.058839 奖品已发完
2026/05/28 23:00:38.058839 未中奖
2026/05/28 23:00:38.058839 未中奖
2026/05/28 23:00:38.058839 奖品已发完
2026/05/28 23:00:38.058839 未中奖
2026/05/28 23:00:38.058839 未中奖
2026/05/28 23:00:38.058839 奖品已发完
2026/05/28 23:00:38.058839 未中奖
2026/05/28 23:00:38.060345 未中奖
2026/05/28 23:00:38.060345 未中奖
2026/05/28 23:00:38.060345 未中奖
2026/05/28 23:00:38.060345 未中奖
2026/05/28 23:00:38.060345 未中奖
2026/05/28 23:00:38.060345 未中奖
2026/05/28 23:00:38.060345 未中奖
2026/05/28 23:00:38.060345 奖品已发完
2026/05/28 23:00:38.060345 未中奖
2026/05/28 23:00:38.060345 未中奖
2026/05/28 23:00:38.060345 未中奖
2026/05/28 23:00:38.060345 未中奖
2026/05/28 23:00:38.060345 未中奖
2026/05/28 23:00:38.060345 未中奖
2026/05/28 23:00:38.060345 未中奖
2026/05/28 23:00:38.060345 奖品已发完
2026/05/28 23:00:38.060345 未中奖
2026/05/28 23:00:38.060345 未中奖
2026/05/28 23:00:38.060345 未中奖
2026/05/28 23:00:38.060345 未中奖
2026/05/28 23:00:38.060345 未中奖
2026/05/28 23:00:38.060345 奖品已发完
2026/05/28 23:00:38.060345 未中奖
2026/05/28 23:00:38.060345 未中奖
2026/05/28 23:00:38.060345 未中奖
2026/05/28 23:00:38.060345 奖品已发完
2026/05/28 23:00:38.060345 奖品已发完
2026/05/28 23:00:38.060345 未中奖
2026/05/28 23:00:38.060345 未中奖
2026/05/28 23:00:38.060345 未中奖
2026/05/28 23:00:38.060345 未中奖
2026/05/28 23:00:38.060345 未中奖
2026/05/28 23:00:38.060345 奖品已发完
2026/05/28 23:00:38.060345 未中奖
2026/05/28 23:00:38.060345 未中奖
2026/05/28 23:00:38.060345 未中奖
2026/05/28 23:00:38.060345 奖品已发完
2026/05/28 23:00:38.060345 未中奖
2026/05/28 23:00:38.060345 未中奖
2026/05/28 23:00:38.060345 奖品已发完
2026/05/28 23:00:38.060345 未中奖
2026/05/28 23:00:38.060345 未中奖
2026/05/28 23:00:38.060345 未中奖
2026/05/28 23:00:38.060345 未中奖
2026/05/28 23:00:38.060345 未中奖
2026/05/28 23:00:38.060345 奖品已发完
2026/05/28 23:00:38.060345 未中奖
2026/05/28 23:00:38.060345 未中奖
2026/05/28 23:00:38.061352 未中奖
2026/05/28 23:00:38.061352 未中奖
2026/05/28 23:00:38.061352 未中奖
2026/05/28 23:00:38.061352 未中奖
2026/05/28 23:00:38.061352 未中奖
2026/05/28 23:00:38.061352 未中奖
2026/05/28 23:00:38.061352 未中奖
2026/05/28 23:00:38.061352 未中奖
2026/05/28 23:00:38.061352 未中奖
2026/05/28 23:00:38.061352 奖品已发完
2026/05/28 23:00:38.061352 未中奖
2026/05/28 23:00:38.061352 奖品已发完
2026/05/28 23:00:38.061352 未中奖
2026/05/28 23:00:38.061352 未中奖
2026/05/28 23:00:38.061352 未中奖
2026/05/28 23:00:38.061352 未中奖
2026/05/28 23:00:38.061352 未中奖
2026/05/28 23:00:38.061352 奖品已发完
2026/05/28 23:00:38.061352 未中奖
2026/05/28 23:00:38.061352 未中奖
2026/05/28 23:00:38.061352 未中奖
2026/05/28 23:00:38.061352 未中奖
2026/05/28 23:00:38.061352 未中奖
2026/05/28 23:00:38.061352 未中奖
2026/05/28 23:00:38.061352 未中奖
2026/05/28 23:00:38.061352 未中奖
2026/05/28 23:00:38.061352 未中奖
2026/05/28 23:00:38.061352 未中奖
2026/05/28 23:00:38.061352 未中奖
2026/05/28 23:00:38.061352 未中奖
2026/05/28 23:00:38.061352 未中奖
2026/05/28 23:00:38.061352 未中奖
2026/05/28 23:00:38.061352 未中奖
2026/05/28 23:00:38.061352 未中奖
2026/05/28 23:00:38.061352 未中奖
2026/05/28 23:00:38.061352 未中奖
2026/05/28 23:00:38.061352 未中奖
2026/05/28 23:00:38.061352 未中奖
2026/05/28 23:00:38.061352 未中奖
2026/05/28 23:00:38.061352 未中奖
2026/05/28 23:00:38.061352 未中奖
2026/05/28 23:00:38.061352 未中奖
2026/05/28 23:00:38.061352 未中奖
2026/05/28 23:00:38.061352 未中奖
2026/05/28 23:00:38.061352 未中奖
2026/05/28 23:00:38.061352 未中奖
2026/05/28 23:00:38.061352 未中奖
2026/05/28 23:00:38.061352 未中奖
2026/05/28 23:00:38.061352 未中奖
2026/05/28 23:00:38.061352 未中奖
2026/05/28 23:00:38.061352 未中奖
2026/05/28 23:00:38.061352 未中奖
2026/05/28 23:00:38.061352 未中奖
2026/05/28 23:00:38.061352 未中奖
2026/05/28 23:00:38.061352 未中奖
2026/05/28 23:00:38.061352 未中奖
2026/05/28 23:00:38.062352 未中奖
2026/05/28 23:00:38.062352 未中奖
2026/05/28 23:00:38.062352 未中奖
2026/05/28 23:00:38.062352 未中奖
2026/05/28 23:00:38.062352 未中奖
2026/05/28 23:00:38.062352 未中奖
2026/05/28 23:00:38.062352 未中奖
2026/05/28 23:00:38.062352 未中奖
2026/05/28 23:00:38.062352 未中奖
2026/05/28 23:00:38.062352 奖品已发完
2026/05/28 23:00:38.062352 未中奖
2026/05/28 23:00:38.062352 未中奖
2026/05/28 23:00:38.062352 未中奖
2026/05/28 23:00:38.062352 未中奖
2026/05/28 23:00:38.062352 奖品已发完
2026/05/28 23:00:38.062352 未中奖
2026/05/28 23:00:38.062352 未中奖
2026/05/28 23:00:38.062352 未中奖
2026/05/28 23:00:38.062352 未中奖
2026/05/28 23:00:38.062352 奖品已发完
2026/05/28 23:00:38.062352 未中奖
2026/05/28 23:00:38.062352 未中奖
2026/05/28 23:00:38.062352 未中奖
2026/05/28 23:00:38.062352 奖品已发完
2026/05/28 23:00:38.062352 未中奖
2026/05/28 23:00:38.062352 未中奖
2026/05/28 23:00:38.062352 未中奖
2026/05/28 23:00:38.062352 未中奖
2026/05/28 23:00:38.062352 未中奖
2026/05/28 23:00:38.062352 奖品已发完
2026/05/28 23:00:38.062352 未中奖
2026/05/28 23:00:38.062352 未中奖
2026/05/28 23:00:38.062352 未中奖
2026/05/28 23:00:38.062352 未中奖
2026/05/28 23:00:38.062352 未中奖
2026/05/28 23:00:38.062352 未中奖
2026/05/28 23:00:38.062352 未中奖
2026/05/28 23:00:38.062352 奖品已发完
2026/05/28 23:00:38.062352 未中奖
2026/05/28 23:00:38.062352 未中奖
2026/05/28 23:00:38.062352 未中奖
2026/05/28 23:00:38.062352 未中奖
2026/05/28 23:00:38.062352 奖品已发完
2026/05/28 23:00:38.062352 未中奖
2026/05/28 23:00:38.062352 未中奖
2026/05/28 23:00:38.062352 未中奖
2026/05/28 23:00:38.062352 未中奖
2026/05/28 23:00:38.062352 未中奖
2026/05/28 23:00:38.062352 未中奖
2026/05/28 23:00:38.062352 未中奖
2026/05/28 23:00:38.062352 未中奖
2026/05/28 23:00:38.062352 未中奖
2026/05/28 23:00:38.062352 未中奖
2026/05/28 23:00:38.062352 奖品已发完
2026/05/28 23:00:38.062352 未中奖
2026/05/28 23:00:38.062352 未中奖
2026/05/28 23:00:38.062352 未中奖
2026/05/28 23:00:38.062352 未中奖
2026/05/28 23:00:38.062352 未中奖
2026/05/28 23:00:38.062352 奖品已发完
2026/05/28 23:00:38.062352 未中奖
2026/05/28 23:00:38.062352 未中奖
2026/05/28 23:00:38.062352 未中奖
2026/05/28 23:00:38.062352 未中奖
2026/05/28 23:00:38.062352 未中奖
2026/05/28 23:00:38.062352 未中奖
2026/05/28 23:00:38.062352 未中奖
2026/05/28 23:00:38.062352 未中奖
2026/05/28 23:00:38.062352 未中奖
2026/05/28 23:00:38.062352 未中奖
2026/05/28 23:00:38.062352 未中奖
2026/05/28 23:00:38.062352 未中奖
2026/05/28 23:00:38.063352 奖品已发完
2026/05/28 23:00:38.063352 奖品已发完
2026/05/28 23:00:38.063352 未中奖
2026/05/28 23:00:38.063352 未中奖
2026/05/28 23:00:38.063352 未中奖
2026/05/28 23:00:38.063352 未中奖
2026/05/28 23:00:38.063352 未中奖
2026/05/28 23:00:38.063352 未中奖
2026/05/28 23:00:38.063352 未中奖
2026/05/28 23:00:38.063352 未中奖
2026/05/28 23:00:38.063352 未中奖
2026/05/28 23:00:38.063352 奖品已发完
2026/05/28 23:00:38.063352 奖品已发完
2026/05/28 23:00:38.063352 未中奖
2026/05/28 23:00:38.063352 未中奖
2026/05/28 23:00:38.063352 未中奖
2026/05/28 23:00:38.063352 未中奖
2026/05/28 23:00:38.063352 奖品已发完
2026/05/28 23:00:38.063352 未中奖
2026/05/28 23:00:38.063352 未中奖
2026/05/28 23:00:38.063352 未中奖
2026/05/28 23:00:38.063352 未中奖
2026/05/28 23:00:38.063352 未中奖
2026/05/28 23:00:38.063352 未中奖
2026/05/28 23:00:38.063352 未中奖
2026/05/28 23:00:38.063352 未中奖
2026/05/28 23:00:38.063352 未中奖
2026/05/28 23:00:38.063352 未中奖
2026/05/28 23:00:38.063352 未中奖
2026/05/28 23:00:38.063352 未中奖
2026/05/28 23:00:38.063352 奖品已发完
2026/05/28 23:00:38.063352 未中奖
2026/05/28 23:00:38.063352 未中奖
2026/05/28 23:00:38.063352 奖品已发完
2026/05/28 23:00:38.063352 未中奖
2026/05/28 23:00:38.063352 未中奖
2026/05/28 23:00:38.063352 未中奖
2026/05/28 23:00:38.063352 未中奖
2026/05/28 23:00:38.063352 未中奖
2026/05/28 23:00:38.063352 未中奖
2026/05/28 23:00:38.063352 未中奖
2026/05/28 23:00:38.063352 未中奖
2026/05/28 23:00:38.063352 未中奖
2026/05/28 23:00:38.063352 奖品已发完
2026/05/28 23:00:38.063352 未中奖
2026/05/28 23:00:38.063352 未中奖
2026/05/28 23:00:38.063352 未中奖
2026/05/28 23:00:38.063352 未中奖
2026/05/28 23:00:38.063352 未中奖
2026/05/28 23:00:38.063352 奖品已发完
2026/05/28 23:00:38.063352 未中奖
2026/05/28 23:00:38.063352 未中奖
2026/05/28 23:00:38.063352 未中奖
2026/05/28 23:00:38.063352 未中奖
2026/05/28 23:00:38.063352 未中奖
2026/05/28 23:00:38.063352 奖品已发完
2026/05/28 23:00:38.063352 未中奖
2026/05/28 23:00:38.063352 奖品已发完
2026/05/28 23:00:38.063352 未中奖
2026/05/28 23:00:38.063352 未中奖
2026/05/28 23:00:38.063352 未中奖
2026/05/28 23:00:38.063352 未中奖
2026/05/28 23:00:38.063352 未中奖
2026/05/28 23:00:38.063352 未中奖
2026/05/28 23:00:38.063352 未中奖
2026/05/28 23:00:38.063352 未中奖
2026/05/28 23:00:38.063352 未中奖
2026/05/28 23:00:38.063352 未中奖
2026/05/28 23:00:38.063352 未中奖
2026/05/28 23:00:38.063352 未中奖
2026/05/28 23:00:38.063352 未中奖
2026/05/28 23:00:38.063352 未中奖
2026/05/28 23:00:38.063352 未中奖
2026/05/28 23:00:38.063352 未中奖
2026/05/28 23:00:38.063352 奖品已发完
2026/05/28 23:00:38.063352 未中奖
2026/05/28 23:00:38.063352 未中奖
2026/05/28 23:00:38.063352 未中奖
2026/05/28 23:00:38.063352 未中奖
2026/05/28 23:00:38.063352 未中奖
2026/05/28 23:00:38.063352 未中奖
2026/05/28 23:00:38.063352 未中奖
2026/05/28 23:00:38.063352 未中奖
2026/05/28 23:00:38.063352 未中奖
2026/05/28 23:00:38.063352 未中奖
2026/05/28 23:00:38.063352 未中奖
2026/05/28 23:00:38.063352 未中奖
2026/05/28 23:00:38.063352 未中奖
2026/05/28 23:00:38.063352 未中奖
2026/05/28 23:00:38.063352 未中奖
2026/05/28 23:00:38.063352 未中奖
2026/05/28 23:00:38.063352 奖品已发完
2026/05/28 23:00:38.063352 奖品已发完
2026/05/28 23:00:38.063352 未中奖
2026/05/28 23:00:38.063352 未中奖
2026/05/28 23:00:38.063352 未中奖
2026/05/28 23:00:38.063352 未中奖
2026/05/28 23:00:38.063352 未中奖
2026/05/28 23:00:38.063352 未中奖
2026/05/28 23:00:38.063352 未中奖
2026/05/28 23:00:38.063352 未中奖
2026/05/28 23:00:38.063352 奖品已发完
2026/05/28 23:00:38.063352 未中奖
2026/05/28 23:00:38.063352 未中奖
2026/05/28 23:00:38.063352 未中奖
2026/05/28 23:00:38.063352 未中奖
2026/05/28 23:00:38.063352 未中奖
2026/05/28 23:00:38.063352 奖品已发完
2026/05/28 23:00:38.063352 未中奖
2026/05/28 23:00:38.063352 未中奖
2026/05/28 23:00:38.063352 未中奖
2026/05/28 23:00:38.064863 奖品已发完
2026/05/28 23:00:38.064863 未中奖
2026/05/28 23:00:38.064863 未中奖
2026/05/28 23:00:38.064863 奖品已发完
2026/05/28 23:00:38.064863 未中奖
2026/05/28 23:00:38.064863 未中奖
2026/05/28 23:00:38.064863 未中奖
2026/05/28 23:00:38.064863 未中奖
2026/05/28 23:00:38.064863 未中奖
2026/05/28 23:00:38.064863 未中奖
2026/05/28 23:00:38.064863 未中奖
2026/05/28 23:00:38.064863 奖品已发完
2026/05/28 23:00:38.064863 奖品已发完
2026/05/28 23:00:38.064863 未中奖
2026/05/28 23:00:38.064863 未中奖
2026/05/28 23:00:38.064863 未中奖
2026/05/28 23:00:38.064863 未中奖
2026/05/28 23:00:38.064863 未中奖
2026/05/28 23:00:38.064863 未中奖
2026/05/28 23:00:38.064863 未中奖
2026/05/28 23:00:38.064863 未中奖
2026/05/28 23:00:38.064863 未中奖
2026/05/28 23:00:38.064863 未中奖
2026/05/28 23:00:38.064863 奖品已发完
2026/05/28 23:00:38.064863 未中奖
2026/05/28 23:00:38.064863 未中奖
2026/05/28 23:00:38.064863 未中奖
2026/05/28 23:00:38.064863 未中奖
2026/05/28 23:00:38.064863 未中奖
2026/05/28 23:00:38.064863 未中奖
2026/05/28 23:00:38.064863 未中奖
2026/05/28 23:00:38.064863 奖品已发完
2026/05/28 23:00:38.064863 未中奖
2026/05/28 23:00:38.064863 未中奖
2026/05/28 23:00:38.064863 未中奖
2026/05/28 23:00:38.064863 未中奖
2026/05/28 23:00:38.064863 未中奖
2026/05/28 23:00:38.064863 奖品已发完
2026/05/28 23:00:38.064863 未中奖
2026/05/28 23:00:38.064863 未中奖
2026/05/28 23:00:38.064863 未中奖
2026/05/28 23:00:38.064863 未中奖
2026/05/28 23:00:38.064863 奖品已发完
2026/05/28 23:00:38.064863 未中奖
2026/05/28 23:00:38.064863 未中奖
2026/05/28 23:00:38.064863 未中奖
2026/05/28 23:00:38.064863 奖品已发完
2026/05/28 23:00:38.064863 未中奖
2026/05/28 23:00:38.064863 未中奖
2026/05/28 23:00:38.064863 未中奖
2026/05/28 23:00:38.064863 未中奖
2026/05/28 23:00:38.064863 未中奖
2026/05/28 23:00:38.064863 未中奖
2026/05/28 23:00:38.064863 未中奖
2026/05/28 23:00:38.064863 未中奖
2026/05/28 23:00:38.064863 未中奖
2026/05/28 23:00:38.064863 未中奖
2026/05/28 23:00:38.064863 奖品已发完
2026/05/28 23:00:38.064863 未中奖
2026/05/28 23:00:38.064863 未中奖
2026/05/28 23:00:38.064863 未中奖
2026/05/28 23:00:38.064863 未中奖
2026/05/28 23:00:38.064863 奖品已发完
2026/05/28 23:00:38.064863 未中奖
2026/05/28 23:00:38.064863 未中奖
2026/05/28 23:00:38.064863 未中奖
2026/05/28 23:00:38.064863 未中奖
2026/05/28 23:00:38.064863 奖品已发完
2026/05/28 23:00:38.064863 未中奖
2026/05/28 23:00:38.064863 未中奖
2026/05/28 23:00:38.064863 未中奖
2026/05/28 23:00:38.064863 未中奖
2026/05/28 23:00:38.064863 未中奖
2026/05/28 23:00:38.065870 未中奖
2026/05/28 23:00:38.065870 未中奖
2026/05/28 23:00:38.065870 奖品已发完
2026/05/28 23:00:38.065870 奖品已发完
2026/05/28 23:00:38.065870 未中奖
2026/05/28 23:00:38.065870 未中奖
2026/05/28 23:00:38.065870 未中奖
2026/05/28 23:00:38.065870 未中奖
2026/05/28 23:00:38.065870 未中奖
2026/05/28 23:00:38.065870 未中奖
2026/05/28 23:00:38.065870 未中奖
2026/05/28 23:00:38.065870 未中奖
2026/05/28 23:00:38.065870 奖品已发完
2026/05/28 23:00:38.065870 未中奖
2026/05/28 23:00:38.065870 未中奖
2026/05/28 23:00:38.065870 未中奖
2026/05/28 23:00:38.065870 未中奖
2026/05/28 23:00:38.065870 未中奖
2026/05/28 23:00:38.065870 未中奖
2026/05/28 23:00:38.065870 未中奖
2026/05/28 23:00:38.065870 未中奖
2026/05/28 23:00:38.065870 奖品已发完
2026/05/28 23:00:38.065870 未中奖
2026/05/28 23:00:38.065870 奖品已发完
2026/05/28 23:00:38.065870 奖品已发完
2026/05/28 23:00:38.065870 未中奖
2026/05/28 23:00:38.065870 未中奖
2026/05/28 23:00:38.065870 未中奖
2026/05/28 23:00:38.065870 未中奖
2026/05/28 23:00:38.065870 未中奖
2026/05/28 23:00:38.065870 未中奖
2026/05/28 23:00:38.065870 未中奖
2026/05/28 23:00:38.065870 未中奖
2026/05/28 23:00:38.065870 未中奖
2026/05/28 23:00:38.065870 未中奖
2026/05/28 23:00:38.066374 未中奖
2026/05/28 23:00:38.066374 未中奖
2026/05/28 23:00:38.066374 未中奖
2026/05/28 23:00:38.066374 未中奖
2026/05/28 23:00:38.066374 未中奖
2026/05/28 23:00:38.066374 未中奖
2026/05/28 23:00:38.066374 未中奖
2026/05/28 23:00:38.066374 未中奖
2026/05/28 23:00:38.066374 未中奖
2026/05/28 23:00:38.066374 奖品已发完
2026/05/28 23:00:38.066374 未中奖
2026/05/28 23:00:38.066374 未中奖
2026/05/28 23:00:38.066374 未中奖
2026/05/28 23:00:38.066374 未中奖
2026/05/28 23:00:38.066374 未中奖
2026/05/28 23:00:38.066374 未中奖
2026/05/28 23:00:38.066374 未中奖
2026/05/28 23:00:38.066374 未中奖
2026/05/28 23:00:38.066374 未中奖
2026/05/28 23:00:38.066374 未中奖
2026/05/28 23:00:38.066374 未中奖
2026/05/28 23:00:38.066374 未中奖
2026/05/28 23:00:38.066374 未中奖
2026/05/28 23:00:38.066374 未中奖
2026/05/28 23:00:38.066374 未中奖
2026/05/28 23:00:38.066374 未中奖
2026/05/28 23:00:38.066374 未中奖
2026/05/28 23:00:38.066374 未中奖
2026/05/28 23:00:38.066374 未中奖
2026/05/28 23:00:38.066374 未中奖
2026/05/28 23:00:38.066374 奖品已发完
2026/05/28 23:00:38.066374 未中奖
2026/05/28 23:00:38.066374 未中奖
2026/05/28 23:00:38.066374 未中奖
2026/05/28 23:00:38.066374 未中奖
2026/05/28 23:00:38.066374 奖品已发完
2026/05/28 23:00:38.066374 未中奖
2026/05/28 23:00:38.066374 未中奖
2026/05/28 23:00:38.066374 未中奖
2026/05/28 23:00:38.066374 未中奖
2026/05/28 23:00:38.066374 未中奖
2026/05/28 23:00:38.066374 未中奖
2026/05/28 23:00:38.066374 未中奖
2026/05/28 23:00:38.066374 未中奖
2026/05/28 23:00:38.066374 奖品已发完
2026/05/28 23:00:38.066374 未中奖
2026/05/28 23:00:38.066374 未中奖
2026/05/28 23:00:38.066374 未中奖
2026/05/28 23:00:38.066374 未中奖
2026/05/28 23:00:38.066374 未中奖
2026/05/28 23:00:38.066374 未中奖
2026/05/28 23:00:38.066374 未中奖
2026/05/28 23:00:38.066374 未中奖
2026/05/28 23:00:38.066374 未中奖
2026/05/28 23:00:38.066374 未中奖
2026/05/28 23:00:38.066374 未中奖
2026/05/28 23:00:38.066374 未中奖
2026/05/28 23:00:38.066374 奖品已发完
2026/05/28 23:00:38.066374 奖品已发完
2026/05/28 23:00:38.066374 未中奖
2026/05/28 23:00:38.066374 未中奖
2026/05/28 23:00:38.066374 未中奖
2026/05/28 23:00:38.066374 奖品已发完
2026/05/28 23:00:38.066374 奖品已发完
2026/05/28 23:00:38.066374 未中奖
2026/05/28 23:00:38.066374 未中奖
2026/05/28 23:00:38.066374 未中奖
2026/05/28 23:00:38.066374 未中奖
2026/05/28 23:00:38.066374 奖品已发完
2026/05/28 23:00:38.066374 未中奖
2026/05/28 23:00:38.067380 未中奖
2026/05/28 23:00:38.067380 未中奖
2026/05/28 23:00:38.067380 未中奖
2026/05/28 23:00:38.067380 未中奖
2026/05/28 23:00:38.067380 奖品已发完
2026/05/28 23:00:38.067380 未中奖
2026/05/28 23:00:38.067380 未中奖
2026/05/28 23:00:38.067380 未中奖
2026/05/28 23:00:38.067380 未中奖
2026/05/28 23:00:38.067380 未中奖
2026/05/28 23:00:38.067380 奖品已发完
2026/05/28 23:00:38.067380 未中奖
2026/05/28 23:00:38.067380 未中奖
2026/05/28 23:00:38.067380 未中奖
2026/05/28 23:00:38.067380 未中奖
2026/05/28 23:00:38.067380 未中奖
2026/05/28 23:00:38.067380 未中奖
2026/05/28 23:00:38.067380 未中奖
2026/05/28 23:00:38.067380 未中奖
2026/05/28 23:00:38.067380 未中奖
2026/05/28 23:00:38.067380 奖品已发完
2026/05/28 23:00:38.067380 未中奖
2026/05/28 23:00:38.067380 未中奖
2026/05/28 23:00:38.067380 未中奖
2026/05/28 23:00:38.067380 未中奖
2026/05/28 23:00:38.067380 未中奖
2026/05/28 23:00:38.067380 未中奖
2026/05/28 23:00:38.067380 未中奖
2026/05/28 23:00:38.067380 未中奖
2026/05/28 23:00:38.067380 未中奖
2026/05/28 23:00:38.067380 未中奖
2026/05/28 23:00:38.067380 未中奖
2026/05/28 23:00:38.067380 未中奖
2026/05/28 23:00:38.067380 未中奖
2026/05/28 23:00:38.067380 未中奖
2026/05/28 23:00:38.067380 奖品已发完
2026/05/28 23:00:38.067380 未中奖
2026/05/28 23:00:38.067380 未中奖
2026/05/28 23:00:38.067380 奖品已发完
2026/05/28 23:00:38.067380 奖品已发完
2026/05/28 23:00:38.067380 奖品已发完
2026/05/28 23:00:38.067380 未中奖
2026/05/28 23:00:38.067380 未中奖
2026/05/28 23:00:38.067380 未中奖
2026/05/28 23:00:38.067380 未中奖
2026/05/28 23:00:38.067380 奖品已发完
2026/05/28 23:00:38.067380 未中奖
2026/05/28 23:00:38.067380 未中奖
2026/05/28 23:00:38.067380 未中奖
2026/05/28 23:00:38.067380 未中奖
2026/05/28 23:00:38.067380 未中奖
2026/05/28 23:00:38.067380 未中奖
2026/05/28 23:00:38.067380 未中奖
2026/05/28 23:00:38.067380 未中奖
2026/05/28 23:00:38.067380 未中奖
2026/05/28 23:00:38.067380 未中奖
2026/05/28 23:00:38.067380 未中奖
2026/05/28 23:00:38.067380 未中奖
2026/05/28 23:00:38.067380 未中奖
2026/05/28 23:00:38.067380 未中奖
2026/05/28 23:00:38.067380 奖品已发完
2026/05/28 23:00:38.067380 未中奖
2026/05/28 23:00:38.067380 奖品已发完
2026/05/28 23:00:38.067380 未中奖
2026/05/28 23:00:38.067380 未中奖
2026/05/28 23:00:38.067380 未中奖
2026/05/28 23:00:38.067380 未中奖
2026/05/28 23:00:38.067380 奖品已发完
2026/05/28 23:00:38.068386 未中奖
2026/05/28 23:00:38.068386 未中奖
2026/05/28 23:00:38.068386 未中奖
2026/05/28 23:00:38.068386 奖品已发完
2026/05/28 23:00:38.068386 未中奖
2026/05/28 23:00:38.068386 未中奖
2026/05/28 23:00:38.068386 未中奖
2026/05/28 23:00:38.068386 未中奖
2026/05/28 23:00:38.068386 未中奖
2026/05/28 23:00:38.068386 奖品已发完
2026/05/28 23:00:38.068386 未中奖
2026/05/28 23:00:38.068386 未中奖
2026/05/28 23:00:38.068386 未中奖
2026/05/28 23:00:38.068386 未中奖
2026/05/28 23:00:38.068386 未中奖
2026/05/28 23:00:38.068386 未中奖
2026/05/28 23:00:38.068386 未中奖
2026/05/28 23:00:38.068386 未中奖
2026/05/28 23:00:38.068386 未中奖
2026/05/28 23:00:38.068386 奖品已发完
2026/05/28 23:00:38.068386 未中奖
2026/05/28 23:00:38.068386 奖品已发完
2026/05/28 23:00:38.068386 未中奖
2026/05/28 23:00:38.068386 未中奖
2026/05/28 23:00:38.068386 奖品已发完
2026/05/28 23:00:38.068386 未中奖
2026/05/28 23:00:38.068386 奖品已发完
2026/05/28 23:00:38.068386 未中奖
2026/05/28 23:00:38.068386 奖品已发完
2026/05/28 23:00:38.068386 未中奖
2026/05/28 23:00:38.068386 未中奖
2026/05/28 23:00:38.068386 未中奖
2026/05/28 23:00:38.068386 未中奖
2026/05/28 23:00:38.068386 未中奖
2026/05/28 23:00:38.068386 未中奖
2026/05/28 23:00:38.068386 未中奖
2026/05/28 23:00:38.068386 未中奖
2026/05/28 23:00:38.068386 奖品已发完
2026/05/28 23:00:38.068386 未中奖
2026/05/28 23:00:38.068386 未中奖
2026/05/28 23:00:38.068386 奖品已发完
2026/05/28 23:00:38.068386 未中奖
2026/05/28 23:00:38.068386 奖品已发完
2026/05/28 23:00:38.068386 未中奖
2026/05/28 23:00:38.068386 未中奖
2026/05/28 23:00:38.068386 未中奖
2026/05/28 23:00:38.068386 未中奖
2026/05/28 23:00:38.068386 未中奖
2026/05/28 23:00:38.068386 未中奖
2026/05/28 23:00:38.068386 未中奖
2026/05/28 23:00:38.068386 未中奖
2026/05/28 23:00:38.068386 未中奖
2026/05/28 23:00:38.068386 未中奖
2026/05/28 23:00:38.068386 未中奖
2026/05/28 23:00:38.068386 未中奖
2026/05/28 23:00:38.068386 未中奖
2026/05/28 23:00:38.068386 未中奖
2026/05/28 23:00:38.068386 未中奖
2026/05/28 23:00:38.068386 奖品已发完
2026/05/28 23:00:38.068386 未中奖
2026/05/28 23:00:38.068386 未中奖
2026/05/28 23:00:38.068386 未中奖
2026/05/28 23:00:38.068386 奖品已发完
2026/05/28 23:00:38.068386 未中奖
2026/05/28 23:00:38.069381 未中奖
2026/05/28 23:00:38.069381 未中奖
2026/05/28 23:00:38.069381 奖品已发完
2026/05/28 23:00:38.069381 未中奖
2026/05/28 23:00:38.069381 未中奖
2026/05/28 23:00:38.069381 未中奖
2026/05/28 23:00:38.069381 未中奖
2026/05/28 23:00:38.069381 奖品已发完
2026/05/28 23:00:38.069381 未中奖
2026/05/28 23:00:38.069381 未中奖
2026/05/28 23:00:38.069381 未中奖
2026/05/28 23:00:38.069381 未中奖
2026/05/28 23:00:38.069381 奖品已发完
2026/05/28 23:00:38.069381 未中奖
2026/05/28 23:00:38.069381 未中奖
2026/05/28 23:00:38.069381 未中奖
2026/05/28 23:00:38.069381 未中奖
2026/05/28 23:00:38.069381 未中奖
2026/05/28 23:00:38.069381 未中奖
2026/05/28 23:00:38.069381 未中奖
2026/05/28 23:00:38.069381 未中奖
2026/05/28 23:00:38.069381 未中奖
2026/05/28 23:00:38.069381 未中奖
2026/05/28 23:00:38.069381 未中奖
2026/05/28 23:00:38.069381 未中奖
2026/05/28 23:00:38.069381 未中奖
2026/05/28 23:00:38.069381 未中奖
2026/05/28 23:00:38.069381 未中奖
2026/05/28 23:00:38.069381 奖品已发完
2026/05/28 23:00:38.069381 未中奖
2026/05/28 23:00:38.069381 未中奖
2026/05/28 23:00:38.069381 未中奖
2026/05/28 23:00:38.069381 未中奖
2026/05/28 23:00:38.069381 未中奖
2026/05/28 23:00:38.069381 未中奖
2026/05/28 23:00:38.069381 未中奖
2026/05/28 23:00:38.069381 未中奖
2026/05/28 23:00:38.069381 奖品已发完
2026/05/28 23:00:38.069381 未中奖
2026/05/28 23:00:38.069381 未中奖
2026/05/28 23:00:38.069381 未中奖
2026/05/28 23:00:38.069381 未中奖
2026/05/28 23:00:38.069381 未中奖
2026/05/28 23:00:38.069381 奖品已发完
2026/05/28 23:00:38.069381 未中奖
2026/05/28 23:00:38.069381 未中奖
2026/05/28 23:00:38.069381 未中奖
2026/05/28 23:00:38.069381 未中奖
2026/05/28 23:00:38.069381 未中奖
2026/05/28 23:00:38.069381 未中奖
2026/05/28 23:00:38.069381 未中奖
2026/05/28 23:00:38.069381 奖品已发完
2026/05/28 23:00:38.069381 未中奖
2026/05/28 23:00:38.069381 未中奖
2026/05/28 23:00:38.069381 奖品已发完
2026/05/28 23:00:38.069381 未中奖
2026/05/28 23:00:38.069381 未中奖
2026/05/28 23:00:38.069381 未中奖
2026/05/28 23:00:38.069381 未中奖
2026/05/28 23:00:38.069381 未中奖
2026/05/28 23:00:38.069381 未中奖
2026/05/28 23:00:38.069381 未中奖
2026/05/28 23:00:38.069381 未中奖
2026/05/28 23:00:38.070678 未中奖
2026/05/28 23:00:38.070678 未中奖
2026/05/28 23:00:38.070678 奖品已发完
2026/05/28 23:00:38.070678 未中奖
2026/05/28 23:00:38.070678 未中奖
2026/05/28 23:00:38.070678 奖品已发完
2026/05/28 23:00:38.070678 未中奖
2026/05/28 23:00:38.070678 未中奖
2026/05/28 23:00:38.070678 未中奖
2026/05/28 23:00:38.070678 未中奖
2026/05/28 23:00:38.070678 未中奖
2026/05/28 23:00:38.070678 未中奖
2026/05/28 23:00:38.070678 未中奖
2026/05/28 23:00:38.070678 未中奖
2026/05/28 23:00:38.070678 未中奖
2026/05/28 23:00:38.070678 未中奖
2026/05/28 23:00:38.070678 未中奖
2026/05/28 23:00:38.070678 未中奖
2026/05/28 23:00:38.070678 未中奖
2026/05/28 23:00:38.070678 未中奖
2026/05/28 23:00:38.070678 未中奖
2026/05/28 23:00:38.070678 未中奖
2026/05/28 23:00:38.070678 未中奖
2026/05/28 23:00:38.070678 未中奖
2026/05/28 23:00:38.070678 奖品已发完
2026/05/28 23:00:38.070678 未中奖
2026/05/28 23:00:38.070678 奖品已发完
2026/05/28 23:00:38.070678 未中奖
2026/05/28 23:00:38.070678 未中奖
2026/05/28 23:00:38.070678 未中奖
2026/05/28 23:00:38.070678 未中奖
2026/05/28 23:00:38.070678 未中奖
2026/05/28 23:00:38.070678 未中奖
2026/05/28 23:00:38.070678 奖品已发完
2026/05/28 23:00:38.070678 未中奖
2026/05/28 23:00:38.070678 未中奖
2026/05/28 23:00:38.070678 未中奖
2026/05/28 23:00:38.070678 未中奖
2026/05/28 23:00:38.070678 奖品已发完
2026/05/28 23:00:38.070678 未中奖
2026/05/28 23:00:38.070678 未中奖
2026/05/28 23:00:38.070678 未中奖
2026/05/28 23:00:38.070678 未中奖
2026/05/28 23:00:38.070678 未中奖
2026/05/28 23:00:38.070678 未中奖
2026/05/28 23:00:38.070678 未中奖
2026/05/28 23:00:38.070678 未中奖
2026/05/28 23:00:38.070678 未中奖
2026/05/28 23:00:38.070678 未中奖
2026/05/28 23:00:38.070678 未中奖
2026/05/28 23:00:38.070678 未中奖
2026/05/28 23:00:38.070678 未中奖
2026/05/28 23:00:38.070678 未中奖
2026/05/28 23:00:38.070678 未中奖
2026/05/28 23:00:38.070678 未中奖
2026/05/28 23:00:38.070678 未中奖
2026/05/28 23:00:38.070678 未中奖
2026/05/28 23:00:38.070678 奖品已发完
2026/05/28 23:00:38.070678 未中奖
2026/05/28 23:00:38.070678 未中奖
2026/05/28 23:00:38.070678 未中奖
2026/05/28 23:00:38.070678 未中奖
2026/05/28 23:00:38.070678 奖品已发完
2026/05/28 23:00:38.070678 未中奖
2026/05/28 23:00:38.070678 奖品已发完
2026/05/28 23:00:38.070678 未中奖
2026/05/28 23:00:38.070678 奖品已发完
2026/05/28 23:00:38.070678 未中奖
2026/05/28 23:00:38.070678 奖品已发完
2026/05/28 23:00:38.070678 未中奖
2026/05/28 23:00:38.070678 未中奖
2026/05/28 23:00:38.070678 未中奖
2026/05/28 23:00:38.070678 未中奖
2026/05/28 23:00:38.070678 未中奖
2026/05/28 23:00:38.070678 未中奖
2026/05/28 23:00:38.070678 未中奖
2026/05/28 23:00:38.070678 未中奖
2026/05/28 23:00:38.070678 未中奖
2026/05/28 23:00:38.070678 未中奖
2026/05/28 23:00:38.070678 未中奖
2026/05/28 23:00:38.070678 未中奖
2026/05/28 23:00:38.070678 未中奖
2026/05/28 23:00:38.070678 未中奖
2026/05/28 23:00:38.070678 未中奖
2026/05/28 23:00:38.070678 未中奖
2026/05/28 23:00:38.070678 未中奖
2026/05/28 23:00:38.070678 奖品已发完
2026/05/28 23:00:38.070678 奖品已发完
2026/05/28 23:00:38.070678 未中奖
2026/05/28 23:00:38.070678 未中奖
2026/05/28 23:00:38.071766 未中奖
2026/05/28 23:00:38.071766 未中奖
2026/05/28 23:00:38.071766 未中奖
2026/05/28 23:00:38.071766 未中奖
2026/05/28 23:00:38.071766 未中奖
2026/05/28 23:00:38.071766 未中奖
2026/05/28 23:00:38.071766 未中奖
2026/05/28 23:00:38.071766 未中奖
2026/05/28 23:00:38.071766 未中奖
2026/05/28 23:00:38.071766 未中奖
2026/05/28 23:00:38.071766 未中奖
2026/05/28 23:00:38.071766 未中奖
2026/05/28 23:00:38.071766 未中奖
2026/05/28 23:00:38.071766 未中奖
2026/05/28 23:00:38.071766 未中奖
2026/05/28 23:00:38.071766 未中奖
2026/05/28 23:00:38.071766 奖品已发完
2026/05/28 23:00:38.071766 未中奖
2026/05/28 23:00:38.071766 未中奖
2026/05/28 23:00:38.071766 未中奖
2026/05/28 23:00:38.071766 未中奖
2026/05/28 23:00:38.071766 未中奖
2026/05/28 23:00:38.071766 未中奖
2026/05/28 23:00:38.071766 未中奖
2026/05/28 23:00:38.071766 奖品已发完
2026/05/28 23:00:38.071766 未中奖
2026/05/28 23:00:38.071766 未中奖
2026/05/28 23:00:38.071766 未中奖
2026/05/28 23:00:38.071766 奖品已发完
2026/05/28 23:00:38.071766 未中奖
2026/05/28 23:00:38.071766 未中奖
2026/05/28 23:00:38.071766 奖品已发完
2026/05/28 23:00:38.071766 未中奖
2026/05/28 23:00:38.071766 未中奖
2026/05/28 23:00:38.071766 未中奖
2026/05/28 23:00:38.071766 未中奖
2026/05/28 23:00:38.071766 未中奖
2026/05/28 23:00:38.071766 未中奖
2026/05/28 23:00:38.071766 未中奖
2026/05/28 23:00:38.071766 未中奖
2026/05/28 23:00:38.071766 未中奖
2026/05/28 23:00:38.071766 未中奖
2026/05/28 23:00:38.071766 未中奖
2026/05/28 23:00:38.071766 未中奖
2026/05/28 23:00:38.071766 未中奖
2026/05/28 23:00:38.071766 未中奖
2026/05/28 23:00:38.071766 未中奖
2026/05/28 23:00:38.071766 奖品已发完
2026/05/28 23:00:38.071766 未中奖
2026/05/28 23:00:38.071766 未中奖
2026/05/28 23:00:38.071766 未中奖
2026/05/28 23:00:38.071766 未中奖
2026/05/28 23:00:38.071766 未中奖
2026/05/28 23:00:38.071766 未中奖
2026/05/28 23:00:38.071766 未中奖
2026/05/28 23:00:38.071766 未中奖
2026/05/28 23:00:38.071766 奖品已发完
2026/05/28 23:00:38.071766 未中奖
2026/05/28 23:00:38.071766 未中奖
2026/05/28 23:00:38.071766 未中奖
2026/05/28 23:00:38.071766 未中奖
2026/05/28 23:00:38.071766 未中奖
2026/05/28 23:00:38.071766 未中奖
2026/05/28 23:00:38.071766 未中奖
2026/05/28 23:00:38.071766 未中奖
2026/05/28 23:00:38.071766 未中奖
2026/05/28 23:00:38.071766 未中奖
2026/05/28 23:00:38.071766 未中奖
2026/05/28 23:00:38.071766 奖品已发完
2026/05/28 23:00:38.071766 未中奖
2026/05/28 23:00:38.071766 未中奖
2026/05/28 23:00:38.071766 未中奖
2026/05/28 23:00:38.071766 未中奖
2026/05/28 23:00:38.071766 未中奖
2026/05/28 23:00:38.071766 奖品已发完
2026/05/28 23:00:38.071766 未中奖
2026/05/28 23:00:38.071766 未中奖
2026/05/28 23:00:38.071766 未中奖
2026/05/28 23:00:38.071766 未中奖
2026/05/28 23:00:38.071766 未中奖
2026/05/28 23:00:38.071766 未中奖
2026/05/28 23:00:38.071766 奖品已发完
2026/05/28 23:00:38.071766 未中奖
2026/05/28 23:00:38.071766 奖品已发完
2026/05/28 23:00:38.071766 未中奖
2026/05/28 23:00:38.071766 未中奖
2026/05/28 23:00:38.071766 奖品已发完
2026/05/28 23:00:38.071766 未中奖
2026/05/28 23:00:38.071766 未中奖
2026/05/28 23:00:38.071766 未中奖
2026/05/28 23:00:38.071766 未中奖
2026/05/28 23:00:38.071766 奖品已发完
2026/05/28 23:00:38.071766 未中奖
2026/05/28 23:00:38.071766 未中奖
2026/05/28 23:00:38.071766 奖品已发完
2026/05/28 23:00:38.071766 未中奖
2026/05/28 23:00:38.071766 未中奖
2026/05/28 23:00:38.071766 未中奖
2026/05/28 23:00:38.071766 奖品已发完
2026/05/28 23:00:38.071766 未中奖
2026/05/28 23:00:38.071766 未中奖
2026/05/28 23:00:38.071766 未中奖
2026/05/28 23:00:38.071766 未中奖
2026/05/28 23:00:38.071766 未中奖
2026/05/28 23:00:38.071766 未中奖
2026/05/28 23:00:38.072811 未中奖
2026/05/28 23:00:38.072811 未中奖
2026/05/28 23:00:38.072811 未中奖
2026/05/28 23:00:38.072811 未中奖
2026/05/28 23:00:38.072811 未中奖
2026/05/28 23:00:38.072811 奖品已发完
2026/05/28 23:00:38.072811 未中奖
2026/05/28 23:00:38.072811 未中奖
2026/05/28 23:00:38.072811 未中奖
2026/05/28 23:00:38.072811 未中奖
2026/05/28 23:00:38.072811 未中奖
2026/05/28 23:00:38.072811 未中奖
2026/05/28 23:00:38.072811 未中奖
2026/05/28 23:00:38.072811 未中奖
2026/05/28 23:00:38.072811 未中奖
2026/05/28 23:00:38.072811 未中奖
2026/05/28 23:00:38.072811 未中奖
2026/05/28 23:00:38.072811 未中奖
2026/05/28 23:00:38.072811 未中奖
2026/05/28 23:00:38.072811 未中奖
2026/05/28 23:00:38.072811 未中奖
2026/05/28 23:00:38.072811 未中奖
2026/05/28 23:00:38.072811 奖品已发完
2026/05/28 23:00:38.072811 未中奖
2026/05/28 23:00:38.072811 未中奖
2026/05/28 23:00:38.072811 未中奖
2026/05/28 23:00:38.072811 未中奖
2026/05/28 23:00:38.072811 未中奖
2026/05/28 23:00:38.072811 未中奖
2026/05/28 23:00:38.072811 未中奖
2026/05/28 23:00:38.072811 未中奖
2026/05/28 23:00:38.072811 未中奖
2026/05/28 23:00:38.072811 未中奖
2026/05/28 23:00:38.072811 未中奖
2026/05/28 23:00:38.072811 未中奖
2026/05/28 23:00:38.072811 未中奖
2026/05/28 23:00:38.072811 未中奖
2026/05/28 23:00:38.072811 奖品已发完
2026/05/28 23:00:38.072811 奖品已发完
2026/05/28 23:00:38.072811 未中奖
2026/05/28 23:00:38.072811 未中奖
2026/05/28 23:00:38.072811 未中奖
2026/05/28 23:00:38.072811 未中奖
2026/05/28 23:00:38.072811 未中奖
2026/05/28 23:00:38.072811 未中奖
2026/05/28 23:00:38.072811 未中奖
2026/05/28 23:00:38.072811 未中奖
2026/05/28 23:00:38.072811 未中奖
2026/05/28 23:00:38.072811 未中奖
2026/05/28 23:00:38.072811 未中奖
2026/05/28 23:00:38.072811 未中奖
2026/05/28 23:00:38.072811 未中奖
2026/05/28 23:00:38.072811 未中奖
2026/05/28 23:00:38.072811 未中奖
2026/05/28 23:00:38.072811 未中奖
2026/05/28 23:00:38.072811 未中奖
2026/05/28 23:00:38.072811 未中奖
2026/05/28 23:00:38.072811 未中奖
2026/05/28 23:00:38.072811 未中奖
2026/05/28 23:00:38.072811 奖品已发完
2026/05/28 23:00:38.072811 未中奖
2026/05/28 23:00:38.072811 未中奖
2026/05/28 23:00:38.072811 未中奖
2026/05/28 23:00:38.072811 未中奖
2026/05/28 23:00:38.072811 未中奖
2026/05/28 23:00:38.072811 未中奖
2026/05/28 23:00:38.072811 未中奖
2026/05/28 23:00:38.072811 未中奖
2026/05/28 23:00:38.072811 未中奖
2026/05/28 23:00:38.072811 未中奖
2026/05/28 23:00:38.072811 奖品已发完
2026/05/28 23:00:38.072811 未中奖
2026/05/28 23:00:38.072811 奖品已发完
2026/05/28 23:00:38.072811 未中奖
2026/05/28 23:00:38.072811 奖品已发完
2026/05/28 23:00:38.072811 未中奖
2026/05/28 23:00:38.072811 未中奖
2026/05/28 23:00:38.072811 未中奖
2026/05/28 23:00:38.072811 未中奖
2026/05/28 23:00:38.072811 未中奖
2026/05/28 23:00:38.072811 未中奖
2026/05/28 23:00:38.072811 未中奖
2026/05/28 23:00:38.072811 未中奖
2026/05/28 23:00:38.072811 未中奖
2026/05/28 23:00:38.072811 未中奖
2026/05/28 23:00:38.072811 未中奖
2026/05/28 23:00:38.072811 未中奖
2026/05/28 23:00:38.072811 未中奖
2026/05/28 23:00:38.072811 未中奖
2026/05/28 23:00:38.072811 未中奖
2026/05/28 23:00:38.072811 未中奖
2026/05/28 23:00:38.072811 未中奖
2026/05/28 23:00:38.072811 未中奖
2026/05/28 23:00:38.072811 奖品已发完
2026/05/28 23:00:38.072811 未中奖
2026/05/28 23:00:38.072811 未中奖
2026/05/28 23:00:38.072811 未中奖
2026/05/28 23:00:38.072811 未中奖
2026/05/28 23:00:38.072811 未中奖
2026/05/28 23:00:38.072811 奖品已发完
2026/05/28 23:00:38.072811 未中奖
2026/05/28 23:00:38.072811 未中奖
2026/05/28 23:00:38.072811 未中奖
2026/05/28 23:00:38.072811 未中奖
2026/05/28 23:00:38.072811 未中奖
2026/05/28 23:00:38.072811 未中奖
2026/05/28 23:00:38.072811 奖品已发完
2026/05/28 23:00:38.072811 未中奖
2026/05/28 23:00:38.072811 未中奖
2026/05/28 23:00:38.072811 未中奖
2026/05/28 23:00:38.072811 未中奖
2026/05/28 23:00:38.072811 奖品已发完
2026/05/28 23:00:38.072811 未中奖
2026/05/28 23:00:38.072811 未中奖
2026/05/28 23:00:38.072811 未中奖
2026/05/28 23:00:38.072811 未中奖
2026/05/28 23:00:38.072811 未中奖
2026/05/28 23:00:38.072811 未中奖
2026/05/28 23:00:38.072811 未中奖
2026/05/28 23:00:38.072811 未中奖
2026/05/28 23:00:38.072811 未中奖
2026/05/28 23:00:38.072811 未中奖
2026/05/28 23:00:38.072811 未中奖
2026/05/28 23:00:38.074031 奖品已发完
2026/05/28 23:00:38.074031 奖品已发完
2026/05/28 23:00:38.074031 未中奖
2026/05/28 23:00:38.074031 未中奖
2026/05/28 23:00:38.074031 未中奖
2026/05/28 23:00:38.074031 未中奖
2026/05/28 23:00:38.074031 奖品已发完
2026/05/28 23:00:38.074031 未中奖
2026/05/28 23:00:38.074031 未中奖
2026/05/28 23:00:38.074031 未中奖
2026/05/28 23:00:38.074031 奖品已发完
2026/05/28 23:00:38.074031 奖品已发完
2026/05/28 23:00:38.074031 未中奖
2026/05/28 23:00:38.074031 未中奖
2026/05/28 23:00:38.074031 未中奖
2026/05/28 23:00:38.074031 未中奖
2026/05/28 23:00:38.074031 未中奖
2026/05/28 23:00:38.074031 未中奖
2026/05/28 23:00:38.074031 未中奖
2026/05/28 23:00:38.074031 未中奖
2026/05/28 23:00:38.074031 奖品已发完
2026/05/28 23:00:38.074031 未中奖
2026/05/28 23:00:38.074031 未中奖
2026/05/28 23:00:38.074031 未中奖
2026/05/28 23:00:38.074031 奖品已发完
2026/05/28 23:00:38.074031 奖品已发完
2026/05/28 23:00:38.074031 未中奖
2026/05/28 23:00:38.074031 未中奖
2026/05/28 23:00:38.074031 未中奖
2026/05/28 23:00:38.074031 未中奖
2026/05/28 23:00:38.074031 未中奖
2026/05/28 23:00:38.074031 奖品已发完
2026/05/28 23:00:38.074031 未中奖
2026/05/28 23:00:38.074031 未中奖
2026/05/28 23:00:38.074031 未中奖
2026/05/28 23:00:38.074031 未中奖
2026/05/28 23:00:38.074031 未中奖
2026/05/28 23:00:38.074031 未中奖
2026/05/28 23:00:38.074031 未中奖
2026/05/28 23:00:38.074031 未中奖
2026/05/28 23:00:38.074031 未中奖
2026/05/28 23:00:38.074031 未中奖
2026/05/28 23:00:38.074031 奖品已发完
2026/05/28 23:00:38.074031 未中奖
2026/05/28 23:00:38.074031 未中奖
2026/05/28 23:00:38.074031 未中奖
2026/05/28 23:00:38.074031 未中奖
2026/05/28 23:00:38.074031 奖品已发完
2026/05/28 23:00:38.074031 未中奖
2026/05/28 23:00:38.074031 未中奖
2026/05/28 23:00:38.074031 未中奖
2026/05/28 23:00:38.074031 未中奖
2026/05/28 23:00:38.074031 奖品已发完
2026/05/28 23:00:38.074031 未中奖
2026/05/28 23:00:38.074031 未中奖
2026/05/28 23:00:38.074031 未中奖
2026/05/28 23:00:38.074031 未中奖
2026/05/28 23:00:38.074031 未中奖
2026/05/28 23:00:38.074031 未中奖
2026/05/28 23:00:38.074031 未中奖
2026/05/28 23:00:38.074031 未中奖
2026/05/28 23:00:38.074031 未中奖
2026/05/28 23:00:38.074031 未中奖
2026/05/28 23:00:38.074031 未中奖
2026/05/28 23:00:38.074031 未中奖
2026/05/28 23:00:38.074031 未中奖
2026/05/28 23:00:38.074031 未中奖
2026/05/28 23:00:38.074031 未中奖
2026/05/28 23:00:38.074031 未中奖
2026/05/28 23:00:38.074031 未中奖
2026/05/28 23:00:38.074031 未中奖
2026/05/28 23:00:38.074031 未中奖
2026/05/28 23:00:38.074031 未中奖
2026/05/28 23:00:38.074031 未中奖
2026/05/28 23:00:38.074031 奖品已发完
2026/05/28 23:00:38.074031 未中奖
2026/05/28 23:00:38.074031 未中奖
2026/05/28 23:00:38.074031 未中奖
2026/05/28 23:00:38.074031 奖品已发完
2026/05/28 23:00:38.074031 未中奖
2026/05/28 23:00:38.074031 未中奖
2026/05/28 23:00:38.074031 未中奖
2026/05/28 23:00:38.074031 未中奖
2026/05/28 23:00:38.074031 未中奖
2026/05/28 23:00:38.074031 未中奖
2026/05/28 23:00:38.074031 未中奖
2026/05/28 23:00:38.074031 未中奖
2026/05/28 23:00:38.074031 未中奖
2026/05/28 23:00:38.074031 未中奖
2026/05/28 23:00:38.074031 未中奖
2026/05/28 23:00:38.074031 未中奖
2026/05/28 23:00:38.074031 奖品已发完
2026/05/28 23:00:38.074031 未中奖
2026/05/28 23:00:38.074031 未中奖
2026/05/28 23:00:38.074031 未中奖
2026/05/28 23:00:38.074031 未中奖
2026/05/28 23:00:38.074031 未中奖
2026/05/28 23:00:38.074031 未中奖
2026/05/28 23:00:38.074031 未中奖
2026/05/28 23:00:38.074031 未中奖
2026/05/28 23:00:38.074031 未中奖
2026/05/28 23:00:38.074031 未中奖
2026/05/28 23:00:38.074031 未中奖
2026/05/28 23:00:38.074031 未中奖
2026/05/28 23:00:38.075036 奖品已发完
2026/05/28 23:00:38.075036 未中奖
2026/05/28 23:00:38.075036 未中奖
2026/05/28 23:00:38.075036 未中奖
2026/05/28 23:00:38.075036 未中奖
2026/05/28 23:00:38.075036 奖品已发完
2026/05/28 23:00:38.075036 未中奖
2026/05/28 23:00:38.075036 奖品已发完
2026/05/28 23:00:38.075036 奖品已发完
2026/05/28 23:00:38.075036 未中奖
2026/05/28 23:00:38.075036 未中奖
2026/05/28 23:00:38.075036 未中奖
2026/05/28 23:00:38.075036 未中奖
2026/05/28 23:00:38.075036 未中奖
2026/05/28 23:00:38.075036 奖品已发完
2026/05/28 23:00:38.075036 未中奖
2026/05/28 23:00:38.075036 未中奖
2026/05/28 23:00:38.075036 奖品已发完
2026/05/28 23:00:38.075036 未中奖
2026/05/28 23:00:38.075036 未中奖
2026/05/28 23:00:38.075036 未中奖
2026/05/28 23:00:38.075036 未中奖
2026/05/28 23:00:38.075036 未中奖
2026/05/28 23:00:38.075036 未中奖
2026/05/28 23:00:38.075036 未中奖
2026/05/28 23:00:38.075036 未中奖
2026/05/28 23:00:38.075036 未中奖
2026/05/28 23:00:38.075036 未中奖
2026/05/28 23:00:38.075036 未中奖
2026/05/28 23:00:38.075036 未中奖
2026/05/28 23:00:38.075036 未中奖
2026/05/28 23:00:38.075036 奖品已发完
2026/05/28 23:00:38.075036 未中奖
2026/05/28 23:00:38.075036 未中奖
2026/05/28 23:00:38.075036 未中奖
2026/05/28 23:00:38.075036 未中奖
2026/05/28 23:00:38.075036 未中奖
2026/05/28 23:00:38.075036 未中奖
2026/05/28 23:00:38.075036 未中奖
2026/05/28 23:00:38.075036 未中奖
2026/05/28 23:00:38.075036 未中奖
2026/05/28 23:00:38.075036 未中奖
2026/05/28 23:00:38.075036 未中奖
2026/05/28 23:00:38.075036 未中奖
2026/05/28 23:00:38.075036 未中奖
2026/05/28 23:00:38.075036 未中奖
2026/05/28 23:00:38.075036 奖品已发完
2026/05/28 23:00:38.075036 未中奖
2026/05/28 23:00:38.075036 未中奖
2026/05/28 23:00:38.075036 未中奖
2026/05/28 23:00:38.075036 未中奖
2026/05/28 23:00:38.075036 未中奖
2026/05/28 23:00:38.075036 未中奖
2026/05/28 23:00:38.075036 奖品已发完
2026/05/28 23:00:38.075036 未中奖
2026/05/28 23:00:38.075036 未中奖
2026/05/28 23:00:38.075036 未中奖
2026/05/28 23:00:38.075036 未中奖
2026/05/28 23:00:38.075036 未中奖
2026/05/28 23:00:38.075036 未中奖
2026/05/28 23:00:38.075036 未中奖
2026/05/28 23:00:38.075036 未中奖
2026/05/28 23:00:38.075036 未中奖
2026/05/28 23:00:38.075036 未中奖
2026/05/28 23:00:38.075036 未中奖
2026/05/28 23:00:38.075036 未中奖
2026/05/28 23:00:38.075036 未中奖
2026/05/28 23:00:38.075036 未中奖
2026/05/28 23:00:38.075036 未中奖
2026/05/28 23:00:38.075036 未中奖
2026/05/28 23:00:38.075036 未中奖
2026/05/28 23:00:38.075036 未中奖
2026/05/28 23:00:38.075036 未中奖
2026/05/28 23:00:38.075036 未中奖
2026/05/28 23:00:38.075036 奖品已发完
2026/05/28 23:00:38.075036 未中奖
2026/05/28 23:00:38.075036 未中奖
2026/05/28 23:00:38.075036 未中奖
2026/05/28 23:00:38.075036 未中奖
2026/05/28 23:00:38.075036 未中奖
2026/05/28 23:00:38.075036 未中奖
2026/05/28 23:00:38.075036 未中奖
2026/05/28 23:00:38.075827 未中奖
2026/05/28 23:00:38.075827 奖品已发完
2026/05/28 23:00:38.075827 未中奖
2026/05/28 23:00:38.075827 未中奖
2026/05/28 23:00:38.075827 未中奖
2026/05/28 23:00:38.075827 未中奖
2026/05/28 23:00:38.075827 未中奖
2026/05/28 23:00:38.075827 未中奖
2026/05/28 23:00:38.075827 未中奖
2026/05/28 23:00:38.075827 未中奖
2026/05/28 23:00:38.075827 未中奖
2026/05/28 23:00:38.075827 未中奖
2026/05/28 23:00:38.075827 奖品已发完
2026/05/28 23:00:38.075827 未中奖
2026/05/28 23:00:38.075827 未中奖
2026/05/28 23:00:38.075827 未中奖
2026/05/28 23:00:38.075827 未中奖
2026/05/28 23:00:38.075827 未中奖
2026/05/28 23:00:38.075827 奖品已发完
2026/05/28 23:00:38.075827 未中奖
2026/05/28 23:00:38.075827 未中奖
2026/05/28 23:00:38.075827 未中奖
2026/05/28 23:00:38.076333 未中奖
2026/05/28 23:00:38.076333 未中奖
2026/05/28 23:00:38.076333 未中奖
2026/05/28 23:00:38.076333 奖品已发完
2026/05/28 23:00:38.076333 奖品已发完
2026/05/28 23:00:38.076333 未中奖
2026/05/28 23:00:38.076333 未中奖
2026/05/28 23:00:38.076333 奖品已发完
2026/05/28 23:00:38.076333 未中奖
2026/05/28 23:00:38.076333 奖品已发完
2026/05/28 23:00:38.076333 未中奖
2026/05/28 23:00:38.076333 未中奖
2026/05/28 23:00:38.076333 未中奖
2026/05/28 23:00:38.076333 未中奖
2026/05/28 23:00:38.076333 奖品已发完
2026/05/28 23:00:38.076333 未中奖
2026/05/28 23:00:38.076333 未中奖
2026/05/28 23:00:38.076333 未中奖
2026/05/28 23:00:38.076333 未中奖
2026/05/28 23:00:38.076847 未中奖
2026/05/28 23:00:38.076847 未中奖
2026/05/28 23:00:38.076847 未中奖
2026/05/28 23:00:38.076847 未中奖
2026/05/28 23:00:38.076847 未中奖
2026/05/28 23:00:38.076847 未中奖
2026/05/28 23:00:38.076847 未中奖
2026/05/28 23:00:38.076847 未中奖
2026/05/28 23:00:38.076847 未中奖
2026/05/28 23:00:38.076847 未中奖
2026/05/28 23:00:38.076847 未中奖
2026/05/28 23:00:38.076847 未中奖
2026/05/28 23:00:38.076847 未中奖
2026/05/28 23:00:38.076847 未中奖
2026/05/28 23:00:38.076847 未中奖
2026/05/28 23:00:38.076847 未中奖
2026/05/28 23:00:38.076847 未中奖
2026/05/28 23:00:38.076847 奖品已发完
2026/05/28 23:00:38.076847 未中奖
2026/05/28 23:00:38.076847 未中奖
2026/05/28 23:00:38.076847 未中奖
2026/05/28 23:00:38.076847 未中奖
2026/05/28 23:00:38.076847 未中奖
2026/05/28 23:00:38.076847 未中奖
2026/05/28 23:00:38.076847 未中奖
2026/05/28 23:00:38.076847 未中奖
2026/05/28 23:00:38.076847 未中奖
2026/05/28 23:00:38.076847 未中奖
2026/05/28 23:00:38.076847 未中奖
2026/05/28 23:00:38.076847 未中奖
2026/05/28 23:00:38.076847 奖品已发完
2026/05/28 23:00:38.076847 未中奖
2026/05/28 23:00:38.076847 未中奖
2026/05/28 23:00:38.076847 未中奖
2026/05/28 23:00:38.076847 未中奖
2026/05/28 23:00:38.076847 未中奖
2026/05/28 23:00:38.076847 未中奖
2026/05/28 23:00:38.076847 未中奖
2026/05/28 23:00:38.076847 未中奖
2026/05/28 23:00:38.076847 奖品已发完
2026/05/28 23:00:38.076847 未中奖
2026/05/28 23:00:38.076847 未中奖
2026/05/28 23:00:38.076847 未中奖
2026/05/28 23:00:38.076847 未中奖
2026/05/28 23:00:38.076847 未中奖
2026/05/28 23:00:38.076847 未中奖
2026/05/28 23:00:38.076847 未中奖
2026/05/28 23:00:38.076847 奖品已发完
2026/05/28 23:00:38.076847 未中奖
2026/05/28 23:00:38.076847 未中奖
2026/05/28 23:00:38.076847 未中奖
2026/05/28 23:00:38.076847 未中奖
2026/05/28 23:00:38.076847 未中奖
2026/05/28 23:00:38.076847 未中奖
2026/05/28 23:00:38.076847 未中奖
2026/05/28 23:00:38.076847 未中奖
2026/05/28 23:00:38.076847 未中奖
2026/05/28 23:00:38.076847 未中奖
2026/05/28 23:00:38.076847 未中奖
2026/05/28 23:00:38.076847 未中奖
2026/05/28 23:00:38.076847 未中奖
2026/05/28 23:00:38.076847 未中奖
2026/05/28 23:00:38.076847 未中奖
2026/05/28 23:00:38.076847 未中奖
2026/05/28 23:00:38.076847 未中奖
2026/05/28 23:00:38.076847 奖品已发完
2026/05/28 23:00:38.076847 奖品已发完
2026/05/28 23:00:38.076847 未中奖
2026/05/28 23:00:38.076847 未中奖
2026/05/28 23:00:38.076847 未中奖
2026/05/28 23:00:38.076847 未中奖
2026/05/28 23:00:38.076847 未中奖
2026/05/28 23:00:38.076847 未中奖
2026/05/28 23:00:38.076847 奖品已发完
2026/05/28 23:00:38.076847 未中奖
2026/05/28 23:00:38.076847 未中奖
2026/05/28 23:00:38.076847 未中奖
2026/05/28 23:00:38.076847 未中奖
2026/05/28 23:00:38.076847 未中奖
2026/05/28 23:00:38.076847 奖品已发完
2026/05/28 23:00:38.076847 未中奖
2026/05/28 23:00:38.076847 奖品已发完
2026/05/28 23:00:38.076847 未中奖
2026/05/28 23:00:38.076847 未中奖
2026/05/28 23:00:38.076847 奖品已发完
2026/05/28 23:00:38.076847 未中奖
2026/05/28 23:00:38.076847 未中奖
2026/05/28 23:00:38.076847 奖品已发完
2026/05/28 23:00:38.076847 未中奖
2026/05/28 23:00:38.076847 未中奖
2026/05/28 23:00:38.076847 未中奖
2026/05/28 23:00:38.076847 未中奖
2026/05/28 23:00:38.076847 未中奖
2026/05/28 23:00:38.076847 奖品已发完
2026/05/28 23:00:38.076847 未中奖
2026/05/28 23:00:38.076847 未中奖
2026/05/28 23:00:38.076847 未中奖
2026/05/28 23:00:38.076847 奖品已发完
2026/05/28 23:00:38.076847 未中奖
2026/05/28 23:00:38.076847 未中奖
2026/05/28 23:00:38.076847 未中奖
2026/05/28 23:00:38.076847 未中奖
2026/05/28 23:00:38.076847 未中奖
2026/05/28 23:00:38.076847 未中奖
2026/05/28 23:00:38.076847 未中奖
2026/05/28 23:00:38.076847 未中奖
2026/05/28 23:00:38.076847 奖品已发完
2026/05/28 23:00:38.076847 未中奖
2026/05/28 23:00:38.076847 未中奖
2026/05/28 23:00:38.076847 未中奖
2026/05/28 23:00:38.076847 未中奖
2026/05/28 23:00:38.076847 未中奖
2026/05/28 23:00:38.076847 未中奖
2026/05/28 23:00:38.076847 未中奖
2026/05/28 23:00:38.076847 奖品已发完
2026/05/28 23:00:38.076847 未中奖
2026/05/28 23:00:38.076847 未中奖
2026/05/28 23:00:38.076847 未中奖
2026/05/28 23:00:38.076847 奖品已发完
2026/05/28 23:00:38.076847 奖品已发完
2026/05/28 23:00:38.076847 未中奖
2026/05/28 23:00:38.076847 未中奖
2026/05/28 23:00:38.076847 未中奖
2026/05/28 23:00:38.076847 未中奖
2026/05/28 23:00:38.076847 未中奖
2026/05/28 23:00:38.076847 未中奖
2026/05/28 23:00:38.076847 奖品已发完
2026/05/28 23:00:38.076847 未中奖
2026/05/28 23:00:38.076847 未中奖
2026/05/28 23:00:38.076847 奖品已发完
2026/05/28 23:00:38.076847 奖品已发完
2026/05/28 23:00:38.076847 未中奖
2026/05/28 23:00:38.076847 未中奖
2026/05/28 23:00:38.076847 未中奖
2026/05/28 23:00:38.076847 未中奖
2026/05/28 23:00:38.076847 未中奖
2026/05/28 23:00:38.076847 未中奖
2026/05/28 23:00:38.076847 奖品已发完
2026/05/28 23:00:38.076847 未中奖
2026/05/28 23:00:38.076847 未中奖
2026/05/28 23:00:38.076847 未中奖
2026/05/28 23:00:38.076847 未中奖
2026/05/28 23:00:38.076847 未中奖
2026/05/28 23:00:38.076847 未中奖
2026/05/28 23:00:38.076847 未中奖
2026/05/28 23:00:38.076847 未中奖
2026/05/28 23:00:38.076847 未中奖
2026/05/28 23:00:38.076847 未中奖
2026/05/28 23:00:38.076847 未中奖
2026/05/28 23:00:38.076847 未中奖
2026/05/28 23:00:38.076847 奖品已发完
2026/05/28 23:00:38.076847 未中奖
2026/05/28 23:00:38.076847 未中奖
2026/05/28 23:00:38.076847 未中奖
2026/05/28 23:00:38.077852 未中奖
2026/05/28 23:00:38.077852 未中奖
2026/05/28 23:00:38.077852 未中奖
2026/05/28 23:00:38.077852 奖品已发完
2026/05/28 23:00:38.077852 未中奖
2026/05/28 23:00:38.077852 未中奖
2026/05/28 23:00:38.077852 未中奖
2026/05/28 23:00:38.077852 未中奖
2026/05/28 23:00:38.077852 未中奖
2026/05/28 23:00:38.077852 未中奖
2026/05/28 23:00:38.077852 奖品已发完
2026/05/28 23:00:38.077852 未中奖
2026/05/28 23:00:38.077852 未中奖
2026/05/28 23:00:38.077852 未中奖
2026/05/28 23:00:38.077852 未中奖
2026/05/28 23:00:38.077852 未中奖
2026/05/28 23:00:38.077852 未中奖
2026/05/28 23:00:38.077852 未中奖
2026/05/28 23:00:38.077852 奖品已发完
2026/05/28 23:00:38.077852 奖品已发完
2026/05/28 23:00:38.077852 未中奖
2026/05/28 23:00:38.077852 未中奖
2026/05/28 23:00:38.077852 未中奖
2026/05/28 23:00:38.077852 奖品已发完
2026/05/28 23:00:38.077852 未中奖
2026/05/28 23:00:38.077852 奖品已发完
2026/05/28 23:00:38.077852 奖品已发完
2026/05/28 23:00:38.077852 奖品已发完
2026/05/28 23:00:38.077852 未中奖
2026/05/28 23:00:38.077852 未中奖
2026/05/28 23:00:38.077852 未中奖
2026/05/28 23:00:38.077852 未中奖
2026/05/28 23:00:38.077852 未中奖
2026/05/28 23:00:38.077852 未中奖
2026/05/28 23:00:38.077852 奖品已发完
2026/05/28 23:00:38.077852 未中奖
2026/05/28 23:00:38.077852 未中奖
2026/05/28 23:00:38.077852 未中奖
2026/05/28 23:00:38.077852 未中奖
2026/05/28 23:00:38.077852 未中奖
2026/05/28 23:00:38.077852 未中奖
2026/05/28 23:00:38.077852 未中奖
2026/05/28 23:00:38.077852 未中奖
2026/05/28 23:00:38.077852 未中奖
2026/05/28 23:00:38.077852 未中奖
2026/05/28 23:00:38.077852 未中奖
2026/05/28 23:00:38.077852 未中奖
2026/05/28 23:00:38.077852 奖品已发完
2026/05/28 23:00:38.077852 未中奖
2026/05/28 23:00:38.077852 未中奖
2026/05/28 23:00:38.077852 未中奖
2026/05/28 23:00:38.077852 未中奖
2026/05/28 23:00:38.077852 未中奖
2026/05/28 23:00:38.077852 未中奖
2026/05/28 23:00:38.077852 未中奖
2026/05/28 23:00:38.077852 未中奖
2026/05/28 23:00:38.077852 未中奖
2026/05/28 23:00:38.077852 未中奖
2026/05/28 23:00:38.077852 未中奖
2026/05/28 23:00:38.077852 未中奖
2026/05/28 23:00:38.077852 未中奖
2026/05/28 23:00:38.077852 未中奖
2026/05/28 23:00:38.077852 未中奖
2026/05/28 23:00:38.077852 未中奖
2026/05/28 23:00:38.077852 未中奖
2026/05/28 23:00:38.077852 未中奖
2026/05/28 23:00:38.077852 未中奖
2026/05/28 23:00:38.077852 未中奖
2026/05/28 23:00:38.077852 未中奖
2026/05/28 23:00:38.077852 奖品已发完
2026/05/28 23:00:38.077852 未中奖
2026/05/28 23:00:38.077852 未中奖
2026/05/28 23:00:38.077852 未中奖
2026/05/28 23:00:38.077852 未中奖
2026/05/28 23:00:38.077852 未中奖
2026/05/28 23:00:38.077852 未中奖
2026/05/28 23:00:38.077852 未中奖
2026/05/28 23:00:38.077852 未中奖
2026/05/28 23:00:38.077852 奖品已发完
2026/05/28 23:00:38.077852 未中奖
2026/05/28 23:00:38.077852 未中奖
2026/05/28 23:00:38.077852 未中奖
2026/05/28 23:00:38.077852 未中奖
2026/05/28 23:00:38.077852 未中奖
2026/05/28 23:00:38.077852 未中奖
2026/05/28 23:00:38.077852 奖品已发完
2026/05/28 23:00:38.077852 未中奖
2026/05/28 23:00:38.077852 未中奖
2026/05/28 23:00:38.077852 未中奖
2026/05/28 23:00:38.077852 未中奖
2026/05/28 23:00:38.077852 未中奖
2026/05/28 23:00:38.077852 未中奖
2026/05/28 23:00:38.077852 未中奖
2026/05/28 23:00:38.077852 未中奖
2026/05/28 23:00:38.077852 未中奖
2026/05/28 23:00:38.077852 未中奖
2026/05/28 23:00:38.077852 未中奖
2026/05/28 23:00:38.077852 未中奖
2026/05/28 23:00:38.077852 未中奖
2026/05/28 23:00:38.077852 未中奖
2026/05/28 23:00:38.077852 未中奖
2026/05/28 23:00:38.077852 未中奖
2026/05/28 23:00:38.077852 奖品已发完
2026/05/28 23:00:38.077852 未中奖
2026/05/28 23:00:38.077852 未中奖
2026/05/28 23:00:38.077852 未中奖
2026/05/28 23:00:38.077852 未中奖
2026/05/28 23:00:38.077852 未中奖
2026/05/28 23:00:38.077852 未中奖
2026/05/28 23:00:38.077852 未中奖
2026/05/28 23:00:38.077852 未中奖
2026/05/28 23:00:38.077852 未中奖
2026/05/28 23:00:38.077852 未中奖
2026/05/28 23:00:38.077852 未中奖
2026/05/28 23:00:38.077852 未中奖
2026/05/28 23:00:38.077852 奖品已发完
2026/05/28 23:00:38.077852 未中奖
2026/05/28 23:00:38.077852 未中奖
2026/05/28 23:00:38.077852 未中奖
2026/05/28 23:00:38.077852 未中奖
2026/05/28 23:00:38.077852 奖品已发完
2026/05/28 23:00:38.077852 未中奖
2026/05/28 23:00:38.077852 未中奖
2026/05/28 23:00:38.077852 未中奖
2026/05/28 23:00:38.077852 未中奖
2026/05/28 23:00:38.077852 未中奖
2026/05/28 23:00:38.077852 未中奖
2026/05/28 23:00:38.077852 未中奖
2026/05/28 23:00:38.077852 未中奖
2026/05/28 23:00:38.077852 未中奖
2026/05/28 23:00:38.077852 未中奖
2026/05/28 23:00:38.077852 未中奖
2026/05/28 23:00:38.077852 未中奖
2026/05/28 23:00:38.077852 未中奖
2026/05/28 23:00:38.077852 未中奖
2026/05/28 23:00:38.077852 未中奖
2026/05/28 23:00:38.077852 未中奖
2026/05/28 23:00:38.077852 未中奖
2026/05/28 23:00:38.077852 未中奖
2026/05/28 23:00:38.077852 未中奖
2026/05/28 23:00:38.077852 未中奖
2026/05/28 23:00:38.077852 未中奖
2026/05/28 23:00:38.077852 未中奖
2026/05/28 23:00:38.077852 奖品已发完
2026/05/28 23:00:38.077852 未中奖
2026/05/28 23:00:38.077852 未中奖
2026/05/28 23:00:38.077852 未中奖
2026/05/28 23:00:38.077852 奖品已发完
2026/05/28 23:00:38.077852 未中奖
2026/05/28 23:00:38.077852 未中奖
2026/05/28 23:00:38.077852 未中奖
2026/05/28 23:00:38.077852 未中奖
2026/05/28 23:00:38.077852 未中奖
2026/05/28 23:00:38.077852 未中奖
2026/05/28 23:00:38.077852 未中奖
2026/05/28 23:00:38.077852 未中奖
2026/05/28 23:00:38.077852 未中奖
2026/05/28 23:00:38.077852 未中奖
2026/05/28 23:00:38.077852 未中奖
2026/05/28 23:00:38.077852 未中奖
2026/05/28 23:00:38.077852 未中奖
2026/05/28 23:00:38.077852 未中奖
2026/05/28 23:00:38.077852 未中奖
2026/05/28 23:00:38.077852 未中奖
2026/05/28 23:00:38.077852 未中奖
2026/05/28 23:00:38.077852 未中奖
2026/05/28 23:00:38.077852 未中奖
2026/05/28 23:00:38.077852 未中奖
2026/05/28 23:00:38.077852 未中奖
2026/05/28 23:00:38.077852 未中奖
2026/05/28 23:00:38.079278 未中奖
2026/05/28 23:00:38.079278 未中奖
2026/05/28 23:00:38.079278 未中奖
2026/05/28 23:00:38.079278 未中奖
2026/05/28 23:00:38.079278 未中奖
2026/05/28 23:00:38.079278 未中奖
2026/05/28 23:00:38.079278 未中奖
2026/05/28 23:00:38.079278 奖品已发完
2026/05/28 23:00:38.079278 未中奖
2026/05/28 23:00:38.079278 未中奖
2026/05/28 23:00:38.079278 未中奖
2026/05/28 23:00:38.079278 未中奖
2026/05/28 23:00:38.079278 奖品已发完
2026/05/28 23:00:38.079278 未中奖
2026/05/28 23:00:38.079278 未中奖
2026/05/28 23:00:38.079278 未中奖
2026/05/28 23:00:38.079278 未中奖
2026/05/28 23:00:38.079278 未中奖
2026/05/28 23:00:38.079278 未中奖
2026/05/28 23:00:38.079278 奖品已发完
2026/05/28 23:00:38.079278 奖品已发完
2026/05/28 23:00:38.079278 未中奖
2026/05/28 23:00:38.079278 未中奖
2026/05/28 23:00:38.079278 未中奖
2026/05/28 23:00:38.079278 未中奖
2026/05/28 23:00:38.079278 奖品已发完
2026/05/28 23:00:38.079278 奖品已发完
2026/05/28 23:00:38.079278 未中奖
2026/05/28 23:00:38.079278 未中奖
2026/05/28 23:00:38.079278 未中奖
2026/05/28 23:00:38.079278 未中奖
2026/05/28 23:00:38.079278 未中奖
2026/05/28 23:00:38.079278 未中奖
2026/05/28 23:00:38.079278 奖品已发完
2026/05/28 23:00:38.079278 未中奖
2026/05/28 23:00:38.079278 未中奖
2026/05/28 23:00:38.079278 未中奖
2026/05/28 23:00:38.079278 未中奖
2026/05/28 23:00:38.079278 未中奖
2026/05/28 23:00:38.079278 未中奖
2026/05/28 23:00:38.079278 未中奖
2026/05/28 23:00:38.079278 未中奖
2026/05/28 23:00:38.079278 未中奖
2026/05/28 23:00:38.079278 未中奖
2026/05/28 23:00:38.079278 未中奖
2026/05/28 23:00:38.079278 未中奖
2026/05/28 23:00:38.079278 未中奖
2026/05/28 23:00:38.079278 未中奖
2026/05/28 23:00:38.079278 奖品已发完
2026/05/28 23:00:38.079278 未中奖
2026/05/28 23:00:38.079278 未中奖
2026/05/28 23:00:38.079278 未中奖
2026/05/28 23:00:38.079278 未中奖
2026/05/28 23:00:38.079278 未中奖
2026/05/28 23:00:38.079278 未中奖
2026/05/28 23:00:38.079278 未中奖
2026/05/28 23:00:38.079278 未中奖
2026/05/28 23:00:38.079278 未中奖
2026/05/28 23:00:38.079278 未中奖
2026/05/28 23:00:38.079278 未中奖
2026/05/28 23:00:38.079278 未中奖
2026/05/28 23:00:38.079278 未中奖
2026/05/28 23:00:38.079278 未中奖
2026/05/28 23:00:38.079278 奖品已发完
2026/05/28 23:00:38.079278 未中奖
2026/05/28 23:00:38.079278 未中奖
2026/05/28 23:00:38.079278 未中奖
2026/05/28 23:00:38.079278 未中奖
2026/05/28 23:00:38.079278 未中奖
2026/05/28 23:00:38.079278 奖品已发完
2026/05/28 23:00:38.079278 未中奖
2026/05/28 23:00:38.079278 未中奖
2026/05/28 23:00:38.079278 未中奖
2026/05/28 23:00:38.079278 未中奖
2026/05/28 23:00:38.079278 未中奖
2026/05/28 23:00:38.079278 未中奖
2026/05/28 23:00:38.079914 未中奖
2026/05/28 23:00:38.079914 未中奖
2026/05/28 23:00:38.079914 未中奖
2026/05/28 23:00:38.079914 奖品已发完
2026/05/28 23:00:38.079914 未中奖
2026/05/28 23:00:38.079914 未中奖
2026/05/28 23:00:38.079914 未中奖
2026/05/28 23:00:38.079914 未中奖
2026/05/28 23:00:38.079914 未中奖
2026/05/28 23:00:38.079914 未中奖
2026/05/28 23:00:38.079914 未中奖
2026/05/28 23:00:38.079914 未中奖
2026/05/28 23:00:38.079914 未中奖
2026/05/28 23:00:38.079914 未中奖
2026/05/28 23:00:38.079914 未中奖
2026/05/28 23:00:38.079914 未中奖
2026/05/28 23:00:38.079914 未中奖
2026/05/28 23:00:38.079914 未中奖
2026/05/28 23:00:38.079914 未中奖
2026/05/28 23:00:38.079914 未中奖
2026/05/28 23:00:38.079914 未中奖
2026/05/28 23:00:38.079914 未中奖
2026/05/28 23:00:38.079914 未中奖
2026/05/28 23:00:38.079914 未中奖
2026/05/28 23:00:38.079914 未中奖
2026/05/28 23:00:38.079914 未中奖
2026/05/28 23:00:38.079914 未中奖
2026/05/28 23:00:38.079914 未中奖
2026/05/28 23:00:38.079914 未中奖
2026/05/28 23:00:38.079914 未中奖
2026/05/28 23:00:38.079914 未中奖
2026/05/28 23:00:38.079914 未中奖
2026/05/28 23:00:38.079914 未中奖
2026/05/28 23:00:38.079914 未中奖
2026/05/28 23:00:38.079914 未中奖
2026/05/28 23:00:38.079914 未中奖
2026/05/28 23:00:38.079914 未中奖
2026/05/28 23:00:38.079914 未中奖
2026/05/28 23:00:38.079914 未中奖
2026/05/28 23:00:38.079914 未中奖
2026/05/28 23:00:38.079914 未中奖
2026/05/28 23:00:38.079914 未中奖
2026/05/28 23:00:38.079914 未中奖
2026/05/28 23:00:38.079914 未中奖
2026/05/28 23:00:38.079914 奖品已发完
2026/05/28 23:00:38.079914 未中奖
2026/05/28 23:00:38.079914 未中奖
2026/05/28 23:00:38.079914 未中奖
2026/05/28 23:00:38.079914 未中奖
2026/05/28 23:00:38.079914 未中奖
2026/05/28 23:00:38.079914 未中奖
2026/05/28 23:00:38.079914 未中奖
2026/05/28 23:00:38.079914 未中奖
2026/05/28 23:00:38.079914 未中奖
2026/05/28 23:00:38.079914 未中奖
2026/05/28 23:00:38.079914 未中奖
2026/05/28 23:00:38.079914 未中奖
2026/05/28 23:00:38.079914 未中奖
2026/05/28 23:00:38.079914 未中奖
2026/05/28 23:00:38.079914 未中奖
2026/05/28 23:00:38.079914 未中奖
2026/05/28 23:00:38.079914 未中奖
2026/05/28 23:00:38.079914 未中奖
2026/05/28 23:00:38.079914 奖品已发完
2026/05/28 23:00:38.079914 未中奖
2026/05/28 23:00:38.079914 未中奖
2026/05/28 23:00:38.079914 未中奖
2026/05/28 23:00:38.079914 未中奖
2026/05/28 23:00:38.079914 奖品已发完
2026/05/28 23:00:38.079914 未中奖
2026/05/28 23:00:38.079914 未中奖
2026/05/28 23:00:38.079914 未中奖
2026/05/28 23:00:38.079914 未中奖
2026/05/28 23:00:38.079914 未中奖
2026/05/28 23:00:38.079914 未中奖
2026/05/28 23:00:38.079914 未中奖
2026/05/28 23:00:38.079914 未中奖
2026/05/28 23:00:38.079914 未中奖
2026/05/28 23:00:38.079914 奖品已发完
2026/05/28 23:00:38.079914 未中奖
2026/05/28 23:00:38.079914 未中奖
2026/05/28 23:00:38.079914 未中奖
2026/05/28 23:00:38.079914 未中奖
2026/05/28 23:00:38.079914 未中奖
2026/05/28 23:00:38.079914 未中奖
2026/05/28 23:00:38.079914 未中奖
2026/05/28 23:00:38.079914 未中奖
2026/05/28 23:00:38.079914 未中奖
2026/05/28 23:00:38.079914 未中奖
2026/05/28 23:00:38.079914 未中奖
2026/05/28 23:00:38.079914 未中奖
2026/05/28 23:00:38.079914 未中奖
2026/05/28 23:00:38.079914 奖品已发完
2026/05/28 23:00:38.079914 未中奖
2026/05/28 23:00:38.079914 未中奖
2026/05/28 23:00:38.079914 未中奖
2026/05/28 23:00:38.079914 未中奖
2026/05/28 23:00:38.079914 未中奖
2026/05/28 23:00:38.079914 未中奖
2026/05/28 23:00:38.079914 未中奖
2026/05/28 23:00:38.079914 未中奖
2026/05/28 23:00:38.079914 未中奖
2026/05/28 23:00:38.079914 未中奖
2026/05/28 23:00:38.079914 未中奖
2026/05/28 23:00:38.079914 未中奖
2026/05/28 23:00:38.079914 未中奖
2026/05/28 23:00:38.079914 未中奖
2026/05/28 23:00:38.079914 未中奖
2026/05/28 23:00:38.079914 未中奖
2026/05/28 23:00:38.079914 未中奖
2026/05/28 23:00:38.079914 未中奖
2026/05/28 23:00:38.079914 未中奖
2026/05/28 23:00:38.079914 未中奖
2026/05/28 23:00:38.079914 未中奖
2026/05/28 23:00:38.079914 未中奖
2026/05/28 23:00:38.079914 未中奖
2026/05/28 23:00:38.079914 奖品已发完
2026/05/28 23:00:38.079914 未中奖
2026/05/28 23:00:38.079914 未中奖
2026/05/28 23:00:38.079914 奖品已发完
2026/05/28 23:00:38.079914 未中奖
2026/05/28 23:00:38.079914 未中奖
2026/05/28 23:00:38.079914 未中奖
2026/05/28 23:00:38.079914 未中奖
2026/05/28 23:00:38.079914 未中奖
2026/05/28 23:00:38.079914 奖品已发完
2026/05/28 23:00:38.079914 奖品已发完
2026/05/28 23:00:38.081055 未中奖
2026/05/28 23:00:38.081055 未中奖
2026/05/28 23:00:38.081055 未中奖
2026/05/28 23:00:38.081055 奖品已发完
2026/05/28 23:00:38.081055 未中奖
2026/05/28 23:00:38.081055 未中奖
2026/05/28 23:00:38.081055 未中奖
2026/05/28 23:00:38.081055 未中奖
2026/05/28 23:00:38.081055 未中奖
2026/05/28 23:00:38.081055 未中奖
2026/05/28 23:00:38.081055 未中奖
2026/05/28 23:00:38.081055 奖品已发完
2026/05/28 23:00:38.081055 未中奖
2026/05/28 23:00:38.081055 未中奖
2026/05/28 23:00:38.081055 奖品已发完
2026/05/28 23:00:38.081055 未中奖
2026/05/28 23:00:38.081055 未中奖
2026/05/28 23:00:38.081055 未中奖
2026/05/28 23:00:38.081055 奖品已发完
2026/05/28 23:00:38.081055 未中奖
2026/05/28 23:00:38.081055 未中奖
2026/05/28 23:00:38.081055 未中奖
2026/05/28 23:00:38.081055 未中奖
2026/05/28 23:00:38.081055 未中奖
2026/05/28 23:00:38.081055 未中奖
2026/05/28 23:00:38.081055 未中奖
2026/05/28 23:00:38.081055 未中奖
2026/05/28 23:00:38.081055 未中奖
2026/05/28 23:00:38.081055 奖品已发完
2026/05/28 23:00:38.081055 未中奖
2026/05/28 23:00:38.081055 未中奖
2026/05/28 23:00:38.081055 未中奖
2026/05/28 23:00:38.081055 未中奖
2026/05/28 23:00:38.081055 未中奖
2026/05/28 23:00:38.081055 未中奖
2026/05/28 23:00:38.081055 未中奖
2026/05/28 23:00:38.081055 未中奖
2026/05/28 23:00:38.081055 未中奖
2026/05/28 23:00:38.081055 未中奖
2026/05/28 23:00:38.081055 未中奖
2026/05/28 23:00:38.081055 未中奖
2026/05/28 23:00:38.081055 未中奖
2026/05/28 23:00:38.081055 未中奖
2026/05/28 23:00:38.081055 未中奖
2026/05/28 23:00:38.081055 未中奖
2026/05/28 23:00:38.081055 奖品已发完
2026/05/28 23:00:38.081055 未中奖
2026/05/28 23:00:38.081055 未中奖
2026/05/28 23:00:38.081055 未中奖
2026/05/28 23:00:38.081055 未中奖
2026/05/28 23:00:38.081055 未中奖
2026/05/28 23:00:38.081055 未中奖
2026/05/28 23:00:38.081055 未中奖
2026/05/28 23:00:38.081055 未中奖
2026/05/28 23:00:38.081055 未中奖
2026/05/28 23:00:38.081055 未中奖
2026/05/28 23:00:38.081055 未中奖
2026/05/28 23:00:38.081055 未中奖
2026/05/28 23:00:38.081055 未中奖
2026/05/28 23:00:38.081055 未中奖
2026/05/28 23:00:38.081055 奖品已发完
2026/05/28 23:00:38.081055 未中奖
2026/05/28 23:00:38.081055 未中奖
2026/05/28 23:00:38.081055 未中奖
2026/05/28 23:00:38.081055 未中奖
2026/05/28 23:00:38.081055 未中奖
2026/05/28 23:00:38.081055 未中奖
2026/05/28 23:00:38.081055 未中奖
2026/05/28 23:00:38.081055 未中奖
2026/05/28 23:00:38.081055 未中奖
2026/05/28 23:00:38.081055 未中奖
2026/05/28 23:00:38.081055 未中奖
2026/05/28 23:00:38.081055 未中奖
2026/05/28 23:00:38.081055 未中奖
2026/05/28 23:00:38.081055 未中奖
2026/05/28 23:00:38.081055 未中奖
2026/05/28 23:00:38.081055 未中奖
2026/05/28 23:00:38.081055 未中奖
2026/05/28 23:00:38.081055 未中奖
2026/05/28 23:00:38.081055 未中奖
2026/05/28 23:00:38.081055 未中奖
2026/05/28 23:00:38.081055 奖品已发完
2026/05/28 23:00:38.081055 未中奖
2026/05/28 23:00:38.081055 未中奖
2026/05/28 23:00:38.081055 未中奖
2026/05/28 23:00:38.081055 未中奖
2026/05/28 23:00:38.081055 未中奖
2026/05/28 23:00:38.081055 未中奖
2026/05/28 23:00:38.081055 未中奖
2026/05/28 23:00:38.081055 未中奖
2026/05/28 23:00:38.081055 未中奖
2026/05/28 23:00:38.081055 奖品已发完
2026/05/28 23:00:38.081055 未中奖
2026/05/28 23:00:38.081055 未中奖
2026/05/28 23:00:38.081055 未中奖
2026/05/28 23:00:38.081055 未中奖
2026/05/28 23:00:38.081055 未中奖
2026/05/28 23:00:38.081055 未中奖
2026/05/28 23:00:38.081055 未中奖
2026/05/28 23:00:38.081055 未中奖
2026/05/28 23:00:38.082060 未中奖
2026/05/28 23:00:38.082060 未中奖
2026/05/28 23:00:38.082060 未中奖
2026/05/28 23:00:38.082060 未中奖
2026/05/28 23:00:38.082060 未中奖
2026/05/28 23:00:38.082060 未中奖
2026/05/28 23:00:38.082060 奖品已发完
2026/05/28 23:00:38.082060 未中奖
2026/05/28 23:00:38.082060 未中奖
2026/05/28 23:00:38.082060 未中奖
2026/05/28 23:00:38.082060 未中奖
2026/05/28 23:00:38.082060 未中奖
2026/05/28 23:00:38.082060 未中奖
2026/05/28 23:00:38.082060 奖品已发完
2026/05/28 23:00:38.082060 未中奖
2026/05/28 23:00:38.082060 未中奖
2026/05/28 23:00:38.082060 未中奖
2026/05/28 23:00:38.082060 未中奖
2026/05/28 23:00:38.082060 未中奖
2026/05/28 23:00:38.082060 未中奖
2026/05/28 23:00:38.082060 未中奖
2026/05/28 23:00:38.082060 未中奖
2026/05/28 23:00:38.082060 未中奖
2026/05/28 23:00:38.082060 未中奖
2026/05/28 23:00:38.082060 未中奖
2026/05/28 23:00:38.082060 未中奖
2026/05/28 23:00:38.082060 未中奖
2026/05/28 23:00:38.082060 未中奖
2026/05/28 23:00:38.082060 未中奖
2026/05/28 23:00:38.082060 未中奖
2026/05/28 23:00:38.082060 未中奖
2026/05/28 23:00:38.082060 未中奖
2026/05/28 23:00:38.082060 奖品已发完
2026/05/28 23:00:38.082060 未中奖
2026/05/28 23:00:38.082060 未中奖
2026/05/28 23:00:38.082060 未中奖
2026/05/28 23:00:38.082060 奖品已发完
2026/05/28 23:00:38.082060 未中奖
2026/05/28 23:00:38.082060 奖品已发完
2026/05/28 23:00:38.082060 未中奖
2026/05/28 23:00:38.082060 未中奖
2026/05/28 23:00:38.082060 未中奖
2026/05/28 23:00:38.082060 未中奖
2026/05/28 23:00:38.082060 未中奖
2026/05/28 23:00:38.082060 未中奖
2026/05/28 23:00:38.082060 未中奖
2026/05/28 23:00:38.082060 未中奖
2026/05/28 23:00:38.082060 未中奖
2026/05/28 23:00:38.082060 未中奖
2026/05/28 23:00:38.082060 未中奖
2026/05/28 23:00:38.082060 未中奖
2026/05/28 23:00:38.082060 未中奖
2026/05/28 23:00:38.082060 奖品已发完
2026/05/28 23:00:38.082060 未中奖
2026/05/28 23:00:38.082060 未中奖
2026/05/28 23:00:38.082060 未中奖
2026/05/28 23:00:38.082060 未中奖
2026/05/28 23:00:38.082060 未中奖
2026/05/28 23:00:38.082060 未中奖
2026/05/28 23:00:38.082060 未中奖
2026/05/28 23:00:38.082060 未中奖
2026/05/28 23:00:38.082060 未中奖
2026/05/28 23:00:38.082060 未中奖
2026/05/28 23:00:38.082060 未中奖
2026/05/28 23:00:38.082060 未中奖
2026/05/28 23:00:38.082060 未中奖
2026/05/28 23:00:38.082060 未中奖
2026/05/28 23:00:38.082060 未中奖
2026/05/28 23:00:38.082060 未中奖
2026/05/28 23:00:38.082060 未中奖
2026/05/28 23:00:38.082060 未中奖
2026/05/28 23:00:38.082060 未中奖
2026/05/28 23:00:38.082060 未中奖
2026/05/28 23:00:38.082060 未中奖
2026/05/28 23:00:38.082060 未中奖
2026/05/28 23:00:38.082060 未中奖
2026/05/28 23:00:38.082060 未中奖
2026/05/28 23:00:38.082060 未中奖
2026/05/28 23:00:38.082060 未中奖
2026/05/28 23:00:38.082060 未中奖
2026/05/28 23:00:38.082060 未中奖
2026/05/28 23:00:38.082060 未中奖
2026/05/28 23:00:38.082060 未中奖
2026/05/28 23:00:38.082060 未中奖
2026/05/28 23:00:38.082060 未中奖
2026/05/28 23:00:38.082060 奖品已发完
2026/05/28 23:00:38.082060 未中奖
2026/05/28 23:00:38.082060 未中奖
2026/05/28 23:00:38.082060 未中奖
2026/05/28 23:00:38.082060 未中奖
2026/05/28 23:00:38.082060 未中奖
2026/05/28 23:00:38.082060 奖品已发完
2026/05/28 23:00:38.082060 未中奖
2026/05/28 23:00:38.082060 奖品已发完
2026/05/28 23:00:38.083359 未中奖
2026/05/28 23:00:38.083359 未中奖
2026/05/28 23:00:38.083359 未中奖
2026/05/28 23:00:38.083359 奖品已发完
2026/05/28 23:00:38.083359 未中奖
2026/05/28 23:00:38.083359 未中奖
2026/05/28 23:00:38.083359 未中奖
2026/05/28 23:00:38.083359 未中奖
2026/05/28 23:00:38.083359 未中奖
2026/05/28 23:00:38.083359 未中奖
2026/05/28 23:00:38.083359 奖品已发完
2026/05/28 23:00:38.083359 未中奖
2026/05/28 23:00:38.083359 未中奖
2026/05/28 23:00:38.083359 未中奖
2026/05/28 23:00:38.083359 未中奖
2026/05/28 23:00:38.083359 奖品已发完
2026/05/28 23:00:38.083359 未中奖
2026/05/28 23:00:38.083359 未中奖
2026/05/28 23:00:38.083359 未中奖
2026/05/28 23:00:38.083359 奖品已发完
2026/05/28 23:00:38.083359 奖品已发完
2026/05/28 23:00:38.083359 未中奖
2026/05/28 23:00:38.083359 未中奖
2026/05/28 23:00:38.083359 未中奖
2026/05/28 23:00:38.083359 奖品已发完
2026/05/28 23:00:38.083359 未中奖
2026/05/28 23:00:38.083359 未中奖
2026/05/28 23:00:38.083359 未中奖
2026/05/28 23:00:38.083359 未中奖
2026/05/28 23:00:38.083359 未中奖
2026/05/28 23:00:38.083359 未中奖
2026/05/28 23:00:38.083359 未中奖
2026/05/28 23:00:38.083359 未中奖
2026/05/28 23:00:38.083359 未中奖
2026/05/28 23:00:38.083359 未中奖
2026/05/28 23:00:38.083359 未中奖
2026/05/28 23:00:38.083359 未中奖
2026/05/28 23:00:38.083359 未中奖
2026/05/28 23:00:38.083359 未中奖
2026/05/28 23:00:38.083359 未中奖
2026/05/28 23:00:38.083359 未中奖
2026/05/28 23:00:38.083359 未中奖
2026/05/28 23:00:38.083359 奖品已发完
2026/05/28 23:00:38.083359 未中奖
2026/05/28 23:00:38.083359 未中奖
2026/05/28 23:00:38.083359 未中奖
2026/05/28 23:00:38.083359 未中奖
2026/05/28 23:00:38.083359 未中奖
2026/05/28 23:00:38.083359 未中奖
2026/05/28 23:00:38.083359 未中奖
2026/05/28 23:00:38.083359 未中奖
2026/05/28 23:00:38.083359 奖品已发完
2026/05/28 23:00:38.083359 未中奖
2026/05/28 23:00:38.083359 未中奖
2026/05/28 23:00:38.083359 未中奖
2026/05/28 23:00:38.083359 奖品已发完
2026/05/28 23:00:38.083359 未中奖
2026/05/28 23:00:38.083359 未中奖
2026/05/28 23:00:38.083359 未中奖
2026/05/28 23:00:38.083359 未中奖
2026/05/28 23:00:38.083359 未中奖
2026/05/28 23:00:38.083359 未中奖
2026/05/28 23:00:38.083359 未中奖
2026/05/28 23:00:38.083359 未中奖
2026/05/28 23:00:38.083359 奖品已发完
2026/05/28 23:00:38.083359 未中奖
2026/05/28 23:00:38.083359 未中奖
2026/05/28 23:00:38.083359 未中奖
2026/05/28 23:00:38.083359 未中奖
2026/05/28 23:00:38.083359 未中奖
2026/05/28 23:00:38.083359 未中奖
2026/05/28 23:00:38.083359 未中奖
2026/05/28 23:00:38.083359 未中奖
2026/05/28 23:00:38.083359 未中奖
2026/05/28 23:00:38.083359 未中奖
2026/05/28 23:00:38.083359 未中奖
2026/05/28 23:00:38.084127 未中奖
2026/05/28 23:00:38.084127 未中奖
2026/05/28 23:00:38.084127 未中奖
2026/05/28 23:00:38.084127 未中奖
2026/05/28 23:00:38.084127 未中奖
2026/05/28 23:00:38.084127 未中奖
2026/05/28 23:00:38.084127 未中奖
2026/05/28 23:00:38.084127 未中奖
2026/05/28 23:00:38.084127 奖品已发完
2026/05/28 23:00:38.084127 奖品已发完
2026/05/28 23:00:38.084127 未中奖
2026/05/28 23:00:38.084127 未中奖
2026/05/28 23:00:38.084127 奖品已发完
2026/05/28 23:00:38.084127 未中奖
2026/05/28 23:00:38.084127 未中奖
2026/05/28 23:00:38.084127 未中奖
2026/05/28 23:00:38.084127 未中奖
2026/05/28 23:00:38.084127 未中奖
2026/05/28 23:00:38.084127 未中奖
2026/05/28 23:00:38.084127 未中奖
2026/05/28 23:00:38.084127 未中奖
2026/05/28 23:00:38.084127 未中奖
2026/05/28 23:00:38.084127 未中奖
2026/05/28 23:00:38.084127 未中奖
2026/05/28 23:00:38.084127 未中奖
2026/05/28 23:00:38.084127 未中奖
2026/05/28 23:00:38.084127 奖品已发完
2026/05/28 23:00:38.084127 未中奖
2026/05/28 23:00:38.084127 未中奖
2026/05/28 23:00:38.084127 未中奖
2026/05/28 23:00:38.084127 未中奖
2026/05/28 23:00:38.084127 未中奖
2026/05/28 23:00:38.084127 未中奖
2026/05/28 23:00:38.084127 未中奖
2026/05/28 23:00:38.084127 奖品已发完
2026/05/28 23:00:38.084127 未中奖
2026/05/28 23:00:38.084127 未中奖
2026/05/28 23:00:38.084127 未中奖
2026/05/28 23:00:38.084127 未中奖
2026/05/28 23:00:38.084127 未中奖
2026/05/28 23:00:38.084127 未中奖
2026/05/28 23:00:38.084127 未中奖
2026/05/28 23:00:38.084127 未中奖
2026/05/28 23:00:38.084127 未中奖
2026/05/28 23:00:38.084127 未中奖
2026/05/28 23:00:38.084127 未中奖
2026/05/28 23:00:38.084127 未中奖
2026/05/28 23:00:38.084127 未中奖
2026/05/28 23:00:38.084127 未中奖
2026/05/28 23:00:38.084127 未中奖
2026/05/28 23:00:38.084127 未中奖
2026/05/28 23:00:38.084631 未中奖
2026/05/28 23:00:38.084631 未中奖
2026/05/28 23:00:38.084631 未中奖
2026/05/28 23:00:38.084631 未中奖
2026/05/28 23:00:38.084631 未中奖
2026/05/28 23:00:38.084631 未中奖
2026/05/28 23:00:38.084631 奖品已发完
2026/05/28 23:00:38.084631 未中奖
2026/05/28 23:00:38.084631 奖品已发完
2026/05/28 23:00:38.084631 未中奖
2026/05/28 23:00:38.084631 未中奖
2026/05/28 23:00:38.084631 未中奖
2026/05/28 23:00:38.084631 未中奖
2026/05/28 23:00:38.084631 未中奖
2026/05/28 23:00:38.084631 奖品已发完
2026/05/28 23:00:38.084631 奖品已发完
2026/05/28 23:00:38.084631 未中奖
2026/05/28 23:00:38.084631 未中奖
2026/05/28 23:00:38.084631 未中奖
2026/05/28 23:00:38.084631 未中奖
2026/05/28 23:00:38.084631 奖品已发完
2026/05/28 23:00:38.084631 未中奖
2026/05/28 23:00:38.084631 未中奖
2026/05/28 23:00:38.084631 未中奖
2026/05/28 23:00:38.084631 未中奖
2026/05/28 23:00:38.084631 奖品已发完
2026/05/28 23:00:38.084631 未中奖
2026/05/28 23:00:38.084631 未中奖
2026/05/28 23:00:38.084631 未中奖
2026/05/28 23:00:38.084631 未中奖
2026/05/28 23:00:38.084631 未中奖
2026/05/28 23:00:38.084631 未中奖
2026/05/28 23:00:38.084631 未中奖
2026/05/28 23:00:38.084631 未中奖
2026/05/28 23:00:38.084631 奖品已发完
2026/05/28 23:00:38.084631 未中奖
2026/05/28 23:00:38.084631 未中奖
2026/05/28 23:00:38.084631 未中奖
2026/05/28 23:00:38.084631 未中奖
2026/05/28 23:00:38.084631 未中奖
2026/05/28 23:00:38.084631 未中奖
2026/05/28 23:00:38.084631 未中奖
2026/05/28 23:00:38.084631 未中奖
2026/05/28 23:00:38.084631 未中奖
2026/05/28 23:00:38.084631 未中奖
2026/05/28 23:00:38.084631 未中奖
2026/05/28 23:00:38.084631 未中奖
2026/05/28 23:00:38.084631 未中奖
2026/05/28 23:00:38.084631 未中奖
2026/05/28 23:00:38.084631 未中奖
2026/05/28 23:00:38.084631 未中奖
2026/05/28 23:00:38.084631 奖品已发完
2026/05/28 23:00:38.084631 未中奖
2026/05/28 23:00:38.084631 未中奖
2026/05/28 23:00:38.084631 奖品已发完
2026/05/28 23:00:38.084631 未中奖
2026/05/28 23:00:38.084631 奖品已发完
2026/05/28 23:00:38.084631 未中奖
2026/05/28 23:00:38.084631 未中奖
2026/05/28 23:00:38.084631 未中奖
2026/05/28 23:00:38.084631 奖品已发完
2026/05/28 23:00:38.084631 未中奖
2026/05/28 23:00:38.084631 未中奖
2026/05/28 23:00:38.084631 未中奖
2026/05/28 23:00:38.084631 未中奖
2026/05/28 23:00:38.084631 未中奖
2026/05/28 23:00:38.084631 未中奖
2026/05/28 23:00:38.084631 奖品已发完
2026/05/28 23:00:38.084631 未中奖
2026/05/28 23:00:38.084631 未中奖
2026/05/28 23:00:38.084631 未中奖
2026/05/28 23:00:38.084631 未中奖
2026/05/28 23:00:38.084631 未中奖
2026/05/28 23:00:38.085328 未中奖
2026/05/28 23:00:38.085328 未中奖
2026/05/28 23:00:38.085328 未中奖
2026/05/28 23:00:38.085328 未中奖
2026/05/28 23:00:38.085328 未中奖
2026/05/28 23:00:38.085328 奖品已发完
2026/05/28 23:00:38.085328 未中奖
2026/05/28 23:00:38.085328 未中奖
2026/05/28 23:00:38.085328 奖品已发完
2026/05/28 23:00:38.085328 未中奖
2026/05/28 23:00:38.085328 未中奖
2026/05/28 23:00:38.085328 奖品已发完
2026/05/28 23:00:38.085328 未中奖
2026/05/28 23:00:38.085328 未中奖
2026/05/28 23:00:38.085328 未中奖
2026/05/28 23:00:38.085328 未中奖
2026/05/28 23:00:38.085328 未中奖
2026/05/28 23:00:38.085328 未中奖
2026/05/28 23:00:38.085328 未中奖
2026/05/28 23:00:38.085328 未中奖
2026/05/28 23:00:38.085328 未中奖
2026/05/28 23:00:38.085328 奖品已发完
2026/05/28 23:00:38.085328 未中奖
2026/05/28 23:00:38.085328 未中奖
2026/05/28 23:00:38.085328 未中奖
2026/05/28 23:00:38.085328 未中奖
2026/05/28 23:00:38.085328 未中奖
2026/05/28 23:00:38.085328 未中奖
2026/05/28 23:00:38.085328 未中奖
2026/05/28 23:00:38.085328 未中奖
2026/05/28 23:00:38.085328 未中奖
2026/05/28 23:00:38.085328 奖品已发完
2026/05/28 23:00:38.085328 未中奖
2026/05/28 23:00:38.085328 未中奖
2026/05/28 23:00:38.085328 未中奖
2026/05/28 23:00:38.085328 未中奖
2026/05/28 23:00:38.085328 未中奖
2026/05/28 23:00:38.085328 未中奖
2026/05/28 23:00:38.085328 未中奖
2026/05/28 23:00:38.085328 未中奖
2026/05/28 23:00:38.085328 未中奖
2026/05/28 23:00:38.085328 未中奖
2026/05/28 23:00:38.085328 未中奖
2026/05/28 23:00:38.085328 未中奖
2026/05/28 23:00:38.085328 未中奖
2026/05/28 23:00:38.085328 未中奖
2026/05/28 23:00:38.085328 未中奖
2026/05/28 23:00:38.085328 未中奖
2026/05/28 23:00:38.085328 奖品已发完
2026/05/28 23:00:38.085328 未中奖
2026/05/28 23:00:38.085328 未中奖
2026/05/28 23:00:38.085855 未中奖
2026/05/28 23:00:38.085855 未中奖
2026/05/28 23:00:38.085855 奖品已发完
2026/05/28 23:00:38.085855 未中奖
2026/05/28 23:00:38.085855 未中奖
2026/05/28 23:00:38.085855 未中奖
2026/05/28 23:00:38.085855 未中奖
2026/05/28 23:00:38.085855 未中奖
2026/05/28 23:00:38.085855 未中奖
2026/05/28 23:00:38.085855 未中奖
2026/05/28 23:00:38.085855 未中奖
2026/05/28 23:00:38.085855 未中奖
2026/05/28 23:00:38.085855 未中奖
2026/05/28 23:00:38.085855 未中奖
2026/05/28 23:00:38.085855 未中奖
2026/05/28 23:00:38.085855 未中奖
2026/05/28 23:00:38.085855 未中奖
2026/05/28 23:00:38.085855 未中奖
2026/05/28 23:00:38.085855 未中奖
2026/05/28 23:00:38.085855 未中奖
2026/05/28 23:00:38.085855 未中奖
2026/05/28 23:00:38.085855 未中奖
2026/05/28 23:00:38.085855 未中奖
2026/05/28 23:00:38.085855 奖品已发完
2026/05/28 23:00:38.085855 未中奖
2026/05/28 23:00:38.085855 未中奖
2026/05/28 23:00:38.085855 未中奖
2026/05/28 23:00:38.085855 未中奖
2026/05/28 23:00:38.085855 未中奖
2026/05/28 23:00:38.085855 未中奖
2026/05/28 23:00:38.085855 未中奖
2026/05/28 23:00:38.085855 未中奖
2026/05/28 23:00:38.085855 未中奖
2026/05/28 23:00:38.085855 未中奖
2026/05/28 23:00:38.085855 未中奖
2026/05/28 23:00:38.085855 未中奖
2026/05/28 23:00:38.085855 未中奖
2026/05/28 23:00:38.085855 未中奖
2026/05/28 23:00:38.085855 未中奖
2026/05/28 23:00:38.085855 未中奖
2026/05/28 23:00:38.085855 未中奖
2026/05/28 23:00:38.085855 未中奖
2026/05/28 23:00:38.085855 未中奖
2026/05/28 23:00:38.085855 未中奖
2026/05/28 23:00:38.085855 未中奖
2026/05/28 23:00:38.085855 未中奖
2026/05/28 23:00:38.085855 未中奖
2026/05/28 23:00:38.085855 未中奖
2026/05/28 23:00:38.085855 未中奖
2026/05/28 23:00:38.085855 未中奖
2026/05/28 23:00:38.085855 未中奖
2026/05/28 23:00:38.085855 奖品已发完
2026/05/28 23:00:38.085855 未中奖
2026/05/28 23:00:38.085855 未中奖
2026/05/28 23:00:38.085855 未中奖
2026/05/28 23:00:38.085855 未中奖
2026/05/28 23:00:38.085855 未中奖
2026/05/28 23:00:38.085855 未中奖
2026/05/28 23:00:38.085855 奖品已发完
2026/05/28 23:00:38.085855 未中奖
2026/05/28 23:00:38.085855 未中奖
2026/05/28 23:00:38.085855 未中奖
2026/05/28 23:00:38.085855 未中奖
2026/05/28 23:00:38.085855 未中奖
2026/05/28 23:00:38.085855 未中奖
2026/05/28 23:00:38.085855 未中奖
2026/05/28 23:00:38.085855 未中奖
2026/05/28 23:00:38.085855 未中奖
2026/05/28 23:00:38.085855 奖品已发完
2026/05/28 23:00:38.085855 未中奖
2026/05/28 23:00:38.085855 未中奖
2026/05/28 23:00:38.085855 奖品已发完
2026/05/28 23:00:38.085855 未中奖
2026/05/28 23:00:38.085855 未中奖
2026/05/28 23:00:38.085855 未中奖
2026/05/28 23:00:38.085855 未中奖
2026/05/28 23:00:38.085855 未中奖
2026/05/28 23:00:38.085855 未中奖
2026/05/28 23:00:38.085855 未中奖
2026/05/28 23:00:38.085855 未中奖
2026/05/28 23:00:38.085855 奖品已发完
2026/05/28 23:00:38.085855 未中奖
2026/05/28 23:00:38.085855 奖品已发完
2026/05/28 23:00:38.085855 未中奖
2026/05/28 23:00:38.085855 未中奖
2026/05/28 23:00:38.085855 未中奖
2026/05/28 23:00:38.085855 未中奖
2026/05/28 23:00:38.085855 未中奖
2026/05/28 23:00:38.085855 未中奖
2026/05/28 23:00:38.085855 未中奖
2026/05/28 23:00:38.085855 未中奖
2026/05/28 23:00:38.085855 未中奖
2026/05/28 23:00:38.085855 未中奖
2026/05/28 23:00:38.085855 未中奖
2026/05/28 23:00:38.085855 未中奖
2026/05/28 23:00:38.085855 未中奖
2026/05/28 23:00:38.085855 未中奖
2026/05/28 23:00:38.085855 未中奖
2026/05/28 23:00:38.085855 未中奖
2026/05/28 23:00:38.085855 未中奖
2026/05/28 23:00:38.085855 未中奖
2026/05/28 23:00:38.085855 奖品已发完
2026/05/28 23:00:38.085855 未中奖
2026/05/28 23:00:38.085855 未中奖
2026/05/28 23:00:38.085855 未中奖
2026/05/28 23:00:38.086862 未中奖
2026/05/28 23:00:38.086862 未中奖
2026/05/28 23:00:38.086862 未中奖
2026/05/28 23:00:38.086862 未中奖
2026/05/28 23:00:38.086862 未中奖
2026/05/28 23:00:38.086862 未中奖
2026/05/28 23:00:38.086862 未中奖
2026/05/28 23:00:38.086862 未中奖
2026/05/28 23:00:38.086862 未中奖
2026/05/28 23:00:38.086862 未中奖
2026/05/28 23:00:38.086862 未中奖
2026/05/28 23:00:38.086862 未中奖
2026/05/28 23:00:38.086862 未中奖
2026/05/28 23:00:38.086862 未中奖
2026/05/28 23:00:38.086862 未中奖
2026/05/28 23:00:38.086862 未中奖
2026/05/28 23:00:38.086862 未中奖
2026/05/28 23:00:38.086862 未中奖
2026/05/28 23:00:38.086862 未中奖
2026/05/28 23:00:38.086862 未中奖
2026/05/28 23:00:38.086862 未中奖
2026/05/28 23:00:38.086862 未中奖
2026/05/28 23:00:38.086862 未中奖
2026/05/28 23:00:38.086862 未中奖
2026/05/28 23:00:38.086862 未中奖
2026/05/28 23:00:38.086862 未中奖
2026/05/28 23:00:38.086862 未中奖
2026/05/28 23:00:38.086862 奖品已发完
2026/05/28 23:00:38.086862 未中奖
2026/05/28 23:00:38.086862 未中奖
2026/05/28 23:00:38.086862 未中奖
2026/05/28 23:00:38.086862 未中奖
2026/05/28 23:00:38.086862 未中奖
2026/05/28 23:00:38.086862 未中奖
2026/05/28 23:00:38.086862 未中奖
2026/05/28 23:00:38.086862 未中奖
2026/05/28 23:00:38.086862 未中奖
2026/05/28 23:00:38.086862 未中奖
2026/05/28 23:00:38.086862 未中奖
2026/05/28 23:00:38.086862 奖品已发完
2026/05/28 23:00:38.086862 未中奖
2026/05/28 23:00:38.086862 奖品已发完
2026/05/28 23:00:38.086862 未中奖
2026/05/28 23:00:38.086862 未中奖
2026/05/28 23:00:38.086862 未中奖
2026/05/28 23:00:38.086862 未中奖
2026/05/28 23:00:38.086862 未中奖
2026/05/28 23:00:38.086862 未中奖
2026/05/28 23:00:38.086862 未中奖
2026/05/28 23:00:38.086862 未中奖
2026/05/28 23:00:38.086862 未中奖
2026/05/28 23:00:38.086862 未中奖
2026/05/28 23:00:38.086862 未中奖
2026/05/28 23:00:38.086862 未中奖
2026/05/28 23:00:38.086862 奖品已发完
2026/05/28 23:00:38.086862 未中奖
2026/05/28 23:00:38.086862 奖品已发完
2026/05/28 23:00:38.086862 未中奖
2026/05/28 23:00:38.086862 未中奖
2026/05/28 23:00:38.086862 未中奖
2026/05/28 23:00:38.086862 未中奖
2026/05/28 23:00:38.086862 奖品已发完
2026/05/28 23:00:38.086862 未中奖
2026/05/28 23:00:38.086862 未中奖
2026/05/28 23:00:38.086862 未中奖
2026/05/28 23:00:38.086862 未中奖
2026/05/28 23:00:38.087516 未中奖
2026/05/28 23:00:38.087516 未中奖
2026/05/28 23:00:38.087516 未中奖
2026/05/28 23:00:38.087516 未中奖
2026/05/28 23:00:38.087516 未中奖
2026/05/28 23:00:38.087516 未中奖
2026/05/28 23:00:38.087516 未中奖
2026/05/28 23:00:38.087516 未中奖
2026/05/28 23:00:38.087516 未中奖
2026/05/28 23:00:38.087516 未中奖
2026/05/28 23:00:38.087516 未中奖
2026/05/28 23:00:38.087516 未中奖
2026/05/28 23:00:38.087516 未中奖
2026/05/28 23:00:38.087516 未中奖
2026/05/28 23:00:38.087516 未中奖
2026/05/28 23:00:38.087516 未中奖
2026/05/28 23:00:38.087516 未中奖
2026/05/28 23:00:38.087516 未中奖
2026/05/28 23:00:38.087516 未中奖
2026/05/28 23:00:38.087516 未中奖
2026/05/28 23:00:38.087516 未中奖
2026/05/28 23:00:38.087516 未中奖
2026/05/28 23:00:38.087516 未中奖
2026/05/28 23:00:38.087516 未中奖
2026/05/28 23:00:38.087516 未中奖
2026/05/28 23:00:38.087516 奖品已发完
2026/05/28 23:00:38.087516 奖品已发完
2026/05/28 23:00:38.087516 未中奖
2026/05/28 23:00:38.087516 未中奖
2026/05/28 23:00:38.087516 奖品已发完
2026/05/28 23:00:38.087516 未中奖
2026/05/28 23:00:38.087516 未中奖
2026/05/28 23:00:38.087516 奖品已发完
2026/05/28 23:00:38.087516 未中奖
2026/05/28 23:00:38.087516 未中奖
2026/05/28 23:00:38.087516 未中奖
2026/05/28 23:00:38.087516 未中奖
2026/05/28 23:00:38.087516 奖品已发完
2026/05/28 23:00:38.087516 未中奖
2026/05/28 23:00:38.087516 未中奖
2026/05/28 23:00:38.087516 未中奖
2026/05/28 23:00:38.087516 未中奖
2026/05/28 23:00:38.087516 奖品已发完
2026/05/28 23:00:38.087516 未中奖
2026/05/28 23:00:38.087516 未中奖
2026/05/28 23:00:38.087516 未中奖
2026/05/28 23:00:38.087516 未中奖
2026/05/28 23:00:38.087516 未中奖
2026/05/28 23:00:38.087516 未中奖
2026/05/28 23:00:38.087516 未中奖
2026/05/28 23:00:38.087516 未中奖
2026/05/28 23:00:38.087516 未中奖
2026/05/28 23:00:38.087516 未中奖
2026/05/28 23:00:38.087516 未中奖
2026/05/28 23:00:38.087516 未中奖
2026/05/28 23:00:38.087516 未中奖
2026/05/28 23:00:38.087516 未中奖
2026/05/28 23:00:38.087516 奖品已发完
2026/05/28 23:00:38.087516 未中奖
2026/05/28 23:00:38.087516 未中奖
2026/05/28 23:00:38.087516 未中奖
2026/05/28 23:00:38.087516 未中奖
2026/05/28 23:00:38.087516 未中奖
2026/05/28 23:00:38.087516 未中奖
2026/05/28 23:00:38.087516 奖品已发完
2026/05/28 23:00:38.087516 未中奖
2026/05/28 23:00:38.087516 未中奖
2026/05/28 23:00:38.087516 奖品已发完
2026/05/28 23:00:38.087516 未中奖
2026/05/28 23:00:38.087516 未中奖
2026/05/28 23:00:38.087516 奖品已发完
2026/05/28 23:00:38.087516 未中奖
2026/05/28 23:00:38.087516 未中奖
2026/05/28 23:00:38.087516 未中奖
2026/05/28 23:00:38.087516 未中奖
2026/05/28 23:00:38.087516 奖品已发完
2026/05/28 23:00:38.087516 未中奖
2026/05/28 23:00:38.087516 未中奖
2026/05/28 23:00:38.087516 未中奖
2026/05/28 23:00:38.087516 未中奖
2026/05/28 23:00:38.087516 未中奖
2026/05/28 23:00:38.087516 未中奖
2026/05/28 23:00:38.087516 未中奖
2026/05/28 23:00:38.087516 奖品已发完
2026/05/28 23:00:38.087516 未中奖
2026/05/28 23:00:38.087516 未中奖
2026/05/28 23:00:38.087516 未中奖
2026/05/28 23:00:38.087516 未中奖
2026/05/28 23:00:38.087516 奖品已发完
2026/05/28 23:00:38.087516 未中奖
2026/05/28 23:00:38.087516 未中奖
2026/05/28 23:00:38.088966 未中奖
2026/05/28 23:00:38.088966 奖品已发完
2026/05/28 23:00:38.088966 未中奖
2026/05/28 23:00:38.088966 未中奖
2026/05/28 23:00:38.088966 未中奖
2026/05/28 23:00:38.088966 未中奖
2026/05/28 23:00:38.088966 未中奖
2026/05/28 23:00:38.088966 未中奖
2026/05/28 23:00:38.088966 未中奖
2026/05/28 23:00:38.088966 未中奖
2026/05/28 23:00:38.088966 奖品已发完
2026/05/28 23:00:38.088966 未中奖
2026/05/28 23:00:38.088966 未中奖
2026/05/28 23:00:38.088966 未中奖
2026/05/28 23:00:38.088966 未中奖
2026/05/28 23:00:38.088966 未中奖
2026/05/28 23:00:38.088966 奖品已发完
2026/05/28 23:00:38.088966 未中奖
2026/05/28 23:00:38.088966 未中奖
2026/05/28 23:00:38.088966 未中奖
2026/05/28 23:00:38.088966 奖品已发完
2026/05/28 23:00:38.088966 未中奖
2026/05/28 23:00:38.088966 未中奖
2026/05/28 23:00:38.088966 未中奖
2026/05/28 23:00:38.088966 未中奖
2026/05/28 23:00:38.088966 未中奖
2026/05/28 23:00:38.088966 未中奖
2026/05/28 23:00:38.088966 未中奖
2026/05/28 23:00:38.088966 未中奖
2026/05/28 23:00:38.088966 奖品已发完
2026/05/28 23:00:38.088966 未中奖
2026/05/28 23:00:38.088966 未中奖
2026/05/28 23:00:38.088966 未中奖
2026/05/28 23:00:38.088966 未中奖
2026/05/28 23:00:38.088966 未中奖
2026/05/28 23:00:38.088966 未中奖
2026/05/28 23:00:38.088966 未中奖
2026/05/28 23:00:38.088966 未中奖
2026/05/28 23:00:38.088966 未中奖
2026/05/28 23:00:38.088966 未中奖
2026/05/28 23:00:38.088966 未中奖
2026/05/28 23:00:38.088966 未中奖
2026/05/28 23:00:38.088966 奖品已发完
2026/05/28 23:00:38.088966 未中奖
2026/05/28 23:00:38.088966 未中奖
2026/05/28 23:00:38.088966 未中奖
2026/05/28 23:00:38.088966 未中奖
2026/05/28 23:00:38.088966 未中奖
2026/05/28 23:00:38.088966 未中奖
2026/05/28 23:00:38.088966 未中奖
2026/05/28 23:00:38.088966 未中奖
2026/05/28 23:00:38.088966 未中奖
2026/05/28 23:00:38.088966 未中奖
2026/05/28 23:00:38.088966 未中奖
2026/05/28 23:00:38.088966 未中奖
2026/05/28 23:00:38.088966 未中奖
2026/05/28 23:00:38.088966 奖品已发完
2026/05/28 23:00:38.088966 未中奖
2026/05/28 23:00:38.088966 未中奖
2026/05/28 23:00:38.088966 未中奖
2026/05/28 23:00:38.088966 未中奖
2026/05/28 23:00:38.088966 未中奖
2026/05/28 23:00:38.088966 奖品已发完
2026/05/28 23:00:38.088966 未中奖
2026/05/28 23:00:38.088966 未中奖
2026/05/28 23:00:38.088966 未中奖
2026/05/28 23:00:38.088966 未中奖
2026/05/28 23:00:38.088966 未中奖
2026/05/28 23:00:38.088966 未中奖
2026/05/28 23:00:38.088966 未中奖
2026/05/28 23:00:38.088966 奖品已发完
2026/05/28 23:00:38.088966 未中奖
2026/05/28 23:00:38.088966 未中奖
2026/05/28 23:00:38.088966 未中奖
2026/05/28 23:00:38.088966 未中奖
2026/05/28 23:00:38.088966 未中奖
2026/05/28 23:00:38.088966 未中奖
2026/05/28 23:00:38.088966 未中奖
2026/05/28 23:00:38.088966 未中奖
2026/05/28 23:00:38.088966 未中奖
2026/05/28 23:00:38.088966 奖品已发完
2026/05/28 23:00:38.088966 未中奖
2026/05/28 23:00:38.088966 未中奖
2026/05/28 23:00:38.088966 未中奖
2026/05/28 23:00:38.088966 未中奖
2026/05/28 23:00:38.088966 未中奖
2026/05/28 23:00:38.088966 未中奖
2026/05/28 23:00:38.088966 未中奖
2026/05/28 23:00:38.088966 未中奖
2026/05/28 23:00:38.088966 未中奖
2026/05/28 23:00:38.088966 未中奖
2026/05/28 23:00:38.088966 奖品已发完
2026/05/28 23:00:38.088966 奖品已发完
2026/05/28 23:00:38.088966 未中奖
2026/05/28 23:00:38.088966 未中奖
2026/05/28 23:00:38.088966 未中奖
2026/05/28 23:00:38.088966 奖品已发完
2026/05/28 23:00:38.088966 未中奖
2026/05/28 23:00:38.088966 未中奖
2026/05/28 23:00:38.088966 奖品已发完
2026/05/28 23:00:38.088966 未中奖
2026/05/28 23:00:38.089981 奖品已发完
2026/05/28 23:00:38.089981 未中奖
2026/05/28 23:00:38.089981 奖品已发完
2026/05/28 23:00:38.089981 未中奖
2026/05/28 23:00:38.089981 未中奖
2026/05/28 23:00:38.089981 未中奖
2026/05/28 23:00:38.089981 未中奖
2026/05/28 23:00:38.089981 未中奖
2026/05/28 23:00:38.089981 奖品已发完
2026/05/28 23:00:38.089981 未中奖
2026/05/28 23:00:38.089981 未中奖
2026/05/28 23:00:38.089981 未中奖
2026/05/28 23:00:38.089981 未中奖
2026/05/28 23:00:38.089981 未中奖
2026/05/28 23:00:38.089981 未中奖
2026/05/28 23:00:38.089981 未中奖
2026/05/28 23:00:38.089981 未中奖
2026/05/28 23:00:38.089981 未中奖
2026/05/28 23:00:38.089981 奖品已发完
2026/05/28 23:00:38.089981 未中奖
2026/05/28 23:00:38.089981 未中奖
2026/05/28 23:00:38.089981 未中奖
2026/05/28 23:00:38.089981 未中奖
2026/05/28 23:00:38.089981 未中奖
2026/05/28 23:00:38.089981 未中奖
2026/05/28 23:00:38.089981 未中奖
2026/05/28 23:00:38.089981 未中奖
2026/05/28 23:00:38.089981 未中奖
2026/05/28 23:00:38.089981 未中奖
2026/05/28 23:00:38.089981 未中奖
2026/05/28 23:00:38.089981 未中奖
2026/05/28 23:00:38.089981 未中奖
2026/05/28 23:00:38.089981 未中奖
2026/05/28 23:00:38.089981 未中奖
2026/05/28 23:00:38.089981 未中奖
2026/05/28 23:00:38.089981 未中奖
2026/05/28 23:00:38.089981 未中奖
2026/05/28 23:00:38.089981 未中奖
2026/05/28 23:00:38.089981 未中奖
2026/05/28 23:00:38.089981 未中奖
2026/05/28 23:00:38.089981 未中奖
2026/05/28 23:00:38.089981 未中奖
2026/05/28 23:00:38.089981 未中奖
2026/05/28 23:00:38.089981 未中奖
2026/05/28 23:00:38.089981 未中奖
2026/05/28 23:00:38.089981 未中奖
2026/05/28 23:00:38.089981 未中奖
2026/05/28 23:00:38.089981 未中奖
2026/05/28 23:00:38.089981 奖品已发完
2026/05/28 23:00:38.089981 未中奖
2026/05/28 23:00:38.089981 未中奖
2026/05/28 23:00:38.089981 未中奖
2026/05/28 23:00:38.089981 未中奖
2026/05/28 23:00:38.089981 未中奖
2026/05/28 23:00:38.089981 未中奖
2026/05/28 23:00:38.089981 未中奖
2026/05/28 23:00:38.089981 未中奖
2026/05/28 23:00:38.089981 未中奖
2026/05/28 23:00:38.089981 未中奖
2026/05/28 23:00:38.089981 奖品已发完
2026/05/28 23:00:38.089981 未中奖
2026/05/28 23:00:38.089981 未中奖
2026/05/28 23:00:38.089981 未中奖
2026/05/28 23:00:38.089981 未中奖
2026/05/28 23:00:38.089981 未中奖
2026/05/28 23:00:38.089981 未中奖
2026/05/28 23:00:38.089981 未中奖
2026/05/28 23:00:38.089981 未中奖
2026/05/28 23:00:38.089981 未中奖
2026/05/28 23:00:38.089981 奖品已发完
2026/05/28 23:00:38.089981 奖品已发完
2026/05/28 23:00:38.090975 未中奖
2026/05/28 23:00:38.090975 未中奖
2026/05/28 23:00:38.090975 未中奖
2026/05/28 23:00:38.090975 未中奖
2026/05/28 23:00:38.090975 未中奖
2026/05/28 23:00:38.090975 未中奖
2026/05/28 23:00:38.090975 奖品已发完
2026/05/28 23:00:38.090975 未中奖
2026/05/28 23:00:38.090975 未中奖
2026/05/28 23:00:38.090975 未中奖
2026/05/28 23:00:38.090975 未中奖
2026/05/28 23:00:38.090975 未中奖
2026/05/28 23:00:38.090975 未中奖
2026/05/28 23:00:38.090975 未中奖
2026/05/28 23:00:38.090975 未中奖
2026/05/28 23:00:38.090975 未中奖
2026/05/28 23:00:38.090975 未中奖
2026/05/28 23:00:38.090975 未中奖
2026/05/28 23:00:38.090975 奖品已发完
2026/05/28 23:00:38.090975 未中奖
2026/05/28 23:00:38.090975 未中奖
2026/05/28 23:00:38.090975 未中奖
2026/05/28 23:00:38.090975 未中奖
2026/05/28 23:00:38.090975 未中奖
2026/05/28 23:00:38.090975 未中奖
2026/05/28 23:00:38.090975 奖品已发完
2026/05/28 23:00:38.090975 未中奖
2026/05/28 23:00:38.090975 未中奖
2026/05/28 23:00:38.090975 未中奖
2026/05/28 23:00:38.090975 未中奖
2026/05/28 23:00:38.090975 未中奖
2026/05/28 23:00:38.090975 未中奖
2026/05/28 23:00:38.090975 未中奖
2026/05/28 23:00:38.090975 未中奖
2026/05/28 23:00:38.090975 未中奖
2026/05/28 23:00:38.090975 未中奖
2026/05/28 23:00:38.090975 奖品已发完
2026/05/28 23:00:38.090975 未中奖
2026/05/28 23:00:38.090975 未中奖
2026/05/28 23:00:38.090975 未中奖
2026/05/28 23:00:38.090975 未中奖
2026/05/28 23:00:38.090975 未中奖
2026/05/28 23:00:38.090975 未中奖
2026/05/28 23:00:38.090975 未中奖
2026/05/28 23:00:38.090975 奖品已发完
2026/05/28 23:00:38.090975 未中奖
2026/05/28 23:00:38.090975 未中奖
2026/05/28 23:00:38.090975 奖品已发完
2026/05/28 23:00:38.090975 奖品已发完
2026/05/28 23:00:38.090975 未中奖
2026/05/28 23:00:38.090975 未中奖
2026/05/28 23:00:38.090975 未中奖
2026/05/28 23:00:38.090975 未中奖
2026/05/28 23:00:38.090975 未中奖
2026/05/28 23:00:38.090975 未中奖
2026/05/28 23:00:38.090975 未中奖
2026/05/28 23:00:38.090975 奖品已发完
2026/05/28 23:00:38.090975 未中奖
2026/05/28 23:00:38.090975 未中奖
2026/05/28 23:00:38.090975 未中奖
2026/05/28 23:00:38.090975 奖品已发完
2026/05/28 23:00:38.090975 未中奖
2026/05/28 23:00:38.090975 奖品已发完
2026/05/28 23:00:38.090975 未中奖
2026/05/28 23:00:38.090975 未中奖
2026/05/28 23:00:38.090975 未中奖
2026/05/28 23:00:38.090975 未中奖
2026/05/28 23:00:38.090975 未中奖
2026/05/28 23:00:38.090975 未中奖
2026/05/28 23:00:38.090975 未中奖
2026/05/28 23:00:38.090975 未中奖
2026/05/28 23:00:38.090975 未中奖
2026/05/28 23:00:38.090975 未中奖
2026/05/28 23:00:38.090975 未中奖
2026/05/28 23:00:38.090975 未中奖
2026/05/28 23:00:38.090975 未中奖
2026/05/28 23:00:38.090975 未中奖
2026/05/28 23:00:38.090975 奖品已发完
2026/05/28 23:00:38.090975 奖品已发完
2026/05/28 23:00:38.090975 未中奖
2026/05/28 23:00:38.090975 未中奖
2026/05/28 23:00:38.090975 奖品已发完
2026/05/28 23:00:38.090975 未中奖
2026/05/28 23:00:38.090975 奖品已发完
2026/05/28 23:00:38.090975 未中奖
2026/05/28 23:00:38.090975 未中奖
2026/05/28 23:00:38.090975 未中奖
2026/05/28 23:00:38.090975 奖品已发完
2026/05/28 23:00:38.090975 未中奖
2026/05/28 23:00:38.090975 未中奖
2026/05/28 23:00:38.090975 未中奖
2026/05/28 23:00:38.090975 未中奖
2026/05/28 23:00:38.090975 奖品已发完
2026/05/28 23:00:38.090975 未中奖
2026/05/28 23:00:38.090975 未中奖
2026/05/28 23:00:38.090975 奖品已发完
2026/05/28 23:00:38.090975 未中奖
2026/05/28 23:00:38.090975 未中奖
2026/05/28 23:00:38.090975 未中奖
2026/05/28 23:00:38.090975 未中奖
2026/05/28 23:00:38.092365 未中奖
2026/05/28 23:00:38.092365 未中奖
2026/05/28 23:00:38.092365 未中奖
2026/05/28 23:00:38.092365 未中奖
2026/05/28 23:00:38.092365 奖品已发完
2026/05/28 23:00:38.092365 奖品已发完
2026/05/28 23:00:38.092365 未中奖
2026/05/28 23:00:38.092365 未中奖
2026/05/28 23:00:38.092365 未中奖
2026/05/28 23:00:38.092365 未中奖
2026/05/28 23:00:38.092365 未中奖
2026/05/28 23:00:38.092365 未中奖
2026/05/28 23:00:38.092365 未中奖
2026/05/28 23:00:38.092365 未中奖
2026/05/28 23:00:38.092365 未中奖
2026/05/28 23:00:38.092365 未中奖
2026/05/28 23:00:38.092365 未中奖
2026/05/28 23:00:38.092365 未中奖
2026/05/28 23:00:38.092365 奖品已发完
2026/05/28 23:00:38.092365 未中奖
2026/05/28 23:00:38.092365 未中奖
2026/05/28 23:00:38.092365 未中奖
2026/05/28 23:00:38.092365 未中奖
2026/05/28 23:00:38.092365 奖品已发完
2026/05/28 23:00:38.092365 未中奖
2026/05/28 23:00:38.092365 未中奖
2026/05/28 23:00:38.092365 未中奖
2026/05/28 23:00:38.092365 未中奖
2026/05/28 23:00:38.092365 奖品已发完
2026/05/28 23:00:38.092365 未中奖
2026/05/28 23:00:38.092365 未中奖
2026/05/28 23:00:38.092365 未中奖
2026/05/28 23:00:38.092365 未中奖
2026/05/28 23:00:38.092365 奖品已发完
2026/05/28 23:00:38.092365 未中奖
2026/05/28 23:00:38.092365 未中奖
2026/05/28 23:00:38.092365 未中奖
2026/05/28 23:00:38.092365 未中奖
2026/05/28 23:00:38.092365 未中奖
2026/05/28 23:00:38.092365 未中奖
2026/05/28 23:00:38.092365 奖品已发完
2026/05/28 23:00:38.092365 未中奖
2026/05/28 23:00:38.092365 未中奖
2026/05/28 23:00:38.092365 未中奖
2026/05/28 23:00:38.092365 未中奖
2026/05/28 23:00:38.092365 未中奖
2026/05/28 23:00:38.092365 未中奖
2026/05/28 23:00:38.092365 未中奖
2026/05/28 23:00:38.092365 未中奖
2026/05/28 23:00:38.092365 未中奖
2026/05/28 23:00:38.092365 奖品已发完
2026/05/28 23:00:38.092365 未中奖
2026/05/28 23:00:38.092365 未中奖
2026/05/28 23:00:38.092365 未中奖
2026/05/28 23:00:38.092365 奖品已发完
2026/05/28 23:00:38.092365 未中奖
2026/05/28 23:00:38.092365 未中奖
2026/05/28 23:00:38.092365 未中奖
2026/05/28 23:00:38.092365 未中奖
2026/05/28 23:00:38.092365 未中奖
2026/05/28 23:00:38.092365 未中奖
2026/05/28 23:00:38.092365 奖品已发完
2026/05/28 23:00:38.092365 未中奖
2026/05/28 23:00:38.092365 未中奖
2026/05/28 23:00:38.092365 未中奖
2026/05/28 23:00:38.092365 未中奖
2026/05/28 23:00:38.092365 奖品已发完
2026/05/28 23:00:38.092365 未中奖
2026/05/28 23:00:38.092365 未中奖
2026/05/28 23:00:38.092365 未中奖
2026/05/28 23:00:38.092365 奖品已发完
2026/05/28 23:00:38.092365 奖品已发完
2026/05/28 23:00:38.092365 未中奖
2026/05/28 23:00:38.092365 未中奖
2026/05/28 23:00:38.092365 未中奖
2026/05/28 23:00:38.092365 未中奖
2026/05/28 23:00:38.092365 未中奖
2026/05/28 23:00:38.092365 未中奖
2026/05/28 23:00:38.092365 未中奖
2026/05/28 23:00:38.092365 未中奖
2026/05/28 23:00:38.092365 未中奖
2026/05/28 23:00:38.092365 未中奖
2026/05/28 23:00:38.092365 奖品已发完
2026/05/28 23:00:38.092365 未中奖
2026/05/28 23:00:38.092365 未中奖
2026/05/28 23:00:38.092365 未中奖
2026/05/28 23:00:38.093630 未中奖
2026/05/28 23:00:38.093630 未中奖
2026/05/28 23:00:38.093630 未中奖
2026/05/28 23:00:38.093630 未中奖
2026/05/28 23:00:38.093630 未中奖
2026/05/28 23:00:38.093630 未中奖
2026/05/28 23:00:38.093630 未中奖
2026/05/28 23:00:38.093630 未中奖
2026/05/28 23:00:38.093630 奖品已发完
2026/05/28 23:00:38.093630 未中奖
2026/05/28 23:00:38.093630 未中奖
2026/05/28 23:00:38.093630 未中奖
2026/05/28 23:00:38.093630 奖品已发完
2026/05/28 23:00:38.093630 未中奖
2026/05/28 23:00:38.093630 未中奖
2026/05/28 23:00:38.093630 未中奖
2026/05/28 23:00:38.093630 未中奖
2026/05/28 23:00:38.093630 未中奖
2026/05/28 23:00:38.093630 未中奖
2026/05/28 23:00:38.093630 未中奖
2026/05/28 23:00:38.093630 未中奖
2026/05/28 23:00:38.093630 未中奖
2026/05/28 23:00:38.093630 未中奖
2026/05/28 23:00:38.093630 未中奖
2026/05/28 23:00:38.093630 未中奖
2026/05/28 23:00:38.093630 未中奖
2026/05/28 23:00:38.093630 未中奖
2026/05/28 23:00:38.093630 未中奖
2026/05/28 23:00:38.093630 未中奖
2026/05/28 23:00:38.093630 未中奖
2026/05/28 23:00:38.093630 未中奖
2026/05/28 23:00:38.093630 未中奖
2026/05/28 23:00:38.093630 奖品已发完
2026/05/28 23:00:38.093630 未中奖
2026/05/28 23:00:38.093630 未中奖
2026/05/28 23:00:38.093630 未中奖
2026/05/28 23:00:38.093630 未中奖
2026/05/28 23:00:38.093630 未中奖
2026/05/28 23:00:38.093630 未中奖
2026/05/28 23:00:38.093630 未中奖
2026/05/28 23:00:38.093630 未中奖
2026/05/28 23:00:38.093630 未中奖
2026/05/28 23:00:38.093630 奖品已发完
2026/05/28 23:00:38.093630 未中奖
2026/05/28 23:00:38.093630 未中奖
2026/05/28 23:00:38.093630 未中奖
2026/05/28 23:00:38.093630 未中奖
2026/05/28 23:00:38.093630 未中奖
2026/05/28 23:00:38.093630 未中奖
2026/05/28 23:00:38.093630 未中奖
2026/05/28 23:00:38.093630 未中奖
2026/05/28 23:00:38.093630 未中奖
2026/05/28 23:00:38.093630 奖品已发完
2026/05/28 23:00:38.093630 未中奖
2026/05/28 23:00:38.093630 未中奖
2026/05/28 23:00:38.093630 未中奖
2026/05/28 23:00:38.093630 未中奖
2026/05/28 23:00:38.093630 未中奖
2026/05/28 23:00:38.093630 未中奖
2026/05/28 23:00:38.093630 未中奖
2026/05/28 23:00:38.093630 未中奖
2026/05/28 23:00:38.093630 奖品已发完
2026/05/28 23:00:38.093630 奖品已发完
2026/05/28 23:00:38.093630 未中奖
2026/05/28 23:00:38.093630 未中奖
2026/05/28 23:00:38.093630 未中奖
2026/05/28 23:00:38.093630 未中奖
2026/05/28 23:00:38.093630 未中奖
2026/05/28 23:00:38.093630 未中奖
2026/05/28 23:00:38.093630 未中奖
2026/05/28 23:00:38.093630 未中奖
2026/05/28 23:00:38.093630 奖品已发完
2026/05/28 23:00:38.093630 未中奖
2026/05/28 23:00:38.093630 未中奖
2026/05/28 23:00:38.094640 未中奖
2026/05/28 23:00:38.094640 奖品已发完
2026/05/28 23:00:38.094640 未中奖
2026/05/28 23:00:38.094640 未中奖
2026/05/28 23:00:38.094640 未中奖
2026/05/28 23:00:38.094640 未中奖
2026/05/28 23:00:38.094640 未中奖
2026/05/28 23:00:38.094640 未中奖
2026/05/28 23:00:38.094640 未中奖
2026/05/28 23:00:38.094640 未中奖
2026/05/28 23:00:38.094640 未中奖
2026/05/28 23:00:38.094640 未中奖
2026/05/28 23:00:38.094640 未中奖
2026/05/28 23:00:38.094640 未中奖
2026/05/28 23:00:38.094640 未中奖
2026/05/28 23:00:38.094640 未中奖
2026/05/28 23:00:38.094640 未中奖
2026/05/28 23:00:38.094640 未中奖
2026/05/28 23:00:38.094640 奖品已发完
2026/05/28 23:00:38.094640 未中奖
2026/05/28 23:00:38.094640 未中奖
2026/05/28 23:00:38.094640 未中奖
2026/05/28 23:00:38.094640 未中奖
2026/05/28 23:00:38.094640 未中奖
2026/05/28 23:00:38.094640 未中奖
2026/05/28 23:00:38.094640 未中奖
2026/05/28 23:00:38.094640 未中奖
2026/05/28 23:00:38.094640 未中奖
2026/05/28 23:00:38.094640 未中奖
2026/05/28 23:00:38.094640 未中奖
2026/05/28 23:00:38.094640 未中奖
2026/05/28 23:00:38.094640 未中奖
2026/05/28 23:00:38.094640 奖品已发完
2026/05/28 23:00:38.094640 未中奖
2026/05/28 23:00:38.094640 未中奖
2026/05/28 23:00:38.094640 未中奖
2026/05/28 23:00:38.094640 未中奖
2026/05/28 23:00:38.094640 奖品已发完
2026/05/28 23:00:38.094640 奖品已发完
2026/05/28 23:00:38.094640 未中奖
2026/05/28 23:00:38.094640 未中奖
2026/05/28 23:00:38.094640 未中奖
2026/05/28 23:00:38.094640 未中奖
2026/05/28 23:00:38.094640 未中奖
2026/05/28 23:00:38.094640 未中奖
2026/05/28 23:00:38.094640 未中奖
2026/05/28 23:00:38.094640 未中奖
2026/05/28 23:00:38.094640 未中奖
2026/05/28 23:00:38.094640 未中奖
2026/05/28 23:00:38.094640 未中奖
2026/05/28 23:00:38.094640 未中奖
2026/05/28 23:00:38.094640 奖品已发完
2026/05/28 23:00:38.094640 未中奖
2026/05/28 23:00:38.094640 未中奖
2026/05/28 23:00:38.094640 未中奖
2026/05/28 23:00:38.094640 未中奖
2026/05/28 23:00:38.094640 未中奖
2026/05/28 23:00:38.094640 未中奖
2026/05/28 23:00:38.094640 奖品已发完
2026/05/28 23:00:38.094640 未中奖
2026/05/28 23:00:38.094640 未中奖
2026/05/28 23:00:38.094640 未中奖
2026/05/28 23:00:38.094640 未中奖
2026/05/28 23:00:38.094640 未中奖
2026/05/28 23:00:38.094640 未中奖
2026/05/28 23:00:38.094640 未中奖
2026/05/28 23:00:38.094640 未中奖
2026/05/28 23:00:38.094640 未中奖
2026/05/28 23:00:38.094640 未中奖
2026/05/28 23:00:38.094640 未中奖
2026/05/28 23:00:38.094640 未中奖
2026/05/28 23:00:38.094640 奖品已发完
2026/05/28 23:00:38.094640 未中奖
2026/05/28 23:00:38.094640 未中奖
2026/05/28 23:00:38.095647 未中奖
2026/05/28 23:00:38.095647 未中奖
2026/05/28 23:00:38.095647 未中奖
2026/05/28 23:00:38.095647 未中奖
2026/05/28 23:00:38.095647 未中奖
2026/05/28 23:00:38.095647 未中奖
2026/05/28 23:00:38.095647 未中奖
2026/05/28 23:00:38.095647 未中奖
2026/05/28 23:00:38.095647 未中奖
2026/05/28 23:00:38.095647 未中奖
2026/05/28 23:00:38.095647 奖品已发完
2026/05/28 23:00:38.095647 未中奖
2026/05/28 23:00:38.095647 未中奖
2026/05/28 23:00:38.095647 未中奖
2026/05/28 23:00:38.095647 未中奖
2026/05/28 23:00:38.095647 未中奖
2026/05/28 23:00:38.095647 未中奖
2026/05/28 23:00:38.095647 未中奖
2026/05/28 23:00:38.095647 未中奖
2026/05/28 23:00:38.095647 未中奖
2026/05/28 23:00:38.095647 未中奖
2026/05/28 23:00:38.095647 奖品已发完
2026/05/28 23:00:38.095647 未中奖
2026/05/28 23:00:38.095647 奖品已发完
2026/05/28 23:00:38.095647 未中奖
2026/05/28 23:00:38.095647 未中奖
2026/05/28 23:00:38.095647 未中奖
2026/05/28 23:00:38.095647 未中奖
2026/05/28 23:00:38.095647 未中奖
2026/05/28 23:00:38.095647 未中奖
2026/05/28 23:00:38.095647 未中奖
2026/05/28 23:00:38.095647 未中奖
2026/05/28 23:00:38.095647 未中奖
2026/05/28 23:00:38.095647 奖品已发完
2026/05/28 23:00:38.095647 未中奖
2026/05/28 23:00:38.095647 未中奖
2026/05/28 23:00:38.095647 未中奖
2026/05/28 23:00:38.095647 未中奖
2026/05/28 23:00:38.095647 奖品已发完
2026/05/28 23:00:38.095647 未中奖
2026/05/28 23:00:38.095647 未中奖
2026/05/28 23:00:38.095647 未中奖
2026/05/28 23:00:38.095647 未中奖
2026/05/28 23:00:38.095647 未中奖
2026/05/28 23:00:38.095647 未中奖
2026/05/28 23:00:38.095647 未中奖
2026/05/28 23:00:38.095647 未中奖
2026/05/28 23:00:38.095647 奖品已发完
2026/05/28 23:00:38.095647 未中奖
2026/05/28 23:00:38.095647 未中奖
2026/05/28 23:00:38.095647 未中奖
2026/05/28 23:00:38.095647 未中奖
2026/05/28 23:00:38.095647 未中奖
2026/05/28 23:00:38.095647 未中奖
2026/05/28 23:00:38.095647 未中奖
2026/05/28 23:00:38.095647 奖品已发完
2026/05/28 23:00:38.095647 未中奖
2026/05/28 23:00:38.095647 未中奖
2026/05/28 23:00:38.095647 未中奖
2026/05/28 23:00:38.095647 未中奖
2026/05/28 23:00:38.095647 未中奖
2026/05/28 23:00:38.095647 奖品已发完
2026/05/28 23:00:38.095647 未中奖
2026/05/28 23:00:38.095647 奖品已发完
2026/05/28 23:00:38.095647 未中奖
2026/05/28 23:00:38.095647 奖品已发完
2026/05/28 23:00:38.095647 未中奖
2026/05/28 23:00:38.095647 未中奖
2026/05/28 23:00:38.095647 未中奖
2026/05/28 23:00:38.095647 未中奖
2026/05/28 23:00:38.095647 未中奖
2026/05/28 23:00:38.095647 未中奖
2026/05/28 23:00:38.095647 未中奖
2026/05/28 23:00:38.095647 未中奖
2026/05/28 23:00:38.095647 未中奖
2026/05/28 23:00:38.095647 未中奖
2026/05/28 23:00:38.095647 未中奖
2026/05/28 23:00:38.095647 未中奖
2026/05/28 23:00:38.095647 奖品已发完
2026/05/28 23:00:38.095647 未中奖
2026/05/28 23:00:38.095647 未中奖
2026/05/28 23:00:38.095647 未中奖
2026/05/28 23:00:38.095647 未中奖
2026/05/28 23:00:38.095647 未中奖
2026/05/28 23:00:38.095647 未中奖
2026/05/28 23:00:38.095647 未中奖
2026/05/28 23:00:38.095647 未中奖
2026/05/28 23:00:38.095647 未中奖
2026/05/28 23:00:38.095647 未中奖
2026/05/28 23:00:38.095647 未中奖
2026/05/28 23:00:38.095647 未中奖
2026/05/28 23:00:38.095647 奖品已发完
2026/05/28 23:00:38.095647 未中奖
2026/05/28 23:00:38.095647 未中奖
2026/05/28 23:00:38.095647 未中奖
2026/05/28 23:00:38.095647 未中奖
2026/05/28 23:00:38.095647 未中奖
2026/05/28 23:00:38.095647 未中奖
2026/05/28 23:00:38.095647 未中奖
2026/05/28 23:00:38.095647 未中奖
2026/05/28 23:00:38.095647 未中奖
2026/05/28 23:00:38.095647 未中奖
2026/05/28 23:00:38.095647 未中奖
2026/05/28 23:00:38.095647 未中奖
2026/05/28 23:00:38.095647 未中奖
2026/05/28 23:00:38.095647 未中奖
2026/05/28 23:00:38.095647 未中奖
2026/05/28 23:00:38.097156 未中奖
2026/05/28 23:00:38.097156 未中奖
2026/05/28 23:00:38.097156 未中奖
2026/05/28 23:00:38.097156 未中奖
2026/05/28 23:00:38.097156 奖品已发完
2026/05/28 23:00:38.097156 未中奖
2026/05/28 23:00:38.097156 未中奖
2026/05/28 23:00:38.097156 未中奖
2026/05/28 23:00:38.097156 未中奖
2026/05/28 23:00:38.097156 未中奖
2026/05/28 23:00:38.097156 未中奖
2026/05/28 23:00:38.097156 未中奖
2026/05/28 23:00:38.097156 未中奖
2026/05/28 23:00:38.097156 未中奖
2026/05/28 23:00:38.097156 未中奖
2026/05/28 23:00:38.097156 奖品已发完
2026/05/28 23:00:38.097156 未中奖
2026/05/28 23:00:38.097156 未中奖
2026/05/28 23:00:38.097156 未中奖
2026/05/28 23:00:38.097156 未中奖
2026/05/28 23:00:38.097156 未中奖
2026/05/28 23:00:38.097156 未中奖
2026/05/28 23:00:38.097156 未中奖
2026/05/28 23:00:38.097156 未中奖
2026/05/28 23:00:38.097156 奖品已发完
2026/05/28 23:00:38.097156 未中奖
2026/05/28 23:00:38.097156 未中奖
2026/05/28 23:00:38.097156 未中奖
2026/05/28 23:00:38.097156 未中奖
2026/05/28 23:00:38.097156 未中奖
2026/05/28 23:00:38.097156 未中奖
2026/05/28 23:00:38.097156 未中奖
2026/05/28 23:00:38.097156 未中奖
2026/05/28 23:00:38.097156 未中奖
2026/05/28 23:00:38.097156 未中奖
2026/05/28 23:00:38.097156 未中奖
2026/05/28 23:00:38.097156 未中奖
2026/05/28 23:00:38.097156 未中奖
2026/05/28 23:00:38.097156 未中奖
2026/05/28 23:00:38.097156 未中奖
2026/05/28 23:00:38.097156 未中奖
2026/05/28 23:00:38.097156 未中奖
2026/05/28 23:00:38.097156 未中奖
2026/05/28 23:00:38.097156 未中奖
2026/05/28 23:00:38.097156 未中奖
2026/05/28 23:00:38.097156 未中奖
2026/05/28 23:00:38.097156 未中奖
2026/05/28 23:00:38.097156 未中奖
2026/05/28 23:00:38.097156 未中奖
2026/05/28 23:00:38.097156 未中奖
2026/05/28 23:00:38.097156 未中奖
2026/05/28 23:00:38.097156 未中奖
2026/05/28 23:00:38.097156 奖品已发完
2026/05/28 23:00:38.097156 未中奖
2026/05/28 23:00:38.097156 未中奖
2026/05/28 23:00:38.097156 未中奖
2026/05/28 23:00:38.097156 未中奖
2026/05/28 23:00:38.097156 未中奖
2026/05/28 23:00:38.097156 未中奖
2026/05/28 23:00:38.097156 未中奖
2026/05/28 23:00:38.097156 未中奖
2026/05/28 23:00:38.097156 未中奖
2026/05/28 23:00:38.097156 未中奖
2026/05/28 23:00:38.097156 奖品已发完
2026/05/28 23:00:38.097156 未中奖
2026/05/28 23:00:38.097156 未中奖
2026/05/28 23:00:38.097156 未中奖
2026/05/28 23:00:38.097156 未中奖
2026/05/28 23:00:38.097156 未中奖
2026/05/28 23:00:38.097156 未中奖
2026/05/28 23:00:38.097156 未中奖
2026/05/28 23:00:38.097156 未中奖
2026/05/28 23:00:38.097156 奖品已发完
2026/05/28 23:00:38.097156 未中奖
2026/05/28 23:00:38.097156 未中奖
2026/05/28 23:00:38.097156 未中奖
2026/05/28 23:00:38.097156 未中奖
2026/05/28 23:00:38.097156 奖品已发完
2026/05/28 23:00:38.097156 未中奖
2026/05/28 23:00:38.097156 奖品已发完
2026/05/28 23:00:38.097156 未中奖
2026/05/28 23:00:38.097156 未中奖
2026/05/28 23:00:38.097156 未中奖
2026/05/28 23:00:38.097156 未中奖
2026/05/28 23:00:38.097156 未中奖
2026/05/28 23:00:38.097156 未中奖
2026/05/28 23:00:38.097156 未中奖
2026/05/28 23:00:38.097156 未中奖
2026/05/28 23:00:38.097156 未中奖
2026/05/28 23:00:38.097156 未中奖
2026/05/28 23:00:38.097156 未中奖
2026/05/28 23:00:38.097156 未中奖
2026/05/28 23:00:38.097156 未中奖
2026/05/28 23:00:38.097156 奖品已发完
2026/05/28 23:00:38.097156 未中奖
2026/05/28 23:00:38.098500 未中奖
2026/05/28 23:00:38.098500 未中奖
2026/05/28 23:00:38.098500 未中奖
2026/05/28 23:00:38.098500 未中奖
2026/05/28 23:00:38.098500 未中奖
2026/05/28 23:00:38.098500 未中奖
2026/05/28 23:00:38.098500 未中奖
2026/05/28 23:00:38.098500 未中奖
2026/05/28 23:00:38.098500 未中奖
2026/05/28 23:00:38.098500 未中奖
2026/05/28 23:00:38.098500 未中奖
2026/05/28 23:00:38.098500 未中奖
2026/05/28 23:00:38.098500 未中奖
2026/05/28 23:00:38.098500 未中奖
2026/05/28 23:00:38.098500 未中奖
2026/05/28 23:00:38.098500 未中奖
2026/05/28 23:00:38.098500 未中奖
2026/05/28 23:00:38.098500 未中奖
2026/05/28 23:00:38.098500 未中奖
2026/05/28 23:00:38.098500 未中奖
2026/05/28 23:00:38.098500 未中奖
2026/05/28 23:00:38.098500 奖品已发完
2026/05/28 23:00:38.098500 未中奖
2026/05/28 23:00:38.098500 未中奖
2026/05/28 23:00:38.098500 未中奖
2026/05/28 23:00:38.098500 未中奖
2026/05/28 23:00:38.098500 未中奖
2026/05/28 23:00:38.098500 未中奖
2026/05/28 23:00:38.098500 奖品已发完
2026/05/28 23:00:38.098500 未中奖
2026/05/28 23:00:38.098500 未中奖
2026/05/28 23:00:38.098500 未中奖
2026/05/28 23:00:38.098500 未中奖
2026/05/28 23:00:38.098500 未中奖
2026/05/28 23:00:38.098500 未中奖
2026/05/28 23:00:38.098500 未中奖
2026/05/28 23:00:38.098500 未中奖
2026/05/28 23:00:38.098500 未中奖
2026/05/28 23:00:38.098500 未中奖
2026/05/28 23:00:38.098500 未中奖
2026/05/28 23:00:38.098500 未中奖
2026/05/28 23:00:38.098500 奖品已发完
2026/05/28 23:00:38.098500 未中奖
2026/05/28 23:00:38.098500 未中奖
2026/05/28 23:00:38.098500 未中奖
2026/05/28 23:00:38.098500 未中奖
2026/05/28 23:00:38.098500 未中奖
2026/05/28 23:00:38.098500 未中奖
2026/05/28 23:00:38.098500 奖品已发完
2026/05/28 23:00:38.098500 未中奖
2026/05/28 23:00:38.098500 未中奖
2026/05/28 23:00:38.098500 未中奖
2026/05/28 23:00:38.098500 未中奖
2026/05/28 23:00:38.098500 未中奖
2026/05/28 23:00:38.098500 未中奖
2026/05/28 23:00:38.098500 未中奖
2026/05/28 23:00:38.098500 未中奖
2026/05/28 23:00:38.098500 未中奖
2026/05/28 23:00:38.098500 未中奖
2026/05/28 23:00:38.098500 奖品已发完
2026/05/28 23:00:38.098500 未中奖
2026/05/28 23:00:38.098500 未中奖
2026/05/28 23:00:38.098500 奖品已发完
2026/05/28 23:00:38.098500 未中奖
2026/05/28 23:00:38.098500 未中奖
2026/05/28 23:00:38.098500 未中奖
2026/05/28 23:00:38.098500 未中奖
2026/05/28 23:00:38.098500 未中奖
2026/05/28 23:00:38.098500 未中奖
2026/05/28 23:00:38.098500 未中奖
2026/05/28 23:00:38.098500 未中奖
2026/05/28 23:00:38.098500 奖品已发完
2026/05/28 23:00:38.098500 未中奖
2026/05/28 23:00:38.098500 未中奖
2026/05/28 23:00:38.098500 未中奖
2026/05/28 23:00:38.098500 未中奖
2026/05/28 23:00:38.098500 未中奖
2026/05/28 23:00:38.098500 未中奖
2026/05/28 23:00:38.098500 未中奖
2026/05/28 23:00:38.098500 未中奖
2026/05/28 23:00:38.098500 未中奖
2026/05/28 23:00:38.098500 未中奖
2026/05/28 23:00:38.098500 未中奖
2026/05/28 23:00:38.098500 未中奖
2026/05/28 23:00:38.098500 未中奖
2026/05/28 23:00:38.098500 未中奖
2026/05/28 23:00:38.098500 未中奖
2026/05/28 23:00:38.098500 未中奖
2026/05/28 23:00:38.098500 未中奖
2026/05/28 23:00:38.098500 未中奖
2026/05/28 23:00:38.098500 未中奖
2026/05/28 23:00:38.098500 未中奖
2026/05/28 23:00:38.098500 未中奖
2026/05/28 23:00:38.098500 未中奖
2026/05/28 23:00:38.098500 未中奖
2026/05/28 23:00:38.098500 未中奖
2026/05/28 23:00:38.098500 未中奖
2026/05/28 23:00:38.098500 未中奖
2026/05/28 23:00:38.098500 未中奖
2026/05/28 23:00:38.098500 奖品已发完
2026/05/28 23:00:38.098500 奖品已发完
2026/05/28 23:00:38.098500 未中奖
2026/05/28 23:00:38.098500 未中奖
2026/05/28 23:00:38.098500 未中奖
2026/05/28 23:00:38.098500 奖品已发完
2026/05/28 23:00:38.098500 未中奖
2026/05/28 23:00:38.098500 未中奖
2026/05/28 23:00:38.098500 未中奖
2026/05/28 23:00:38.098500 未中奖
2026/05/28 23:00:38.098500 奖品已发完
2026/05/28 23:00:38.098500 奖品已发完
2026/05/28 23:00:38.098500 未中奖
2026/05/28 23:00:38.098500 未中奖
2026/05/28 23:00:38.098500 奖品已发完
2026/05/28 23:00:38.098500 未中奖
2026/05/28 23:00:38.098500 奖品已发完
2026/05/28 23:00:38.098500 未中奖
2026/05/28 23:00:38.098500 未中奖
2026/05/28 23:00:38.098500 未中奖
2026/05/28 23:00:38.098500 奖品已发完
2026/05/28 23:00:38.098500 未中奖
2026/05/28 23:00:38.098500 未中奖
2026/05/28 23:00:38.098500 未中奖
2026/05/28 23:00:38.098500 未中奖
2026/05/28 23:00:38.098500 未中奖
2026/05/28 23:00:38.098500 未中奖
2026/05/28 23:00:38.098500 未中奖
2026/05/28 23:00:38.098500 未中奖
2026/05/28 23:00:38.098500 未中奖
2026/05/28 23:00:38.098500 未中奖
2026/05/28 23:00:38.098500 未中奖
2026/05/28 23:00:38.098500 未中奖
2026/05/28 23:00:38.098500 奖品已发完
2026/05/28 23:00:38.098500 未中奖
2026/05/28 23:00:38.098500 未中奖
2026/05/28 23:00:38.098500 未中奖
2026/05/28 23:00:38.098500 未中奖
2026/05/28 23:00:38.098500 未中奖
2026/05/28 23:00:38.098500 未中奖
2026/05/28 23:00:38.098500 未中奖
2026/05/28 23:00:38.098500 未中奖
2026/05/28 23:00:38.098500 未中奖
2026/05/28 23:00:38.098500 未中奖
2026/05/28 23:00:38.098500 未中奖
2026/05/28 23:00:38.099889 未中奖
2026/05/28 23:00:38.099889 未中奖
2026/05/28 23:00:38.099889 未中奖
2026/05/28 23:00:38.099889 未中奖
2026/05/28 23:00:38.099889 未中奖
2026/05/28 23:00:38.099889 未中奖
2026/05/28 23:00:38.099889 未中奖
2026/05/28 23:00:38.099889 未中奖
2026/05/28 23:00:38.099889 未中奖
2026/05/28 23:00:38.099889 未中奖
2026/05/28 23:00:38.099889 未中奖
2026/05/28 23:00:38.099889 奖品已发完
2026/05/28 23:00:38.099889 未中奖
2026/05/28 23:00:38.099889 奖品已发完
2026/05/28 23:00:38.099889 未中奖
2026/05/28 23:00:38.099889 未中奖
2026/05/28 23:00:38.099889 未中奖
2026/05/28 23:00:38.099889 未中奖
2026/05/28 23:00:38.099889 未中奖
2026/05/28 23:00:38.099889 未中奖
2026/05/28 23:00:38.099889 未中奖
2026/05/28 23:00:38.099889 奖品已发完
2026/05/28 23:00:38.099889 未中奖
2026/05/28 23:00:38.099889 未中奖
2026/05/28 23:00:38.099889 未中奖
2026/05/28 23:00:38.099889 未中奖
2026/05/28 23:00:38.099889 未中奖
2026/05/28 23:00:38.099889 未中奖
2026/05/28 23:00:38.099889 未中奖
2026/05/28 23:00:38.099889 未中奖
2026/05/28 23:00:38.099889 未中奖
2026/05/28 23:00:38.099889 未中奖
2026/05/28 23:00:38.099889 未中奖
2026/05/28 23:00:38.099889 未中奖
2026/05/28 23:00:38.099889 未中奖
2026/05/28 23:00:38.099889 奖品已发完
2026/05/28 23:00:38.099889 未中奖
2026/05/28 23:00:38.099889 未中奖
2026/05/28 23:00:38.099889 未中奖
2026/05/28 23:00:38.099889 未中奖
2026/05/28 23:00:38.099889 未中奖
2026/05/28 23:00:38.099889 未中奖
2026/05/28 23:00:38.099889 未中奖
2026/05/28 23:00:38.099889 未中奖
2026/05/28 23:00:38.099889 未中奖
2026/05/28 23:00:38.099889 未中奖
2026/05/28 23:00:38.099889 未中奖
2026/05/28 23:00:38.099889 未中奖
2026/05/28 23:00:38.099889 未中奖
2026/05/28 23:00:38.099889 未中奖
2026/05/28 23:00:38.099889 未中奖
2026/05/28 23:00:38.099889 未中奖
2026/05/28 23:00:38.099889 未中奖
2026/05/28 23:00:38.099889 奖品已发完
2026/05/28 23:00:38.099889 未中奖
2026/05/28 23:00:38.099889 未中奖
2026/05/28 23:00:38.099889 未中奖
2026/05/28 23:00:38.099889 未中奖
2026/05/28 23:00:38.099889 未中奖
2026/05/28 23:00:38.099889 未中奖
2026/05/28 23:00:38.099889 奖品已发完
2026/05/28 23:00:38.099889 未中奖
2026/05/28 23:00:38.099889 奖品已发完
2026/05/28 23:00:38.099889 奖品已发完
2026/05/28 23:00:38.099889 未中奖
2026/05/28 23:00:38.099889 未中奖
2026/05/28 23:00:38.099889 未中奖
2026/05/28 23:00:38.099889 未中奖
2026/05/28 23:00:38.099889 未中奖
2026/05/28 23:00:38.099889 未中奖
2026/05/28 23:00:38.099889 未中奖
2026/05/28 23:00:38.099889 奖品已发完
2026/05/28 23:00:38.099889 未中奖
2026/05/28 23:00:38.099889 奖品已发完
2026/05/28 23:00:38.099889 未中奖
2026/05/28 23:00:38.099889 未中奖
2026/05/28 23:00:38.099889 未中奖
2026/05/28 23:00:38.099889 未中奖
2026/05/28 23:00:38.099889 未中奖
2026/05/28 23:00:38.099889 未中奖
2026/05/28 23:00:38.099889 未中奖
2026/05/28 23:00:38.099889 未中奖
2026/05/28 23:00:38.099889 未中奖
2026/05/28 23:00:38.099889 未中奖
2026/05/28 23:00:38.099889 未中奖
2026/05/28 23:00:38.099889 未中奖
2026/05/28 23:00:38.099889 未中奖
2026/05/28 23:00:38.099889 未中奖
2026/05/28 23:00:38.099889 未中奖
2026/05/28 23:00:38.099889 奖品已发完
2026/05/28 23:00:38.099889 未中奖
2026/05/28 23:00:38.099889 未中奖
2026/05/28 23:00:38.099889 未中奖
2026/05/28 23:00:38.099889 未中奖
2026/05/28 23:00:38.099889 未中奖
2026/05/28 23:00:38.099889 未中奖
2026/05/28 23:00:38.099889 未中奖
2026/05/28 23:00:38.099889 未中奖
2026/05/28 23:00:38.099889 未中奖
2026/05/28 23:00:38.099889 未中奖
2026/05/28 23:00:38.099889 未中奖
2026/05/28 23:00:38.099889 未中奖
2026/05/28 23:00:38.099889 未中奖
2026/05/28 23:00:38.099889 未中奖
2026/05/28 23:00:38.099889 未中奖
2026/05/28 23:00:38.099889 未中奖
2026/05/28 23:00:38.099889 未中奖
2026/05/28 23:00:38.099889 未中奖
2026/05/28 23:00:38.099889 未中奖
2026/05/28 23:00:38.099889 未中奖
2026/05/28 23:00:38.099889 未中奖
2026/05/28 23:00:38.099889 未中奖
2026/05/28 23:00:38.099889 未中奖
2026/05/28 23:00:38.099889 奖品已发完
2026/05/28 23:00:38.099889 未中奖
2026/05/28 23:00:38.099889 未中奖
2026/05/28 23:00:38.099889 未中奖
2026/05/28 23:00:38.099889 奖品已发完
2026/05/28 23:00:38.099889 未中奖
2026/05/28 23:00:38.099889 未中奖
2026/05/28 23:00:38.099889 未中奖
2026/05/28 23:00:38.099889 未中奖
2026/05/28 23:00:38.099889 未中奖
2026/05/28 23:00:38.099889 未中奖
2026/05/28 23:00:38.099889 未中奖
2026/05/28 23:00:38.099889 未中奖
2026/05/28 23:00:38.099889 未中奖
2026/05/28 23:00:38.099889 未中奖
2026/05/28 23:00:38.099889 未中奖
2026/05/28 23:00:38.099889 未中奖
2026/05/28 23:00:38.099889 未中奖
2026/05/28 23:00:38.099889 未中奖
2026/05/28 23:00:38.099889 未中奖
2026/05/28 23:00:38.101213 未中奖
2026/05/28 23:00:38.101213 未中奖
2026/05/28 23:00:38.101213 未中奖
2026/05/28 23:00:38.101213 未中奖
2026/05/28 23:00:38.101213 未中奖
2026/05/28 23:00:38.101213 未中奖
2026/05/28 23:00:38.101213 奖品已发完
2026/05/28 23:00:38.101213 未中奖
2026/05/28 23:00:38.101213 未中奖
2026/05/28 23:00:38.101213 未中奖
2026/05/28 23:00:38.101213 未中奖
2026/05/28 23:00:38.101213 未中奖
2026/05/28 23:00:38.101213 未中奖
2026/05/28 23:00:38.101213 奖品已发完
2026/05/28 23:00:38.101213 奖品已发完
2026/05/28 23:00:38.101213 奖品已发完
2026/05/28 23:00:38.101213 未中奖
2026/05/28 23:00:38.101213 未中奖
2026/05/28 23:00:38.101213 未中奖
2026/05/28 23:00:38.101213 未中奖
2026/05/28 23:00:38.101213 未中奖
2026/05/28 23:00:38.101213 未中奖
2026/05/28 23:00:38.101213 未中奖
2026/05/28 23:00:38.101213 未中奖
2026/05/28 23:00:38.101213 奖品已发完
2026/05/28 23:00:38.101213 未中奖
2026/05/28 23:00:38.101213 未中奖
2026/05/28 23:00:38.101213 未中奖
2026/05/28 23:00:38.101213 未中奖
2026/05/28 23:00:38.101213 未中奖
2026/05/28 23:00:38.101213 未中奖
2026/05/28 23:00:38.101213 未中奖
2026/05/28 23:00:38.101213 未中奖
2026/05/28 23:00:38.101213 未中奖
2026/05/28 23:00:38.101213 未中奖
2026/05/28 23:00:38.101213 奖品已发完
2026/05/28 23:00:38.101213 未中奖
2026/05/28 23:00:38.101213 未中奖
2026/05/28 23:00:38.101213 未中奖
2026/05/28 23:00:38.101213 未中奖
2026/05/28 23:00:38.101213 未中奖
2026/05/28 23:00:38.101213 未中奖
2026/05/28 23:00:38.101213 未中奖
2026/05/28 23:00:38.101213 未中奖
2026/05/28 23:00:38.101213 未中奖
2026/05/28 23:00:38.101213 未中奖
2026/05/28 23:00:38.101213 未中奖
2026/05/28 23:00:38.101213 未中奖
2026/05/28 23:00:38.101213 未中奖
2026/05/28 23:00:38.101213 未中奖
2026/05/28 23:00:38.101213 未中奖
2026/05/28 23:00:38.101213 未中奖
2026/05/28 23:00:38.101213 未中奖
2026/05/28 23:00:38.101213 未中奖
2026/05/28 23:00:38.101213 未中奖
2026/05/28 23:00:38.101213 未中奖
2026/05/28 23:00:38.101213 未中奖
2026/05/28 23:00:38.101213 未中奖
2026/05/28 23:00:38.101213 未中奖
2026/05/28 23:00:38.101213 未中奖
2026/05/28 23:00:38.101213 未中奖
2026/05/28 23:00:38.101213 奖品已发完
2026/05/28 23:00:38.101213 未中奖
2026/05/28 23:00:38.101213 未中奖
2026/05/28 23:00:38.101213 未中奖
2026/05/28 23:00:38.101213 未中奖
2026/05/28 23:00:38.101213 奖品已发完
2026/05/28 23:00:38.101213 未中奖
2026/05/28 23:00:38.101213 奖品已发完
2026/05/28 23:00:38.101213 未中奖
2026/05/28 23:00:38.101213 未中奖
2026/05/28 23:00:38.101213 未中奖
2026/05/28 23:00:38.101213 未中奖
2026/05/28 23:00:38.101213 未中奖
2026/05/28 23:00:38.101213 未中奖
2026/05/28 23:00:38.101213 未中奖
2026/05/28 23:00:38.101213 奖品已发完
2026/05/28 23:00:38.101213 未中奖
2026/05/28 23:00:38.101213 未中奖
2026/05/28 23:00:38.101213 未中奖
2026/05/28 23:00:38.101213 未中奖
2026/05/28 23:00:38.101213 未中奖
2026/05/28 23:00:38.101213 未中奖
2026/05/28 23:00:38.101213 未中奖
2026/05/28 23:00:38.101213 未中奖
2026/05/28 23:00:38.101213 未中奖
2026/05/28 23:00:38.101213 未中奖
2026/05/28 23:00:38.101213 未中奖
2026/05/28 23:00:38.101213 未中奖
2026/05/28 23:00:38.101213 奖品已发完
2026/05/28 23:00:38.101213 未中奖
2026/05/28 23:00:38.101213 未中奖
2026/05/28 23:00:38.101213 未中奖
2026/05/28 23:00:38.101213 未中奖
2026/05/28 23:00:38.101213 未中奖
2026/05/28 23:00:38.101213 未中奖
2026/05/28 23:00:38.101213 未中奖
2026/05/28 23:00:38.101213 未中奖
2026/05/28 23:00:38.101213 未中奖
2026/05/28 23:00:38.101213 未中奖
2026/05/28 23:00:38.101213 未中奖
2026/05/28 23:00:38.101213 奖品已发完
2026/05/28 23:00:38.101213 未中奖
2026/05/28 23:00:38.101213 未中奖
2026/05/28 23:00:38.101213 未中奖
2026/05/28 23:00:38.101213 未中奖
2026/05/28 23:00:38.101213 未中奖
2026/05/28 23:00:38.101213 未中奖
2026/05/28 23:00:38.101213 未中奖
2026/05/28 23:00:38.101213 未中奖
2026/05/28 23:00:38.101213 奖品已发完
2026/05/28 23:00:38.101213 未中奖
2026/05/28 23:00:38.101213 未中奖
2026/05/28 23:00:38.101213 未中奖
2026/05/28 23:00:38.101213 未中奖
2026/05/28 23:00:38.101213 未中奖
2026/05/28 23:00:38.101213 未中奖
2026/05/28 23:00:38.101213 未中奖
2026/05/28 23:00:38.101213 未中奖
2026/05/28 23:00:38.101213 未中奖
2026/05/28 23:00:38.101213 未中奖
2026/05/28 23:00:38.101213 未中奖
2026/05/28 23:00:38.101213 奖品已发完
2026/05/28 23:00:38.101213 未中奖
2026/05/28 23:00:38.101213 未中奖
2026/05/28 23:00:38.101213 未中奖
2026/05/28 23:00:38.101213 未中奖
2026/05/28 23:00:38.101213 未中奖
2026/05/28 23:00:38.101213 未中奖
2026/05/28 23:00:38.102411 未中奖
2026/05/28 23:00:38.102411 未中奖
2026/05/28 23:00:38.102411 未中奖
2026/05/28 23:00:38.102411 未中奖
2026/05/28 23:00:38.102411 未中奖
2026/05/28 23:00:38.102411 未中奖
2026/05/28 23:00:38.102411 未中奖
2026/05/28 23:00:38.102411 未中奖
2026/05/28 23:00:38.102411 奖品已发完
2026/05/28 23:00:38.102411 未中奖
2026/05/28 23:00:38.102411 未中奖
2026/05/28 23:00:38.102411 未中奖
2026/05/28 23:00:38.102411 未中奖
2026/05/28 23:00:38.102411 奖品已发完
2026/05/28 23:00:38.102411 未中奖
2026/05/28 23:00:38.102411 未中奖
2026/05/28 23:00:38.102411 未中奖
2026/05/28 23:00:38.102411 未中奖
2026/05/28 23:00:38.102411 未中奖
2026/05/28 23:00:38.102411 未中奖
2026/05/28 23:00:38.102411 未中奖
2026/05/28 23:00:38.102411 奖品已发完
2026/05/28 23:00:38.102411 未中奖
2026/05/28 23:00:38.102411 未中奖
2026/05/28 23:00:38.102411 未中奖
2026/05/28 23:00:38.102411 未中奖
2026/05/28 23:00:38.102411 未中奖
2026/05/28 23:00:38.102411 未中奖
2026/05/28 23:00:38.102411 未中奖
2026/05/28 23:00:38.102411 未中奖
2026/05/28 23:00:38.102411 未中奖
2026/05/28 23:00:38.102411 未中奖
2026/05/28 23:00:38.102411 未中奖
2026/05/28 23:00:38.102411 未中奖
2026/05/28 23:00:38.102411 未中奖
2026/05/28 23:00:38.102411 未中奖
2026/05/28 23:00:38.102411 未中奖
2026/05/28 23:00:38.102411 未中奖
2026/05/28 23:00:38.102411 未中奖
2026/05/28 23:00:38.102411 未中奖
2026/05/28 23:00:38.102411 未中奖
2026/05/28 23:00:38.102411 未中奖
2026/05/28 23:00:38.102411 未中奖
2026/05/28 23:00:38.102411 未中奖
2026/05/28 23:00:38.102411 未中奖
2026/05/28 23:00:38.102411 未中奖
2026/05/28 23:00:38.102411 未中奖
2026/05/28 23:00:38.102411 未中奖
2026/05/28 23:00:38.102411 未中奖
2026/05/28 23:00:38.102411 未中奖
2026/05/28 23:00:38.102411 未中奖
2026/05/28 23:00:38.102411 未中奖
2026/05/28 23:00:38.102411 未中奖
2026/05/28 23:00:38.102411 未中奖
2026/05/28 23:00:38.102411 未中奖
2026/05/28 23:00:38.102411 未中奖
2026/05/28 23:00:38.102411 未中奖
2026/05/28 23:00:38.102411 未中奖
2026/05/28 23:00:38.102411 未中奖
2026/05/28 23:00:38.102411 未中奖
2026/05/28 23:00:38.102970 奖品已发完
2026/05/28 23:00:38.102970 未中奖
2026/05/28 23:00:38.102970 未中奖
2026/05/28 23:00:38.102970 未中奖
2026/05/28 23:00:38.102970 奖品已发完
2026/05/28 23:00:38.102970 未中奖
2026/05/28 23:00:38.102970 未中奖
2026/05/28 23:00:38.102970 未中奖
2026/05/28 23:00:38.102970 未中奖
2026/05/28 23:00:38.102970 未中奖
2026/05/28 23:00:38.102970 未中奖
2026/05/28 23:00:38.102970 未中奖
2026/05/28 23:00:38.102970 未中奖
2026/05/28 23:00:38.102970 未中奖
2026/05/28 23:00:38.102970 未中奖
2026/05/28 23:00:38.102970 未中奖
2026/05/28 23:00:38.102970 未中奖
2026/05/28 23:00:38.102970 奖品已发完
2026/05/28 23:00:38.102970 未中奖
2026/05/28 23:00:38.102970 未中奖
2026/05/28 23:00:38.102970 未中奖
2026/05/28 23:00:38.102970 未中奖
2026/05/28 23:00:38.102970 未中奖
2026/05/28 23:00:38.102970 未中奖
2026/05/28 23:00:38.102970 未中奖
2026/05/28 23:00:38.102970 未中奖
2026/05/28 23:00:38.102970 未中奖
2026/05/28 23:00:38.102970 未中奖
2026/05/28 23:00:38.102970 未中奖
2026/05/28 23:00:38.102970 未中奖
2026/05/28 23:00:38.102970 奖品已发完
2026/05/28 23:00:38.102970 未中奖
2026/05/28 23:00:38.102970 未中奖
2026/05/28 23:00:38.102970 未中奖
2026/05/28 23:00:38.102970 未中奖
2026/05/28 23:00:38.102970 未中奖
2026/05/28 23:00:38.102970 未中奖
2026/05/28 23:00:38.102970 未中奖
2026/05/28 23:00:38.102970 未中奖
2026/05/28 23:00:38.102970 未中奖
2026/05/28 23:00:38.102970 未中奖
2026/05/28 23:00:38.102970 奖品已发完
2026/05/28 23:00:38.102970 奖品已发完
2026/05/28 23:00:38.102970 未中奖
2026/05/28 23:00:38.102970 未中奖
2026/05/28 23:00:38.102970 未中奖
2026/05/28 23:00:38.102970 未中奖
2026/05/28 23:00:38.102970 未中奖
2026/05/28 23:00:38.102970 未中奖
2026/05/28 23:00:38.102970 未中奖
2026/05/28 23:00:38.102970 未中奖
2026/05/28 23:00:38.102970 未中奖
2026/05/28 23:00:38.102970 未中奖
2026/05/28 23:00:38.102970 未中奖
2026/05/28 23:00:38.102970 奖品已发完
2026/05/28 23:00:38.102970 未中奖
2026/05/28 23:00:38.102970 奖品已发完
2026/05/28 23:00:38.102970 未中奖
2026/05/28 23:00:38.102970 未中奖
2026/05/28 23:00:38.102970 未中奖
2026/05/28 23:00:38.102970 未中奖
2026/05/28 23:00:38.102970 未中奖
2026/05/28 23:00:38.102970 未中奖
2026/05/28 23:00:38.102970 奖品已发完
2026/05/28 23:00:38.102970 未中奖
2026/05/28 23:00:38.102970 未中奖
2026/05/28 23:00:38.102970 奖品已发完
2026/05/28 23:00:38.102970 奖品已发完
2026/05/28 23:00:38.102970 未中奖
2026/05/28 23:00:38.102970 未中奖
2026/05/28 23:00:38.102970 未中奖
2026/05/28 23:00:38.102970 奖品已发完
2026/05/28 23:00:38.102970 未中奖
2026/05/28 23:00:38.102970 未中奖
2026/05/28 23:00:38.102970 未中奖
2026/05/28 23:00:38.102970 未中奖
2026/05/28 23:00:38.103976 未中奖
2026/05/28 23:00:38.103976 未中奖
2026/05/28 23:00:38.103976 未中奖
2026/05/28 23:00:38.103976 未中奖
2026/05/28 23:00:38.103976 未中奖
2026/05/28 23:00:38.103976 未中奖
2026/05/28 23:00:38.103976 未中奖
2026/05/28 23:00:38.103976 奖品已发完
2026/05/28 23:00:38.103976 未中奖
2026/05/28 23:00:38.103976 未中奖
2026/05/28 23:00:38.103976 未中奖
2026/05/28 23:00:38.103976 未中奖
2026/05/28 23:00:38.103976 未中奖
2026/05/28 23:00:38.103976 未中奖
2026/05/28 23:00:38.103976 未中奖
2026/05/28 23:00:38.103976 奖品已发完
2026/05/28 23:00:38.103976 未中奖
2026/05/28 23:00:38.103976 未中奖
2026/05/28 23:00:38.103976 未中奖
2026/05/28 23:00:38.103976 未中奖
2026/05/28 23:00:38.103976 未中奖
2026/05/28 23:00:38.103976 未中奖
2026/05/28 23:00:38.103976 未中奖
2026/05/28 23:00:38.103976 未中奖
2026/05/28 23:00:38.103976 未中奖
2026/05/28 23:00:38.103976 未中奖
2026/05/28 23:00:38.103976 未中奖
2026/05/28 23:00:38.103976 未中奖
2026/05/28 23:00:38.103976 未中奖
2026/05/28 23:00:38.103976 未中奖
2026/05/28 23:00:38.103976 未中奖
2026/05/28 23:00:38.103976 未中奖
2026/05/28 23:00:38.103976 未中奖
2026/05/28 23:00:38.103976 未中奖
2026/05/28 23:00:38.103976 未中奖
2026/05/28 23:00:38.103976 未中奖
2026/05/28 23:00:38.103976 未中奖
2026/05/28 23:00:38.103976 未中奖
2026/05/28 23:00:38.103976 奖品已发完
2026/05/28 23:00:38.103976 未中奖
2026/05/28 23:00:38.103976 未中奖
2026/05/28 23:00:38.103976 未中奖
2026/05/28 23:00:38.103976 未中奖
2026/05/28 23:00:38.103976 未中奖
2026/05/28 23:00:38.103976 未中奖
2026/05/28 23:00:38.103976 未中奖
2026/05/28 23:00:38.103976 未中奖
2026/05/28 23:00:38.103976 未中奖
2026/05/28 23:00:38.103976 未中奖
2026/05/28 23:00:38.103976 奖品已发完
2026/05/28 23:00:38.103976 奖品已发完
2026/05/28 23:00:38.103976 未中奖
2026/05/28 23:00:38.103976 未中奖
2026/05/28 23:00:38.103976 未中奖
2026/05/28 23:00:38.103976 未中奖
2026/05/28 23:00:38.103976 未中奖
2026/05/28 23:00:38.103976 奖品已发完
2026/05/28 23:00:38.103976 未中奖
2026/05/28 23:00:38.103976 未中奖
2026/05/28 23:00:38.103976 未中奖
2026/05/28 23:00:38.103976 未中奖
2026/05/28 23:00:38.103976 未中奖
2026/05/28 23:00:38.103976 未中奖
2026/05/28 23:00:38.103976 奖品已发完
2026/05/28 23:00:38.103976 奖品已发完
2026/05/28 23:00:38.103976 未中奖
2026/05/28 23:00:38.103976 未中奖
2026/05/28 23:00:38.103976 未中奖
2026/05/28 23:00:38.103976 奖品已发完
2026/05/28 23:00:38.103976 未中奖
2026/05/28 23:00:38.103976 未中奖
2026/05/28 23:00:38.103976 未中奖
2026/05/28 23:00:38.103976 未中奖
2026/05/28 23:00:38.103976 未中奖
2026/05/28 23:00:38.103976 未中奖
2026/05/28 23:00:38.103976 未中奖
2026/05/28 23:00:38.103976 未中奖
2026/05/28 23:00:38.103976 未中奖
2026/05/28 23:00:38.103976 未中奖
2026/05/28 23:00:38.103976 未中奖
2026/05/28 23:00:38.104983 未中奖
2026/05/28 23:00:38.104983 未中奖
2026/05/28 23:00:38.104983 未中奖
2026/05/28 23:00:38.104983 未中奖
2026/05/28 23:00:38.104983 未中奖
2026/05/28 23:00:38.104983 未中奖
2026/05/28 23:00:38.104983 未中奖
2026/05/28 23:00:38.104983 未中奖
2026/05/28 23:00:38.104983 未中奖
2026/05/28 23:00:38.104983 奖品已发完
2026/05/28 23:00:38.104983 未中奖
2026/05/28 23:00:38.104983 未中奖
2026/05/28 23:00:38.104983 未中奖
2026/05/28 23:00:38.104983 未中奖
2026/05/28 23:00:38.104983 未中奖
2026/05/28 23:00:38.104983 未中奖
2026/05/28 23:00:38.104983 奖品已发完
2026/05/28 23:00:38.104983 奖品已发完
2026/05/28 23:00:38.104983 未中奖
2026/05/28 23:00:38.104983 未中奖
2026/05/28 23:00:38.104983 未中奖
2026/05/28 23:00:38.104983 未中奖
2026/05/28 23:00:38.104983 未中奖
2026/05/28 23:00:38.104983 未中奖
2026/05/28 23:00:38.104983 未中奖
2026/05/28 23:00:38.104983 未中奖
2026/05/28 23:00:38.104983 未中奖
2026/05/28 23:00:38.104983 未中奖
2026/05/28 23:00:38.104983 未中奖
2026/05/28 23:00:38.104983 未中奖
2026/05/28 23:00:38.104983 未中奖
2026/05/28 23:00:38.104983 未中奖
2026/05/28 23:00:38.104983 未中奖
2026/05/28 23:00:38.104983 奖品已发完
2026/05/28 23:00:38.104983 未中奖
2026/05/28 23:00:38.104983 未中奖
2026/05/28 23:00:38.104983 奖品已发完
2026/05/28 23:00:38.104983 未中奖
2026/05/28 23:00:38.104983 未中奖
2026/05/28 23:00:38.104983 奖品已发完
2026/05/28 23:00:38.104983 未中奖
2026/05/28 23:00:38.104983 未中奖
2026/05/28 23:00:38.104983 未中奖
2026/05/28 23:00:38.104983 未中奖
2026/05/28 23:00:38.104983 未中奖
2026/05/28 23:00:38.104983 未中奖
2026/05/28 23:00:38.104983 未中奖
2026/05/28 23:00:38.104983 未中奖
2026/05/28 23:00:38.104983 未中奖
2026/05/28 23:00:38.104983 未中奖
2026/05/28 23:00:38.104983 未中奖
