2026/05/29 00:02:38.432470 中奖：三等奖，剩余：99
2026/05/29 00:02:38.432997 奖品已发完
2026/05/29 00:02:38.433544 奖品已发完
2026/05/29 00:02:38.466468 奖品已发完
2026/05/29 00:02:38.466997 奖品已发完
2026/05/29 00:02:38.466997 奖品已发完
2026/05/29 00:02:38.466997 中奖：二等奖，剩余：9
2026/05/29 00:02:38.433544 奖品已发完
2026/05/29 00:02:38.466997 奖品已发完
2026/05/29 00:02:38.466997 奖品已发完
2026/05/29 00:02:38.434075 奖品已发完
2026/05/29 00:02:38.434075 奖品已发完
2026/05/29 00:02:38.466997 奖品已发完
2026/05/29 00:02:38.434075 奖品已发完
2026/05/29 00:02:38.434075 奖品已发完
2026/05/29 00:02:38.434075 奖品已发完
2026/05/29 00:02:38.466997 奖品已发完
2026/05/29 00:02:38.469149 奖品已发完
2026/05/29 00:02:38.433544 奖品已发完
2026/05/29 00:02:38.434075 奖品已发完
2026/05/29 00:02:38.466997 奖品已发完
2026/05/29 00:02:38.466997 奖品已发完
2026/05/29 00:02:38.434075 奖品已发完
2026/05/29 00:02:38.466997 奖品已发完
2026/05/29 00:02:38.433544 奖品已发完
2026/05/29 00:02:38.433544 奖品已发完
2026/05/29 00:02:38.466997 奖品已发完
2026/05/29 00:02:38.466997 奖品已发完
2026/05/29 00:02:38.433544 奖品已发完
2026/05/29 00:02:38.466468 奖品已发完
2026/05/29 00:02:38.433544 奖品已发完
2026/05/29 00:02:38.433544 奖品已发完
2026/05/29 00:02:38.466468 中奖：一等奖，剩余：4
2026/05/29 00:02:38.432470 中奖：三等奖，剩余：97
2026/05/29 00:02:38.432470 中奖：三等奖，剩余：96
2026/05/29 00:02:38.432470 中奖：三等奖，剩余：95
2026/05/29 00:02:38.432470 中奖：三等奖，剩余：94
2026/05/29 00:02:38.432470 中奖：三等奖，剩余：93
2026/05/29 00:02:38.432470 中奖：三等奖，剩余：92
2026/05/29 00:02:38.432470 中奖：三等奖，剩余：90
2026/05/29 00:02:38.432470 中奖：三等奖，剩余：91
2026/05/29 00:02:38.432470 中奖：三等奖，剩余：89
2026/05/29 00:02:38.432470 中奖：三等奖，剩余：88
2026/05/29 00:02:38.432470 中奖：三等奖，剩余：87
2026/05/29 00:02:38.432470 中奖：三等奖，剩余：86
2026/05/29 00:02:38.432470 中奖：三等奖，剩余：85
2026/05/29 00:02:38.432470 中奖：三等奖，剩余：84
2026/05/29 00:02:38.432470 中奖：三等奖，剩余：83
2026/05/29 00:02:38.432470 中奖：三等奖，剩余：82
2026/05/29 00:02:38.432470 中奖：三等奖，剩余：81
2026/05/29 00:02:38.432470 中奖：三等奖，剩余：80
2026/05/29 00:02:38.432470 中奖：三等奖，剩余：79
2026/05/29 00:02:38.432470 中奖：三等奖，剩余：78
2026/05/29 00:02:38.432470 中奖：三等奖，剩余：77
2026/05/29 00:02:38.432470 中奖：三等奖，剩余：76
2026/05/29 00:02:38.432470 中奖：三等奖，剩余：75
2026/05/29 00:02:38.432470 中奖：三等奖，剩余：74
2026/05/29 00:02:38.432470 中奖：三等奖，剩余：73
2026/05/29 00:02:38.432470 中奖：三等奖，剩余：72
2026/05/29 00:02:38.432470 中奖：三等奖，剩余：71
2026/05/29 00:02:38.432470 中奖：三等奖，剩余：70
2026/05/29 00:02:38.432470 中奖：三等奖，剩余：69
2026/05/29 00:02:38.432470 中奖：三等奖，剩余：68
2026/05/29 00:02:38.432470 中奖：三等奖，剩余：67
2026/05/29 00:02:38.432997 中奖：三等奖，剩余：65
2026/05/29 00:02:38.432997 中奖：三等奖，剩余：64
2026/05/29 00:02:38.432997 中奖：三等奖，剩余：63
2026/05/29 00:02:38.432997 中奖：三等奖，剩余：62
2026/05/29 00:02:38.432997 中奖：三等奖，剩余：66
2026/05/29 00:02:38.432997 中奖：三等奖，剩余：61
2026/05/29 00:02:38.432997 中奖：三等奖，剩余：60
2026/05/29 00:02:38.432997 中奖：三等奖，剩余：59
2026/05/29 00:02:38.432997 中奖：三等奖，剩余：58
2026/05/29 00:02:38.432997 中奖：三等奖，剩余：57
2026/05/29 00:02:38.432997 中奖：三等奖，剩余：56
2026/05/29 00:02:38.432997 中奖：三等奖，剩余：55
2026/05/29 00:02:38.432997 中奖：三等奖，剩余：54
2026/05/29 00:02:38.432997 中奖：三等奖，剩余：53
2026/05/29 00:02:38.432997 中奖：三等奖，剩余：52
2026/05/29 00:02:38.432997 中奖：三等奖，剩余：51
2026/05/29 00:02:38.432997 中奖：三等奖，剩余：50
2026/05/29 00:02:38.432997 中奖：三等奖，剩余：49
2026/05/29 00:02:38.432997 中奖：三等奖，剩余：48
2026/05/29 00:02:38.432997 中奖：三等奖，剩余：47
2026/05/29 00:02:38.432997 中奖：三等奖，剩余：46
2026/05/29 00:02:38.432997 中奖：三等奖，剩余：45
2026/05/29 00:02:38.432997 中奖：三等奖，剩余：44
2026/05/29 00:02:38.432997 中奖：三等奖，剩余：43
2026/05/29 00:02:38.432997 中奖：三等奖，剩余：42
2026/05/29 00:02:38.432997 中奖：三等奖，剩余：41
2026/05/29 00:02:38.432997 中奖：三等奖，剩余：40
2026/05/29 00:02:38.432997 中奖：三等奖，剩余：39
2026/05/29 00:02:38.432997 中奖：三等奖，剩余：38
2026/05/29 00:02:38.432997 中奖：三等奖，剩余：37
2026/05/29 00:02:38.432997 中奖：三等奖，剩余：36
2026/05/29 00:02:38.432997 中奖：三等奖，剩余：35
2026/05/29 00:02:38.432997 中奖：三等奖，剩余：34
2026/05/29 00:02:38.432997 中奖：三等奖，剩余：33
2026/05/29 00:02:38.432997 中奖：三等奖，剩余：32
2026/05/29 00:02:38.432997 中奖：三等奖，剩余：31
2026/05/29 00:02:38.432997 中奖：三等奖，剩余：30
2026/05/29 00:02:38.432997 中奖：三等奖，剩余：29
2026/05/29 00:02:38.469693 奖品已发完
2026/05/29 00:02:38.469693 奖品已发完
2026/05/29 00:02:38.432997 中奖：三等奖，剩余：27
2026/05/29 00:02:38.432997 中奖：三等奖，剩余：26
2026/05/29 00:02:38.432997 中奖：三等奖，剩余：25
2026/05/29 00:02:38.432997 中奖：三等奖，剩余：24
2026/05/29 00:02:38.432997 中奖：三等奖，剩余：23
2026/05/29 00:02:38.432997 中奖：三等奖，剩余：22
2026/05/29 00:02:38.432997 中奖：三等奖，剩余：21
2026/05/29 00:02:38.432997 中奖：三等奖，剩余：20
2026/05/29 00:02:38.432997 中奖：三等奖，剩余：19
2026/05/29 00:02:38.432997 中奖：三等奖，剩余：18
2026/05/29 00:02:38.432997 中奖：三等奖，剩余：17
2026/05/29 00:02:38.432997 中奖：三等奖，剩余：16
2026/05/29 00:02:38.432997 中奖：三等奖，剩余：15
2026/05/29 00:02:38.432997 中奖：三等奖，剩余：14
2026/05/29 00:02:38.432997 中奖：三等奖，剩余：13
2026/05/29 00:02:38.432997 中奖：三等奖，剩余：12
2026/05/29 00:02:38.432997 中奖：三等奖，剩余：11
2026/05/29 00:02:38.432997 中奖：三等奖，剩余：10
2026/05/29 00:02:38.432997 中奖：三等奖，剩余：9
2026/05/29 00:02:38.432997 中奖：三等奖，剩余：8
2026/05/29 00:02:38.432997 中奖：三等奖，剩余：7
2026/05/29 00:02:38.432997 中奖：三等奖，剩余：6
2026/05/29 00:02:38.432997 中奖：三等奖，剩余：5
2026/05/29 00:02:38.432997 中奖：三等奖，剩余：4
2026/05/29 00:02:38.432997 中奖：三等奖，剩余：3
2026/05/29 00:02:38.432997 中奖：三等奖，剩余：2
2026/05/29 00:02:38.432997 中奖：三等奖，剩余：1
2026/05/29 00:02:38.432997 中奖：三等奖，剩余：0
2026/05/29 00:02:38.432997 奖品已发完
2026/05/29 00:02:38.432997 奖品已发完
2026/05/29 00:02:38.432997 奖品已发完
2026/05/29 00:02:38.432997 奖品已发完
2026/05/29 00:02:38.432997 奖品已发完
2026/05/29 00:02:38.432997 奖品已发完
2026/05/29 00:02:38.432997 奖品已发完
2026/05/29 00:02:38.432470 中奖：三等奖，剩余：98
2026/05/29 00:02:38.432997 奖品已发完
2026/05/29 00:02:38.432997 奖品已发完
2026/05/29 00:02:38.432997 奖品已发完
2026/05/29 00:02:38.432997 奖品已发完
2026/05/29 00:02:38.432997 奖品已发完
2026/05/29 00:02:38.432997 奖品已发完
2026/05/29 00:02:38.432997 奖品已发完
2026/05/29 00:02:38.432997 奖品已发完
2026/05/29 00:02:38.432997 奖品已发完
2026/05/29 00:02:38.432997 奖品已发完
2026/05/29 00:02:38.432997 奖品已发完
2026/05/29 00:02:38.432997 奖品已发完
2026/05/29 00:02:38.433544 奖品已发完
2026/05/29 00:02:38.433544 奖品已发完
2026/05/29 00:02:38.433544 奖品已发完
2026/05/29 00:02:38.433544 奖品已发完
2026/05/29 00:02:38.433544 奖品已发完
2026/05/29 00:02:38.433544 奖品已发完
2026/05/29 00:02:38.433544 奖品已发完
2026/05/29 00:02:38.433544 奖品已发完
2026/05/29 00:02:38.433544 奖品已发完
2026/05/29 00:02:38.433544 奖品已发完
2026/05/29 00:02:38.433544 奖品已发完
2026/05/29 00:02:38.433544 奖品已发完
2026/05/29 00:02:38.433544 奖品已发完
2026/05/29 00:02:38.433544 奖品已发完
2026/05/29 00:02:38.433544 奖品已发完
2026/05/29 00:02:38.433544 奖品已发完
2026/05/29 00:02:38.433544 奖品已发完
2026/05/29 00:02:38.433544 奖品已发完
2026/05/29 00:02:38.433544 奖品已发完
2026/05/29 00:02:38.433544 奖品已发完
2026/05/29 00:02:38.433544 奖品已发完
2026/05/29 00:02:38.433544 奖品已发完
2026/05/29 00:02:38.433544 奖品已发完
2026/05/29 00:02:38.433544 奖品已发完
2026/05/29 00:02:38.433544 奖品已发完
2026/05/29 00:02:38.433544 奖品已发完
2026/05/29 00:02:38.433544 奖品已发完
2026/05/29 00:02:38.433544 奖品已发完
2026/05/29 00:02:38.433544 奖品已发完
2026/05/29 00:02:38.433544 奖品已发完
2026/05/29 00:02:38.433544 奖品已发完
2026/05/29 00:02:38.433544 奖品已发完
2026/05/29 00:02:38.433544 奖品已发完
2026/05/29 00:02:38.433544 奖品已发完
2026/05/29 00:02:38.433544 奖品已发完
2026/05/29 00:02:38.433544 奖品已发完
2026/05/29 00:02:38.433544 奖品已发完
2026/05/29 00:02:38.433544 奖品已发完
2026/05/29 00:02:38.433544 奖品已发完
2026/05/29 00:02:38.433544 奖品已发完
2026/05/29 00:02:38.433544 奖品已发完
2026/05/29 00:02:38.433544 奖品已发完
2026/05/29 00:02:38.433544 奖品已发完
2026/05/29 00:02:38.433544 奖品已发完
2026/05/29 00:02:38.433544 奖品已发完
2026/05/29 00:02:38.433544 奖品已发完
2026/05/29 00:02:38.433544 奖品已发完
2026/05/29 00:02:38.433544 奖品已发完
2026/05/29 00:02:38.433544 奖品已发完
2026/05/29 00:02:38.433544 奖品已发完
2026/05/29 00:02:38.433544 奖品已发完
2026/05/29 00:02:38.433544 奖品已发完
2026/05/29 00:02:38.433544 奖品已发完
2026/05/29 00:02:38.433544 奖品已发完
2026/05/29 00:02:38.433544 奖品已发完
2026/05/29 00:02:38.433544 奖品已发完
2026/05/29 00:02:38.433544 奖品已发完
2026/05/29 00:02:38.433544 奖品已发完
2026/05/29 00:02:38.433544 奖品已发完
2026/05/29 00:02:38.433544 奖品已发完
2026/05/29 00:02:38.433544 奖品已发完
2026/05/29 00:02:38.433544 奖品已发完
2026/05/29 00:02:38.433544 奖品已发完
2026/05/29 00:02:38.433544 奖品已发完
2026/05/29 00:02:38.433544 奖品已发完
2026/05/29 00:02:38.433544 奖品已发完
2026/05/29 00:02:38.433544 奖品已发完
2026/05/29 00:02:38.433544 奖品已发完
2026/05/29 00:02:38.433544 奖品已发完
2026/05/29 00:02:38.433544 奖品已发完
2026/05/29 00:02:38.433544 奖品已发完
2026/05/29 00:02:38.433544 奖品已发完
2026/05/29 00:02:38.433544 奖品已发完
2026/05/29 00:02:38.433544 奖品已发完
2026/05/29 00:02:38.433544 奖品已发完
2026/05/29 00:02:38.433544 奖品已发完
2026/05/29 00:02:38.433544 奖品已发完
2026/05/29 00:02:38.433544 奖品已发完
2026/05/29 00:02:38.433544 奖品已发完
2026/05/29 00:02:38.433544 奖品已发完
2026/05/29 00:02:38.434075 奖品已发完
2026/05/29 00:02:38.471284 奖品已发完
2026/05/29 00:02:38.471284 奖品已发完
2026/05/29 00:02:38.471284 奖品已发完
2026/05/29 00:02:38.471284 奖品已发完
2026/05/29 00:02:38.471284 奖品已发完
2026/05/29 00:02:38.471284 奖品已发完
2026/05/29 00:02:38.471284 奖品已发完
2026/05/29 00:02:38.471284 中奖：二等奖，剩余：6
2026/05/29 00:02:38.471284 奖品已发完
2026/05/29 00:02:38.471284 奖品已发完
2026/05/29 00:02:38.471284 奖品已发完
2026/05/29 00:02:38.471284 奖品已发完
2026/05/29 00:02:38.471284 奖品已发完
2026/05/29 00:02:38.471284 中奖：二等奖，剩余：4
2026/05/29 00:02:38.471284 奖品已发完
2026/05/29 00:02:38.471284 奖品已发完
2026/05/29 00:02:38.471284 中奖：二等奖，剩余：3
2026/05/29 00:02:38.471284 奖品已发完
2026/05/29 00:02:38.471284 奖品已发完
2026/05/29 00:02:38.434075 奖品已发完
2026/05/29 00:02:38.471284 奖品已发完
2026/05/29 00:02:38.471284 奖品已发完
2026/05/29 00:02:38.471284 奖品已发完
2026/05/29 00:02:38.471284 奖品已发完
2026/05/29 00:02:38.471284 奖品已发完
2026/05/29 00:02:38.471284 奖品已发完
2026/05/29 00:02:38.471284 奖品已发完
2026/05/29 00:02:38.471284 奖品已发完
2026/05/29 00:02:38.434075 奖品已发完
2026/05/29 00:02:38.434075 奖品已发完
2026/05/29 00:02:38.434075 奖品已发完
2026/05/29 00:02:38.434075 奖品已发完
2026/05/29 00:02:38.434075 奖品已发完
2026/05/29 00:02:38.434075 奖品已发完
2026/05/29 00:02:38.434075 奖品已发完
2026/05/29 00:02:38.434075 奖品已发完
2026/05/29 00:02:38.434075 奖品已发完
2026/05/29 00:02:38.434075 奖品已发完
2026/05/29 00:02:38.434075 奖品已发完
2026/05/29 00:02:38.434075 奖品已发完
2026/05/29 00:02:38.434075 奖品已发完
2026/05/29 00:02:38.434075 奖品已发完
2026/05/29 00:02:38.434075 奖品已发完
2026/05/29 00:02:38.434075 奖品已发完
2026/05/29 00:02:38.434075 奖品已发完
2026/05/29 00:02:38.434075 奖品已发完
2026/05/29 00:02:38.466997 奖品已发完
2026/05/29 00:02:38.434075 奖品已发完
2026/05/29 00:02:38.434075 奖品已发完
2026/05/29 00:02:38.434075 奖品已发完
2026/05/29 00:02:38.434075 奖品已发完
2026/05/29 00:02:38.434075 奖品已发完
2026/05/29 00:02:38.434075 奖品已发完
2026/05/29 00:02:38.434075 奖品已发完
2026/05/29 00:02:38.434075 奖品已发完
2026/05/29 00:02:38.434075 奖品已发完
2026/05/29 00:02:38.434075 奖品已发完
2026/05/29 00:02:38.434075 奖品已发完
2026/05/29 00:02:38.434075 奖品已发完
2026/05/29 00:02:38.434075 奖品已发完
2026/05/29 00:02:38.434075 奖品已发完
2026/05/29 00:02:38.434075 奖品已发完
2026/05/29 00:02:38.434075 奖品已发完
2026/05/29 00:02:38.434075 奖品已发完
2026/05/29 00:02:38.434075 奖品已发完
2026/05/29 00:02:38.434075 奖品已发完
2026/05/29 00:02:38.434075 奖品已发完
2026/05/29 00:02:38.434075 奖品已发完
2026/05/29 00:02:38.434075 奖品已发完
2026/05/29 00:02:38.434075 奖品已发完
2026/05/29 00:02:38.434075 奖品已发完
2026/05/29 00:02:38.434075 奖品已发完
2026/05/29 00:02:38.434075 奖品已发完
2026/05/29 00:02:38.434075 奖品已发完
2026/05/29 00:02:38.434075 奖品已发完
2026/05/29 00:02:38.434075 奖品已发完
2026/05/29 00:02:38.434075 奖品已发完
2026/05/29 00:02:38.434075 奖品已发完
2026/05/29 00:02:38.434075 奖品已发完
2026/05/29 00:02:38.434075 奖品已发完
2026/05/29 00:02:38.434075 奖品已发完
2026/05/29 00:02:38.434075 奖品已发完
2026/05/29 00:02:38.434075 奖品已发完
2026/05/29 00:02:38.434075 奖品已发完
2026/05/29 00:02:38.434075 奖品已发完
2026/05/29 00:02:38.434075 奖品已发完
2026/05/29 00:02:38.434075 奖品已发完
2026/05/29 00:02:38.434075 奖品已发完
2026/05/29 00:02:38.434075 奖品已发完
2026/05/29 00:02:38.434075 奖品已发完
2026/05/29 00:02:38.434075 奖品已发完
2026/05/29 00:02:38.434075 奖品已发完
2026/05/29 00:02:38.434075 奖品已发完
2026/05/29 00:02:38.434075 奖品已发完
2026/05/29 00:02:38.434075 奖品已发完
2026/05/29 00:02:38.434075 奖品已发完
2026/05/29 00:02:38.434075 奖品已发完
2026/05/29 00:02:38.434075 奖品已发完
2026/05/29 00:02:38.434075 奖品已发完
2026/05/29 00:02:38.434075 奖品已发完
2026/05/29 00:02:38.434075 奖品已发完
2026/05/29 00:02:38.434075 奖品已发完
2026/05/29 00:02:38.434075 奖品已发完
2026/05/29 00:02:38.434075 奖品已发完
2026/05/29 00:02:38.434075 奖品已发完
2026/05/29 00:02:38.434075 奖品已发完
2026/05/29 00:02:38.434075 奖品已发完
2026/05/29 00:02:38.434075 奖品已发完
2026/05/29 00:02:38.434597 奖品已发完
2026/05/29 00:02:38.434597 奖品已发完
2026/05/29 00:02:38.434597 奖品已发完
2026/05/29 00:02:38.434597 奖品已发完
2026/05/29 00:02:38.434597 奖品已发完
2026/05/29 00:02:38.434597 奖品已发完
2026/05/29 00:02:38.434597 奖品已发完
2026/05/29 00:02:38.434597 奖品已发完
2026/05/29 00:02:38.434597 奖品已发完
2026/05/29 00:02:38.434597 奖品已发完
2026/05/29 00:02:38.434597 奖品已发完
2026/05/29 00:02:38.434597 奖品已发完
2026/05/29 00:02:38.434597 奖品已发完
2026/05/29 00:02:38.434597 奖品已发完
2026/05/29 00:02:38.434597 奖品已发完
2026/05/29 00:02:38.434597 奖品已发完
2026/05/29 00:02:38.434597 奖品已发完
2026/05/29 00:02:38.434597 奖品已发完
2026/05/29 00:02:38.434597 奖品已发完
2026/05/29 00:02:38.434597 奖品已发完
2026/05/29 00:02:38.434597 奖品已发完
2026/05/29 00:02:38.434597 奖品已发完
2026/05/29 00:02:38.434597 奖品已发完
2026/05/29 00:02:38.434597 奖品已发完
2026/05/29 00:02:38.434597 奖品已发完
2026/05/29 00:02:38.434597 奖品已发完
2026/05/29 00:02:38.434597 奖品已发完
2026/05/29 00:02:38.434597 奖品已发完
2026/05/29 00:02:38.434597 奖品已发完
2026/05/29 00:02:38.434597 奖品已发完
2026/05/29 00:02:38.434597 奖品已发完
2026/05/29 00:02:38.434597 奖品已发完
2026/05/29 00:02:38.434597 奖品已发完
2026/05/29 00:02:38.434597 奖品已发完
2026/05/29 00:02:38.434597 奖品已发完
2026/05/29 00:02:38.434597 奖品已发完
2026/05/29 00:02:38.434597 奖品已发完
2026/05/29 00:02:38.434597 奖品已发完
2026/05/29 00:02:38.434597 奖品已发完
2026/05/29 00:02:38.434597 奖品已发完
2026/05/29 00:02:38.434597 奖品已发完
2026/05/29 00:02:38.434597 奖品已发完
2026/05/29 00:02:38.434597 奖品已发完
2026/05/29 00:02:38.434597 奖品已发完
2026/05/29 00:02:38.434597 奖品已发完
2026/05/29 00:02:38.434597 奖品已发完
2026/05/29 00:02:38.434597 奖品已发完
2026/05/29 00:02:38.434597 奖品已发完
2026/05/29 00:02:38.434597 奖品已发完
2026/05/29 00:02:38.434597 奖品已发完
2026/05/29 00:02:38.434597 奖品已发完
2026/05/29 00:02:38.434597 奖品已发完
2026/05/29 00:02:38.434597 奖品已发完
2026/05/29 00:02:38.434597 奖品已发完
2026/05/29 00:02:38.434597 奖品已发完
2026/05/29 00:02:38.434597 奖品已发完
2026/05/29 00:02:38.434597 奖品已发完
2026/05/29 00:02:38.434597 奖品已发完
2026/05/29 00:02:38.434597 奖品已发完
2026/05/29 00:02:38.434597 奖品已发完
2026/05/29 00:02:38.434597 奖品已发完
2026/05/29 00:02:38.434597 奖品已发完
2026/05/29 00:02:38.434597 奖品已发完
2026/05/29 00:02:38.434597 奖品已发完
2026/05/29 00:02:38.434597 奖品已发完
2026/05/29 00:02:38.434597 奖品已发完
2026/05/29 00:02:38.434597 奖品已发完
2026/05/29 00:02:38.434597 奖品已发完
2026/05/29 00:02:38.434597 奖品已发完
2026/05/29 00:02:38.434597 奖品已发完
2026/05/29 00:02:38.434597 奖品已发完
2026/05/29 00:02:38.434597 奖品已发完
2026/05/29 00:02:38.434597 奖品已发完
2026/05/29 00:02:38.434597 奖品已发完
2026/05/29 00:02:38.434597 奖品已发完
2026/05/29 00:02:38.472993 奖品已发完
2026/05/29 00:02:38.472993 奖品已发完
2026/05/29 00:02:38.472993 奖品已发完
2026/05/29 00:02:38.434597 奖品已发完
2026/05/29 00:02:38.472993 奖品已发完
2026/05/29 00:02:38.472993 奖品已发完
2026/05/29 00:02:38.472993 奖品已发完
2026/05/29 00:02:38.472993 奖品已发完
2026/05/29 00:02:38.434597 奖品已发完
2026/05/29 00:02:38.434597 奖品已发完
2026/05/29 00:02:38.434597 奖品已发完
2026/05/29 00:02:38.434597 奖品已发完
2026/05/29 00:02:38.434597 奖品已发完
2026/05/29 00:02:38.434597 奖品已发完
2026/05/29 00:02:38.434597 奖品已发完
2026/05/29 00:02:38.434597 奖品已发完
2026/05/29 00:02:38.434597 奖品已发完
2026/05/29 00:02:38.434597 奖品已发完
2026/05/29 00:02:38.434597 奖品已发完
2026/05/29 00:02:38.434597 奖品已发完
2026/05/29 00:02:38.434597 奖品已发完
2026/05/29 00:02:38.434597 奖品已发完
2026/05/29 00:02:38.434597 奖品已发完
2026/05/29 00:02:38.472993 奖品已发完
2026/05/29 00:02:38.472993 奖品已发完
2026/05/29 00:02:38.435127 奖品已发完
2026/05/29 00:02:38.472993 奖品已发完
2026/05/29 00:02:38.472993 奖品已发完
2026/05/29 00:02:38.472993 奖品已发完
2026/05/29 00:02:38.472993 奖品已发完
2026/05/29 00:02:38.472993 奖品已发完
2026/05/29 00:02:38.472993 奖品已发完
2026/05/29 00:02:38.472993 奖品已发完
2026/05/29 00:02:38.472993 奖品已发完
2026/05/29 00:02:38.472993 奖品已发完
2026/05/29 00:02:38.435127 奖品已发完
2026/05/29 00:02:38.472993 奖品已发完
2026/05/29 00:02:38.472993 奖品已发完
2026/05/29 00:02:38.472993 奖品已发完
2026/05/29 00:02:38.472993 奖品已发完
2026/05/29 00:02:38.472993 奖品已发完
2026/05/29 00:02:38.472993 奖品已发完
2026/05/29 00:02:38.472993 奖品已发完
2026/05/29 00:02:38.472993 奖品已发完
2026/05/29 00:02:38.472993 奖品已发完
2026/05/29 00:02:38.435127 奖品已发完
2026/05/29 00:02:38.472993 奖品已发完
2026/05/29 00:02:38.472993 奖品已发完
2026/05/29 00:02:38.472993 奖品已发完
2026/05/29 00:02:38.472993 奖品已发完
2026/05/29 00:02:38.472993 奖品已发完
2026/05/29 00:02:38.472993 奖品已发完
2026/05/29 00:02:38.472993 奖品已发完
2026/05/29 00:02:38.472993 奖品已发完
2026/05/29 00:02:38.472993 奖品已发完
2026/05/29 00:02:38.435127 奖品已发完
2026/05/29 00:02:38.472993 奖品已发完
2026/05/29 00:02:38.473518 奖品已发完
2026/05/29 00:02:38.473518 中奖：二等奖，剩余：2
2026/05/29 00:02:38.473518 奖品已发完
2026/05/29 00:02:38.473518 奖品已发完
2026/05/29 00:02:38.473518 中奖：二等奖，剩余：1
2026/05/29 00:02:38.473518 奖品已发完
2026/05/29 00:02:38.473518 奖品已发完
2026/05/29 00:02:38.473518 奖品已发完
2026/05/29 00:02:38.435127 奖品已发完
2026/05/29 00:02:38.473518 奖品已发完
2026/05/29 00:02:38.435127 奖品已发完
2026/05/29 00:02:38.473518 奖品已发完
2026/05/29 00:02:38.473518 奖品已发完
2026/05/29 00:02:38.435127 奖品已发完
2026/05/29 00:02:38.473518 奖品已发完
2026/05/29 00:02:38.435127 奖品已发完
2026/05/29 00:02:38.473518 奖品已发完
2026/05/29 00:02:38.473518 奖品已发完
2026/05/29 00:02:38.435127 奖品已发完
2026/05/29 00:02:38.473518 奖品已发完
2026/05/29 00:02:38.473518 奖品已发完
2026/05/29 00:02:38.473518 奖品已发完
2026/05/29 00:02:38.435127 奖品已发完
2026/05/29 00:02:38.435127 奖品已发完
2026/05/29 00:02:38.435127 奖品已发完
2026/05/29 00:02:38.435127 奖品已发完
2026/05/29 00:02:38.435127 奖品已发完
2026/05/29 00:02:38.435127 奖品已发完
2026/05/29 00:02:38.435127 奖品已发完
2026/05/29 00:02:38.435127 奖品已发完
2026/05/29 00:02:38.435127 奖品已发完
2026/05/29 00:02:38.435127 奖品已发完
2026/05/29 00:02:38.435127 奖品已发完
2026/05/29 00:02:38.435127 奖品已发完
2026/05/29 00:02:38.435127 奖品已发完
2026/05/29 00:02:38.435127 奖品已发完
2026/05/29 00:02:38.435127 奖品已发完
2026/05/29 00:02:38.435127 奖品已发完
2026/05/29 00:02:38.435127 奖品已发完
2026/05/29 00:02:38.435127 奖品已发完
2026/05/29 00:02:38.435127 奖品已发完
2026/05/29 00:02:38.435127 奖品已发完
2026/05/29 00:02:38.435127 奖品已发完
2026/05/29 00:02:38.435127 奖品已发完
2026/05/29 00:02:38.435127 奖品已发完
2026/05/29 00:02:38.435127 奖品已发完
2026/05/29 00:02:38.435127 奖品已发完
2026/05/29 00:02:38.435127 奖品已发完
2026/05/29 00:02:38.435127 奖品已发完
2026/05/29 00:02:38.435127 奖品已发完
2026/05/29 00:02:38.435127 奖品已发完
2026/05/29 00:02:38.435127 奖品已发完
2026/05/29 00:02:38.435127 奖品已发完
2026/05/29 00:02:38.435127 奖品已发完
2026/05/29 00:02:38.435127 奖品已发完
2026/05/29 00:02:38.435127 奖品已发完
2026/05/29 00:02:38.435127 奖品已发完
2026/05/29 00:02:38.435127 奖品已发完
2026/05/29 00:02:38.435127 奖品已发完
2026/05/29 00:02:38.435127 奖品已发完
2026/05/29 00:02:38.435127 奖品已发完
2026/05/29 00:02:38.435127 奖品已发完
2026/05/29 00:02:38.435127 奖品已发完
2026/05/29 00:02:38.435127 奖品已发完
2026/05/29 00:02:38.435127 奖品已发完
2026/05/29 00:02:38.435127 奖品已发完
2026/05/29 00:02:38.435127 奖品已发完
2026/05/29 00:02:38.435127 奖品已发完
2026/05/29 00:02:38.435127 奖品已发完
2026/05/29 00:02:38.435127 奖品已发完
2026/05/29 00:02:38.435127 奖品已发完
2026/05/29 00:02:38.435127 奖品已发完
2026/05/29 00:02:38.435127 奖品已发完
2026/05/29 00:02:38.435127 奖品已发完
2026/05/29 00:02:38.435127 奖品已发完
2026/05/29 00:02:38.435127 奖品已发完
2026/05/29 00:02:38.435127 奖品已发完
2026/05/29 00:02:38.435127 奖品已发完
2026/05/29 00:02:38.435127 奖品已发完
2026/05/29 00:02:38.435127 奖品已发完
2026/05/29 00:02:38.435127 奖品已发完
2026/05/29 00:02:38.435127 奖品已发完
2026/05/29 00:02:38.435127 奖品已发完
2026/05/29 00:02:38.435127 奖品已发完
2026/05/29 00:02:38.435127 奖品已发完
2026/05/29 00:02:38.435127 奖品已发完
2026/05/29 00:02:38.435127 奖品已发完
2026/05/29 00:02:38.435127 奖品已发完
2026/05/29 00:02:38.435127 奖品已发完
2026/05/29 00:02:38.435127 奖品已发完
2026/05/29 00:02:38.474071 奖品已发完
2026/05/29 00:02:38.474071 奖品已发完
2026/05/29 00:02:38.435127 奖品已发完
2026/05/29 00:02:38.474071 奖品已发完
2026/05/29 00:02:38.474071 奖品已发完
2026/05/29 00:02:38.435127 奖品已发完
2026/05/29 00:02:38.435127 奖品已发完
2026/05/29 00:02:38.435127 奖品已发完
2026/05/29 00:02:38.435127 奖品已发完
2026/05/29 00:02:38.435127 奖品已发完
2026/05/29 00:02:38.435127 奖品已发完
2026/05/29 00:02:38.435127 奖品已发完
2026/05/29 00:02:38.435127 奖品已发完
2026/05/29 00:02:38.435127 奖品已发完
2026/05/29 00:02:38.435127 奖品已发完
2026/05/29 00:02:38.435127 奖品已发完
2026/05/29 00:02:38.435127 奖品已发完
2026/05/29 00:02:38.435127 奖品已发完
2026/05/29 00:02:38.435127 奖品已发完
2026/05/29 00:02:38.435127 奖品已发完
2026/05/29 00:02:38.435127 奖品已发完
2026/05/29 00:02:38.435127 奖品已发完
2026/05/29 00:02:38.435127 奖品已发完
2026/05/29 00:02:38.435127 奖品已发完
2026/05/29 00:02:38.435127 奖品已发完
2026/05/29 00:02:38.435127 奖品已发完
2026/05/29 00:02:38.435127 奖品已发完
2026/05/29 00:02:38.435127 奖品已发完
2026/05/29 00:02:38.435127 奖品已发完
2026/05/29 00:02:38.435127 奖品已发完
2026/05/29 00:02:38.435127 奖品已发完
2026/05/29 00:02:38.435127 奖品已发完
2026/05/29 00:02:38.435127 奖品已发完
2026/05/29 00:02:38.435127 奖品已发完
2026/05/29 00:02:38.435127 奖品已发完
2026/05/29 00:02:38.435127 奖品已发完
2026/05/29 00:02:38.435127 奖品已发完
2026/05/29 00:02:38.435127 奖品已发完
2026/05/29 00:02:38.435127 奖品已发完
2026/05/29 00:02:38.435127 奖品已发完
2026/05/29 00:02:38.435127 奖品已发完
2026/05/29 00:02:38.435127 奖品已发完
2026/05/29 00:02:38.435127 奖品已发完
2026/05/29 00:02:38.435127 奖品已发完
2026/05/29 00:02:38.435127 奖品已发完
2026/05/29 00:02:38.435678 奖品已发完
2026/05/29 00:02:38.435678 奖品已发完
2026/05/29 00:02:38.435678 奖品已发完
2026/05/29 00:02:38.435678 奖品已发完
2026/05/29 00:02:38.435678 奖品已发完
2026/05/29 00:02:38.435678 奖品已发完
2026/05/29 00:02:38.435678 奖品已发完
2026/05/29 00:02:38.435678 奖品已发完
2026/05/29 00:02:38.435678 奖品已发完
2026/05/29 00:02:38.435678 奖品已发完
2026/05/29 00:02:38.435678 奖品已发完
2026/05/29 00:02:38.435678 奖品已发完
2026/05/29 00:02:38.435678 奖品已发完
2026/05/29 00:02:38.435678 奖品已发完
2026/05/29 00:02:38.435678 奖品已发完
2026/05/29 00:02:38.435678 奖品已发完
2026/05/29 00:02:38.435678 奖品已发完
2026/05/29 00:02:38.435678 奖品已发完
2026/05/29 00:02:38.435678 奖品已发完
2026/05/29 00:02:38.435678 奖品已发完
2026/05/29 00:02:38.436387 奖品已发完
2026/05/29 00:02:38.475234 奖品已发完
2026/05/29 00:02:38.475234 奖品已发完
2026/05/29 00:02:38.475234 奖品已发完
2026/05/29 00:02:38.475234 奖品已发完
2026/05/29 00:02:38.475234 奖品已发完
2026/05/29 00:02:38.475234 奖品已发完
2026/05/29 00:02:38.436387 奖品已发完
2026/05/29 00:02:38.436387 奖品已发完
2026/05/29 00:02:38.436387 奖品已发完
2026/05/29 00:02:38.436387 奖品已发完
2026/05/29 00:02:38.436387 奖品已发完
2026/05/29 00:02:38.438037 奖品已发完
2026/05/29 00:02:38.438037 奖品已发完
2026/05/29 00:02:38.438037 奖品已发完
2026/05/29 00:02:38.438037 奖品已发完
2026/05/29 00:02:38.438037 奖品已发完
2026/05/29 00:02:38.438037 奖品已发完
2026/05/29 00:02:38.438037 奖品已发完
2026/05/29 00:02:38.438037 奖品已发完
2026/05/29 00:02:38.438037 奖品已发完
2026/05/29 00:02:38.438037 奖品已发完
2026/05/29 00:02:38.438037 奖品已发完
2026/05/29 00:02:38.438037 奖品已发完
2026/05/29 00:02:38.438037 奖品已发完
2026/05/29 00:02:38.436387 奖品已发完
2026/05/29 00:02:38.438543 奖品已发完
2026/05/29 00:02:38.438543 奖品已发完
2026/05/29 00:02:38.438543 奖品已发完
2026/05/29 00:02:38.438543 奖品已发完
2026/05/29 00:02:38.438543 奖品已发完
2026/05/29 00:02:38.438543 奖品已发完
2026/05/29 00:02:38.436387 奖品已发完
2026/05/29 00:02:38.438543 奖品已发完
2026/05/29 00:02:38.438543 奖品已发完
2026/05/29 00:02:38.438543 奖品已发完
2026/05/29 00:02:38.438543 奖品已发完
2026/05/29 00:02:38.438543 奖品已发完
2026/05/29 00:02:38.438543 奖品已发完
2026/05/29 00:02:38.438543 奖品已发完
2026/05/29 00:02:38.438543 奖品已发完
2026/05/29 00:02:38.438543 奖品已发完
2026/05/29 00:02:38.438543 奖品已发完
2026/05/29 00:02:38.438543 奖品已发完
2026/05/29 00:02:38.438543 奖品已发完
2026/05/29 00:02:38.436387 奖品已发完
2026/05/29 00:02:38.436387 奖品已发完
2026/05/29 00:02:38.436387 奖品已发完
2026/05/29 00:02:38.436387 奖品已发完
2026/05/29 00:02:38.438543 奖品已发完
2026/05/29 00:02:38.438543 奖品已发完
2026/05/29 00:02:38.438543 奖品已发完
2026/05/29 00:02:38.438543 奖品已发完
2026/05/29 00:02:38.438543 奖品已发完
2026/05/29 00:02:38.438543 奖品已发完
2026/05/29 00:02:38.438543 奖品已发完
2026/05/29 00:02:38.436387 奖品已发完
2026/05/29 00:02:38.438543 奖品已发完
2026/05/29 00:02:38.438543 奖品已发完
2026/05/29 00:02:38.438543 奖品已发完
2026/05/29 00:02:38.438543 奖品已发完
2026/05/29 00:02:38.438543 奖品已发完
2026/05/29 00:02:38.436387 奖品已发完
2026/05/29 00:02:38.436387 奖品已发完
2026/05/29 00:02:38.436387 奖品已发完
2026/05/29 00:02:38.436387 奖品已发完
2026/05/29 00:02:38.438543 奖品已发完
2026/05/29 00:02:38.438543 奖品已发完
2026/05/29 00:02:38.438543 奖品已发完
2026/05/29 00:02:38.438543 奖品已发完
2026/05/29 00:02:38.438543 奖品已发完
2026/05/29 00:02:38.438543 奖品已发完
2026/05/29 00:02:38.438543 奖品已发完
2026/05/29 00:02:38.438543 奖品已发完
2026/05/29 00:02:38.438543 奖品已发完
2026/05/29 00:02:38.438543 奖品已发完
2026/05/29 00:02:38.438543 奖品已发完
2026/05/29 00:02:38.438543 奖品已发完
2026/05/29 00:02:38.438543 奖品已发完
2026/05/29 00:02:38.438543 奖品已发完
2026/05/29 00:02:38.438543 奖品已发完
2026/05/29 00:02:38.438543 奖品已发完
2026/05/29 00:02:38.438543 奖品已发完
2026/05/29 00:02:38.438543 奖品已发完
2026/05/29 00:02:38.438543 奖品已发完
2026/05/29 00:02:38.438543 奖品已发完
2026/05/29 00:02:38.438543 奖品已发完
2026/05/29 00:02:38.438543 奖品已发完
2026/05/29 00:02:38.438543 奖品已发完
2026/05/29 00:02:38.438543 奖品已发完
2026/05/29 00:02:38.438543 奖品已发完
2026/05/29 00:02:38.438543 奖品已发完
2026/05/29 00:02:38.438543 奖品已发完
2026/05/29 00:02:38.438543 奖品已发完
2026/05/29 00:02:38.438543 奖品已发完
2026/05/29 00:02:38.438543 奖品已发完
2026/05/29 00:02:38.436387 奖品已发完
2026/05/29 00:02:38.438543 奖品已发完
2026/05/29 00:02:38.438543 奖品已发完
2026/05/29 00:02:38.436387 奖品已发完
2026/05/29 00:02:38.438543 奖品已发完
2026/05/29 00:02:38.438543 奖品已发完
2026/05/29 00:02:38.438543 奖品已发完
2026/05/29 00:02:38.475773 奖品已发完
2026/05/29 00:02:38.475773 奖品已发完
2026/05/29 00:02:38.475773 奖品已发完
2026/05/29 00:02:38.438543 奖品已发完
2026/05/29 00:02:38.475773 奖品已发完
2026/05/29 00:02:38.475773 奖品已发完
2026/05/29 00:02:38.475773 奖品已发完
2026/05/29 00:02:38.438543 奖品已发完
2026/05/29 00:02:38.438543 奖品已发完
2026/05/29 00:02:38.438543 奖品已发完
2026/05/29 00:02:38.438543 奖品已发完
2026/05/29 00:02:38.436387 奖品已发完
2026/05/29 00:02:38.438543 奖品已发完
2026/05/29 00:02:38.436387 奖品已发完
2026/05/29 00:02:38.436387 奖品已发完
2026/05/29 00:02:38.436387 奖品已发完
2026/05/29 00:02:38.438543 奖品已发完
2026/05/29 00:02:38.438543 奖品已发完
2026/05/29 00:02:38.438543 奖品已发完
2026/05/29 00:02:38.438543 奖品已发完
2026/05/29 00:02:38.438543 奖品已发完
2026/05/29 00:02:38.438543 奖品已发完
2026/05/29 00:02:38.438543 奖品已发完
2026/05/29 00:02:38.438543 奖品已发完
2026/05/29 00:02:38.438543 奖品已发完
2026/05/29 00:02:38.438543 奖品已发完
2026/05/29 00:02:38.438543 奖品已发完
2026/05/29 00:02:38.438543 奖品已发完
2026/05/29 00:02:38.438543 奖品已发完
2026/05/29 00:02:38.438543 奖品已发完
2026/05/29 00:02:38.438543 奖品已发完
2026/05/29 00:02:38.438543 奖品已发完
2026/05/29 00:02:38.438543 奖品已发完
2026/05/29 00:02:38.438543 奖品已发完
2026/05/29 00:02:38.438543 奖品已发完
2026/05/29 00:02:38.438543 奖品已发完
2026/05/29 00:02:38.438543 奖品已发完
2026/05/29 00:02:38.438543 奖品已发完
2026/05/29 00:02:38.438543 奖品已发完
2026/05/29 00:02:38.438543 奖品已发完
2026/05/29 00:02:38.438543 奖品已发完
2026/05/29 00:02:38.438543 奖品已发完
2026/05/29 00:02:38.438543 奖品已发完
2026/05/29 00:02:38.438543 奖品已发完
2026/05/29 00:02:38.438543 奖品已发完
2026/05/29 00:02:38.438543 奖品已发完
2026/05/29 00:02:38.438543 奖品已发完
2026/05/29 00:02:38.438543 奖品已发完
2026/05/29 00:02:38.438543 奖品已发完
2026/05/29 00:02:38.438543 奖品已发完
2026/05/29 00:02:38.438543 奖品已发完
2026/05/29 00:02:38.438543 奖品已发完
2026/05/29 00:02:38.438543 奖品已发完
2026/05/29 00:02:38.438543 奖品已发完
2026/05/29 00:02:38.438543 奖品已发完
2026/05/29 00:02:38.438543 奖品已发完
2026/05/29 00:02:38.438543 奖品已发完
2026/05/29 00:02:38.438543 奖品已发完
2026/05/29 00:02:38.438543 奖品已发完
2026/05/29 00:02:38.438543 奖品已发完
2026/05/29 00:02:38.438543 奖品已发完
2026/05/29 00:02:38.438543 奖品已发完
2026/05/29 00:02:38.438543 奖品已发完
2026/05/29 00:02:38.438543 奖品已发完
2026/05/29 00:02:38.438543 奖品已发完
2026/05/29 00:02:38.438543 奖品已发完
2026/05/29 00:02:38.438543 奖品已发完
2026/05/29 00:02:38.438543 奖品已发完
2026/05/29 00:02:38.438543 奖品已发完
2026/05/29 00:02:38.438543 奖品已发完
2026/05/29 00:02:38.438543 奖品已发完
2026/05/29 00:02:38.438543 奖品已发完
2026/05/29 00:02:38.438543 奖品已发完
2026/05/29 00:02:38.438543 奖品已发完
2026/05/29 00:02:38.438543 奖品已发完
2026/05/29 00:02:38.438543 奖品已发完
2026/05/29 00:02:38.438543 奖品已发完
2026/05/29 00:02:38.438543 奖品已发完
2026/05/29 00:02:38.438543 奖品已发完
2026/05/29 00:02:38.438543 奖品已发完
2026/05/29 00:02:38.438543 奖品已发完
2026/05/29 00:02:38.438543 奖品已发完
2026/05/29 00:02:38.438543 奖品已发完
2026/05/29 00:02:38.438543 奖品已发完
2026/05/29 00:02:38.438543 奖品已发完
2026/05/29 00:02:38.476863 奖品已发完
2026/05/29 00:02:38.476863 奖品已发完
2026/05/29 00:02:38.476863 奖品已发完
2026/05/29 00:02:38.476863 奖品已发完
2026/05/29 00:02:38.439082 奖品已发完
2026/05/29 00:02:38.439082 奖品已发完
2026/05/29 00:02:38.439082 奖品已发完
2026/05/29 00:02:38.439082 奖品已发完
2026/05/29 00:02:38.439082 奖品已发完
2026/05/29 00:02:38.439082 奖品已发完
2026/05/29 00:02:38.439082 奖品已发完
2026/05/29 00:02:38.439082 奖品已发完
2026/05/29 00:02:38.439082 奖品已发完
2026/05/29 00:02:38.476863 奖品已发完
2026/05/29 00:02:38.476863 奖品已发完
2026/05/29 00:02:38.476863 奖品已发完
2026/05/29 00:02:38.476863 奖品已发完
2026/05/29 00:02:38.439082 奖品已发完
2026/05/29 00:02:38.439082 奖品已发完
2026/05/29 00:02:38.439082 奖品已发完
2026/05/29 00:02:38.439082 奖品已发完
2026/05/29 00:02:38.439082 奖品已发完
2026/05/29 00:02:38.439082 奖品已发完
2026/05/29 00:02:38.439082 奖品已发完
2026/05/29 00:02:38.439082 奖品已发完
2026/05/29 00:02:38.439082 奖品已发完
2026/05/29 00:02:38.439082 奖品已发完
2026/05/29 00:02:38.439082 奖品已发完
2026/05/29 00:02:38.439082 奖品已发完
2026/05/29 00:02:38.439082 奖品已发完
2026/05/29 00:02:38.439082 奖品已发完
2026/05/29 00:02:38.439082 奖品已发完
2026/05/29 00:02:38.439082 奖品已发完
2026/05/29 00:02:38.439082 奖品已发完
2026/05/29 00:02:38.439082 奖品已发完
2026/05/29 00:02:38.439082 奖品已发完
2026/05/29 00:02:38.439082 奖品已发完
2026/05/29 00:02:38.439082 奖品已发完
2026/05/29 00:02:38.439082 奖品已发完
2026/05/29 00:02:38.439082 奖品已发完
2026/05/29 00:02:38.439082 奖品已发完
2026/05/29 00:02:38.439082 奖品已发完
2026/05/29 00:02:38.439082 奖品已发完
2026/05/29 00:02:38.439082 奖品已发完
2026/05/29 00:02:38.439082 奖品已发完
2026/05/29 00:02:38.439082 奖品已发完
2026/05/29 00:02:38.439082 奖品已发完
2026/05/29 00:02:38.439082 奖品已发完
2026/05/29 00:02:38.439082 奖品已发完
2026/05/29 00:02:38.439082 奖品已发完
2026/05/29 00:02:38.439082 奖品已发完
2026/05/29 00:02:38.439082 奖品已发完
2026/05/29 00:02:38.439082 奖品已发完
2026/05/29 00:02:38.439082 奖品已发完
2026/05/29 00:02:38.439082 奖品已发完
2026/05/29 00:02:38.439082 奖品已发完
2026/05/29 00:02:38.439082 奖品已发完
2026/05/29 00:02:38.439082 奖品已发完
2026/05/29 00:02:38.439082 奖品已发完
2026/05/29 00:02:38.439082 奖品已发完
2026/05/29 00:02:38.439082 奖品已发完
2026/05/29 00:02:38.439082 奖品已发完
2026/05/29 00:02:38.439082 奖品已发完
2026/05/29 00:02:38.439082 奖品已发完
2026/05/29 00:02:38.439082 奖品已发完
2026/05/29 00:02:38.439082 奖品已发完
2026/05/29 00:02:38.439630 奖品已发完
2026/05/29 00:02:38.439630 奖品已发完
2026/05/29 00:02:38.439630 奖品已发完
2026/05/29 00:02:38.439630 奖品已发完
2026/05/29 00:02:38.439630 奖品已发完
2026/05/29 00:02:38.439630 奖品已发完
2026/05/29 00:02:38.439630 奖品已发完
2026/05/29 00:02:38.439630 奖品已发完
2026/05/29 00:02:38.439630 奖品已发完
2026/05/29 00:02:38.439630 奖品已发完
2026/05/29 00:02:38.439630 奖品已发完
2026/05/29 00:02:38.439630 奖品已发完
2026/05/29 00:02:38.439630 奖品已发完
2026/05/29 00:02:38.439630 奖品已发完
2026/05/29 00:02:38.439630 奖品已发完
2026/05/29 00:02:38.439630 奖品已发完
2026/05/29 00:02:38.439630 奖品已发完
2026/05/29 00:02:38.439630 奖品已发完
2026/05/29 00:02:38.439630 奖品已发完
2026/05/29 00:02:38.439630 奖品已发完
2026/05/29 00:02:38.439630 奖品已发完
2026/05/29 00:02:38.439630 奖品已发完
2026/05/29 00:02:38.439630 奖品已发完
2026/05/29 00:02:38.439630 奖品已发完
2026/05/29 00:02:38.439630 奖品已发完
2026/05/29 00:02:38.439630 奖品已发完
2026/05/29 00:02:38.439630 奖品已发完
2026/05/29 00:02:38.439630 奖品已发完
2026/05/29 00:02:38.439630 奖品已发完
2026/05/29 00:02:38.439630 奖品已发完
2026/05/29 00:02:38.439630 奖品已发完
2026/05/29 00:02:38.439630 奖品已发完
2026/05/29 00:02:38.439630 奖品已发完
2026/05/29 00:02:38.439630 奖品已发完
2026/05/29 00:02:38.439630 奖品已发完
2026/05/29 00:02:38.439630 奖品已发完
2026/05/29 00:02:38.439630 奖品已发完
2026/05/29 00:02:38.440160 奖品已发完
2026/05/29 00:02:38.440160 奖品已发完
2026/05/29 00:02:38.440160 奖品已发完
2026/05/29 00:02:38.440160 奖品已发完
2026/05/29 00:02:38.440160 奖品已发完
2026/05/29 00:02:38.440160 奖品已发完
2026/05/29 00:02:38.440160 奖品已发完
2026/05/29 00:02:38.440160 奖品已发完
2026/05/29 00:02:38.440160 奖品已发完
2026/05/29 00:02:38.440160 奖品已发完
2026/05/29 00:02:38.440160 奖品已发完
2026/05/29 00:02:38.440160 奖品已发完
2026/05/29 00:02:38.440160 奖品已发完
2026/05/29 00:02:38.440160 奖品已发完
2026/05/29 00:02:38.440160 奖品已发完
2026/05/29 00:02:38.440160 奖品已发完
2026/05/29 00:02:38.440160 奖品已发完
2026/05/29 00:02:38.440160 奖品已发完
2026/05/29 00:02:38.440160 奖品已发完
2026/05/29 00:02:38.440160 奖品已发完
2026/05/29 00:02:38.440160 奖品已发完
2026/05/29 00:02:38.440160 奖品已发完
2026/05/29 00:02:38.440160 奖品已发完
2026/05/29 00:02:38.440160 奖品已发完
2026/05/29 00:02:38.440160 奖品已发完
2026/05/29 00:02:38.440160 奖品已发完
2026/05/29 00:02:38.440160 奖品已发完
2026/05/29 00:02:38.440160 奖品已发完
2026/05/29 00:02:38.440160 奖品已发完
2026/05/29 00:02:38.440160 奖品已发完
2026/05/29 00:02:38.440160 奖品已发完
2026/05/29 00:02:38.440160 奖品已发完
2026/05/29 00:02:38.440160 奖品已发完
2026/05/29 00:02:38.440160 奖品已发完
2026/05/29 00:02:38.440160 奖品已发完
2026/05/29 00:02:38.440160 奖品已发完
2026/05/29 00:02:38.440160 奖品已发完
2026/05/29 00:02:38.440160 奖品已发完
2026/05/29 00:02:38.440160 奖品已发完
2026/05/29 00:02:38.440160 奖品已发完
2026/05/29 00:02:38.440160 奖品已发完
2026/05/29 00:02:38.440160 奖品已发完
2026/05/29 00:02:38.440160 奖品已发完
2026/05/29 00:02:38.440160 奖品已发完
2026/05/29 00:02:38.440160 奖品已发完
2026/05/29 00:02:38.440160 奖品已发完
2026/05/29 00:02:38.440160 奖品已发完
2026/05/29 00:02:38.477945 奖品已发完
2026/05/29 00:02:38.477945 奖品已发完
2026/05/29 00:02:38.477945 奖品已发完
2026/05/29 00:02:38.440160 奖品已发完
2026/05/29 00:02:38.440160 奖品已发完
2026/05/29 00:02:38.440160 奖品已发完
2026/05/29 00:02:38.440160 奖品已发完
2026/05/29 00:02:38.440160 奖品已发完
2026/05/29 00:02:38.440160 奖品已发完
2026/05/29 00:02:38.440160 奖品已发完
2026/05/29 00:02:38.440160 奖品已发完
2026/05/29 00:02:38.440160 奖品已发完
2026/05/29 00:02:38.440160 奖品已发完
2026/05/29 00:02:38.440160 奖品已发完
2026/05/29 00:02:38.440160 奖品已发完
2026/05/29 00:02:38.440160 奖品已发完
2026/05/29 00:02:38.440160 奖品已发完
2026/05/29 00:02:38.440160 奖品已发完
2026/05/29 00:02:38.440160 奖品已发完
2026/05/29 00:02:38.440160 奖品已发完
2026/05/29 00:02:38.440160 奖品已发完
2026/05/29 00:02:38.440160 奖品已发完
2026/05/29 00:02:38.440160 奖品已发完
2026/05/29 00:02:38.440160 奖品已发完
2026/05/29 00:02:38.440160 奖品已发完
2026/05/29 00:02:38.440160 奖品已发完
2026/05/29 00:02:38.440160 奖品已发完
2026/05/29 00:02:38.440160 奖品已发完
2026/05/29 00:02:38.440160 奖品已发完
2026/05/29 00:02:38.440160 奖品已发完
2026/05/29 00:02:38.440160 奖品已发完
2026/05/29 00:02:38.440160 奖品已发完
2026/05/29 00:02:38.440160 奖品已发完
2026/05/29 00:02:38.440160 奖品已发完
2026/05/29 00:02:38.440160 奖品已发完
2026/05/29 00:02:38.440160 奖品已发完
2026/05/29 00:02:38.440160 奖品已发完
2026/05/29 00:02:38.440160 奖品已发完
2026/05/29 00:02:38.440160 奖品已发完
2026/05/29 00:02:38.440160 奖品已发完
2026/05/29 00:02:38.440160 奖品已发完
2026/05/29 00:02:38.440160 奖品已发完
2026/05/29 00:02:38.440160 奖品已发完
2026/05/29 00:02:38.440160 奖品已发完
2026/05/29 00:02:38.440160 奖品已发完
2026/05/29 00:02:38.440160 奖品已发完
2026/05/29 00:02:38.440160 奖品已发完
2026/05/29 00:02:38.440160 奖品已发完
2026/05/29 00:02:38.440160 奖品已发完
2026/05/29 00:02:38.440160 奖品已发完
2026/05/29 00:02:38.440160 奖品已发完
2026/05/29 00:02:38.440160 奖品已发完
2026/05/29 00:02:38.440160 奖品已发完
2026/05/29 00:02:38.440160 奖品已发完
2026/05/29 00:02:38.440160 奖品已发完
2026/05/29 00:02:38.440160 奖品已发完
2026/05/29 00:02:38.440160 奖品已发完
2026/05/29 00:02:38.440160 奖品已发完
2026/05/29 00:02:38.440160 奖品已发完
2026/05/29 00:02:38.440160 奖品已发完
2026/05/29 00:02:38.440160 奖品已发完
2026/05/29 00:02:38.440160 奖品已发完
2026/05/29 00:02:38.440160 奖品已发完
2026/05/29 00:02:38.440160 奖品已发完
2026/05/29 00:02:38.440160 奖品已发完
2026/05/29 00:02:38.440160 奖品已发完
2026/05/29 00:02:38.440160 奖品已发完
2026/05/29 00:02:38.440160 奖品已发完
2026/05/29 00:02:38.440160 奖品已发完
2026/05/29 00:02:38.440160 奖品已发完
2026/05/29 00:02:38.440160 奖品已发完
2026/05/29 00:02:38.440690 奖品已发完
2026/05/29 00:02:38.440690 奖品已发完
2026/05/29 00:02:38.440690 奖品已发完
2026/05/29 00:02:38.440690 奖品已发完
2026/05/29 00:02:38.440690 奖品已发完
2026/05/29 00:02:38.440690 奖品已发完
2026/05/29 00:02:38.440690 奖品已发完
2026/05/29 00:02:38.440690 奖品已发完
2026/05/29 00:02:38.440690 奖品已发完
2026/05/29 00:02:38.440690 奖品已发完
2026/05/29 00:02:38.440690 奖品已发完
2026/05/29 00:02:38.440690 奖品已发完
2026/05/29 00:02:38.440690 奖品已发完
2026/05/29 00:02:38.440690 奖品已发完
2026/05/29 00:02:38.440690 奖品已发完
2026/05/29 00:02:38.440690 奖品已发完
2026/05/29 00:02:38.440690 奖品已发完
2026/05/29 00:02:38.440690 奖品已发完
2026/05/29 00:02:38.440690 奖品已发完
2026/05/29 00:02:38.440690 奖品已发完
2026/05/29 00:02:38.440690 奖品已发完
2026/05/29 00:02:38.440690 奖品已发完
2026/05/29 00:02:38.440690 奖品已发完
2026/05/29 00:02:38.440690 奖品已发完
2026/05/29 00:02:38.440690 奖品已发完
2026/05/29 00:02:38.440690 奖品已发完
2026/05/29 00:02:38.440690 奖品已发完
2026/05/29 00:02:38.440690 奖品已发完
2026/05/29 00:02:38.440690 奖品已发完
2026/05/29 00:02:38.440690 奖品已发完
2026/05/29 00:02:38.440690 奖品已发完
2026/05/29 00:02:38.440690 奖品已发完
2026/05/29 00:02:38.440690 奖品已发完
2026/05/29 00:02:38.440690 奖品已发完
2026/05/29 00:02:38.440690 奖品已发完
2026/05/29 00:02:38.440690 奖品已发完
2026/05/29 00:02:38.440690 奖品已发完
2026/05/29 00:02:38.440690 奖品已发完
2026/05/29 00:02:38.440690 奖品已发完
2026/05/29 00:02:38.440690 奖品已发完
2026/05/29 00:02:38.440690 奖品已发完
2026/05/29 00:02:38.440690 奖品已发完
2026/05/29 00:02:38.440690 奖品已发完
2026/05/29 00:02:38.440690 奖品已发完
2026/05/29 00:02:38.440690 奖品已发完
2026/05/29 00:02:38.440690 奖品已发完
2026/05/29 00:02:38.440690 奖品已发完
2026/05/29 00:02:38.440690 奖品已发完
2026/05/29 00:02:38.440690 奖品已发完
2026/05/29 00:02:38.440690 奖品已发完
2026/05/29 00:02:38.440690 奖品已发完
2026/05/29 00:02:38.440690 奖品已发完
2026/05/29 00:02:38.440690 奖品已发完
2026/05/29 00:02:38.440690 奖品已发完
2026/05/29 00:02:38.440690 奖品已发完
2026/05/29 00:02:38.440690 奖品已发完
2026/05/29 00:02:38.440690 奖品已发完
2026/05/29 00:02:38.440690 奖品已发完
2026/05/29 00:02:38.440690 奖品已发完
2026/05/29 00:02:38.440690 奖品已发完
2026/05/29 00:02:38.440690 奖品已发完
2026/05/29 00:02:38.440690 奖品已发完
2026/05/29 00:02:38.440690 奖品已发完
2026/05/29 00:02:38.440690 奖品已发完
2026/05/29 00:02:38.440690 奖品已发完
2026/05/29 00:02:38.440690 奖品已发完
2026/05/29 00:02:38.440690 奖品已发完
2026/05/29 00:02:38.440690 奖品已发完
2026/05/29 00:02:38.440690 奖品已发完
2026/05/29 00:02:38.440690 奖品已发完
2026/05/29 00:02:38.440690 奖品已发完
2026/05/29 00:02:38.440690 奖品已发完
2026/05/29 00:02:38.440690 奖品已发完
2026/05/29 00:02:38.440690 奖品已发完
2026/05/29 00:02:38.440690 奖品已发完
2026/05/29 00:02:38.440690 奖品已发完
2026/05/29 00:02:38.440690 奖品已发完
2026/05/29 00:02:38.440690 奖品已发完
2026/05/29 00:02:38.440690 奖品已发完
2026/05/29 00:02:38.440690 奖品已发完
2026/05/29 00:02:38.440690 奖品已发完
2026/05/29 00:02:38.440690 奖品已发完
2026/05/29 00:02:38.440690 奖品已发完
2026/05/29 00:02:38.469149 奖品已发完
2026/05/29 00:02:38.469149 奖品已发完
2026/05/29 00:02:38.469149 奖品已发完
2026/05/29 00:02:38.469149 奖品已发完
2026/05/29 00:02:38.469149 奖品已发完
2026/05/29 00:02:38.469149 奖品已发完
2026/05/29 00:02:38.469149 奖品已发完
2026/05/29 00:02:38.469149 奖品已发完
2026/05/29 00:02:38.480073 奖品已发完
2026/05/29 00:02:38.480073 奖品已发完
2026/05/29 00:02:38.480073 奖品已发完
2026/05/29 00:02:38.469149 中奖：二等奖，剩余：8
2026/05/29 00:02:38.480073 奖品已发完
2026/05/29 00:02:38.480073 奖品已发完
2026/05/29 00:02:38.480073 奖品已发完
2026/05/29 00:02:38.469149 奖品已发完
2026/05/29 00:02:38.469149 奖品已发完
2026/05/29 00:02:38.469149 奖品已发完
2026/05/29 00:02:38.469149 奖品已发完
2026/05/29 00:02:38.469149 奖品已发完
2026/05/29 00:02:38.469149 奖品已发完
2026/05/29 00:02:38.469149 奖品已发完
2026/05/29 00:02:38.469149 奖品已发完
2026/05/29 00:02:38.469149 奖品已发完
2026/05/29 00:02:38.469149 奖品已发完
2026/05/29 00:02:38.469149 奖品已发完
2026/05/29 00:02:38.469149 奖品已发完
2026/05/29 00:02:38.469149 奖品已发完
2026/05/29 00:02:38.469149 奖品已发完
2026/05/29 00:02:38.469149 奖品已发完
2026/05/29 00:02:38.469149 奖品已发完
2026/05/29 00:02:38.469149 奖品已发完
2026/05/29 00:02:38.469149 奖品已发完
2026/05/29 00:02:38.469149 奖品已发完
2026/05/29 00:02:38.469149 奖品已发完
2026/05/29 00:02:38.469149 奖品已发完
2026/05/29 00:02:38.469149 奖品已发完
2026/05/29 00:02:38.469149 奖品已发完
2026/05/29 00:02:38.469149 奖品已发完
2026/05/29 00:02:38.469149 奖品已发完
2026/05/29 00:02:38.469149 奖品已发完
2026/05/29 00:02:38.469149 奖品已发完
2026/05/29 00:02:38.469149 奖品已发完
2026/05/29 00:02:38.469149 奖品已发完
2026/05/29 00:02:38.469149 奖品已发完
2026/05/29 00:02:38.469149 奖品已发完
2026/05/29 00:02:38.469149 奖品已发完
2026/05/29 00:02:38.469149 中奖：一等奖，剩余：3
2026/05/29 00:02:38.469149 奖品已发完
2026/05/29 00:02:38.469149 奖品已发完
2026/05/29 00:02:38.469149 奖品已发完
2026/05/29 00:02:38.469149 奖品已发完
2026/05/29 00:02:38.469149 奖品已发完
2026/05/29 00:02:38.469149 奖品已发完
2026/05/29 00:02:38.469149 奖品已发完
2026/05/29 00:02:38.469149 中奖：一等奖，剩余：2
2026/05/29 00:02:38.469149 中奖：一等奖，剩余：0
2026/05/29 00:02:38.469149 中奖：一等奖，剩余：1
2026/05/29 00:02:38.469149 奖品已发完
2026/05/29 00:02:38.469149 奖品已发完
2026/05/29 00:02:38.469693 奖品已发完
2026/05/29 00:02:38.469693 奖品已发完
2026/05/29 00:02:38.469693 奖品已发完
2026/05/29 00:02:38.469693 奖品已发完
2026/05/29 00:02:38.469693 奖品已发完
2026/05/29 00:02:38.469693 奖品已发完
2026/05/29 00:02:38.469693 奖品已发完
2026/05/29 00:02:38.469693 奖品已发完
2026/05/29 00:02:38.469693 奖品已发完
2026/05/29 00:02:38.469693 奖品已发完
2026/05/29 00:02:38.469693 奖品已发完
2026/05/29 00:02:38.469693 奖品已发完
2026/05/29 00:02:38.469693 奖品已发完
2026/05/29 00:02:38.469693 奖品已发完
2026/05/29 00:02:38.469693 奖品已发完
2026/05/29 00:02:38.469693 奖品已发完
2026/05/29 00:02:38.469693 奖品已发完
2026/05/29 00:02:38.469693 奖品已发完
2026/05/29 00:02:38.469693 奖品已发完
2026/05/29 00:02:38.469693 奖品已发完
2026/05/29 00:02:38.469693 奖品已发完
2026/05/29 00:02:38.469693 奖品已发完
2026/05/29 00:02:38.469693 奖品已发完
2026/05/29 00:02:38.469693 奖品已发完
2026/05/29 00:02:38.469693 奖品已发完
2026/05/29 00:02:38.469693 奖品已发完
2026/05/29 00:02:38.469693 奖品已发完
2026/05/29 00:02:38.469693 奖品已发完
2026/05/29 00:02:38.469693 奖品已发完
2026/05/29 00:02:38.432997 中奖：三等奖，剩余：28
2026/05/29 00:02:38.469693 奖品已发完
2026/05/29 00:02:38.469693 奖品已发完
2026/05/29 00:02:38.469693 奖品已发完
2026/05/29 00:02:38.469693 奖品已发完
2026/05/29 00:02:38.469693 奖品已发完
2026/05/29 00:02:38.469693 奖品已发完
2026/05/29 00:02:38.469693 奖品已发完
2026/05/29 00:02:38.469693 奖品已发完
2026/05/29 00:02:38.469693 奖品已发完
2026/05/29 00:02:38.469693 奖品已发完
2026/05/29 00:02:38.469693 奖品已发完
2026/05/29 00:02:38.469693 奖品已发完
2026/05/29 00:02:38.469693 奖品已发完
2026/05/29 00:02:38.469693 奖品已发完
2026/05/29 00:02:38.469693 奖品已发完
2026/05/29 00:02:38.469693 奖品已发完
2026/05/29 00:02:38.469693 奖品已发完
2026/05/29 00:02:38.470230 奖品已发完
2026/05/29 00:02:38.470230 奖品已发完
2026/05/29 00:02:38.470230 奖品已发完
2026/05/29 00:02:38.470230 奖品已发完
2026/05/29 00:02:38.470230 奖品已发完
2026/05/29 00:02:38.470230 奖品已发完
2026/05/29 00:02:38.470230 奖品已发完
2026/05/29 00:02:38.470230 奖品已发完
2026/05/29 00:02:38.470230 奖品已发完
2026/05/29 00:02:38.470230 奖品已发完
2026/05/29 00:02:38.470230 奖品已发完
2026/05/29 00:02:38.470230 奖品已发完
2026/05/29 00:02:38.470230 奖品已发完
2026/05/29 00:02:38.470230 奖品已发完
2026/05/29 00:02:38.470230 奖品已发完
2026/05/29 00:02:38.470230 奖品已发完
2026/05/29 00:02:38.470230 奖品已发完
2026/05/29 00:02:38.470230 奖品已发完
2026/05/29 00:02:38.470230 奖品已发完
2026/05/29 00:02:38.470230 奖品已发完
2026/05/29 00:02:38.470230 奖品已发完
2026/05/29 00:02:38.470230 奖品已发完
2026/05/29 00:02:38.470230 奖品已发完
2026/05/29 00:02:38.470230 奖品已发完
2026/05/29 00:02:38.470230 奖品已发完
2026/05/29 00:02:38.470230 奖品已发完
2026/05/29 00:02:38.470230 奖品已发完
2026/05/29 00:02:38.470230 奖品已发完
2026/05/29 00:02:38.470230 奖品已发完
2026/05/29 00:02:38.470230 奖品已发完
2026/05/29 00:02:38.470230 奖品已发完
2026/05/29 00:02:38.470230 奖品已发完
2026/05/29 00:02:38.470230 奖品已发完
2026/05/29 00:02:38.470230 奖品已发完
2026/05/29 00:02:38.470230 奖品已发完
2026/05/29 00:02:38.470230 奖品已发完
2026/05/29 00:02:38.470230 奖品已发完
2026/05/29 00:02:38.470230 奖品已发完
2026/05/29 00:02:38.470230 奖品已发完
2026/05/29 00:02:38.470752 奖品已发完
2026/05/29 00:02:38.470752 奖品已发完
2026/05/29 00:02:38.470752 奖品已发完
2026/05/29 00:02:38.470752 奖品已发完
2026/05/29 00:02:38.470752 奖品已发完
2026/05/29 00:02:38.470752 奖品已发完
2026/05/29 00:02:38.470752 奖品已发完
2026/05/29 00:02:38.470752 奖品已发完
2026/05/29 00:02:38.471284 奖品已发完
2026/05/29 00:02:38.471284 奖品已发完
2026/05/29 00:02:38.471284 奖品已发完
2026/05/29 00:02:38.471284 奖品已发完
2026/05/29 00:02:38.471284 奖品已发完
2026/05/29 00:02:38.471284 奖品已发完
2026/05/29 00:02:38.471284 奖品已发完
2026/05/29 00:02:38.471284 奖品已发完
2026/05/29 00:02:38.471284 奖品已发完
2026/05/29 00:02:38.481119 奖品已发完
2026/05/29 00:02:38.481119 奖品已发完
2026/05/29 00:02:38.481119 奖品已发完
2026/05/29 00:02:38.471284 奖品已发完
2026/05/29 00:02:38.471284 奖品已发完
2026/05/29 00:02:38.471284 奖品已发完
2026/05/29 00:02:38.471284 奖品已发完
2026/05/29 00:02:38.471284 奖品已发完
2026/05/29 00:02:38.471284 奖品已发完
2026/05/29 00:02:38.471284 奖品已发完
2026/05/29 00:02:38.471284 奖品已发完
2026/05/29 00:02:38.471284 奖品已发完
2026/05/29 00:02:38.471284 奖品已发完
2026/05/29 00:02:38.471284 奖品已发完
2026/05/29 00:02:38.471284 奖品已发完
2026/05/29 00:02:38.471284 奖品已发完
2026/05/29 00:02:38.471284 奖品已发完
2026/05/29 00:02:38.471284 奖品已发完
2026/05/29 00:02:38.471284 奖品已发完
2026/05/29 00:02:38.471284 奖品已发完
2026/05/29 00:02:38.471284 奖品已发完
2026/05/29 00:02:38.471284 奖品已发完
2026/05/29 00:02:38.471284 奖品已发完
2026/05/29 00:02:38.471284 奖品已发完
2026/05/29 00:02:38.471284 奖品已发完
2026/05/29 00:02:38.471284 奖品已发完
2026/05/29 00:02:38.471284 奖品已发完
2026/05/29 00:02:38.471284 奖品已发完
2026/05/29 00:02:38.471284 奖品已发完
2026/05/29 00:02:38.471284 奖品已发完
2026/05/29 00:02:38.471284 奖品已发完
2026/05/29 00:02:38.471284 奖品已发完
2026/05/29 00:02:38.471284 奖品已发完
2026/05/29 00:02:38.471284 奖品已发完
2026/05/29 00:02:38.471284 奖品已发完
2026/05/29 00:02:38.471284 奖品已发完
2026/05/29 00:02:38.471284 奖品已发完
2026/05/29 00:02:38.471284 奖品已发完
2026/05/29 00:02:38.471284 奖品已发完
2026/05/29 00:02:38.471284 奖品已发完
2026/05/29 00:02:38.471284 奖品已发完
2026/05/29 00:02:38.471284 奖品已发完
2026/05/29 00:02:38.471284 奖品已发完
2026/05/29 00:02:38.471284 奖品已发完
2026/05/29 00:02:38.471284 奖品已发完
2026/05/29 00:02:38.471284 奖品已发完
2026/05/29 00:02:38.471284 奖品已发完
2026/05/29 00:02:38.471284 奖品已发完
2026/05/29 00:02:38.471284 奖品已发完
2026/05/29 00:02:38.471284 奖品已发完
2026/05/29 00:02:38.481642 奖品已发完
2026/05/29 00:02:38.481642 奖品已发完
2026/05/29 00:02:38.471284 奖品已发完
2026/05/29 00:02:38.481642 奖品已发完
2026/05/29 00:02:38.481642 奖品已发完
2026/05/29 00:02:38.481642 奖品已发完
2026/05/29 00:02:38.434075 奖品已发完
2026/05/29 00:02:38.481642 奖品已发完
2026/05/29 00:02:38.481642 奖品已发完
2026/05/29 00:02:38.471284 奖品已发完
2026/05/29 00:02:38.471284 奖品已发完
2026/05/29 00:02:38.471284 奖品已发完
2026/05/29 00:02:38.471284 奖品已发完
2026/05/29 00:02:38.471284 奖品已发完
2026/05/29 00:02:38.471284 中奖：二等奖，剩余：7
2026/05/29 00:02:38.471284 中奖：二等奖，剩余：5
2026/05/29 00:02:38.471284 奖品已发完
2026/05/29 00:02:38.471284 奖品已发完
2026/05/29 00:02:38.471284 奖品已发完
2026/05/29 00:02:38.471284 奖品已发完
2026/05/29 00:02:38.471284 奖品已发完
2026/05/29 00:02:38.471284 奖品已发完
2026/05/29 00:02:38.471284 奖品已发完
2026/05/29 00:02:38.471284 奖品已发完
2026/05/29 00:02:38.471284 奖品已发完
2026/05/29 00:02:38.482165 奖品已发完
2026/05/29 00:02:38.482165 奖品已发完
2026/05/29 00:02:38.482165 奖品已发完
2026/05/29 00:02:38.471284 奖品已发完
2026/05/29 00:02:38.471946 奖品已发完
2026/05/29 00:02:38.471946 奖品已发完
2026/05/29 00:02:38.471946 奖品已发完
2026/05/29 00:02:38.471946 奖品已发完
2026/05/29 00:02:38.471946 奖品已发完
2026/05/29 00:02:38.471946 奖品已发完
2026/05/29 00:02:38.471946 奖品已发完
2026/05/29 00:02:38.471946 奖品已发完
2026/05/29 00:02:38.471946 奖品已发完
2026/05/29 00:02:38.471946 奖品已发完
2026/05/29 00:02:38.471946 奖品已发完
2026/05/29 00:02:38.471946 奖品已发完
2026/05/29 00:02:38.471946 奖品已发完
2026/05/29 00:02:38.471946 奖品已发完
2026/05/29 00:02:38.471946 奖品已发完
2026/05/29 00:02:38.471946 奖品已发完
2026/05/29 00:02:38.471946 奖品已发完
2026/05/29 00:02:38.471946 奖品已发完
2026/05/29 00:02:38.471946 奖品已发完
2026/05/29 00:02:38.471946 奖品已发完
2026/05/29 00:02:38.471946 奖品已发完
2026/05/29 00:02:38.471946 奖品已发完
2026/05/29 00:02:38.471946 奖品已发完
2026/05/29 00:02:38.471946 奖品已发完
2026/05/29 00:02:38.471946 奖品已发完
2026/05/29 00:02:38.471946 奖品已发完
2026/05/29 00:02:38.471946 奖品已发完
2026/05/29 00:02:38.471946 奖品已发完
2026/05/29 00:02:38.471946 奖品已发完
2026/05/29 00:02:38.471946 奖品已发完
2026/05/29 00:02:38.471946 奖品已发完
2026/05/29 00:02:38.471946 奖品已发完
2026/05/29 00:02:38.471946 奖品已发完
2026/05/29 00:02:38.471946 奖品已发完
2026/05/29 00:02:38.471946 奖品已发完
2026/05/29 00:02:38.471946 奖品已发完
2026/05/29 00:02:38.471946 奖品已发完
2026/05/29 00:02:38.471946 奖品已发完
2026/05/29 00:02:38.471946 奖品已发完
2026/05/29 00:02:38.471946 奖品已发完
2026/05/29 00:02:38.471946 奖品已发完
2026/05/29 00:02:38.471946 奖品已发完
2026/05/29 00:02:38.471946 奖品已发完
2026/05/29 00:02:38.471946 奖品已发完
2026/05/29 00:02:38.471946 奖品已发完
2026/05/29 00:02:38.471946 奖品已发完
2026/05/29 00:02:38.471946 奖品已发完
2026/05/29 00:02:38.471946 奖品已发完
2026/05/29 00:02:38.471946 奖品已发完
2026/05/29 00:02:38.471946 奖品已发完
2026/05/29 00:02:38.471946 奖品已发完
2026/05/29 00:02:38.471946 奖品已发完
2026/05/29 00:02:38.471946 奖品已发完
2026/05/29 00:02:38.471946 奖品已发完
2026/05/29 00:02:38.471946 奖品已发完
2026/05/29 00:02:38.471946 奖品已发完
2026/05/29 00:02:38.471946 奖品已发完
2026/05/29 00:02:38.471946 奖品已发完
2026/05/29 00:02:38.471946 奖品已发完
2026/05/29 00:02:38.471946 奖品已发完
2026/05/29 00:02:38.471946 奖品已发完
2026/05/29 00:02:38.471946 奖品已发完
2026/05/29 00:02:38.471946 奖品已发完
2026/05/29 00:02:38.471946 奖品已发完
2026/05/29 00:02:38.471946 奖品已发完
2026/05/29 00:02:38.471946 奖品已发完
2026/05/29 00:02:38.471946 奖品已发完
2026/05/29 00:02:38.472471 奖品已发完
2026/05/29 00:02:38.472471 奖品已发完
2026/05/29 00:02:38.472471 奖品已发完
2026/05/29 00:02:38.472471 奖品已发完
2026/05/29 00:02:38.472471 奖品已发完
2026/05/29 00:02:38.472471 奖品已发完
2026/05/29 00:02:38.472471 奖品已发完
2026/05/29 00:02:38.472471 奖品已发完
2026/05/29 00:02:38.472471 奖品已发完
2026/05/29 00:02:38.472471 奖品已发完
2026/05/29 00:02:38.472471 奖品已发完
2026/05/29 00:02:38.472471 奖品已发完
2026/05/29 00:02:38.472471 奖品已发完
2026/05/29 00:02:38.472471 奖品已发完
2026/05/29 00:02:38.472471 奖品已发完
2026/05/29 00:02:38.472471 奖品已发完
2026/05/29 00:02:38.472471 奖品已发完
2026/05/29 00:02:38.472471 奖品已发完
2026/05/29 00:02:38.472471 奖品已发完
2026/05/29 00:02:38.472471 奖品已发完
2026/05/29 00:02:38.472471 奖品已发完
2026/05/29 00:02:38.472471 奖品已发完
2026/05/29 00:02:38.472471 奖品已发完
2026/05/29 00:02:38.472471 奖品已发完
2026/05/29 00:02:38.472471 奖品已发完
2026/05/29 00:02:38.472471 奖品已发完
2026/05/29 00:02:38.472471 奖品已发完
2026/05/29 00:02:38.472471 奖品已发完
2026/05/29 00:02:38.472471 奖品已发完
2026/05/29 00:02:38.472471 奖品已发完
2026/05/29 00:02:38.472471 奖品已发完
2026/05/29 00:02:38.472471 奖品已发完
2026/05/29 00:02:38.472471 奖品已发完
2026/05/29 00:02:38.472471 奖品已发完
2026/05/29 00:02:38.472471 奖品已发完
2026/05/29 00:02:38.472471 奖品已发完
2026/05/29 00:02:38.472471 奖品已发完
2026/05/29 00:02:38.472471 奖品已发完
2026/05/29 00:02:38.472471 奖品已发完
2026/05/29 00:02:38.472471 奖品已发完
2026/05/29 00:02:38.472471 奖品已发完
2026/05/29 00:02:38.472471 奖品已发完
2026/05/29 00:02:38.472471 奖品已发完
2026/05/29 00:02:38.472471 奖品已发完
2026/05/29 00:02:38.472471 奖品已发完
2026/05/29 00:02:38.472471 奖品已发完
2026/05/29 00:02:38.472471 奖品已发完
2026/05/29 00:02:38.472471 奖品已发完
2026/05/29 00:02:38.472471 奖品已发完
2026/05/29 00:02:38.472471 奖品已发完
2026/05/29 00:02:38.472471 奖品已发完
2026/05/29 00:02:38.472471 奖品已发完
2026/05/29 00:02:38.472471 奖品已发完
2026/05/29 00:02:38.472471 奖品已发完
2026/05/29 00:02:38.472471 奖品已发完
2026/05/29 00:02:38.472471 奖品已发完
2026/05/29 00:02:38.472471 奖品已发完
2026/05/29 00:02:38.472471 奖品已发完
2026/05/29 00:02:38.472471 奖品已发完
2026/05/29 00:02:38.472993 奖品已发完
2026/05/29 00:02:38.472993 奖品已发完
2026/05/29 00:02:38.472993 奖品已发完
2026/05/29 00:02:38.472993 奖品已发完
2026/05/29 00:02:38.472993 奖品已发完
2026/05/29 00:02:38.472993 奖品已发完
2026/05/29 00:02:38.472993 奖品已发完
2026/05/29 00:02:38.472993 奖品已发完
2026/05/29 00:02:38.472993 奖品已发完
2026/05/29 00:02:38.472993 奖品已发完
2026/05/29 00:02:38.472993 奖品已发完
2026/05/29 00:02:38.483741 奖品已发完
2026/05/29 00:02:38.483741 奖品已发完
2026/05/29 00:02:38.483741 奖品已发完
2026/05/29 00:02:38.483741 奖品已发完
2026/05/29 00:02:38.472993 奖品已发完
2026/05/29 00:02:38.472993 奖品已发完
2026/05/29 00:02:38.472993 奖品已发完
2026/05/29 00:02:38.472993 奖品已发完
2026/05/29 00:02:38.472993 奖品已发完
2026/05/29 00:02:38.434597 奖品已发完
2026/05/29 00:02:38.472993 奖品已发完
2026/05/29 00:02:38.472993 奖品已发完
2026/05/29 00:02:38.472993 奖品已发完
2026/05/29 00:02:38.472993 奖品已发完
2026/05/29 00:02:38.472993 奖品已发完
2026/05/29 00:02:38.472993 奖品已发完
2026/05/29 00:02:38.472993 奖品已发完
2026/05/29 00:02:38.472993 奖品已发完
2026/05/29 00:02:38.472993 奖品已发完
2026/05/29 00:02:38.472993 奖品已发完
2026/05/29 00:02:38.472993 奖品已发完
2026/05/29 00:02:38.472993 奖品已发完
2026/05/29 00:02:38.484273 奖品已发完
2026/05/29 00:02:38.484273 奖品已发完
2026/05/29 00:02:38.484273 奖品已发完
2026/05/29 00:02:38.484273 奖品已发完
2026/05/29 00:02:38.484273 奖品已发完
2026/05/29 00:02:38.484273 奖品已发完
2026/05/29 00:02:38.472993 奖品已发完
2026/05/29 00:02:38.472993 奖品已发完
2026/05/29 00:02:38.484273 奖品已发完
2026/05/29 00:02:38.484273 奖品已发完
2026/05/29 00:02:38.484273 奖品已发完
2026/05/29 00:02:38.472993 奖品已发完
2026/05/29 00:02:38.435127 奖品已发完
2026/05/29 00:02:38.472993 奖品已发完
2026/05/29 00:02:38.473518 奖品已发完
2026/05/29 00:02:38.473518 中奖：二等奖，剩余：0
2026/05/29 00:02:38.473518 奖品已发完
2026/05/29 00:02:38.473518 奖品已发完
2026/05/29 00:02:38.473518 奖品已发完
2026/05/29 00:02:38.473518 奖品已发完
2026/05/29 00:02:38.473518 奖品已发完
2026/05/29 00:02:38.473518 奖品已发完
2026/05/29 00:02:38.473518 奖品已发完
2026/05/29 00:02:38.473518 奖品已发完
2026/05/29 00:02:38.473518 奖品已发完
2026/05/29 00:02:38.473518 奖品已发完
2026/05/29 00:02:38.473518 奖品已发完
2026/05/29 00:02:38.473518 奖品已发完
2026/05/29 00:02:38.473518 奖品已发完
2026/05/29 00:02:38.473518 奖品已发完
2026/05/29 00:02:38.473518 奖品已发完
2026/05/29 00:02:38.473518 奖品已发完
2026/05/29 00:02:38.473518 奖品已发完
2026/05/29 00:02:38.473518 奖品已发完
2026/05/29 00:02:38.473518 奖品已发完
2026/05/29 00:02:38.473518 奖品已发完
2026/05/29 00:02:38.473518 奖品已发完
2026/05/29 00:02:38.473518 奖品已发完
2026/05/29 00:02:38.473518 奖品已发完
2026/05/29 00:02:38.473518 奖品已发完
2026/05/29 00:02:38.473518 奖品已发完
2026/05/29 00:02:38.473518 奖品已发完
2026/05/29 00:02:38.473518 奖品已发完
2026/05/29 00:02:38.474071 奖品已发完
2026/05/29 00:02:38.474071 奖品已发完
2026/05/29 00:02:38.474071 奖品已发完
2026/05/29 00:02:38.474071 奖品已发完
2026/05/29 00:02:38.474071 奖品已发完
2026/05/29 00:02:38.474071 奖品已发完
2026/05/29 00:02:38.474071 奖品已发完
2026/05/29 00:02:38.474071 奖品已发完
2026/05/29 00:02:38.474071 奖品已发完
2026/05/29 00:02:38.474071 奖品已发完
2026/05/29 00:02:38.474071 奖品已发完
2026/05/29 00:02:38.474071 奖品已发完
2026/05/29 00:02:38.474071 奖品已发完
2026/05/29 00:02:38.474071 奖品已发完
2026/05/29 00:02:38.474071 奖品已发完
2026/05/29 00:02:38.474071 奖品已发完
2026/05/29 00:02:38.474071 奖品已发完
2026/05/29 00:02:38.474071 奖品已发完
2026/05/29 00:02:38.474071 奖品已发完
2026/05/29 00:02:38.474071 奖品已发完
2026/05/29 00:02:38.474071 奖品已发完
2026/05/29 00:02:38.474071 奖品已发完
2026/05/29 00:02:38.474071 奖品已发完
2026/05/29 00:02:38.474071 奖品已发完
2026/05/29 00:02:38.474071 奖品已发完
2026/05/29 00:02:38.474071 奖品已发完
2026/05/29 00:02:38.474071 奖品已发完
2026/05/29 00:02:38.474071 奖品已发完
2026/05/29 00:02:38.474071 奖品已发完
2026/05/29 00:02:38.474071 奖品已发完
2026/05/29 00:02:38.474071 奖品已发完
2026/05/29 00:02:38.474071 奖品已发完
2026/05/29 00:02:38.474071 奖品已发完
2026/05/29 00:02:38.474071 奖品已发完
2026/05/29 00:02:38.474071 奖品已发完
2026/05/29 00:02:38.474071 奖品已发完
2026/05/29 00:02:38.474071 奖品已发完
2026/05/29 00:02:38.474071 奖品已发完
2026/05/29 00:02:38.474071 奖品已发完
2026/05/29 00:02:38.474071 奖品已发完
2026/05/29 00:02:38.474071 奖品已发完
2026/05/29 00:02:38.474071 奖品已发完
2026/05/29 00:02:38.474071 奖品已发完
2026/05/29 00:02:38.435127 奖品已发完
2026/05/29 00:02:38.474071 奖品已发完
2026/05/29 00:02:38.474071 奖品已发完
2026/05/29 00:02:38.474071 奖品已发完
2026/05/29 00:02:38.474071 奖品已发完
2026/05/29 00:02:38.474071 奖品已发完
2026/05/29 00:02:38.474071 奖品已发完
2026/05/29 00:02:38.485358 奖品已发完
2026/05/29 00:02:38.485358 奖品已发完
2026/05/29 00:02:38.474071 奖品已发完
2026/05/29 00:02:38.485358 奖品已发完
2026/05/29 00:02:38.485358 奖品已发完
2026/05/29 00:02:38.474071 奖品已发完
2026/05/29 00:02:38.474071 奖品已发完
2026/05/29 00:02:38.474071 奖品已发完
2026/05/29 00:02:38.474071 奖品已发完
2026/05/29 00:02:38.474071 奖品已发完
2026/05/29 00:02:38.474710 奖品已发完
2026/05/29 00:02:38.474710 奖品已发完
2026/05/29 00:02:38.474710 奖品已发完
2026/05/29 00:02:38.474710 奖品已发完
2026/05/29 00:02:38.474710 奖品已发完
2026/05/29 00:02:38.474710 奖品已发完
2026/05/29 00:02:38.474710 奖品已发完
2026/05/29 00:02:38.474710 奖品已发完
2026/05/29 00:02:38.474710 奖品已发完
2026/05/29 00:02:38.474710 奖品已发完
2026/05/29 00:02:38.474710 奖品已发完
2026/05/29 00:02:38.474710 奖品已发完
2026/05/29 00:02:38.474710 奖品已发完
2026/05/29 00:02:38.474710 奖品已发完
2026/05/29 00:02:38.474710 奖品已发完
2026/05/29 00:02:38.474710 奖品已发完
2026/05/29 00:02:38.474710 奖品已发完
2026/05/29 00:02:38.474710 奖品已发完
2026/05/29 00:02:38.474710 奖品已发完
2026/05/29 00:02:38.474710 奖品已发完
2026/05/29 00:02:38.474710 奖品已发完
2026/05/29 00:02:38.474710 奖品已发完
2026/05/29 00:02:38.474710 奖品已发完
2026/05/29 00:02:38.474710 奖品已发完
2026/05/29 00:02:38.474710 奖品已发完
2026/05/29 00:02:38.474710 奖品已发完
2026/05/29 00:02:38.474710 奖品已发完
2026/05/29 00:02:38.474710 奖品已发完
2026/05/29 00:02:38.475234 奖品已发完
2026/05/29 00:02:38.475234 奖品已发完
2026/05/29 00:02:38.475234 奖品已发完
2026/05/29 00:02:38.475234 奖品已发完
2026/05/29 00:02:38.475234 奖品已发完
2026/05/29 00:02:38.475234 奖品已发完
2026/05/29 00:02:38.475234 奖品已发完
2026/05/29 00:02:38.475234 奖品已发完
2026/05/29 00:02:38.485886 奖品已发完
2026/05/29 00:02:38.485886 奖品已发完
2026/05/29 00:02:38.485886 奖品已发完
2026/05/29 00:02:38.485886 奖品已发完
2026/05/29 00:02:38.485886 奖品已发完
2026/05/29 00:02:38.485886 奖品已发完
2026/05/29 00:02:38.485886 奖品已发完
2026/05/29 00:02:38.485886 奖品已发完
2026/05/29 00:02:38.475234 奖品已发完
2026/05/29 00:02:38.485886 奖品已发完
2026/05/29 00:02:38.475234 奖品已发完
2026/05/29 00:02:38.436387 奖品已发完
2026/05/29 00:02:38.475234 奖品已发完
2026/05/29 00:02:38.475234 奖品已发完
2026/05/29 00:02:38.475234 奖品已发完
2026/05/29 00:02:38.475234 奖品已发完
2026/05/29 00:02:38.475234 奖品已发完
2026/05/29 00:02:38.475234 奖品已发完
2026/05/29 00:02:38.475234 奖品已发完
2026/05/29 00:02:38.475234 奖品已发完
2026/05/29 00:02:38.475234 奖品已发完
2026/05/29 00:02:38.436387 奖品已发完
2026/05/29 00:02:38.475234 奖品已发完
2026/05/29 00:02:38.475234 奖品已发完
2026/05/29 00:02:38.475234 奖品已发完
2026/05/29 00:02:38.475234 奖品已发完
2026/05/29 00:02:38.475234 奖品已发完
2026/05/29 00:02:38.475234 奖品已发完
2026/05/29 00:02:38.475234 奖品已发完
2026/05/29 00:02:38.475234 奖品已发完
2026/05/29 00:02:38.475234 奖品已发完
2026/05/29 00:02:38.475234 奖品已发完
2026/05/29 00:02:38.475234 奖品已发完
2026/05/29 00:02:38.475234 奖品已发完
2026/05/29 00:02:38.475234 奖品已发完
2026/05/29 00:02:38.475234 奖品已发完
2026/05/29 00:02:38.475234 奖品已发完
2026/05/29 00:02:38.475234 奖品已发完
2026/05/29 00:02:38.475234 奖品已发完
2026/05/29 00:02:38.475234 奖品已发完
2026/05/29 00:02:38.475234 奖品已发完
2026/05/29 00:02:38.475234 奖品已发完
2026/05/29 00:02:38.475234 奖品已发完
2026/05/29 00:02:38.475234 奖品已发完
2026/05/29 00:02:38.475234 奖品已发完
2026/05/29 00:02:38.475234 奖品已发完
2026/05/29 00:02:38.475234 奖品已发完
2026/05/29 00:02:38.475234 奖品已发完
2026/05/29 00:02:38.475234 奖品已发完
2026/05/29 00:02:38.475234 奖品已发完
2026/05/29 00:02:38.475234 奖品已发完
2026/05/29 00:02:38.475234 奖品已发完
2026/05/29 00:02:38.475234 奖品已发完
2026/05/29 00:02:38.475234 奖品已发完
2026/05/29 00:02:38.475234 奖品已发完
2026/05/29 00:02:38.475234 奖品已发完
2026/05/29 00:02:38.475234 奖品已发完
2026/05/29 00:02:38.475234 奖品已发完
2026/05/29 00:02:38.475234 奖品已发完
2026/05/29 00:02:38.475234 奖品已发完
2026/05/29 00:02:38.475234 奖品已发完
2026/05/29 00:02:38.475234 奖品已发完
2026/05/29 00:02:38.475234 奖品已发完
2026/05/29 00:02:38.475234 奖品已发完
2026/05/29 00:02:38.475234 奖品已发完
2026/05/29 00:02:38.475234 奖品已发完
2026/05/29 00:02:38.475234 奖品已发完
2026/05/29 00:02:38.475234 奖品已发完
2026/05/29 00:02:38.475234 奖品已发完
2026/05/29 00:02:38.475234 奖品已发完
2026/05/29 00:02:38.475234 奖品已发完
2026/05/29 00:02:38.475234 奖品已发完
2026/05/29 00:02:38.475234 奖品已发完
2026/05/29 00:02:38.475234 奖品已发完
2026/05/29 00:02:38.475234 奖品已发完
2026/05/29 00:02:38.475234 奖品已发完
2026/05/29 00:02:38.475234 奖品已发完
2026/05/29 00:02:38.475234 奖品已发完
2026/05/29 00:02:38.475234 奖品已发完
2026/05/29 00:02:38.475234 奖品已发完
2026/05/29 00:02:38.475773 奖品已发完
2026/05/29 00:02:38.475773 奖品已发完
2026/05/29 00:02:38.475773 奖品已发完
2026/05/29 00:02:38.475773 奖品已发完
2026/05/29 00:02:38.475773 奖品已发完
2026/05/29 00:02:38.475773 奖品已发完
2026/05/29 00:02:38.486407 奖品已发完
2026/05/29 00:02:38.486407 奖品已发完
2026/05/29 00:02:38.486407 奖品已发完
2026/05/29 00:02:38.475773 奖品已发完
2026/05/29 00:02:38.475773 奖品已发完
2026/05/29 00:02:38.475773 奖品已发完
2026/05/29 00:02:38.475773 奖品已发完
2026/05/29 00:02:38.475773 奖品已发完
2026/05/29 00:02:38.475773 奖品已发完
2026/05/29 00:02:38.475773 奖品已发完
2026/05/29 00:02:38.475773 奖品已发完
2026/05/29 00:02:38.475773 奖品已发完
2026/05/29 00:02:38.475773 奖品已发完
2026/05/29 00:02:38.475773 奖品已发完
2026/05/29 00:02:38.475773 奖品已发完
2026/05/29 00:02:38.475773 奖品已发完
2026/05/29 00:02:38.475773 奖品已发完
2026/05/29 00:02:38.475773 奖品已发完
2026/05/29 00:02:38.475773 奖品已发完
2026/05/29 00:02:38.475773 奖品已发完
2026/05/29 00:02:38.486927 奖品已发完
2026/05/29 00:02:38.486927 奖品已发完
2026/05/29 00:02:38.486927 奖品已发完
2026/05/29 00:02:38.475773 奖品已发完
2026/05/29 00:02:38.475773 奖品已发完
2026/05/29 00:02:38.475773 奖品已发完
2026/05/29 00:02:38.475773 奖品已发完
2026/05/29 00:02:38.475773 奖品已发完
2026/05/29 00:02:38.475773 奖品已发完
2026/05/29 00:02:38.475773 奖品已发完
2026/05/29 00:02:38.475773 奖品已发完
2026/05/29 00:02:38.475773 奖品已发完
2026/05/29 00:02:38.475773 奖品已发完
2026/05/29 00:02:38.475773 奖品已发完
2026/05/29 00:02:38.475773 奖品已发完
2026/05/29 00:02:38.475773 奖品已发完
2026/05/29 00:02:38.438543 奖品已发完
2026/05/29 00:02:38.475773 奖品已发完
2026/05/29 00:02:38.475773 奖品已发完
2026/05/29 00:02:38.475773 奖品已发完
2026/05/29 00:02:38.475773 奖品已发完
2026/05/29 00:02:38.476308 奖品已发完
2026/05/29 00:02:38.476308 奖品已发完
2026/05/29 00:02:38.476308 奖品已发完
2026/05/29 00:02:38.476308 奖品已发完
2026/05/29 00:02:38.476308 奖品已发完
2026/05/29 00:02:38.476308 奖品已发完
2026/05/29 00:02:38.476308 奖品已发完
2026/05/29 00:02:38.476308 奖品已发完
2026/05/29 00:02:38.476308 奖品已发完
2026/05/29 00:02:38.476308 奖品已发完
2026/05/29 00:02:38.476308 奖品已发完
2026/05/29 00:02:38.476308 奖品已发完
2026/05/29 00:02:38.476308 奖品已发完
2026/05/29 00:02:38.476308 奖品已发完
2026/05/29 00:02:38.476308 奖品已发完
2026/05/29 00:02:38.476308 奖品已发完
2026/05/29 00:02:38.486927 奖品已发完
2026/05/29 00:02:38.487467 奖品已发完
2026/05/29 00:02:38.487467 奖品已发完
2026/05/29 00:02:38.487467 奖品已发完
2026/05/29 00:02:38.476308 奖品已发完
2026/05/29 00:02:38.476308 奖品已发完
2026/05/29 00:02:38.476308 奖品已发完
2026/05/29 00:02:38.476308 奖品已发完
2026/05/29 00:02:38.476308 奖品已发完
2026/05/29 00:02:38.476308 奖品已发完
2026/05/29 00:02:38.476308 奖品已发完
2026/05/29 00:02:38.476308 奖品已发完
2026/05/29 00:02:38.476308 奖品已发完
2026/05/29 00:02:38.476308 奖品已发完
2026/05/29 00:02:38.476308 奖品已发完
2026/05/29 00:02:38.476308 奖品已发完
2026/05/29 00:02:38.476308 奖品已发完
2026/05/29 00:02:38.476308 奖品已发完
2026/05/29 00:02:38.476308 奖品已发完
2026/05/29 00:02:38.476308 奖品已发完
2026/05/29 00:02:38.476308 奖品已发完
2026/05/29 00:02:38.476308 奖品已发完
2026/05/29 00:02:38.476308 奖品已发完
2026/05/29 00:02:38.476308 奖品已发完
2026/05/29 00:02:38.476308 奖品已发完
2026/05/29 00:02:38.476308 奖品已发完
2026/05/29 00:02:38.476308 奖品已发完
2026/05/29 00:02:38.476308 奖品已发完
2026/05/29 00:02:38.476308 奖品已发完
2026/05/29 00:02:38.476308 奖品已发完
2026/05/29 00:02:38.476308 奖品已发完
2026/05/29 00:02:38.476308 奖品已发完
2026/05/29 00:02:38.476308 奖品已发完
2026/05/29 00:02:38.476308 奖品已发完
2026/05/29 00:02:38.476308 奖品已发完
2026/05/29 00:02:38.476308 奖品已发完
2026/05/29 00:02:38.476308 奖品已发完
2026/05/29 00:02:38.476308 奖品已发完
2026/05/29 00:02:38.476308 奖品已发完
2026/05/29 00:02:38.476308 奖品已发完
2026/05/29 00:02:38.476308 奖品已发完
2026/05/29 00:02:38.476308 奖品已发完
2026/05/29 00:02:38.476308 奖品已发完
2026/05/29 00:02:38.476308 奖品已发完
2026/05/29 00:02:38.476308 奖品已发完
2026/05/29 00:02:38.476308 奖品已发完
2026/05/29 00:02:38.476308 奖品已发完
2026/05/29 00:02:38.476308 奖品已发完
2026/05/29 00:02:38.476308 奖品已发完
2026/05/29 00:02:38.476308 奖品已发完
2026/05/29 00:02:38.476308 奖品已发完
2026/05/29 00:02:38.476308 奖品已发完
2026/05/29 00:02:38.476863 奖品已发完
2026/05/29 00:02:38.487467 奖品已发完
2026/05/29 00:02:38.487467 奖品已发完
2026/05/29 00:02:38.487467 奖品已发完
2026/05/29 00:02:38.487467 奖品已发完
2026/05/29 00:02:38.487467 奖品已发完
2026/05/29 00:02:38.487467 奖品已发完
2026/05/29 00:02:38.487467 奖品已发完
2026/05/29 00:02:38.487467 奖品已发完
2026/05/29 00:02:38.487467 奖品已发完
2026/05/29 00:02:38.476863 奖品已发完
2026/05/29 00:02:38.487467 奖品已发完
2026/05/29 00:02:38.487467 奖品已发完
2026/05/29 00:02:38.487467 奖品已发完
2026/05/29 00:02:38.487467 奖品已发完
2026/05/29 00:02:38.487467 奖品已发完
2026/05/29 00:02:38.487467 奖品已发完
2026/05/29 00:02:38.488019 奖品已发完
2026/05/29 00:02:38.488019 奖品已发完
2026/05/29 00:02:38.476863 奖品已发完
2026/05/29 00:02:38.488019 奖品已发完
2026/05/29 00:02:38.488019 奖品已发完
2026/05/29 00:02:38.488019 奖品已发完
2026/05/29 00:02:38.488019 奖品已发完
2026/05/29 00:02:38.488019 奖品已发完
2026/05/29 00:02:38.488019 奖品已发完
2026/05/29 00:02:38.488019 奖品已发完
2026/05/29 00:02:38.488019 奖品已发完
2026/05/29 00:02:38.476863 奖品已发完
2026/05/29 00:02:38.488019 奖品已发完
2026/05/29 00:02:38.476863 奖品已发完
2026/05/29 00:02:38.476863 奖品已发完
2026/05/29 00:02:38.438543 奖品已发完
2026/05/29 00:02:38.476863 奖品已发完
2026/05/29 00:02:38.476863 奖品已发完
2026/05/29 00:02:38.476863 奖品已发完
2026/05/29 00:02:38.476863 奖品已发完
2026/05/29 00:02:38.476863 奖品已发完
2026/05/29 00:02:38.476863 奖品已发完
2026/05/29 00:02:38.476863 奖品已发完
2026/05/29 00:02:38.476863 奖品已发完
2026/05/29 00:02:38.476863 奖品已发完
2026/05/29 00:02:38.476863 奖品已发完
2026/05/29 00:02:38.476863 奖品已发完
2026/05/29 00:02:38.476863 奖品已发完
2026/05/29 00:02:38.476863 奖品已发完
2026/05/29 00:02:38.439082 奖品已发完
2026/05/29 00:02:38.476863 奖品已发完
2026/05/29 00:02:38.476863 奖品已发完
2026/05/29 00:02:38.476863 奖品已发完
2026/05/29 00:02:38.476863 奖品已发完
2026/05/29 00:02:38.476863 奖品已发完
2026/05/29 00:02:38.476863 奖品已发完
2026/05/29 00:02:38.476863 奖品已发完
2026/05/29 00:02:38.476863 奖品已发完
2026/05/29 00:02:38.476863 奖品已发完
2026/05/29 00:02:38.476863 奖品已发完
2026/05/29 00:02:38.476863 奖品已发完
2026/05/29 00:02:38.476863 奖品已发完
2026/05/29 00:02:38.476863 奖品已发完
2026/05/29 00:02:38.476863 奖品已发完
2026/05/29 00:02:38.476863 奖品已发完
2026/05/29 00:02:38.476863 奖品已发完
2026/05/29 00:02:38.476863 奖品已发完
2026/05/29 00:02:38.476863 奖品已发完
2026/05/29 00:02:38.476863 奖品已发完
2026/05/29 00:02:38.476863 奖品已发完
2026/05/29 00:02:38.476863 奖品已发完
2026/05/29 00:02:38.476863 奖品已发完
2026/05/29 00:02:38.476863 奖品已发完
2026/05/29 00:02:38.476863 奖品已发完
2026/05/29 00:02:38.476863 奖品已发完
2026/05/29 00:02:38.476863 奖品已发完
2026/05/29 00:02:38.476863 奖品已发完
2026/05/29 00:02:38.476863 奖品已发完
2026/05/29 00:02:38.476863 奖品已发完
2026/05/29 00:02:38.476863 奖品已发完
2026/05/29 00:02:38.476863 奖品已发完
2026/05/29 00:02:38.476863 奖品已发完
2026/05/29 00:02:38.476863 奖品已发完
2026/05/29 00:02:38.476863 奖品已发完
2026/05/29 00:02:38.476863 奖品已发完
2026/05/29 00:02:38.476863 奖品已发完
2026/05/29 00:02:38.476863 奖品已发完
2026/05/29 00:02:38.476863 奖品已发完
2026/05/29 00:02:38.476863 奖品已发完
2026/05/29 00:02:38.476863 奖品已发完
2026/05/29 00:02:38.476863 奖品已发完
2026/05/29 00:02:38.476863 奖品已发完
2026/05/29 00:02:38.476863 奖品已发完
2026/05/29 00:02:38.477418 奖品已发完
2026/05/29 00:02:38.477418 奖品已发完
2026/05/29 00:02:38.477418 奖品已发完
2026/05/29 00:02:38.477418 奖品已发完
2026/05/29 00:02:38.477418 奖品已发完
2026/05/29 00:02:38.477418 奖品已发完
2026/05/29 00:02:38.477418 奖品已发完
2026/05/29 00:02:38.477418 奖品已发完
2026/05/29 00:02:38.477418 奖品已发完
2026/05/29 00:02:38.477418 奖品已发完
2026/05/29 00:02:38.477418 奖品已发完
2026/05/29 00:02:38.477418 奖品已发完
2026/05/29 00:02:38.477418 奖品已发完
2026/05/29 00:02:38.477418 奖品已发完
2026/05/29 00:02:38.477418 奖品已发完
2026/05/29 00:02:38.477418 奖品已发完
2026/05/29 00:02:38.477418 奖品已发完
2026/05/29 00:02:38.477418 奖品已发完
2026/05/29 00:02:38.477418 奖品已发完
2026/05/29 00:02:38.477418 奖品已发完
2026/05/29 00:02:38.477418 奖品已发完
2026/05/29 00:02:38.477418 奖品已发完
2026/05/29 00:02:38.477418 奖品已发完
2026/05/29 00:02:38.477418 奖品已发完
2026/05/29 00:02:38.477418 奖品已发完
2026/05/29 00:02:38.477418 奖品已发完
2026/05/29 00:02:38.477418 奖品已发完
2026/05/29 00:02:38.477418 奖品已发完
2026/05/29 00:02:38.477418 奖品已发完
2026/05/29 00:02:38.477418 奖品已发完
2026/05/29 00:02:38.477418 奖品已发完
2026/05/29 00:02:38.477418 奖品已发完
2026/05/29 00:02:38.477418 奖品已发完
2026/05/29 00:02:38.477418 奖品已发完
2026/05/29 00:02:38.477418 奖品已发完
2026/05/29 00:02:38.477418 奖品已发完
2026/05/29 00:02:38.477418 奖品已发完
2026/05/29 00:02:38.477418 奖品已发完
2026/05/29 00:02:38.477418 奖品已发完
2026/05/29 00:02:38.477418 奖品已发完
2026/05/29 00:02:38.477418 奖品已发完
2026/05/29 00:02:38.477418 奖品已发完
2026/05/29 00:02:38.477418 奖品已发完
2026/05/29 00:02:38.477418 奖品已发完
2026/05/29 00:02:38.477418 奖品已发完
2026/05/29 00:02:38.477418 奖品已发完
2026/05/29 00:02:38.477418 奖品已发完
2026/05/29 00:02:38.477418 奖品已发完
2026/05/29 00:02:38.477418 奖品已发完
2026/05/29 00:02:38.477418 奖品已发完
2026/05/29 00:02:38.477418 奖品已发完
2026/05/29 00:02:38.477418 奖品已发完
2026/05/29 00:02:38.477418 奖品已发完
2026/05/29 00:02:38.477418 奖品已发完
2026/05/29 00:02:38.477418 奖品已发完
2026/05/29 00:02:38.477418 奖品已发完
2026/05/29 00:02:38.477418 奖品已发完
2026/05/29 00:02:38.477418 奖品已发完
2026/05/29 00:02:38.477418 奖品已发完
2026/05/29 00:02:38.477945 奖品已发完
2026/05/29 00:02:38.477945 奖品已发完
2026/05/29 00:02:38.477945 奖品已发完
2026/05/29 00:02:38.477945 奖品已发完
2026/05/29 00:02:38.477945 奖品已发完
2026/05/29 00:02:38.477945 奖品已发完
2026/05/29 00:02:38.477945 奖品已发完
2026/05/29 00:02:38.477945 奖品已发完
2026/05/29 00:02:38.477945 奖品已发完
2026/05/29 00:02:38.477945 奖品已发完
2026/05/29 00:02:38.477945 奖品已发完
2026/05/29 00:02:38.477945 奖品已发完
2026/05/29 00:02:38.477945 奖品已发完
2026/05/29 00:02:38.477945 奖品已发完
2026/05/29 00:02:38.477945 奖品已发完
2026/05/29 00:02:38.489079 奖品已发完
2026/05/29 00:02:38.489079 奖品已发完
2026/05/29 00:02:38.477945 奖品已发完
2026/05/29 00:02:38.489681 奖品已发完
2026/05/29 00:02:38.489681 奖品已发完
2026/05/29 00:02:38.489681 奖品已发完
2026/05/29 00:02:38.489681 奖品已发完
2026/05/29 00:02:38.489681 奖品已发完
2026/05/29 00:02:38.489681 奖品已发完
2026/05/29 00:02:38.477945 奖品已发完
2026/05/29 00:02:38.489681 奖品已发完
2026/05/29 00:02:38.477945 奖品已发完
2026/05/29 00:02:38.489681 奖品已发完
2026/05/29 00:02:38.489681 奖品已发完
2026/05/29 00:02:38.489681 奖品已发完
2026/05/29 00:02:38.489681 奖品已发完
2026/05/29 00:02:38.489681 奖品已发完
2026/05/29 00:02:38.477945 奖品已发完
2026/05/29 00:02:38.477945 奖品已发完
2026/05/29 00:02:38.477945 奖品已发完
2026/05/29 00:02:38.477945 奖品已发完
2026/05/29 00:02:38.477945 奖品已发完
2026/05/29 00:02:38.477945 奖品已发完
2026/05/29 00:02:38.477945 奖品已发完
2026/05/29 00:02:38.477945 奖品已发完
2026/05/29 00:02:38.477945 奖品已发完
2026/05/29 00:02:38.477945 奖品已发完
2026/05/29 00:02:38.477945 奖品已发完
2026/05/29 00:02:38.477945 奖品已发完
2026/05/29 00:02:38.440160 奖品已发完
2026/05/29 00:02:38.477945 奖品已发完
2026/05/29 00:02:38.477945 奖品已发完
2026/05/29 00:02:38.477945 奖品已发完
2026/05/29 00:02:38.477945 奖品已发完
2026/05/29 00:02:38.477945 奖品已发完
2026/05/29 00:02:38.477945 奖品已发完
2026/05/29 00:02:38.477945 奖品已发完
2026/05/29 00:02:38.477945 奖品已发完
2026/05/29 00:02:38.477945 奖品已发完
2026/05/29 00:02:38.477945 奖品已发完
2026/05/29 00:02:38.477945 奖品已发完
2026/05/29 00:02:38.477945 奖品已发完
2026/05/29 00:02:38.477945 奖品已发完
2026/05/29 00:02:38.477945 奖品已发完
2026/05/29 00:02:38.477945 奖品已发完
2026/05/29 00:02:38.477945 奖品已发完
2026/05/29 00:02:38.477945 奖品已发完
2026/05/29 00:02:38.477945 奖品已发完
2026/05/29 00:02:38.478462 奖品已发完
2026/05/29 00:02:38.478462 奖品已发完
2026/05/29 00:02:38.478462 奖品已发完
2026/05/29 00:02:38.478462 奖品已发完
2026/05/29 00:02:38.478462 奖品已发完
2026/05/29 00:02:38.478462 奖品已发完
2026/05/29 00:02:38.478462 奖品已发完
2026/05/29 00:02:38.478462 奖品已发完
2026/05/29 00:02:38.478462 奖品已发完
2026/05/29 00:02:38.478462 奖品已发完
2026/05/29 00:02:38.478462 奖品已发完
2026/05/29 00:02:38.478462 奖品已发完
2026/05/29 00:02:38.478462 奖品已发完
2026/05/29 00:02:38.478462 奖品已发完
2026/05/29 00:02:38.478462 奖品已发完
2026/05/29 00:02:38.478462 奖品已发完
2026/05/29 00:02:38.478462 奖品已发完
2026/05/29 00:02:38.478462 奖品已发完
2026/05/29 00:02:38.478462 奖品已发完
2026/05/29 00:02:38.478462 奖品已发完
2026/05/29 00:02:38.478462 奖品已发完
2026/05/29 00:02:38.478462 奖品已发完
2026/05/29 00:02:38.478462 奖品已发完
2026/05/29 00:02:38.478462 奖品已发完
2026/05/29 00:02:38.478462 奖品已发完
2026/05/29 00:02:38.478462 奖品已发完
2026/05/29 00:02:38.478462 奖品已发完
2026/05/29 00:02:38.478462 奖品已发完
2026/05/29 00:02:38.478462 奖品已发完
2026/05/29 00:02:38.478462 奖品已发完
2026/05/29 00:02:38.478462 奖品已发完
2026/05/29 00:02:38.478462 奖品已发完
2026/05/29 00:02:38.478462 奖品已发完
2026/05/29 00:02:38.478462 奖品已发完
2026/05/29 00:02:38.478462 奖品已发完
2026/05/29 00:02:38.478462 奖品已发完
2026/05/29 00:02:38.478462 奖品已发完
2026/05/29 00:02:38.478462 奖品已发完
2026/05/29 00:02:38.478462 奖品已发完
2026/05/29 00:02:38.478462 奖品已发完
2026/05/29 00:02:38.478462 奖品已发完
2026/05/29 00:02:38.478462 奖品已发完
2026/05/29 00:02:38.478996 奖品已发完
2026/05/29 00:02:38.478996 奖品已发完
2026/05/29 00:02:38.478996 奖品已发完
2026/05/29 00:02:38.478996 奖品已发完
2026/05/29 00:02:38.478996 奖品已发完
2026/05/29 00:02:38.478996 奖品已发完
2026/05/29 00:02:38.478996 奖品已发完
2026/05/29 00:02:38.478996 奖品已发完
2026/05/29 00:02:38.478996 奖品已发完
2026/05/29 00:02:38.478996 奖品已发完
2026/05/29 00:02:38.478996 奖品已发完
2026/05/29 00:02:38.478996 奖品已发完
2026/05/29 00:02:38.478996 奖品已发完
2026/05/29 00:02:38.478996 奖品已发完
2026/05/29 00:02:38.478996 奖品已发完
2026/05/29 00:02:38.478996 奖品已发完
2026/05/29 00:02:38.478996 奖品已发完
2026/05/29 00:02:38.490245 奖品已发完
2026/05/29 00:02:38.490245 奖品已发完
2026/05/29 00:02:38.490245 奖品已发完
2026/05/29 00:02:38.478996 奖品已发完
2026/05/29 00:02:38.478996 奖品已发完
2026/05/29 00:02:38.478996 奖品已发完
2026/05/29 00:02:38.478996 奖品已发完
2026/05/29 00:02:38.478996 奖品已发完
2026/05/29 00:02:38.478996 奖品已发完
2026/05/29 00:02:38.478996 奖品已发完
2026/05/29 00:02:38.478996 奖品已发完
2026/05/29 00:02:38.478996 奖品已发完
2026/05/29 00:02:38.478996 奖品已发完
2026/05/29 00:02:38.478996 奖品已发完
2026/05/29 00:02:38.478996 奖品已发完
2026/05/29 00:02:38.478996 奖品已发完
2026/05/29 00:02:38.478996 奖品已发完
2026/05/29 00:02:38.478996 奖品已发完
2026/05/29 00:02:38.478996 奖品已发完
2026/05/29 00:02:38.478996 奖品已发完
2026/05/29 00:02:38.478996 奖品已发完
2026/05/29 00:02:38.478996 奖品已发完
2026/05/29 00:02:38.478996 奖品已发完
2026/05/29 00:02:38.478996 奖品已发完
2026/05/29 00:02:38.478996 奖品已发完
2026/05/29 00:02:38.478996 奖品已发完
2026/05/29 00:02:38.478996 奖品已发完
2026/05/29 00:02:38.478996 奖品已发完
2026/05/29 00:02:38.478996 奖品已发完
2026/05/29 00:02:38.478996 奖品已发完
2026/05/29 00:02:38.478996 奖品已发完
2026/05/29 00:02:38.478996 奖品已发完
2026/05/29 00:02:38.478996 奖品已发完
2026/05/29 00:02:38.479553 奖品已发完
2026/05/29 00:02:38.479553 奖品已发完
2026/05/29 00:02:38.479553 奖品已发完
2026/05/29 00:02:38.479553 奖品已发完
2026/05/29 00:02:38.479553 奖品已发完
2026/05/29 00:02:38.479553 奖品已发完
2026/05/29 00:02:38.479553 奖品已发完
2026/05/29 00:02:38.479553 奖品已发完
2026/05/29 00:02:38.479553 奖品已发完
2026/05/29 00:02:38.479553 奖品已发完
2026/05/29 00:02:38.479553 奖品已发完
2026/05/29 00:02:38.479553 奖品已发完
2026/05/29 00:02:38.479553 奖品已发完
2026/05/29 00:02:38.479553 奖品已发完
2026/05/29 00:02:38.479553 奖品已发完
2026/05/29 00:02:38.479553 奖品已发完
2026/05/29 00:02:38.479553 奖品已发完
2026/05/29 00:02:38.479553 奖品已发完
2026/05/29 00:02:38.479553 奖品已发完
2026/05/29 00:02:38.479553 奖品已发完
2026/05/29 00:02:38.479553 奖品已发完
2026/05/29 00:02:38.479553 奖品已发完
2026/05/29 00:02:38.479553 奖品已发完
2026/05/29 00:02:38.479553 奖品已发完
2026/05/29 00:02:38.479553 奖品已发完
2026/05/29 00:02:38.479553 奖品已发完
2026/05/29 00:02:38.479553 奖品已发完
2026/05/29 00:02:38.490765 奖品已发完
2026/05/29 00:02:38.490765 奖品已发完
2026/05/29 00:02:38.479553 奖品已发完
2026/05/29 00:02:38.491291 奖品已发完
2026/05/29 00:02:38.491291 奖品已发完
2026/05/29 00:02:38.491291 奖品已发完
2026/05/29 00:02:38.491291 奖品已发完
2026/05/29 00:02:38.491291 奖品已发完
2026/05/29 00:02:38.491291 奖品已发完
2026/05/29 00:02:38.491291 奖品已发完
2026/05/29 00:02:38.491291 奖品已发完
2026/05/29 00:02:38.479553 奖品已发完
2026/05/29 00:02:38.479553 奖品已发完
2026/05/29 00:02:38.479553 奖品已发完
2026/05/29 00:02:38.479553 奖品已发完
2026/05/29 00:02:38.491291 奖品已发完
2026/05/29 00:02:38.491291 奖品已发完
2026/05/29 00:02:38.491291 奖品已发完
2026/05/29 00:02:38.491291 奖品已发完
2026/05/29 00:02:38.491291 奖品已发完
2026/05/29 00:02:38.491291 奖品已发完
2026/05/29 00:02:38.491291 奖品已发完
2026/05/29 00:02:38.491291 奖品已发完
2026/05/29 00:02:38.491291 奖品已发完
2026/05/29 00:02:38.491291 奖品已发完
2026/05/29 00:02:38.479553 奖品已发完
2026/05/29 00:02:38.479553 奖品已发完
2026/05/29 00:02:38.491291 奖品已发完
2026/05/29 00:02:38.491291 奖品已发完
2026/05/29 00:02:38.479553 奖品已发完
2026/05/29 00:02:38.480073 奖品已发完
2026/05/29 00:02:38.480073 奖品已发完
2026/05/29 00:02:38.480073 奖品已发完
2026/05/29 00:02:38.480073 奖品已发完
2026/05/29 00:02:38.480073 奖品已发完
2026/05/29 00:02:38.480073 奖品已发完
2026/05/29 00:02:38.480073 奖品已发完
2026/05/29 00:02:38.480073 奖品已发完
2026/05/29 00:02:38.480073 奖品已发完
2026/05/29 00:02:38.480073 奖品已发完
2026/05/29 00:02:38.480073 奖品已发完
2026/05/29 00:02:38.480073 奖品已发完
2026/05/29 00:02:38.469149 奖品已发完
2026/05/29 00:02:38.480073 奖品已发完
2026/05/29 00:02:38.480073 奖品已发完
2026/05/29 00:02:38.480073 奖品已发完
2026/05/29 00:02:38.480073 奖品已发完
2026/05/29 00:02:38.480073 奖品已发完
2026/05/29 00:02:38.480073 奖品已发完
2026/05/29 00:02:38.480073 奖品已发完
2026/05/29 00:02:38.480073 奖品已发完
2026/05/29 00:02:38.480073 奖品已发完
2026/05/29 00:02:38.480073 奖品已发完
2026/05/29 00:02:38.480073 奖品已发完
2026/05/29 00:02:38.480073 奖品已发完
2026/05/29 00:02:38.480073 奖品已发完
2026/05/29 00:02:38.480073 奖品已发完
2026/05/29 00:02:38.480073 奖品已发完
2026/05/29 00:02:38.480073 奖品已发完
2026/05/29 00:02:38.480073 奖品已发完
2026/05/29 00:02:38.480073 奖品已发完
2026/05/29 00:02:38.480073 奖品已发完
2026/05/29 00:02:38.480073 奖品已发完
2026/05/29 00:02:38.480073 奖品已发完
2026/05/29 00:02:38.480073 奖品已发完
2026/05/29 00:02:38.480073 奖品已发完
2026/05/29 00:02:38.480073 奖品已发完
2026/05/29 00:02:38.480073 奖品已发完
2026/05/29 00:02:38.480073 奖品已发完
2026/05/29 00:02:38.480073 奖品已发完
2026/05/29 00:02:38.480073 奖品已发完
2026/05/29 00:02:38.480073 奖品已发完
2026/05/29 00:02:38.480073 奖品已发完
2026/05/29 00:02:38.480073 奖品已发完
2026/05/29 00:02:38.480073 奖品已发完
2026/05/29 00:02:38.480073 奖品已发完
2026/05/29 00:02:38.480073 奖品已发完
2026/05/29 00:02:38.480073 奖品已发完
2026/05/29 00:02:38.480073 奖品已发完
2026/05/29 00:02:38.480073 奖品已发完
2026/05/29 00:02:38.480073 奖品已发完
2026/05/29 00:02:38.480073 奖品已发完
2026/05/29 00:02:38.480073 奖品已发完
2026/05/29 00:02:38.480073 奖品已发完
2026/05/29 00:02:38.480073 奖品已发完
2026/05/29 00:02:38.480598 奖品已发完
2026/05/29 00:02:38.480598 奖品已发完
2026/05/29 00:02:38.480598 奖品已发完
2026/05/29 00:02:38.480598 奖品已发完
2026/05/29 00:02:38.480598 奖品已发完
2026/05/29 00:02:38.480598 奖品已发完
2026/05/29 00:02:38.480598 奖品已发完
2026/05/29 00:02:38.480598 奖品已发完
2026/05/29 00:02:38.480598 奖品已发完
2026/05/29 00:02:38.480598 奖品已发完
2026/05/29 00:02:38.480598 奖品已发完
2026/05/29 00:02:38.480598 奖品已发完
2026/05/29 00:02:38.480598 奖品已发完
2026/05/29 00:02:38.480598 奖品已发完
2026/05/29 00:02:38.480598 奖品已发完
2026/05/29 00:02:38.480598 奖品已发完
2026/05/29 00:02:38.480598 奖品已发完
2026/05/29 00:02:38.480598 奖品已发完
2026/05/29 00:02:38.480598 奖品已发完
2026/05/29 00:02:38.480598 奖品已发完
2026/05/29 00:02:38.480598 奖品已发完
2026/05/29 00:02:38.480598 奖品已发完
2026/05/29 00:02:38.480598 奖品已发完
2026/05/29 00:02:38.480598 奖品已发完
2026/05/29 00:02:38.480598 奖品已发完
2026/05/29 00:02:38.480598 奖品已发完
2026/05/29 00:02:38.480598 奖品已发完
2026/05/29 00:02:38.480598 奖品已发完
2026/05/29 00:02:38.480598 奖品已发完
2026/05/29 00:02:38.480598 奖品已发完
2026/05/29 00:02:38.480598 奖品已发完
2026/05/29 00:02:38.480598 奖品已发完
2026/05/29 00:02:38.480598 奖品已发完
2026/05/29 00:02:38.480598 奖品已发完
2026/05/29 00:02:38.480598 奖品已发完
2026/05/29 00:02:38.480598 奖品已发完
2026/05/29 00:02:38.480598 奖品已发完
2026/05/29 00:02:38.480598 奖品已发完
2026/05/29 00:02:38.480598 奖品已发完
2026/05/29 00:02:38.480598 奖品已发完
2026/05/29 00:02:38.480598 奖品已发完
2026/05/29 00:02:38.480598 奖品已发完
2026/05/29 00:02:38.480598 奖品已发完
2026/05/29 00:02:38.480598 奖品已发完
2026/05/29 00:02:38.480598 奖品已发完
2026/05/29 00:02:38.480598 奖品已发完
2026/05/29 00:02:38.480598 奖品已发完
2026/05/29 00:02:38.480598 奖品已发完
2026/05/29 00:02:38.480598 奖品已发完
2026/05/29 00:02:38.480598 奖品已发完
2026/05/29 00:02:38.480598 奖品已发完
2026/05/29 00:02:38.480598 奖品已发完
2026/05/29 00:02:38.480598 奖品已发完
2026/05/29 00:02:38.480598 奖品已发完
2026/05/29 00:02:38.480598 奖品已发完
2026/05/29 00:02:38.480598 奖品已发完
2026/05/29 00:02:38.480598 奖品已发完
2026/05/29 00:02:38.480598 奖品已发完
2026/05/29 00:02:38.480598 奖品已发完
2026/05/29 00:02:38.480598 奖品已发完
2026/05/29 00:02:38.480598 奖品已发完
2026/05/29 00:02:38.481119 奖品已发完
2026/05/29 00:02:38.481119 奖品已发完
2026/05/29 00:02:38.481119 奖品已发完
2026/05/29 00:02:38.481119 奖品已发完
2026/05/29 00:02:38.481119 奖品已发完
2026/05/29 00:02:38.481119 奖品已发完
2026/05/29 00:02:38.481119 奖品已发完
2026/05/29 00:02:38.481119 奖品已发完
2026/05/29 00:02:38.492333 奖品已发完
2026/05/29 00:02:38.492333 奖品已发完
2026/05/29 00:02:38.492333 奖品已发完
2026/05/29 00:02:38.481119 奖品已发完
2026/05/29 00:02:38.481119 奖品已发完
2026/05/29 00:02:38.481119 奖品已发完
2026/05/29 00:02:38.481119 奖品已发完
2026/05/29 00:02:38.481119 奖品已发完
2026/05/29 00:02:38.481119 奖品已发完
2026/05/29 00:02:38.481119 奖品已发完
2026/05/29 00:02:38.481119 奖品已发完
2026/05/29 00:02:38.481119 奖品已发完
2026/05/29 00:02:38.481119 奖品已发完
2026/05/29 00:02:38.481119 奖品已发完
2026/05/29 00:02:38.481119 奖品已发完
2026/05/29 00:02:38.481119 奖品已发完
2026/05/29 00:02:38.481119 奖品已发完
2026/05/29 00:02:38.481119 奖品已发完
2026/05/29 00:02:38.481119 奖品已发完
2026/05/29 00:02:38.481119 奖品已发完
2026/05/29 00:02:38.481119 奖品已发完
2026/05/29 00:02:38.481119 奖品已发完
2026/05/29 00:02:38.481119 奖品已发完
2026/05/29 00:02:38.481119 奖品已发完
2026/05/29 00:02:38.481119 奖品已发完
2026/05/29 00:02:38.481119 奖品已发完
2026/05/29 00:02:38.481119 奖品已发完
2026/05/29 00:02:38.481119 奖品已发完
2026/05/29 00:02:38.481119 奖品已发完
2026/05/29 00:02:38.481119 奖品已发完
2026/05/29 00:02:38.481119 奖品已发完
2026/05/29 00:02:38.481119 奖品已发完
2026/05/29 00:02:38.481119 奖品已发完
2026/05/29 00:02:38.481119 奖品已发完
2026/05/29 00:02:38.481119 奖品已发完
2026/05/29 00:02:38.481119 奖品已发完
2026/05/29 00:02:38.481119 奖品已发完
2026/05/29 00:02:38.481119 奖品已发完
2026/05/29 00:02:38.434075 奖品已发完
2026/05/29 00:02:38.481119 奖品已发完
2026/05/29 00:02:38.481119 奖品已发完
2026/05/29 00:02:38.481119 奖品已发完
2026/05/29 00:02:38.481119 奖品已发完
2026/05/29 00:02:38.481119 奖品已发完
2026/05/29 00:02:38.481119 奖品已发完
2026/05/29 00:02:38.481119 奖品已发完
2026/05/29 00:02:38.481119 奖品已发完
2026/05/29 00:02:38.481119 奖品已发完
2026/05/29 00:02:38.481119 奖品已发完
2026/05/29 00:02:38.481119 奖品已发完
2026/05/29 00:02:38.481642 奖品已发完
2026/05/29 00:02:38.481642 奖品已发完
2026/05/29 00:02:38.481642 奖品已发完
2026/05/29 00:02:38.481642 奖品已发完
2026/05/29 00:02:38.481642 奖品已发完
2026/05/29 00:02:38.481642 奖品已发完
2026/05/29 00:02:38.481642 奖品已发完
2026/05/29 00:02:38.481642 奖品已发完
2026/05/29 00:02:38.481642 奖品已发完
2026/05/29 00:02:38.481642 奖品已发完
2026/05/29 00:02:38.481642 奖品已发完
2026/05/29 00:02:38.481642 奖品已发完
2026/05/29 00:02:38.481642 奖品已发完
2026/05/29 00:02:38.481642 奖品已发完
2026/05/29 00:02:38.481642 奖品已发完
2026/05/29 00:02:38.481642 奖品已发完
2026/05/29 00:02:38.481642 奖品已发完
2026/05/29 00:02:38.481642 奖品已发完
2026/05/29 00:02:38.481642 奖品已发完
2026/05/29 00:02:38.481642 奖品已发完
2026/05/29 00:02:38.481642 奖品已发完
2026/05/29 00:02:38.481642 奖品已发完
2026/05/29 00:02:38.481642 奖品已发完
2026/05/29 00:02:38.481642 奖品已发完
2026/05/29 00:02:38.481642 奖品已发完
2026/05/29 00:02:38.481642 奖品已发完
2026/05/29 00:02:38.481642 奖品已发完
2026/05/29 00:02:38.481642 奖品已发完
2026/05/29 00:02:38.481642 奖品已发完
2026/05/29 00:02:38.481642 奖品已发完
2026/05/29 00:02:38.481642 奖品已发完
2026/05/29 00:02:38.481642 奖品已发完
2026/05/29 00:02:38.481642 奖品已发完
2026/05/29 00:02:38.481642 奖品已发完
2026/05/29 00:02:38.481642 奖品已发完
2026/05/29 00:02:38.481642 奖品已发完
2026/05/29 00:02:38.481642 奖品已发完
2026/05/29 00:02:38.471284 奖品已发完
2026/05/29 00:02:38.481642 奖品已发完
2026/05/29 00:02:38.481642 奖品已发完
2026/05/29 00:02:38.481642 奖品已发完
2026/05/29 00:02:38.481642 奖品已发完
2026/05/29 00:02:38.482165 奖品已发完
2026/05/29 00:02:38.482165 奖品已发完
2026/05/29 00:02:38.493394 奖品已发完
2026/05/29 00:02:38.493394 奖品已发完
2026/05/29 00:02:38.493394 奖品已发完
2026/05/29 00:02:38.493394 奖品已发完
2026/05/29 00:02:38.482165 奖品已发完
2026/05/29 00:02:38.482165 奖品已发完
2026/05/29 00:02:38.482165 奖品已发完
2026/05/29 00:02:38.482165 奖品已发完
2026/05/29 00:02:38.482165 奖品已发完
2026/05/29 00:02:38.482165 奖品已发完
2026/05/29 00:02:38.482165 奖品已发完
2026/05/29 00:02:38.482165 奖品已发完
2026/05/29 00:02:38.482165 奖品已发完
2026/05/29 00:02:38.482165 奖品已发完
2026/05/29 00:02:38.471284 奖品已发完
2026/05/29 00:02:38.482165 奖品已发完
2026/05/29 00:02:38.482165 奖品已发完
2026/05/29 00:02:38.482165 奖品已发完
2026/05/29 00:02:38.482165 奖品已发完
2026/05/29 00:02:38.482165 奖品已发完
2026/05/29 00:02:38.482165 奖品已发完
2026/05/29 00:02:38.482165 奖品已发完
2026/05/29 00:02:38.482165 奖品已发完
2026/05/29 00:02:38.482165 奖品已发完
2026/05/29 00:02:38.482165 奖品已发完
2026/05/29 00:02:38.482165 奖品已发完
2026/05/29 00:02:38.482165 奖品已发完
2026/05/29 00:02:38.482165 奖品已发完
2026/05/29 00:02:38.482165 奖品已发完
2026/05/29 00:02:38.482165 奖品已发完
2026/05/29 00:02:38.482165 奖品已发完
2026/05/29 00:02:38.482165 奖品已发完
2026/05/29 00:02:38.482165 奖品已发完
2026/05/29 00:02:38.482165 奖品已发完
2026/05/29 00:02:38.482165 奖品已发完
2026/05/29 00:02:38.482165 奖品已发完
2026/05/29 00:02:38.482165 奖品已发完
2026/05/29 00:02:38.482165 奖品已发完
2026/05/29 00:02:38.482165 奖品已发完
2026/05/29 00:02:38.482165 奖品已发完
2026/05/29 00:02:38.482165 奖品已发完
2026/05/29 00:02:38.482165 奖品已发完
2026/05/29 00:02:38.482687 奖品已发完
2026/05/29 00:02:38.482687 奖品已发完
2026/05/29 00:02:38.482687 奖品已发完
2026/05/29 00:02:38.482687 奖品已发完
2026/05/29 00:02:38.482687 奖品已发完
2026/05/29 00:02:38.482687 奖品已发完
2026/05/29 00:02:38.482687 奖品已发完
2026/05/29 00:02:38.482687 奖品已发完
2026/05/29 00:02:38.482687 奖品已发完
2026/05/29 00:02:38.482687 奖品已发完
2026/05/29 00:02:38.482687 奖品已发完
2026/05/29 00:02:38.482687 奖品已发完
2026/05/29 00:02:38.482687 奖品已发完
2026/05/29 00:02:38.482687 奖品已发完
2026/05/29 00:02:38.482687 奖品已发完
2026/05/29 00:02:38.482687 奖品已发完
2026/05/29 00:02:38.482687 奖品已发完
2026/05/29 00:02:38.482687 奖品已发完
2026/05/29 00:02:38.482687 奖品已发完
2026/05/29 00:02:38.482687 奖品已发完
2026/05/29 00:02:38.482687 奖品已发完
2026/05/29 00:02:38.482687 奖品已发完
2026/05/29 00:02:38.482687 奖品已发完
2026/05/29 00:02:38.482687 奖品已发完
2026/05/29 00:02:38.482687 奖品已发完
2026/05/29 00:02:38.482687 奖品已发完
2026/05/29 00:02:38.482687 奖品已发完
2026/05/29 00:02:38.482687 奖品已发完
2026/05/29 00:02:38.482687 奖品已发完
2026/05/29 00:02:38.482687 奖品已发完
2026/05/29 00:02:38.482687 奖品已发完
2026/05/29 00:02:38.482687 奖品已发完
2026/05/29 00:02:38.482687 奖品已发完
2026/05/29 00:02:38.482687 奖品已发完
2026/05/29 00:02:38.482687 奖品已发完
2026/05/29 00:02:38.482687 奖品已发完
2026/05/29 00:02:38.482687 奖品已发完
2026/05/29 00:02:38.482687 奖品已发完
2026/05/29 00:02:38.482687 奖品已发完
2026/05/29 00:02:38.482687 奖品已发完
2026/05/29 00:02:38.482687 奖品已发完
2026/05/29 00:02:38.483211 奖品已发完
2026/05/29 00:02:38.483211 奖品已发完
2026/05/29 00:02:38.483211 奖品已发完
2026/05/29 00:02:38.483211 奖品已发完
2026/05/29 00:02:38.483211 奖品已发完
2026/05/29 00:02:38.483211 奖品已发完
2026/05/29 00:02:38.483211 奖品已发完
2026/05/29 00:02:38.483211 奖品已发完
2026/05/29 00:02:38.483211 奖品已发完
2026/05/29 00:02:38.483211 奖品已发完
2026/05/29 00:02:38.483211 奖品已发完
2026/05/29 00:02:38.483211 奖品已发完
2026/05/29 00:02:38.483211 奖品已发完
2026/05/29 00:02:38.483211 奖品已发完
2026/05/29 00:02:38.483211 奖品已发完
2026/05/29 00:02:38.483211 奖品已发完
2026/05/29 00:02:38.483211 奖品已发完
2026/05/29 00:02:38.483211 奖品已发完
2026/05/29 00:02:38.483211 奖品已发完
2026/05/29 00:02:38.483211 奖品已发完
2026/05/29 00:02:38.483211 奖品已发完
2026/05/29 00:02:38.483211 奖品已发完
2026/05/29 00:02:38.483211 奖品已发完
2026/05/29 00:02:38.483211 奖品已发完
2026/05/29 00:02:38.483211 奖品已发完
2026/05/29 00:02:38.483211 奖品已发完
2026/05/29 00:02:38.483211 奖品已发完
2026/05/29 00:02:38.483211 奖品已发完
2026/05/29 00:02:38.483211 奖品已发完
2026/05/29 00:02:38.483211 奖品已发完
2026/05/29 00:02:38.483211 奖品已发完
2026/05/29 00:02:38.483211 奖品已发完
2026/05/29 00:02:38.483211 奖品已发完
2026/05/29 00:02:38.483211 奖品已发完
2026/05/29 00:02:38.483211 奖品已发完
2026/05/29 00:02:38.483211 奖品已发完
2026/05/29 00:02:38.483211 奖品已发完
2026/05/29 00:02:38.483211 奖品已发完
2026/05/29 00:02:38.483211 奖品已发完
2026/05/29 00:02:38.483211 奖品已发完
2026/05/29 00:02:38.483211 奖品已发完
2026/05/29 00:02:38.483211 奖品已发完
2026/05/29 00:02:38.483211 奖品已发完
2026/05/29 00:02:38.483211 奖品已发完
2026/05/29 00:02:38.483211 奖品已发完
2026/05/29 00:02:38.483211 奖品已发完
2026/05/29 00:02:38.483741 奖品已发完
2026/05/29 00:02:38.483741 奖品已发完
2026/05/29 00:02:38.483741 奖品已发完
2026/05/29 00:02:38.483741 奖品已发完
2026/05/29 00:02:38.483741 奖品已发完
2026/05/29 00:02:38.483741 奖品已发完
2026/05/29 00:02:38.483741 奖品已发完
2026/05/29 00:02:38.483741 奖品已发完
2026/05/29 00:02:38.483741 奖品已发完
2026/05/29 00:02:38.483741 奖品已发完
2026/05/29 00:02:38.483741 奖品已发完
2026/05/29 00:02:38.483741 奖品已发完
2026/05/29 00:02:38.483741 奖品已发完
2026/05/29 00:02:38.483741 奖品已发完
2026/05/29 00:02:38.483741 奖品已发完
2026/05/29 00:02:38.483741 奖品已发完
2026/05/29 00:02:38.483741 奖品已发完
2026/05/29 00:02:38.483741 奖品已发完
2026/05/29 00:02:38.483741 奖品已发完
2026/05/29 00:02:38.483741 奖品已发完
2026/05/29 00:02:38.483741 奖品已发完
2026/05/29 00:02:38.483741 奖品已发完
2026/05/29 00:02:38.483741 奖品已发完
2026/05/29 00:02:38.483741 奖品已发完
2026/05/29 00:02:38.483741 奖品已发完
2026/05/29 00:02:38.472993 奖品已发完
2026/05/29 00:02:38.483741 奖品已发完
2026/05/29 00:02:38.483741 奖品已发完
2026/05/29 00:02:38.483741 奖品已发完
2026/05/29 00:02:38.483741 奖品已发完
2026/05/29 00:02:38.483741 奖品已发完
2026/05/29 00:02:38.483741 奖品已发完
2026/05/29 00:02:38.483741 奖品已发完
2026/05/29 00:02:38.483741 奖品已发完
2026/05/29 00:02:38.483741 奖品已发完
2026/05/29 00:02:38.483741 奖品已发完
2026/05/29 00:02:38.483741 奖品已发完
2026/05/29 00:02:38.484273 奖品已发完
2026/05/29 00:02:38.484273 奖品已发完
2026/05/29 00:02:38.484273 奖品已发完
2026/05/29 00:02:38.484273 奖品已发完
2026/05/29 00:02:38.484273 奖品已发完
2026/05/29 00:02:38.484273 奖品已发完
2026/05/29 00:02:38.484273 奖品已发完
2026/05/29 00:02:38.472993 奖品已发完
2026/05/29 00:02:38.484273 奖品已发完
2026/05/29 00:02:38.484273 奖品已发完
2026/05/29 00:02:38.472993 奖品已发完
2026/05/29 00:02:38.484273 奖品已发完
2026/05/29 00:02:38.484273 奖品已发完
2026/05/29 00:02:38.484273 奖品已发完
2026/05/29 00:02:38.484273 奖品已发完
2026/05/29 00:02:38.484273 奖品已发完
2026/05/29 00:02:38.484273 奖品已发完
2026/05/29 00:02:38.484273 奖品已发完
2026/05/29 00:02:38.484273 奖品已发完
2026/05/29 00:02:38.495088 奖品已发完
2026/05/29 00:02:38.495088 奖品已发完
2026/05/29 00:02:38.495088 奖品已发完
2026/05/29 00:02:38.484273 奖品已发完
2026/05/29 00:02:38.484273 奖品已发完
2026/05/29 00:02:38.484273 奖品已发完
2026/05/29 00:02:38.484273 奖品已发完
2026/05/29 00:02:38.484273 奖品已发完
2026/05/29 00:02:38.484273 奖品已发完
2026/05/29 00:02:38.484273 奖品已发完
2026/05/29 00:02:38.484273 奖品已发完
2026/05/29 00:02:38.484273 奖品已发完
2026/05/29 00:02:38.484273 奖品已发完
2026/05/29 00:02:38.484273 奖品已发完
2026/05/29 00:02:38.484273 奖品已发完
2026/05/29 00:02:38.484273 奖品已发完
2026/05/29 00:02:38.484273 奖品已发完
2026/05/29 00:02:38.484273 奖品已发完
2026/05/29 00:02:38.484273 奖品已发完
2026/05/29 00:02:38.484273 奖品已发完
2026/05/29 00:02:38.484273 奖品已发完
2026/05/29 00:02:38.484273 奖品已发完
2026/05/29 00:02:38.484273 奖品已发完
2026/05/29 00:02:38.484273 奖品已发完
2026/05/29 00:02:38.484273 奖品已发完
2026/05/29 00:02:38.484273 奖品已发完
2026/05/29 00:02:38.484273 奖品已发完
2026/05/29 00:02:38.484273 奖品已发完
2026/05/29 00:02:38.484833 奖品已发完
2026/05/29 00:02:38.484833 奖品已发完
2026/05/29 00:02:38.484833 奖品已发完
2026/05/29 00:02:38.484833 奖品已发完
2026/05/29 00:02:38.484833 奖品已发完
2026/05/29 00:02:38.484833 奖品已发完
2026/05/29 00:02:38.484833 奖品已发完
2026/05/29 00:02:38.484833 奖品已发完
2026/05/29 00:02:38.484833 奖品已发完
2026/05/29 00:02:38.484833 奖品已发完
2026/05/29 00:02:38.484833 奖品已发完
2026/05/29 00:02:38.484833 奖品已发完
2026/05/29 00:02:38.484833 奖品已发完
2026/05/29 00:02:38.484833 奖品已发完
2026/05/29 00:02:38.484833 奖品已发完
2026/05/29 00:02:38.484833 奖品已发完
2026/05/29 00:02:38.484833 奖品已发完
2026/05/29 00:02:38.484833 奖品已发完
2026/05/29 00:02:38.484833 奖品已发完
2026/05/29 00:02:38.484833 奖品已发完
2026/05/29 00:02:38.484833 奖品已发完
2026/05/29 00:02:38.484833 奖品已发完
2026/05/29 00:02:38.484833 奖品已发完
2026/05/29 00:02:38.484833 奖品已发完
2026/05/29 00:02:38.484833 奖品已发完
2026/05/29 00:02:38.484833 奖品已发完
2026/05/29 00:02:38.484833 奖品已发完
2026/05/29 00:02:38.484833 奖品已发完
2026/05/29 00:02:38.484833 奖品已发完
2026/05/29 00:02:38.484833 奖品已发完
2026/05/29 00:02:38.484833 奖品已发完
2026/05/29 00:02:38.484833 奖品已发完
2026/05/29 00:02:38.484833 奖品已发完
2026/05/29 00:02:38.484833 奖品已发完
2026/05/29 00:02:38.484833 奖品已发完
2026/05/29 00:02:38.484833 奖品已发完
2026/05/29 00:02:38.485358 奖品已发完
2026/05/29 00:02:38.485358 奖品已发完
2026/05/29 00:02:38.485358 奖品已发完
2026/05/29 00:02:38.485358 奖品已发完
2026/05/29 00:02:38.485358 奖品已发完
2026/05/29 00:02:38.485358 奖品已发完
2026/05/29 00:02:38.485358 奖品已发完
2026/05/29 00:02:38.485358 奖品已发完
2026/05/29 00:02:38.495625 奖品已发完
2026/05/29 00:02:38.495625 奖品已发完
2026/05/29 00:02:38.485358 奖品已发完
2026/05/29 00:02:38.485358 奖品已发完
2026/05/29 00:02:38.485358 奖品已发完
2026/05/29 00:02:38.474071 奖品已发完
2026/05/29 00:02:38.485358 奖品已发完
2026/05/29 00:02:38.485358 奖品已发完
2026/05/29 00:02:38.485358 奖品已发完
2026/05/29 00:02:38.485358 奖品已发完
2026/05/29 00:02:38.485358 奖品已发完
2026/05/29 00:02:38.485358 奖品已发完
2026/05/29 00:02:38.485358 奖品已发完
2026/05/29 00:02:38.485358 奖品已发完
2026/05/29 00:02:38.485358 奖品已发完
2026/05/29 00:02:38.485358 奖品已发完
2026/05/29 00:02:38.485358 奖品已发完
2026/05/29 00:02:38.485358 奖品已发完
2026/05/29 00:02:38.485358 奖品已发完
2026/05/29 00:02:38.485358 奖品已发完
2026/05/29 00:02:38.485358 奖品已发完
2026/05/29 00:02:38.485358 奖品已发完
2026/05/29 00:02:38.485358 奖品已发完
2026/05/29 00:02:38.485358 奖品已发完
2026/05/29 00:02:38.485358 奖品已发完
2026/05/29 00:02:38.485358 奖品已发完
2026/05/29 00:02:38.485358 奖品已发完
2026/05/29 00:02:38.485358 奖品已发完
2026/05/29 00:02:38.485358 奖品已发完
2026/05/29 00:02:38.485358 奖品已发完
2026/05/29 00:02:38.485358 奖品已发完
2026/05/29 00:02:38.485358 奖品已发完
2026/05/29 00:02:38.485886 奖品已发完
2026/05/29 00:02:38.485886 奖品已发完
2026/05/29 00:02:38.485886 奖品已发完
2026/05/29 00:02:38.485886 奖品已发完
2026/05/29 00:02:38.485886 奖品已发完
2026/05/29 00:02:38.485886 奖品已发完
2026/05/29 00:02:38.485886 奖品已发完
2026/05/29 00:02:38.485886 奖品已发完
2026/05/29 00:02:38.485886 奖品已发完
2026/05/29 00:02:38.485886 奖品已发完
2026/05/29 00:02:38.485886 奖品已发完
2026/05/29 00:02:38.485886 奖品已发完
2026/05/29 00:02:38.485886 奖品已发完
2026/05/29 00:02:38.485886 奖品已发完
2026/05/29 00:02:38.485886 奖品已发完
2026/05/29 00:02:38.485886 奖品已发完
2026/05/29 00:02:38.475234 奖品已发完
2026/05/29 00:02:38.485886 奖品已发完
2026/05/29 00:02:38.485886 奖品已发完
2026/05/29 00:02:38.485886 奖品已发完
2026/05/29 00:02:38.485886 奖品已发完
2026/05/29 00:02:38.485886 奖品已发完
2026/05/29 00:02:38.485886 奖品已发完
2026/05/29 00:02:38.485886 奖品已发完
2026/05/29 00:02:38.485886 奖品已发完
2026/05/29 00:02:38.485886 奖品已发完
2026/05/29 00:02:38.485886 奖品已发完
2026/05/29 00:02:38.485886 奖品已发完
2026/05/29 00:02:38.485886 奖品已发完
2026/05/29 00:02:38.485886 奖品已发完
2026/05/29 00:02:38.485886 奖品已发完
2026/05/29 00:02:38.485886 奖品已发完
2026/05/29 00:02:38.485886 奖品已发完
2026/05/29 00:02:38.485886 奖品已发完
2026/05/29 00:02:38.485886 奖品已发完
2026/05/29 00:02:38.485886 奖品已发完
2026/05/29 00:02:38.485886 奖品已发完
2026/05/29 00:02:38.485886 奖品已发完
2026/05/29 00:02:38.485886 奖品已发完
2026/05/29 00:02:38.485886 奖品已发完
2026/05/29 00:02:38.485886 奖品已发完
2026/05/29 00:02:38.485886 奖品已发完
2026/05/29 00:02:38.485886 奖品已发完
2026/05/29 00:02:38.485886 奖品已发完
2026/05/29 00:02:38.485886 奖品已发完
2026/05/29 00:02:38.485886 奖品已发完
2026/05/29 00:02:38.485886 奖品已发完
2026/05/29 00:02:38.485886 奖品已发完
2026/05/29 00:02:38.485886 奖品已发完
2026/05/29 00:02:38.485886 奖品已发完
2026/05/29 00:02:38.486407 奖品已发完
2026/05/29 00:02:38.486407 奖品已发完
2026/05/29 00:02:38.486407 奖品已发完
2026/05/29 00:02:38.486407 奖品已发完
2026/05/29 00:02:38.486407 奖品已发完
2026/05/29 00:02:38.486407 奖品已发完
2026/05/29 00:02:38.486407 奖品已发完
2026/05/29 00:02:38.486407 奖品已发完
2026/05/29 00:02:38.486407 奖品已发完
2026/05/29 00:02:38.486407 奖品已发完
2026/05/29 00:02:38.486407 奖品已发完
2026/05/29 00:02:38.486407 奖品已发完
2026/05/29 00:02:38.497206 奖品已发完
2026/05/29 00:02:38.497206 奖品已发完
2026/05/29 00:02:38.486407 奖品已发完
2026/05/29 00:02:38.497206 奖品已发完
2026/05/29 00:02:38.497206 奖品已发完
2026/05/29 00:02:38.497206 奖品已发完
2026/05/29 00:02:38.486407 奖品已发完
2026/05/29 00:02:38.486407 奖品已发完
2026/05/29 00:02:38.486407 奖品已发完
2026/05/29 00:02:38.486407 奖品已发完
2026/05/29 00:02:38.486407 奖品已发完
2026/05/29 00:02:38.486407 奖品已发完
2026/05/29 00:02:38.486407 奖品已发完
2026/05/29 00:02:38.486407 奖品已发完
2026/05/29 00:02:38.486407 奖品已发完
2026/05/29 00:02:38.486407 奖品已发完
2026/05/29 00:02:38.486407 奖品已发完
2026/05/29 00:02:38.486407 奖品已发完
2026/05/29 00:02:38.486407 奖品已发完
2026/05/29 00:02:38.486407 奖品已发完
2026/05/29 00:02:38.486407 奖品已发完
2026/05/29 00:02:38.486407 奖品已发完
2026/05/29 00:02:38.486407 奖品已发完
2026/05/29 00:02:38.486407 奖品已发完
2026/05/29 00:02:38.486407 奖品已发完
2026/05/29 00:02:38.486407 奖品已发完
2026/05/29 00:02:38.486407 奖品已发完
2026/05/29 00:02:38.486407 奖品已发完
2026/05/29 00:02:38.486407 奖品已发完
2026/05/29 00:02:38.486407 奖品已发完
2026/05/29 00:02:38.486407 奖品已发完
2026/05/29 00:02:38.497206 奖品已发完
2026/05/29 00:02:38.497206 奖品已发完
2026/05/29 00:02:38.486407 奖品已发完
2026/05/29 00:02:38.497710 奖品已发完
2026/05/29 00:02:38.497710 奖品已发完
2026/05/29 00:02:38.497710 奖品已发完
2026/05/29 00:02:38.497710 奖品已发完
2026/05/29 00:02:38.475773 奖品已发完
2026/05/29 00:02:38.486407 奖品已发完
2026/05/29 00:02:38.486407 奖品已发完
2026/05/29 00:02:38.486407 奖品已发完
2026/05/29 00:02:38.486407 奖品已发完
2026/05/29 00:02:38.486407 奖品已发完
2026/05/29 00:02:38.486407 奖品已发完
2026/05/29 00:02:38.486407 奖品已发完
2026/05/29 00:02:38.486407 奖品已发完
2026/05/29 00:02:38.486407 奖品已发完
2026/05/29 00:02:38.486407 奖品已发完
2026/05/29 00:02:38.486407 奖品已发完
2026/05/29 00:02:38.486407 奖品已发完
2026/05/29 00:02:38.486407 奖品已发完
2026/05/29 00:02:38.497710 奖品已发完
2026/05/29 00:02:38.497710 奖品已发完
2026/05/29 00:02:38.486407 奖品已发完
2026/05/29 00:02:38.497710 奖品已发完
2026/05/29 00:02:38.497710 奖品已发完
2026/05/29 00:02:38.497710 奖品已发完
2026/05/29 00:02:38.497710 奖品已发完
2026/05/29 00:02:38.497710 奖品已发完
2026/05/29 00:02:38.497710 奖品已发完
2026/05/29 00:02:38.486407 奖品已发完
2026/05/29 00:02:38.486407 奖品已发完
2026/05/29 00:02:38.486927 奖品已发完
2026/05/29 00:02:38.486927 奖品已发完
2026/05/29 00:02:38.475773 奖品已发完
2026/05/29 00:02:38.486927 奖品已发完
2026/05/29 00:02:38.486927 奖品已发完
2026/05/29 00:02:38.486927 奖品已发完
2026/05/29 00:02:38.486927 奖品已发完
2026/05/29 00:02:38.486927 奖品已发完
2026/05/29 00:02:38.486927 奖品已发完
2026/05/29 00:02:38.486927 奖品已发完
2026/05/29 00:02:38.486927 奖品已发完
2026/05/29 00:02:38.486927 奖品已发完
2026/05/29 00:02:38.486927 奖品已发完
2026/05/29 00:02:38.486927 奖品已发完
2026/05/29 00:02:38.486927 奖品已发完
2026/05/29 00:02:38.486927 奖品已发完
2026/05/29 00:02:38.486927 奖品已发完
2026/05/29 00:02:38.486927 奖品已发完
2026/05/29 00:02:38.486927 奖品已发完
2026/05/29 00:02:38.486927 奖品已发完
2026/05/29 00:02:38.486927 奖品已发完
2026/05/29 00:02:38.486927 奖品已发完
2026/05/29 00:02:38.486927 奖品已发完
2026/05/29 00:02:38.486927 奖品已发完
2026/05/29 00:02:38.486927 奖品已发完
2026/05/29 00:02:38.486927 奖品已发完
2026/05/29 00:02:38.486927 奖品已发完
2026/05/29 00:02:38.486927 奖品已发完
2026/05/29 00:02:38.486927 奖品已发完
2026/05/29 00:02:38.486927 奖品已发完
2026/05/29 00:02:38.486927 奖品已发完
2026/05/29 00:02:38.486927 奖品已发完
2026/05/29 00:02:38.486927 奖品已发完
2026/05/29 00:02:38.486927 奖品已发完
2026/05/29 00:02:38.486927 奖品已发完
2026/05/29 00:02:38.486927 奖品已发完
2026/05/29 00:02:38.486927 奖品已发完
2026/05/29 00:02:38.476308 奖品已发完
2026/05/29 00:02:38.487467 奖品已发完
2026/05/29 00:02:38.487467 奖品已发完
2026/05/29 00:02:38.487467 奖品已发完
2026/05/29 00:02:38.498228 奖品已发完
2026/05/29 00:02:38.498228 奖品已发完
2026/05/29 00:02:38.498228 奖品已发完
2026/05/29 00:02:38.498228 奖品已发完
2026/05/29 00:02:38.487467 奖品已发完
2026/05/29 00:02:38.487467 奖品已发完
2026/05/29 00:02:38.487467 奖品已发完
2026/05/29 00:02:38.487467 奖品已发完
2026/05/29 00:02:38.487467 奖品已发完
2026/05/29 00:02:38.487467 奖品已发完
2026/05/29 00:02:38.487467 奖品已发完
2026/05/29 00:02:38.487467 奖品已发完
2026/05/29 00:02:38.487467 奖品已发完
2026/05/29 00:02:38.498228 奖品已发完
2026/05/29 00:02:38.498228 奖品已发完
2026/05/29 00:02:38.498228 奖品已发完
2026/05/29 00:02:38.487467 奖品已发完
2026/05/29 00:02:38.487467 奖品已发完
2026/05/29 00:02:38.487467 奖品已发完
2026/05/29 00:02:38.487467 奖品已发完
2026/05/29 00:02:38.487467 奖品已发完
2026/05/29 00:02:38.487467 奖品已发完
2026/05/29 00:02:38.487467 奖品已发完
2026/05/29 00:02:38.487467 奖品已发完
2026/05/29 00:02:38.476863 奖品已发完
2026/05/29 00:02:38.487467 奖品已发完
2026/05/29 00:02:38.487467 奖品已发完
2026/05/29 00:02:38.487467 奖品已发完
2026/05/29 00:02:38.487467 奖品已发完
2026/05/29 00:02:38.487467 奖品已发完
2026/05/29 00:02:38.487467 奖品已发完
2026/05/29 00:02:38.487467 奖品已发完
2026/05/29 00:02:38.487467 奖品已发完
2026/05/29 00:02:38.487467 奖品已发完
2026/05/29 00:02:38.487467 奖品已发完
2026/05/29 00:02:38.487467 奖品已发完
2026/05/29 00:02:38.487467 奖品已发完
2026/05/29 00:02:38.487467 奖品已发完
2026/05/29 00:02:38.487467 奖品已发完
2026/05/29 00:02:38.487467 奖品已发完
2026/05/29 00:02:38.487467 奖品已发完
2026/05/29 00:02:38.487467 奖品已发完
2026/05/29 00:02:38.487467 奖品已发完
2026/05/29 00:02:38.487467 奖品已发完
2026/05/29 00:02:38.487467 奖品已发完
2026/05/29 00:02:38.487467 奖品已发完
2026/05/29 00:02:38.487467 奖品已发完
2026/05/29 00:02:38.487467 奖品已发完
2026/05/29 00:02:38.487467 奖品已发完
2026/05/29 00:02:38.487467 奖品已发完
2026/05/29 00:02:38.487467 奖品已发完
2026/05/29 00:02:38.487467 奖品已发完
2026/05/29 00:02:38.488019 奖品已发完
2026/05/29 00:02:38.488019 奖品已发完
2026/05/29 00:02:38.488019 奖品已发完
2026/05/29 00:02:38.488019 奖品已发完
2026/05/29 00:02:38.488019 奖品已发完
2026/05/29 00:02:38.488019 奖品已发完
2026/05/29 00:02:38.488019 奖品已发完
2026/05/29 00:02:38.488019 奖品已发完
2026/05/29 00:02:38.488019 奖品已发完
2026/05/29 00:02:38.488019 奖品已发完
2026/05/29 00:02:38.488019 奖品已发完
2026/05/29 00:02:38.488019 奖品已发完
2026/05/29 00:02:38.488019 奖品已发完
2026/05/29 00:02:38.488019 奖品已发完
2026/05/29 00:02:38.488019 奖品已发完
2026/05/29 00:02:38.488019 奖品已发完
2026/05/29 00:02:38.488019 奖品已发完
2026/05/29 00:02:38.488019 奖品已发完
2026/05/29 00:02:38.488019 奖品已发完
2026/05/29 00:02:38.488019 奖品已发完
2026/05/29 00:02:38.488019 奖品已发完
2026/05/29 00:02:38.488019 奖品已发完
2026/05/29 00:02:38.488019 奖品已发完
2026/05/29 00:02:38.488556 奖品已发完
2026/05/29 00:02:38.488556 奖品已发完
2026/05/29 00:02:38.488556 奖品已发完
2026/05/29 00:02:38.488556 奖品已发完
2026/05/29 00:02:38.488556 奖品已发完
2026/05/29 00:02:38.488556 奖品已发完
2026/05/29 00:02:38.488556 奖品已发完
2026/05/29 00:02:38.488556 奖品已发完
2026/05/29 00:02:38.488556 奖品已发完
2026/05/29 00:02:38.488556 奖品已发完
2026/05/29 00:02:38.488556 奖品已发完
2026/05/29 00:02:38.488556 奖品已发完
2026/05/29 00:02:38.488556 奖品已发完
2026/05/29 00:02:38.488556 奖品已发完
2026/05/29 00:02:38.488556 奖品已发完
2026/05/29 00:02:38.488556 奖品已发完
2026/05/29 00:02:38.488556 奖品已发完
2026/05/29 00:02:38.488556 奖品已发完
2026/05/29 00:02:38.488556 奖品已发完
2026/05/29 00:02:38.488556 奖品已发完
2026/05/29 00:02:38.488556 奖品已发完
2026/05/29 00:02:38.488556 奖品已发完
2026/05/29 00:02:38.488556 奖品已发完
2026/05/29 00:02:38.488556 奖品已发完
2026/05/29 00:02:38.488556 奖品已发完
2026/05/29 00:02:38.488556 奖品已发完
2026/05/29 00:02:38.488556 奖品已发完
2026/05/29 00:02:38.488556 奖品已发完
2026/05/29 00:02:38.488556 奖品已发完
2026/05/29 00:02:38.488556 奖品已发完
2026/05/29 00:02:38.488556 奖品已发完
2026/05/29 00:02:38.488556 奖品已发完
2026/05/29 00:02:38.488556 奖品已发完
2026/05/29 00:02:38.488556 奖品已发完
2026/05/29 00:02:38.488556 奖品已发完
2026/05/29 00:02:38.488556 奖品已发完
2026/05/29 00:02:38.488556 奖品已发完
2026/05/29 00:02:38.488556 奖品已发完
2026/05/29 00:02:38.488556 奖品已发完
2026/05/29 00:02:38.488556 奖品已发完
2026/05/29 00:02:38.488556 奖品已发完
2026/05/29 00:02:38.488556 奖品已发完
2026/05/29 00:02:38.488556 奖品已发完
2026/05/29 00:02:38.488556 奖品已发完
2026/05/29 00:02:38.488556 奖品已发完
2026/05/29 00:02:38.488556 奖品已发完
2026/05/29 00:02:38.498228 奖品已发完
2026/05/29 00:02:38.498228 奖品已发完
2026/05/29 00:02:38.498228 奖品已发完
2026/05/29 00:02:38.488556 奖品已发完
2026/05/29 00:02:38.488556 奖品已发完
2026/05/29 00:02:38.488556 奖品已发完
2026/05/29 00:02:38.488556 奖品已发完
2026/05/29 00:02:38.488556 奖品已发完
2026/05/29 00:02:38.488556 奖品已发完
2026/05/29 00:02:38.488556 奖品已发完
2026/05/29 00:02:38.489079 奖品已发完
2026/05/29 00:02:38.489079 奖品已发完
2026/05/29 00:02:38.489079 奖品已发完
2026/05/29 00:02:38.489079 奖品已发完
2026/05/29 00:02:38.489079 奖品已发完
2026/05/29 00:02:38.489079 奖品已发完
2026/05/29 00:02:38.489079 奖品已发完
2026/05/29 00:02:38.489079 奖品已发完
2026/05/29 00:02:38.489079 奖品已发完
2026/05/29 00:02:38.489079 奖品已发完
2026/05/29 00:02:38.489079 奖品已发完
2026/05/29 00:02:38.489079 奖品已发完
2026/05/29 00:02:38.489079 奖品已发完
2026/05/29 00:02:38.489079 奖品已发完
2026/05/29 00:02:38.489079 奖品已发完
2026/05/29 00:02:38.489079 奖品已发完
2026/05/29 00:02:38.489079 奖品已发完
2026/05/29 00:02:38.489079 奖品已发完
2026/05/29 00:02:38.489079 奖品已发完
2026/05/29 00:02:38.489079 奖品已发完
2026/05/29 00:02:38.489079 奖品已发完
2026/05/29 00:02:38.489079 奖品已发完
2026/05/29 00:02:38.489079 奖品已发完
2026/05/29 00:02:38.489079 奖品已发完
2026/05/29 00:02:38.489079 奖品已发完
2026/05/29 00:02:38.489079 奖品已发完
2026/05/29 00:02:38.489079 奖品已发完
2026/05/29 00:02:38.489079 奖品已发完
2026/05/29 00:02:38.489079 奖品已发完
2026/05/29 00:02:38.489079 奖品已发完
2026/05/29 00:02:38.489079 奖品已发完
2026/05/29 00:02:38.489079 奖品已发完
2026/05/29 00:02:38.489079 奖品已发完
2026/05/29 00:02:38.489079 奖品已发完
2026/05/29 00:02:38.489079 奖品已发完
2026/05/29 00:02:38.489079 奖品已发完
2026/05/29 00:02:38.489079 奖品已发完
2026/05/29 00:02:38.489079 奖品已发完
2026/05/29 00:02:38.489079 奖品已发完
2026/05/29 00:02:38.489079 奖品已发完
2026/05/29 00:02:38.489079 奖品已发完
2026/05/29 00:02:38.489079 奖品已发完
2026/05/29 00:02:38.489079 奖品已发完
2026/05/29 00:02:38.489079 奖品已发完
2026/05/29 00:02:38.489079 奖品已发完
2026/05/29 00:02:38.489079 奖品已发完
2026/05/29 00:02:38.489079 奖品已发完
2026/05/29 00:02:38.489079 奖品已发完
2026/05/29 00:02:38.489079 奖品已发完
2026/05/29 00:02:38.489079 奖品已发完
2026/05/29 00:02:38.489079 奖品已发完
2026/05/29 00:02:38.489079 奖品已发完
2026/05/29 00:02:38.489079 奖品已发完
2026/05/29 00:02:38.489079 奖品已发完
2026/05/29 00:02:38.489079 奖品已发完
2026/05/29 00:02:38.489079 奖品已发完
2026/05/29 00:02:38.477945 奖品已发完
2026/05/29 00:02:38.489079 奖品已发完
2026/05/29 00:02:38.489681 奖品已发完
2026/05/29 00:02:38.489681 奖品已发完
2026/05/29 00:02:38.489681 奖品已发完
2026/05/29 00:02:38.489681 奖品已发完
2026/05/29 00:02:38.489681 奖品已发完
2026/05/29 00:02:38.489681 奖品已发完
2026/05/29 00:02:38.489681 奖品已发完
2026/05/29 00:02:38.489681 奖品已发完
2026/05/29 00:02:38.489681 奖品已发完
2026/05/29 00:02:38.489681 奖品已发完
2026/05/29 00:02:38.489681 奖品已发完
2026/05/29 00:02:38.489681 奖品已发完
2026/05/29 00:02:38.489681 奖品已发完
2026/05/29 00:02:38.489681 奖品已发完
2026/05/29 00:02:38.489681 奖品已发完
2026/05/29 00:02:38.489681 奖品已发完
2026/05/29 00:02:38.489681 奖品已发完
2026/05/29 00:02:38.489681 奖品已发完
2026/05/29 00:02:38.489681 奖品已发完
2026/05/29 00:02:38.489681 奖品已发完
2026/05/29 00:02:38.489681 奖品已发完
2026/05/29 00:02:38.489681 奖品已发完
2026/05/29 00:02:38.489681 奖品已发完
2026/05/29 00:02:38.489681 奖品已发完
2026/05/29 00:02:38.489681 奖品已发完
2026/05/29 00:02:38.489681 奖品已发完
2026/05/29 00:02:38.489681 奖品已发完
2026/05/29 00:02:38.489681 奖品已发完
2026/05/29 00:02:38.489681 奖品已发完
2026/05/29 00:02:38.489681 奖品已发完
2026/05/29 00:02:38.489681 奖品已发完
2026/05/29 00:02:38.489681 奖品已发完
2026/05/29 00:02:38.499500 奖品已发完
2026/05/29 00:02:38.499500 奖品已发完
2026/05/29 00:02:38.489681 奖品已发完
2026/05/29 00:02:38.489681 奖品已发完
2026/05/29 00:02:38.489681 奖品已发完
2026/05/29 00:02:38.489681 奖品已发完
2026/05/29 00:02:38.489681 奖品已发完
2026/05/29 00:02:38.489681 奖品已发完
2026/05/29 00:02:38.489681 奖品已发完
2026/05/29 00:02:38.489681 奖品已发完
2026/05/29 00:02:38.489681 奖品已发完
2026/05/29 00:02:38.489681 奖品已发完
2026/05/29 00:02:38.489681 奖品已发完
2026/05/29 00:02:38.489681 奖品已发完
2026/05/29 00:02:38.489681 奖品已发完
2026/05/29 00:02:38.489681 奖品已发完
2026/05/29 00:02:38.489681 奖品已发完
2026/05/29 00:02:38.489681 奖品已发完
2026/05/29 00:02:38.489681 奖品已发完
2026/05/29 00:02:38.489681 奖品已发完
2026/05/29 00:02:38.489681 奖品已发完
2026/05/29 00:02:38.489681 奖品已发完
2026/05/29 00:02:38.489681 奖品已发完
2026/05/29 00:02:38.489681 奖品已发完
2026/05/29 00:02:38.490245 奖品已发完
2026/05/29 00:02:38.490245 奖品已发完
2026/05/29 00:02:38.490245 奖品已发完
2026/05/29 00:02:38.490245 奖品已发完
2026/05/29 00:02:38.490245 奖品已发完
2026/05/29 00:02:38.490245 奖品已发完
2026/05/29 00:02:38.490245 奖品已发完
2026/05/29 00:02:38.490245 奖品已发完
2026/05/29 00:02:38.490245 奖品已发完
2026/05/29 00:02:38.490245 奖品已发完
2026/05/29 00:02:38.490245 奖品已发完
2026/05/29 00:02:38.490245 奖品已发完
2026/05/29 00:02:38.490245 奖品已发完
2026/05/29 00:02:38.490245 奖品已发完
2026/05/29 00:02:38.490245 奖品已发完
2026/05/29 00:02:38.490245 奖品已发完
2026/05/29 00:02:38.490245 奖品已发完
2026/05/29 00:02:38.490245 奖品已发完
2026/05/29 00:02:38.490245 奖品已发完
2026/05/29 00:02:38.490245 奖品已发完
2026/05/29 00:02:38.490245 奖品已发完
2026/05/29 00:02:38.490245 奖品已发完
2026/05/29 00:02:38.490245 奖品已发完
2026/05/29 00:02:38.490245 奖品已发完
2026/05/29 00:02:38.490245 奖品已发完
2026/05/29 00:02:38.490245 奖品已发完
2026/05/29 00:02:38.490245 奖品已发完
2026/05/29 00:02:38.490245 奖品已发完
2026/05/29 00:02:38.490245 奖品已发完
2026/05/29 00:02:38.490245 奖品已发完
2026/05/29 00:02:38.490245 奖品已发完
2026/05/29 00:02:38.490245 奖品已发完
2026/05/29 00:02:38.490245 奖品已发完
2026/05/29 00:02:38.490245 奖品已发完
2026/05/29 00:02:38.490245 奖品已发完
2026/05/29 00:02:38.490245 奖品已发完
2026/05/29 00:02:38.490245 奖品已发完
2026/05/29 00:02:38.478996 奖品已发完
2026/05/29 00:02:38.490245 奖品已发完
2026/05/29 00:02:38.490245 奖品已发完
2026/05/29 00:02:38.490245 奖品已发完
2026/05/29 00:02:38.490245 奖品已发完
2026/05/29 00:02:38.490245 奖品已发完
2026/05/29 00:02:38.490245 奖品已发完
2026/05/29 00:02:38.490245 奖品已发完
2026/05/29 00:02:38.490245 奖品已发完
2026/05/29 00:02:38.490245 奖品已发完
2026/05/29 00:02:38.490245 奖品已发完
2026/05/29 00:02:38.490245 奖品已发完
2026/05/29 00:02:38.490245 奖品已发完
2026/05/29 00:02:38.490245 奖品已发完
2026/05/29 00:02:38.490245 奖品已发完
2026/05/29 00:02:38.490245 奖品已发完
2026/05/29 00:02:38.490765 奖品已发完
2026/05/29 00:02:38.490765 奖品已发完
2026/05/29 00:02:38.490765 奖品已发完
2026/05/29 00:02:38.490765 奖品已发完
2026/05/29 00:02:38.490765 奖品已发完
2026/05/29 00:02:38.490765 奖品已发完
2026/05/29 00:02:38.490765 奖品已发完
2026/05/29 00:02:38.490765 奖品已发完
2026/05/29 00:02:38.490765 奖品已发完
2026/05/29 00:02:38.490765 奖品已发完
2026/05/29 00:02:38.490765 奖品已发完
2026/05/29 00:02:38.490765 奖品已发完
2026/05/29 00:02:38.490765 奖品已发完
2026/05/29 00:02:38.490765 奖品已发完
2026/05/29 00:02:38.490765 奖品已发完
2026/05/29 00:02:38.490765 奖品已发完
2026/05/29 00:02:38.490765 奖品已发完
2026/05/29 00:02:38.490765 奖品已发完
2026/05/29 00:02:38.490765 奖品已发完
2026/05/29 00:02:38.490765 奖品已发完
2026/05/29 00:02:38.490765 奖品已发完
2026/05/29 00:02:38.490765 奖品已发完
2026/05/29 00:02:38.490765 奖品已发完
2026/05/29 00:02:38.490765 奖品已发完
2026/05/29 00:02:38.490765 奖品已发完
2026/05/29 00:02:38.490765 奖品已发完
2026/05/29 00:02:38.490765 奖品已发完
2026/05/29 00:02:38.490765 奖品已发完
2026/05/29 00:02:38.490765 奖品已发完
2026/05/29 00:02:38.490765 奖品已发完
2026/05/29 00:02:38.490765 奖品已发完
2026/05/29 00:02:38.490765 奖品已发完
2026/05/29 00:02:38.490765 奖品已发完
2026/05/29 00:02:38.490765 奖品已发完
2026/05/29 00:02:38.490765 奖品已发完
2026/05/29 00:02:38.490765 奖品已发完
2026/05/29 00:02:38.490765 奖品已发完
2026/05/29 00:02:38.490765 奖品已发完
2026/05/29 00:02:38.490765 奖品已发完
2026/05/29 00:02:38.490765 奖品已发完
2026/05/29 00:02:38.479553 奖品已发完
2026/05/29 00:02:38.490765 奖品已发完
2026/05/29 00:02:38.490765 奖品已发完
2026/05/29 00:02:38.490765 奖品已发完
2026/05/29 00:02:38.491291 奖品已发完
2026/05/29 00:02:38.491291 奖品已发完
2026/05/29 00:02:38.479553 奖品已发完
2026/05/29 00:02:38.491291 奖品已发完
2026/05/29 00:02:38.479553 奖品已发完
2026/05/29 00:02:38.491291 奖品已发完
2026/05/29 00:02:38.491291 奖品已发完
2026/05/29 00:02:38.491291 奖品已发完
2026/05/29 00:02:38.479553 奖品已发完
2026/05/29 00:02:38.491291 奖品已发完
2026/05/29 00:02:38.491291 奖品已发完
2026/05/29 00:02:38.491291 奖品已发完
2026/05/29 00:02:38.491291 奖品已发完
2026/05/29 00:02:38.491291 奖品已发完
2026/05/29 00:02:38.491291 奖品已发完
2026/05/29 00:02:38.491291 奖品已发完
2026/05/29 00:02:38.491291 奖品已发完
2026/05/29 00:02:38.491291 奖品已发完
2026/05/29 00:02:38.491291 奖品已发完
2026/05/29 00:02:38.491291 奖品已发完
2026/05/29 00:02:38.491291 奖品已发完
2026/05/29 00:02:38.491291 奖品已发完
2026/05/29 00:02:38.491291 奖品已发完
2026/05/29 00:02:38.491291 奖品已发完
2026/05/29 00:02:38.491291 奖品已发完
2026/05/29 00:02:38.491291 奖品已发完
2026/05/29 00:02:38.491291 奖品已发完
2026/05/29 00:02:38.491291 奖品已发完
2026/05/29 00:02:38.491291 奖品已发完
2026/05/29 00:02:38.491291 奖品已发完
2026/05/29 00:02:38.491812 奖品已发完
2026/05/29 00:02:38.491812 奖品已发完
2026/05/29 00:02:38.491812 奖品已发完
2026/05/29 00:02:38.491812 奖品已发完
2026/05/29 00:02:38.491812 奖品已发完
2026/05/29 00:02:38.491812 奖品已发完
2026/05/29 00:02:38.491812 奖品已发完
2026/05/29 00:02:38.491812 奖品已发完
2026/05/29 00:02:38.491812 奖品已发完
2026/05/29 00:02:38.491812 奖品已发完
2026/05/29 00:02:38.491812 奖品已发完
2026/05/29 00:02:38.491812 奖品已发完
2026/05/29 00:02:38.491812 奖品已发完
2026/05/29 00:02:38.491812 奖品已发完
2026/05/29 00:02:38.491812 奖品已发完
2026/05/29 00:02:38.491812 奖品已发完
2026/05/29 00:02:38.491812 奖品已发完
2026/05/29 00:02:38.491812 奖品已发完
2026/05/29 00:02:38.491812 奖品已发完
2026/05/29 00:02:38.491812 奖品已发完
2026/05/29 00:02:38.491812 奖品已发完
2026/05/29 00:02:38.491812 奖品已发完
2026/05/29 00:02:38.491812 奖品已发完
2026/05/29 00:02:38.491812 奖品已发完
2026/05/29 00:02:38.491812 奖品已发完
2026/05/29 00:02:38.491812 奖品已发完
2026/05/29 00:02:38.491812 奖品已发完
2026/05/29 00:02:38.491812 奖品已发完
2026/05/29 00:02:38.491812 奖品已发完
2026/05/29 00:02:38.491812 奖品已发完
2026/05/29 00:02:38.491812 奖品已发完
2026/05/29 00:02:38.491812 奖品已发完
2026/05/29 00:02:38.491812 奖品已发完
2026/05/29 00:02:38.491812 奖品已发完
2026/05/29 00:02:38.491812 奖品已发完
2026/05/29 00:02:38.491812 奖品已发完
2026/05/29 00:02:38.491812 奖品已发完
2026/05/29 00:02:38.491812 奖品已发完
2026/05/29 00:02:38.491812 奖品已发完
2026/05/29 00:02:38.491812 奖品已发完
2026/05/29 00:02:38.492333 奖品已发完
2026/05/29 00:02:38.492333 奖品已发完
2026/05/29 00:02:38.492333 奖品已发完
2026/05/29 00:02:38.492333 奖品已发完
2026/05/29 00:02:38.492333 奖品已发完
2026/05/29 00:02:38.492333 奖品已发完
2026/05/29 00:02:38.492333 奖品已发完
2026/05/29 00:02:38.492333 奖品已发完
2026/05/29 00:02:38.492333 奖品已发完
2026/05/29 00:02:38.492333 奖品已发完
2026/05/29 00:02:38.492333 奖品已发完
2026/05/29 00:02:38.492333 奖品已发完
2026/05/29 00:02:38.492333 奖品已发完
2026/05/29 00:02:38.492333 奖品已发完
2026/05/29 00:02:38.492333 奖品已发完
2026/05/29 00:02:38.492333 奖品已发完
2026/05/29 00:02:38.492333 奖品已发完
2026/05/29 00:02:38.492333 奖品已发完
2026/05/29 00:02:38.492333 奖品已发完
2026/05/29 00:02:38.492333 奖品已发完
2026/05/29 00:02:38.492333 奖品已发完
2026/05/29 00:02:38.492333 奖品已发完
2026/05/29 00:02:38.492333 奖品已发完
2026/05/29 00:02:38.492333 奖品已发完
2026/05/29 00:02:38.492333 奖品已发完
2026/05/29 00:02:38.492333 奖品已发完
2026/05/29 00:02:38.492333 奖品已发完
2026/05/29 00:02:38.492333 奖品已发完
2026/05/29 00:02:38.492333 奖品已发完
2026/05/29 00:02:38.492333 奖品已发完
2026/05/29 00:02:38.492333 奖品已发完
2026/05/29 00:02:38.492333 奖品已发完
2026/05/29 00:02:38.492333 奖品已发完
2026/05/29 00:02:38.492333 奖品已发完
2026/05/29 00:02:38.492333 奖品已发完
2026/05/29 00:02:38.492333 奖品已发完
2026/05/29 00:02:38.492333 奖品已发完
2026/05/29 00:02:38.492333 奖品已发完
2026/05/29 00:02:38.492333 奖品已发完
2026/05/29 00:02:38.492333 奖品已发完
2026/05/29 00:02:38.492333 奖品已发完
2026/05/29 00:02:38.492333 奖品已发完
2026/05/29 00:02:38.492333 奖品已发完
2026/05/29 00:02:38.492333 奖品已发完
2026/05/29 00:02:38.492333 奖品已发完
2026/05/29 00:02:38.502318 奖品已发完
2026/05/29 00:02:38.502318 奖品已发完
2026/05/29 00:02:38.502318 奖品已发完
2026/05/29 00:02:38.492333 奖品已发完
2026/05/29 00:02:38.492333 奖品已发完
2026/05/29 00:02:38.492333 奖品已发完
2026/05/29 00:02:38.492333 奖品已发完
2026/05/29 00:02:38.492333 奖品已发完
2026/05/29 00:02:38.492333 奖品已发完
2026/05/29 00:02:38.492333 奖品已发完
2026/05/29 00:02:38.492333 奖品已发完
2026/05/29 00:02:38.492333 奖品已发完
2026/05/29 00:02:38.492333 奖品已发完
2026/05/29 00:02:38.492333 奖品已发完
2026/05/29 00:02:38.492333 奖品已发完
2026/05/29 00:02:38.492333 奖品已发完
2026/05/29 00:02:38.492333 奖品已发完
2026/05/29 00:02:38.492333 奖品已发完
2026/05/29 00:02:38.492333 奖品已发完
2026/05/29 00:02:38.492333 奖品已发完
2026/05/29 00:02:38.492333 奖品已发完
2026/05/29 00:02:38.481119 奖品已发完
2026/05/29 00:02:38.492333 奖品已发完
2026/05/29 00:02:38.492333 奖品已发完
2026/05/29 00:02:38.492333 奖品已发完
2026/05/29 00:02:38.492333 奖品已发完
2026/05/29 00:02:38.492333 奖品已发完
2026/05/29 00:02:38.492333 奖品已发完
2026/05/29 00:02:38.492333 奖品已发完
2026/05/29 00:02:38.492333 奖品已发完
2026/05/29 00:02:38.492333 奖品已发完
2026/05/29 00:02:38.492333 奖品已发完
2026/05/29 00:02:38.492333 奖品已发完
2026/05/29 00:02:38.492333 奖品已发完
2026/05/29 00:02:38.492333 奖品已发完
2026/05/29 00:02:38.492333 奖品已发完
2026/05/29 00:02:38.492333 奖品已发完
2026/05/29 00:02:38.492333 奖品已发完
2026/05/29 00:02:38.492333 奖品已发完
2026/05/29 00:02:38.492333 奖品已发完
2026/05/29 00:02:38.492333 奖品已发完
2026/05/29 00:02:38.492333 奖品已发完
2026/05/29 00:02:38.492333 奖品已发完
2026/05/29 00:02:38.492333 奖品已发完
2026/05/29 00:02:38.492333 奖品已发完
2026/05/29 00:02:38.492333 奖品已发完
2026/05/29 00:02:38.492333 奖品已发完
2026/05/29 00:02:38.492333 奖品已发完
2026/05/29 00:02:38.492333 奖品已发完
2026/05/29 00:02:38.492333 奖品已发完
2026/05/29 00:02:38.492333 奖品已发完
2026/05/29 00:02:38.492333 奖品已发完
2026/05/29 00:02:38.492333 奖品已发完
2026/05/29 00:02:38.492333 奖品已发完
2026/05/29 00:02:38.493394 奖品已发完
2026/05/29 00:02:38.493394 奖品已发完
2026/05/29 00:02:38.493394 奖品已发完
2026/05/29 00:02:38.493394 奖品已发完
2026/05/29 00:02:38.493394 奖品已发完
2026/05/29 00:02:38.493394 奖品已发完
2026/05/29 00:02:38.493394 奖品已发完
2026/05/29 00:02:38.493394 奖品已发完
2026/05/29 00:02:38.493394 奖品已发完
2026/05/29 00:02:38.493394 奖品已发完
2026/05/29 00:02:38.493394 奖品已发完
2026/05/29 00:02:38.493394 奖品已发完
2026/05/29 00:02:38.493394 奖品已发完
2026/05/29 00:02:38.493394 奖品已发完
2026/05/29 00:02:38.493394 奖品已发完
2026/05/29 00:02:38.493394 奖品已发完
2026/05/29 00:02:38.493394 奖品已发完
2026/05/29 00:02:38.493394 奖品已发完
2026/05/29 00:02:38.493394 奖品已发完
2026/05/29 00:02:38.493394 奖品已发完
2026/05/29 00:02:38.493394 奖品已发完
2026/05/29 00:02:38.493394 奖品已发完
2026/05/29 00:02:38.493394 奖品已发完
2026/05/29 00:02:38.493394 奖品已发完
2026/05/29 00:02:38.493394 奖品已发完
2026/05/29 00:02:38.493394 奖品已发完
2026/05/29 00:02:38.493394 奖品已发完
2026/05/29 00:02:38.493394 奖品已发完
2026/05/29 00:02:38.493394 奖品已发完
2026/05/29 00:02:38.493394 奖品已发完
2026/05/29 00:02:38.493394 奖品已发完
2026/05/29 00:02:38.493394 奖品已发完
2026/05/29 00:02:38.493394 奖品已发完
2026/05/29 00:02:38.493394 奖品已发完
2026/05/29 00:02:38.493394 奖品已发完
2026/05/29 00:02:38.493394 奖品已发完
2026/05/29 00:02:38.493394 奖品已发完
2026/05/29 00:02:38.493394 奖品已发完
2026/05/29 00:02:38.493394 奖品已发完
2026/05/29 00:02:38.493394 奖品已发完
2026/05/29 00:02:38.493394 奖品已发完
2026/05/29 00:02:38.493394 奖品已发完
2026/05/29 00:02:38.493394 奖品已发完
2026/05/29 00:02:38.493394 奖品已发完
2026/05/29 00:02:38.493394 奖品已发完
2026/05/29 00:02:38.493394 奖品已发完
2026/05/29 00:02:38.493394 奖品已发完
2026/05/29 00:02:38.493394 奖品已发完
2026/05/29 00:02:38.493394 奖品已发完
2026/05/29 00:02:38.493394 奖品已发完
2026/05/29 00:02:38.493394 奖品已发完
2026/05/29 00:02:38.493394 奖品已发完
2026/05/29 00:02:38.493394 奖品已发完
2026/05/29 00:02:38.493394 奖品已发完
2026/05/29 00:02:38.493394 奖品已发完
2026/05/29 00:02:38.493394 奖品已发完
2026/05/29 00:02:38.493394 奖品已发完
2026/05/29 00:02:38.493394 奖品已发完
2026/05/29 00:02:38.493394 奖品已发完
2026/05/29 00:02:38.482165 奖品已发完
2026/05/29 00:02:38.493394 奖品已发完
2026/05/29 00:02:38.493394 奖品已发完
2026/05/29 00:02:38.493394 奖品已发完
2026/05/29 00:02:38.493394 奖品已发完
2026/05/29 00:02:38.493394 奖品已发完
2026/05/29 00:02:38.493394 奖品已发完
2026/05/29 00:02:38.493394 奖品已发完
2026/05/29 00:02:38.493394 奖品已发完
2026/05/29 00:02:38.493394 奖品已发完
2026/05/29 00:02:38.493394 奖品已发完
2026/05/29 00:02:38.493394 奖品已发完
2026/05/29 00:02:38.493394 奖品已发完
2026/05/29 00:02:38.493394 奖品已发完
2026/05/29 00:02:38.493394 奖品已发完
2026/05/29 00:02:38.493394 奖品已发完
2026/05/29 00:02:38.493394 奖品已发完
2026/05/29 00:02:38.493394 奖品已发完
2026/05/29 00:02:38.493394 奖品已发完
2026/05/29 00:02:38.493394 奖品已发完
2026/05/29 00:02:38.493394 奖品已发完
2026/05/29 00:02:38.493394 奖品已发完
2026/05/29 00:02:38.493394 奖品已发完
2026/05/29 00:02:38.494082 奖品已发完
2026/05/29 00:02:38.494082 奖品已发完
2026/05/29 00:02:38.494082 奖品已发完
2026/05/29 00:02:38.494082 奖品已发完
2026/05/29 00:02:38.494082 奖品已发完
2026/05/29 00:02:38.494082 奖品已发完
2026/05/29 00:02:38.494082 奖品已发完
2026/05/29 00:02:38.494082 奖品已发完
2026/05/29 00:02:38.494082 奖品已发完
2026/05/29 00:02:38.494082 奖品已发完
2026/05/29 00:02:38.494082 奖品已发完
2026/05/29 00:02:38.494082 奖品已发完
2026/05/29 00:02:38.494082 奖品已发完
2026/05/29 00:02:38.494082 奖品已发完
2026/05/29 00:02:38.494082 奖品已发完
2026/05/29 00:02:38.494082 奖品已发完
2026/05/29 00:02:38.494082 奖品已发完
2026/05/29 00:02:38.494082 奖品已发完
2026/05/29 00:02:38.494082 奖品已发完
2026/05/29 00:02:38.494082 奖品已发完
2026/05/29 00:02:38.494082 奖品已发完
2026/05/29 00:02:38.494082 奖品已发完
2026/05/29 00:02:38.494082 奖品已发完
2026/05/29 00:02:38.494082 奖品已发完
2026/05/29 00:02:38.494082 奖品已发完
2026/05/29 00:02:38.494082 奖品已发完
2026/05/29 00:02:38.494082 奖品已发完
2026/05/29 00:02:38.494082 奖品已发完
2026/05/29 00:02:38.494082 奖品已发完
2026/05/29 00:02:38.494082 奖品已发完
2026/05/29 00:02:38.494082 奖品已发完
2026/05/29 00:02:38.494082 奖品已发完
2026/05/29 00:02:38.494082 奖品已发完
2026/05/29 00:02:38.494082 奖品已发完
2026/05/29 00:02:38.504083 奖品已发完
2026/05/29 00:02:38.504083 奖品已发完
2026/05/29 00:02:38.504083 奖品已发完
2026/05/29 00:02:38.504083 奖品已发完
2026/05/29 00:02:38.504083 奖品已发完
2026/05/29 00:02:38.494082 奖品已发完
2026/05/29 00:02:38.494082 奖品已发完
2026/05/29 00:02:38.494082 奖品已发完
2026/05/29 00:02:38.494082 奖品已发完
2026/05/29 00:02:38.494082 奖品已发完
2026/05/29 00:02:38.494082 奖品已发完
2026/05/29 00:02:38.494082 奖品已发完
2026/05/29 00:02:38.494082 奖品已发完
2026/05/29 00:02:38.494082 奖品已发完
2026/05/29 00:02:38.494082 奖品已发完
2026/05/29 00:02:38.494082 奖品已发完
2026/05/29 00:02:38.494082 奖品已发完
2026/05/29 00:02:38.494082 奖品已发完
2026/05/29 00:02:38.494082 奖品已发完
2026/05/29 00:02:38.494082 奖品已发完
2026/05/29 00:02:38.494082 奖品已发完
2026/05/29 00:02:38.494082 奖品已发完
2026/05/29 00:02:38.494082 奖品已发完
2026/05/29 00:02:38.494082 奖品已发完
2026/05/29 00:02:38.494082 奖品已发完
2026/05/29 00:02:38.494082 奖品已发完
2026/05/29 00:02:38.494082 奖品已发完
2026/05/29 00:02:38.494082 奖品已发完
2026/05/29 00:02:38.494082 奖品已发完
2026/05/29 00:02:38.494082 奖品已发完
2026/05/29 00:02:38.494082 奖品已发完
2026/05/29 00:02:38.494082 奖品已发完
2026/05/29 00:02:38.494082 奖品已发完
2026/05/29 00:02:38.494082 奖品已发完
2026/05/29 00:02:38.494082 奖品已发完
2026/05/29 00:02:38.494082 奖品已发完
2026/05/29 00:02:38.494082 奖品已发完
2026/05/29 00:02:38.494082 奖品已发完
2026/05/29 00:02:38.494082 奖品已发完
2026/05/29 00:02:38.494082 奖品已发完
2026/05/29 00:02:38.494082 奖品已发完
2026/05/29 00:02:38.494082 奖品已发完
2026/05/29 00:02:38.494082 奖品已发完
2026/05/29 00:02:38.494082 奖品已发完
2026/05/29 00:02:38.494082 奖品已发完
2026/05/29 00:02:38.494082 奖品已发完
2026/05/29 00:02:38.494082 奖品已发完
2026/05/29 00:02:38.494082 奖品已发完
2026/05/29 00:02:38.494082 奖品已发完
2026/05/29 00:02:38.494082 奖品已发完
2026/05/29 00:02:38.494082 奖品已发完
2026/05/29 00:02:38.494082 奖品已发完
2026/05/29 00:02:38.494082 奖品已发完
2026/05/29 00:02:38.494082 奖品已发完
2026/05/29 00:02:38.494082 奖品已发完
2026/05/29 00:02:38.494082 奖品已发完
2026/05/29 00:02:38.494082 奖品已发完
2026/05/29 00:02:38.494082 奖品已发完
2026/05/29 00:02:38.494082 奖品已发完
2026/05/29 00:02:38.494082 奖品已发完
2026/05/29 00:02:38.494082 奖品已发完
2026/05/29 00:02:38.494082 奖品已发完
2026/05/29 00:02:38.494082 奖品已发完
2026/05/29 00:02:38.494082 奖品已发完
2026/05/29 00:02:38.494082 奖品已发完
2026/05/29 00:02:38.494082 奖品已发完
2026/05/29 00:02:38.494082 奖品已发完
2026/05/29 00:02:38.494082 奖品已发完
2026/05/29 00:02:38.494082 奖品已发完
2026/05/29 00:02:38.505099 奖品已发完
2026/05/29 00:02:38.505099 奖品已发完
2026/05/29 00:02:38.505099 奖品已发完
2026/05/29 00:02:38.494082 奖品已发完
2026/05/29 00:02:38.494082 奖品已发完
2026/05/29 00:02:38.494082 奖品已发完
2026/05/29 00:02:38.494082 奖品已发完
2026/05/29 00:02:38.494082 奖品已发完
2026/05/29 00:02:38.494082 奖品已发完
2026/05/29 00:02:38.494082 奖品已发完
2026/05/29 00:02:38.494082 奖品已发完
2026/05/29 00:02:38.494082 奖品已发完
2026/05/29 00:02:38.494082 奖品已发完
2026/05/29 00:02:38.494082 奖品已发完
2026/05/29 00:02:38.494082 奖品已发完
2026/05/29 00:02:38.494082 奖品已发完
2026/05/29 00:02:38.494082 奖品已发完
2026/05/29 00:02:38.494082 奖品已发完
2026/05/29 00:02:38.494082 奖品已发完
2026/05/29 00:02:38.494082 奖品已发完
2026/05/29 00:02:38.494082 奖品已发完
2026/05/29 00:02:38.494082 奖品已发完
2026/05/29 00:02:38.494082 奖品已发完
2026/05/29 00:02:38.494082 奖品已发完
2026/05/29 00:02:38.494082 奖品已发完
2026/05/29 00:02:38.494082 奖品已发完
2026/05/29 00:02:38.494082 奖品已发完
2026/05/29 00:02:38.494082 奖品已发完
2026/05/29 00:02:38.494082 奖品已发完
2026/05/29 00:02:38.494082 奖品已发完
2026/05/29 00:02:38.495088 奖品已发完
2026/05/29 00:02:38.495088 奖品已发完
2026/05/29 00:02:38.495088 奖品已发完
2026/05/29 00:02:38.495088 奖品已发完
2026/05/29 00:02:38.495088 奖品已发完
2026/05/29 00:02:38.495088 奖品已发完
2026/05/29 00:02:38.495088 奖品已发完
2026/05/29 00:02:38.495088 奖品已发完
2026/05/29 00:02:38.495088 奖品已发完
2026/05/29 00:02:38.495088 奖品已发完
2026/05/29 00:02:38.495088 奖品已发完
2026/05/29 00:02:38.495088 奖品已发完
2026/05/29 00:02:38.495088 奖品已发完
2026/05/29 00:02:38.495088 奖品已发完
2026/05/29 00:02:38.495088 奖品已发完
2026/05/29 00:02:38.495088 奖品已发完
2026/05/29 00:02:38.505099 奖品已发完
2026/05/29 00:02:38.505099 奖品已发完
2026/05/29 00:02:38.505099 奖品已发完
2026/05/29 00:02:38.505099 奖品已发完
2026/05/29 00:02:38.495088 奖品已发完
2026/05/29 00:02:38.495088 奖品已发完
2026/05/29 00:02:38.495088 奖品已发完
2026/05/29 00:02:38.495088 奖品已发完
2026/05/29 00:02:38.495088 奖品已发完
2026/05/29 00:02:38.495088 奖品已发完
2026/05/29 00:02:38.495088 奖品已发完
2026/05/29 00:02:38.495088 奖品已发完
2026/05/29 00:02:38.495088 奖品已发完
2026/05/29 00:02:38.495088 奖品已发完
2026/05/29 00:02:38.495088 奖品已发完
2026/05/29 00:02:38.495088 奖品已发完
2026/05/29 00:02:38.495088 奖品已发完
2026/05/29 00:02:38.484273 奖品已发完
2026/05/29 00:02:38.495088 奖品已发完
2026/05/29 00:02:38.495088 奖品已发完
2026/05/29 00:02:38.495088 奖品已发完
2026/05/29 00:02:38.495088 奖品已发完
2026/05/29 00:02:38.495088 奖品已发完
2026/05/29 00:02:38.495088 奖品已发完
2026/05/29 00:02:38.495088 奖品已发完
2026/05/29 00:02:38.495088 奖品已发完
2026/05/29 00:02:38.495088 奖品已发完
2026/05/29 00:02:38.495088 奖品已发完
2026/05/29 00:02:38.495088 奖品已发完
2026/05/29 00:02:38.495088 奖品已发完
2026/05/29 00:02:38.495088 奖品已发完
2026/05/29 00:02:38.495088 奖品已发完
2026/05/29 00:02:38.495088 奖品已发完
2026/05/29 00:02:38.495088 奖品已发完
2026/05/29 00:02:38.495088 奖品已发完
2026/05/29 00:02:38.495088 奖品已发完
2026/05/29 00:02:38.495088 奖品已发完
2026/05/29 00:02:38.495625 奖品已发完
2026/05/29 00:02:38.495625 奖品已发完
2026/05/29 00:02:38.495625 奖品已发完
2026/05/29 00:02:38.495625 奖品已发完
2026/05/29 00:02:38.495625 奖品已发完
2026/05/29 00:02:38.495625 奖品已发完
2026/05/29 00:02:38.495625 奖品已发完
2026/05/29 00:02:38.495625 奖品已发完
2026/05/29 00:02:38.495625 奖品已发完
2026/05/29 00:02:38.495625 奖品已发完
2026/05/29 00:02:38.495625 奖品已发完
2026/05/29 00:02:38.495625 奖品已发完
2026/05/29 00:02:38.495625 奖品已发完
2026/05/29 00:02:38.495625 奖品已发完
2026/05/29 00:02:38.495625 奖品已发完
2026/05/29 00:02:38.495625 奖品已发完
2026/05/29 00:02:38.495625 奖品已发完
2026/05/29 00:02:38.495625 奖品已发完
2026/05/29 00:02:38.495625 奖品已发完
2026/05/29 00:02:38.495625 奖品已发完
2026/05/29 00:02:38.495625 奖品已发完
2026/05/29 00:02:38.495625 奖品已发完
2026/05/29 00:02:38.495625 奖品已发完
2026/05/29 00:02:38.495625 奖品已发完
2026/05/29 00:02:38.495625 奖品已发完
2026/05/29 00:02:38.495625 奖品已发完
2026/05/29 00:02:38.495625 奖品已发完
2026/05/29 00:02:38.495625 奖品已发完
2026/05/29 00:02:38.505099 奖品已发完
2026/05/29 00:02:38.505099 奖品已发完
2026/05/29 00:02:38.495625 奖品已发完
2026/05/29 00:02:38.505099 奖品已发完
2026/05/29 00:02:38.505099 奖品已发完
2026/05/29 00:02:38.505099 奖品已发完
2026/05/29 00:02:38.495625 奖品已发完
2026/05/29 00:02:38.506291 奖品已发完
2026/05/29 00:02:38.506291 奖品已发完
2026/05/29 00:02:38.506291 奖品已发完
2026/05/29 00:02:38.506291 奖品已发完
2026/05/29 00:02:38.506291 奖品已发完
2026/05/29 00:02:38.506291 奖品已发完
2026/05/29 00:02:38.495625 奖品已发完
2026/05/29 00:02:38.506291 奖品已发完
2026/05/29 00:02:38.506291 奖品已发完
2026/05/29 00:02:38.506291 奖品已发完
2026/05/29 00:02:38.506291 奖品已发完
2026/05/29 00:02:38.506291 奖品已发完
2026/05/29 00:02:38.495625 奖品已发完
2026/05/29 00:02:38.495625 奖品已发完
2026/05/29 00:02:38.495625 奖品已发完
2026/05/29 00:02:38.495625 奖品已发完
2026/05/29 00:02:38.495625 奖品已发完
2026/05/29 00:02:38.495625 奖品已发完
2026/05/29 00:02:38.495625 奖品已发完
2026/05/29 00:02:38.495625 奖品已发完
2026/05/29 00:02:38.495625 奖品已发完
2026/05/29 00:02:38.495625 奖品已发完
2026/05/29 00:02:38.495625 奖品已发完
2026/05/29 00:02:38.495625 奖品已发完
2026/05/29 00:02:38.495625 奖品已发完
2026/05/29 00:02:38.495625 奖品已发完
2026/05/29 00:02:38.495625 奖品已发完
2026/05/29 00:02:38.495625 奖品已发完
2026/05/29 00:02:38.495625 奖品已发完
2026/05/29 00:02:38.495625 奖品已发完
2026/05/29 00:02:38.495625 奖品已发完
2026/05/29 00:02:38.485358 奖品已发完
2026/05/29 00:02:38.495625 奖品已发完
2026/05/29 00:02:38.495625 奖品已发完
2026/05/29 00:02:38.495625 奖品已发完
2026/05/29 00:02:38.495625 奖品已发完
2026/05/29 00:02:38.495625 奖品已发完
2026/05/29 00:02:38.495625 奖品已发完
2026/05/29 00:02:38.495625 奖品已发完
2026/05/29 00:02:38.495625 奖品已发完
2026/05/29 00:02:38.495625 奖品已发完
2026/05/29 00:02:38.495625 奖品已发完
2026/05/29 00:02:38.495625 奖品已发完
2026/05/29 00:02:38.495625 奖品已发完
2026/05/29 00:02:38.495625 奖品已发完
2026/05/29 00:02:38.495625 奖品已发完
2026/05/29 00:02:38.495625 奖品已发完
2026/05/29 00:02:38.495625 奖品已发完
2026/05/29 00:02:38.495625 奖品已发完
2026/05/29 00:02:38.495625 奖品已发完
2026/05/29 00:02:38.495625 奖品已发完
2026/05/29 00:02:38.495625 奖品已发完
2026/05/29 00:02:38.495625 奖品已发完
2026/05/29 00:02:38.496566 奖品已发完
2026/05/29 00:02:38.496566 奖品已发完
2026/05/29 00:02:38.496566 奖品已发完
2026/05/29 00:02:38.496566 奖品已发完
2026/05/29 00:02:38.496566 奖品已发完
2026/05/29 00:02:38.496566 奖品已发完
2026/05/29 00:02:38.496566 奖品已发完
2026/05/29 00:02:38.496566 奖品已发完
2026/05/29 00:02:38.496566 奖品已发完
2026/05/29 00:02:38.496566 奖品已发完
2026/05/29 00:02:38.496566 奖品已发完
2026/05/29 00:02:38.496566 奖品已发完
2026/05/29 00:02:38.496566 奖品已发完
2026/05/29 00:02:38.496566 奖品已发完
2026/05/29 00:02:38.496566 奖品已发完
2026/05/29 00:02:38.496566 奖品已发完
2026/05/29 00:02:38.496566 奖品已发完
2026/05/29 00:02:38.496566 奖品已发完
2026/05/29 00:02:38.496566 奖品已发完
2026/05/29 00:02:38.496566 奖品已发完
2026/05/29 00:02:38.496566 奖品已发完
2026/05/29 00:02:38.496566 奖品已发完
2026/05/29 00:02:38.496566 奖品已发完
2026/05/29 00:02:38.496566 奖品已发完
2026/05/29 00:02:38.496566 奖品已发完
2026/05/29 00:02:38.496566 奖品已发完
2026/05/29 00:02:38.496566 奖品已发完
2026/05/29 00:02:38.496566 奖品已发完
2026/05/29 00:02:38.496566 奖品已发完
2026/05/29 00:02:38.496566 奖品已发完
2026/05/29 00:02:38.496566 奖品已发完
2026/05/29 00:02:38.496566 奖品已发完
2026/05/29 00:02:38.496566 奖品已发完
2026/05/29 00:02:38.496566 奖品已发完
2026/05/29 00:02:38.496566 奖品已发完
2026/05/29 00:02:38.496566 奖品已发完
2026/05/29 00:02:38.496566 奖品已发完
2026/05/29 00:02:38.496566 奖品已发完
2026/05/29 00:02:38.496566 奖品已发完
2026/05/29 00:02:38.496566 奖品已发完
2026/05/29 00:02:38.496566 奖品已发完
2026/05/29 00:02:38.496566 奖品已发完
2026/05/29 00:02:38.496566 奖品已发完
2026/05/29 00:02:38.497206 奖品已发完
2026/05/29 00:02:38.497206 奖品已发完
2026/05/29 00:02:38.497206 奖品已发完
2026/05/29 00:02:38.497206 奖品已发完
2026/05/29 00:02:38.497206 奖品已发完
2026/05/29 00:02:38.497206 奖品已发完
2026/05/29 00:02:38.497206 奖品已发完
2026/05/29 00:02:38.497206 奖品已发完
2026/05/29 00:02:38.497206 奖品已发完
2026/05/29 00:02:38.497206 奖品已发完
2026/05/29 00:02:38.497206 奖品已发完
2026/05/29 00:02:38.497206 奖品已发完
2026/05/29 00:02:38.497206 奖品已发完
2026/05/29 00:02:38.497206 奖品已发完
2026/05/29 00:02:38.497206 奖品已发完
2026/05/29 00:02:38.497206 奖品已发完
2026/05/29 00:02:38.506291 奖品已发完
2026/05/29 00:02:38.506291 奖品已发完
2026/05/29 00:02:38.506291 奖品已发完
2026/05/29 00:02:38.497206 奖品已发完
2026/05/29 00:02:38.497206 奖品已发完
2026/05/29 00:02:38.506291 奖品已发完
2026/05/29 00:02:38.506291 奖品已发完
2026/05/29 00:02:38.506291 奖品已发完
2026/05/29 00:02:38.506291 奖品已发完
2026/05/29 00:02:38.497206 奖品已发完
2026/05/29 00:02:38.497206 奖品已发完
2026/05/29 00:02:38.497206 奖品已发完
2026/05/29 00:02:38.497206 奖品已发完
2026/05/29 00:02:38.497206 奖品已发完
2026/05/29 00:02:38.497206 奖品已发完
2026/05/29 00:02:38.497206 奖品已发完
2026/05/29 00:02:38.497206 奖品已发完
2026/05/29 00:02:38.486407 奖品已发完
2026/05/29 00:02:38.497206 奖品已发完
2026/05/29 00:02:38.497206 奖品已发完
2026/05/29 00:02:38.497206 奖品已发完
2026/05/29 00:02:38.497206 奖品已发完
2026/05/29 00:02:38.497206 奖品已发完
2026/05/29 00:02:38.497206 奖品已发完
2026/05/29 00:02:38.497206 奖品已发完
2026/05/29 00:02:38.497206 奖品已发完
2026/05/29 00:02:38.497206 奖品已发完
2026/05/29 00:02:38.497206 奖品已发完
2026/05/29 00:02:38.497206 奖品已发完
2026/05/29 00:02:38.497206 奖品已发完
2026/05/29 00:02:38.497206 奖品已发完
2026/05/29 00:02:38.497206 奖品已发完
2026/05/29 00:02:38.497206 奖品已发完
2026/05/29 00:02:38.497206 奖品已发完
2026/05/29 00:02:38.507394 奖品已发完
2026/05/29 00:02:38.507394 奖品已发完
2026/05/29 00:02:38.497206 奖品已发完
2026/05/29 00:02:38.507394 奖品已发完
2026/05/29 00:02:38.507394 奖品已发完
2026/05/29 00:02:38.497206 奖品已发完
2026/05/29 00:02:38.507394 奖品已发完
2026/05/29 00:02:38.497206 奖品已发完
2026/05/29 00:02:38.507394 奖品已发完
2026/05/29 00:02:38.507394 奖品已发完
2026/05/29 00:02:38.507394 奖品已发完
2026/05/29 00:02:38.497206 奖品已发完
2026/05/29 00:02:38.497206 奖品已发完
2026/05/29 00:02:38.497206 奖品已发完
2026/05/29 00:02:38.497206 奖品已发完
2026/05/29 00:02:38.497206 奖品已发完
2026/05/29 00:02:38.497206 奖品已发完
2026/05/29 00:02:38.486407 奖品已发完
2026/05/29 00:02:38.497206 奖品已发完
2026/05/29 00:02:38.497710 奖品已发完
2026/05/29 00:02:38.497710 奖品已发完
2026/05/29 00:02:38.497710 奖品已发完
2026/05/29 00:02:38.497710 奖品已发完
2026/05/29 00:02:38.497710 奖品已发完
2026/05/29 00:02:38.497710 奖品已发完
2026/05/29 00:02:38.497710 奖品已发完
2026/05/29 00:02:38.497710 奖品已发完
2026/05/29 00:02:38.497710 奖品已发完
2026/05/29 00:02:38.497710 奖品已发完
2026/05/29 00:02:38.497710 奖品已发完
2026/05/29 00:02:38.497710 奖品已发完
2026/05/29 00:02:38.497710 奖品已发完
2026/05/29 00:02:38.497710 奖品已发完
2026/05/29 00:02:38.497710 奖品已发完
2026/05/29 00:02:38.486407 奖品已发完
2026/05/29 00:02:38.497710 奖品已发完
2026/05/29 00:02:38.497710 奖品已发完
2026/05/29 00:02:38.497710 奖品已发完
2026/05/29 00:02:38.497710 奖品已发完
2026/05/29 00:02:38.497710 奖品已发完
2026/05/29 00:02:38.497710 奖品已发完
2026/05/29 00:02:38.497710 奖品已发完
2026/05/29 00:02:38.497710 奖品已发完
2026/05/29 00:02:38.497710 奖品已发完
2026/05/29 00:02:38.497710 奖品已发完
2026/05/29 00:02:38.497710 奖品已发完
2026/05/29 00:02:38.497710 奖品已发完
2026/05/29 00:02:38.497710 奖品已发完
2026/05/29 00:02:38.497710 奖品已发完
2026/05/29 00:02:38.497710 奖品已发完
2026/05/29 00:02:38.497710 奖品已发完
2026/05/29 00:02:38.497710 奖品已发完
2026/05/29 00:02:38.497710 奖品已发完
2026/05/29 00:02:38.497710 奖品已发完
2026/05/29 00:02:38.497710 奖品已发完
2026/05/29 00:02:38.497710 奖品已发完
2026/05/29 00:02:38.497710 奖品已发完
2026/05/29 00:02:38.497710 奖品已发完
2026/05/29 00:02:38.497710 奖品已发完
2026/05/29 00:02:38.497710 奖品已发完
2026/05/29 00:02:38.497710 奖品已发完
2026/05/29 00:02:38.497710 奖品已发完
2026/05/29 00:02:38.497710 奖品已发完
2026/05/29 00:02:38.497710 奖品已发完
2026/05/29 00:02:38.497710 奖品已发完
2026/05/29 00:02:38.497710 奖品已发完
2026/05/29 00:02:38.497710 奖品已发完
2026/05/29 00:02:38.507394 奖品已发完
2026/05/29 00:02:38.507394 奖品已发完
2026/05/29 00:02:38.507394 奖品已发完
2026/05/29 00:02:38.507394 奖品已发完
2026/05/29 00:02:38.497710 奖品已发完
2026/05/29 00:02:38.497710 奖品已发完
2026/05/29 00:02:38.497710 奖品已发完
2026/05/29 00:02:38.497710 奖品已发完
2026/05/29 00:02:38.497710 奖品已发完
2026/05/29 00:02:38.497710 奖品已发完
2026/05/29 00:02:38.497710 奖品已发完
2026/05/29 00:02:38.497710 奖品已发完
2026/05/29 00:02:38.498228 奖品已发完
2026/05/29 00:02:38.498228 奖品已发完
2026/05/29 00:02:38.498228 奖品已发完
2026/05/29 00:02:38.487467 奖品已发完
2026/05/29 00:02:38.498228 奖品已发完
2026/05/29 00:02:38.498228 奖品已发完
2026/05/29 00:02:38.498228 奖品已发完
2026/05/29 00:02:38.498228 奖品已发完
2026/05/29 00:02:38.498228 奖品已发完
2026/05/29 00:02:38.498228 奖品已发完
2026/05/29 00:02:38.498228 奖品已发完
2026/05/29 00:02:38.498228 奖品已发完
2026/05/29 00:02:38.498228 奖品已发完
2026/05/29 00:02:38.487467 奖品已发完
2026/05/29 00:02:38.498228 奖品已发完
2026/05/29 00:02:38.498228 奖品已发完
2026/05/29 00:02:38.498228 奖品已发完
2026/05/29 00:02:38.498228 奖品已发完
2026/05/29 00:02:38.498228 奖品已发完
2026/05/29 00:02:38.498228 奖品已发完
2026/05/29 00:02:38.498228 奖品已发完
2026/05/29 00:02:38.498228 奖品已发完
2026/05/29 00:02:38.507394 奖品已发完
2026/05/29 00:02:38.507394 奖品已发完
2026/05/29 00:02:38.498228 奖品已发完
2026/05/29 00:02:38.498228 奖品已发完
2026/05/29 00:02:38.498228 奖品已发完
2026/05/29 00:02:38.498228 奖品已发完
2026/05/29 00:02:38.498228 奖品已发完
2026/05/29 00:02:38.498228 奖品已发完
2026/05/29 00:02:38.498228 奖品已发完
2026/05/29 00:02:38.498228 奖品已发完
2026/05/29 00:02:38.498228 奖品已发完
2026/05/29 00:02:38.498228 奖品已发完
2026/05/29 00:02:38.498228 奖品已发完
2026/05/29 00:02:38.498228 奖品已发完
2026/05/29 00:02:38.498228 奖品已发完
2026/05/29 00:02:38.498228 奖品已发完
2026/05/29 00:02:38.498228 奖品已发完
2026/05/29 00:02:38.498228 奖品已发完
2026/05/29 00:02:38.498228 奖品已发完
2026/05/29 00:02:38.498228 奖品已发完
2026/05/29 00:02:38.498228 奖品已发完
2026/05/29 00:02:38.498228 奖品已发完
2026/05/29 00:02:38.498228 奖品已发完
2026/05/29 00:02:38.498228 奖品已发完
2026/05/29 00:02:38.498228 奖品已发完
2026/05/29 00:02:38.498228 奖品已发完
2026/05/29 00:02:38.498228 奖品已发完
2026/05/29 00:02:38.498228 奖品已发完
2026/05/29 00:02:38.498228 奖品已发完
2026/05/29 00:02:38.498228 奖品已发完
2026/05/29 00:02:38.498228 奖品已发完
2026/05/29 00:02:38.498228 奖品已发完
2026/05/29 00:02:38.498228 奖品已发完
2026/05/29 00:02:38.498228 奖品已发完
2026/05/29 00:02:38.498228 奖品已发完
2026/05/29 00:02:38.498228 奖品已发完
2026/05/29 00:02:38.498228 奖品已发完
2026/05/29 00:02:38.498228 奖品已发完
2026/05/29 00:02:38.498228 奖品已发完
2026/05/29 00:02:38.498228 奖品已发完
2026/05/29 00:02:38.498228 奖品已发完
2026/05/29 00:02:38.498228 奖品已发完
2026/05/29 00:02:38.498228 奖品已发完
2026/05/29 00:02:38.498228 奖品已发完
2026/05/29 00:02:38.498228 奖品已发完
2026/05/29 00:02:38.498228 奖品已发完
2026/05/29 00:02:38.498228 奖品已发完
2026/05/29 00:02:38.498228 奖品已发完
2026/05/29 00:02:38.498228 奖品已发完
2026/05/29 00:02:38.498228 奖品已发完
2026/05/29 00:02:38.498228 奖品已发完
2026/05/29 00:02:38.498228 奖品已发完
2026/05/29 00:02:38.498228 奖品已发完
2026/05/29 00:02:38.498228 奖品已发完
2026/05/29 00:02:38.498228 奖品已发完
2026/05/29 00:02:38.498228 奖品已发完
2026/05/29 00:02:38.498228 奖品已发完
2026/05/29 00:02:38.498228 奖品已发完
2026/05/29 00:02:38.498228 奖品已发完
2026/05/29 00:02:38.498228 奖品已发完
2026/05/29 00:02:38.498228 奖品已发完
2026/05/29 00:02:38.498228 奖品已发完
2026/05/29 00:02:38.498228 奖品已发完
2026/05/29 00:02:38.498228 奖品已发完
2026/05/29 00:02:38.498228 奖品已发完
2026/05/29 00:02:38.498228 奖品已发完
2026/05/29 00:02:38.498228 奖品已发完
2026/05/29 00:02:38.498228 奖品已发完
2026/05/29 00:02:38.498228 奖品已发完
2026/05/29 00:02:38.498228 奖品已发完
2026/05/29 00:02:38.498228 奖品已发完
2026/05/29 00:02:38.498228 奖品已发完
2026/05/29 00:02:38.498228 奖品已发完
2026/05/29 00:02:38.498228 奖品已发完
2026/05/29 00:02:38.498228 奖品已发完
2026/05/29 00:02:38.498228 奖品已发完
2026/05/29 00:02:38.498228 奖品已发完
2026/05/29 00:02:38.498228 奖品已发完
2026/05/29 00:02:38.498228 奖品已发完
2026/05/29 00:02:38.498228 奖品已发完
2026/05/29 00:02:38.498228 奖品已发完
2026/05/29 00:02:38.498228 奖品已发完
2026/05/29 00:02:38.498228 奖品已发完
2026/05/29 00:02:38.498228 奖品已发完
2026/05/29 00:02:38.498228 奖品已发完
2026/05/29 00:02:38.498228 奖品已发完
2026/05/29 00:02:38.498228 奖品已发完
2026/05/29 00:02:38.498228 奖品已发完
2026/05/29 00:02:38.498228 奖品已发完
2026/05/29 00:02:38.498228 奖品已发完
2026/05/29 00:02:38.498228 奖品已发完
2026/05/29 00:02:38.498228 奖品已发完
2026/05/29 00:02:38.498228 奖品已发完
2026/05/29 00:02:38.498228 奖品已发完
2026/05/29 00:02:38.498228 奖品已发完
2026/05/29 00:02:38.498228 奖品已发完
2026/05/29 00:02:38.498228 奖品已发完
2026/05/29 00:02:38.498228 奖品已发完
2026/05/29 00:02:38.509122 奖品已发完
2026/05/29 00:02:38.509122 奖品已发完
2026/05/29 00:02:38.509122 奖品已发完
2026/05/29 00:02:38.509122 奖品已发完
2026/05/29 00:02:38.509122 奖品已发完
2026/05/29 00:02:38.498228 奖品已发完
2026/05/29 00:02:38.498228 奖品已发完
2026/05/29 00:02:38.498228 奖品已发完
2026/05/29 00:02:38.498228 奖品已发完
2026/05/29 00:02:38.498228 奖品已发完
2026/05/29 00:02:38.498228 奖品已发完
2026/05/29 00:02:38.498228 奖品已发完
2026/05/29 00:02:38.498228 奖品已发完
2026/05/29 00:02:38.498228 奖品已发完
2026/05/29 00:02:38.498228 奖品已发完
2026/05/29 00:02:38.498228 奖品已发完
2026/05/29 00:02:38.498228 奖品已发完
2026/05/29 00:02:38.498228 奖品已发完
2026/05/29 00:02:38.498228 奖品已发完
2026/05/29 00:02:38.498228 奖品已发完
2026/05/29 00:02:38.498228 奖品已发完
2026/05/29 00:02:38.498228 奖品已发完
2026/05/29 00:02:38.498228 奖品已发完
2026/05/29 00:02:38.498228 奖品已发完
2026/05/29 00:02:38.499500 奖品已发完
2026/05/29 00:02:38.499500 奖品已发完
2026/05/29 00:02:38.499500 奖品已发完
2026/05/29 00:02:38.499500 奖品已发完
2026/05/29 00:02:38.499500 奖品已发完
2026/05/29 00:02:38.499500 奖品已发完
2026/05/29 00:02:38.499500 奖品已发完
2026/05/29 00:02:38.499500 奖品已发完
2026/05/29 00:02:38.499500 奖品已发完
2026/05/29 00:02:38.499500 奖品已发完
2026/05/29 00:02:38.499500 奖品已发完
2026/05/29 00:02:38.499500 奖品已发完
2026/05/29 00:02:38.499500 奖品已发完
2026/05/29 00:02:38.499500 奖品已发完
2026/05/29 00:02:38.499500 奖品已发完
2026/05/29 00:02:38.499500 奖品已发完
2026/05/29 00:02:38.499500 奖品已发完
2026/05/29 00:02:38.499500 奖品已发完
2026/05/29 00:02:38.499500 奖品已发完
2026/05/29 00:02:38.499500 奖品已发完
2026/05/29 00:02:38.499500 奖品已发完
2026/05/29 00:02:38.499500 奖品已发完
2026/05/29 00:02:38.499500 奖品已发完
2026/05/29 00:02:38.499500 奖品已发完
2026/05/29 00:02:38.499500 奖品已发完
2026/05/29 00:02:38.499500 奖品已发完
2026/05/29 00:02:38.499500 奖品已发完
2026/05/29 00:02:38.499500 奖品已发完
2026/05/29 00:02:38.499500 奖品已发完
2026/05/29 00:02:38.499500 奖品已发完
2026/05/29 00:02:38.499500 奖品已发完
2026/05/29 00:02:38.499500 奖品已发完
2026/05/29 00:02:38.499500 奖品已发完
2026/05/29 00:02:38.499500 奖品已发完
2026/05/29 00:02:38.499500 奖品已发完
2026/05/29 00:02:38.499500 奖品已发完
2026/05/29 00:02:38.499500 奖品已发完
2026/05/29 00:02:38.499500 奖品已发完
2026/05/29 00:02:38.499500 奖品已发完
2026/05/29 00:02:38.499500 奖品已发完
2026/05/29 00:02:38.499500 奖品已发完
2026/05/29 00:02:38.499500 奖品已发完
2026/05/29 00:02:38.499500 奖品已发完
2026/05/29 00:02:38.499500 奖品已发完
2026/05/29 00:02:38.499500 奖品已发完
2026/05/29 00:02:38.499500 奖品已发完
2026/05/29 00:02:38.499500 奖品已发完
2026/05/29 00:02:38.499500 奖品已发完
2026/05/29 00:02:38.499500 奖品已发完
2026/05/29 00:02:38.499500 奖品已发完
2026/05/29 00:02:38.499500 奖品已发完
2026/05/29 00:02:38.499500 奖品已发完
2026/05/29 00:02:38.499500 奖品已发完
2026/05/29 00:02:38.499500 奖品已发完
2026/05/29 00:02:38.499500 奖品已发完
2026/05/29 00:02:38.499500 奖品已发完
2026/05/29 00:02:38.499500 奖品已发完
2026/05/29 00:02:38.499500 奖品已发完
2026/05/29 00:02:38.499500 奖品已发完
2026/05/29 00:02:38.499500 奖品已发完
2026/05/29 00:02:38.499500 奖品已发完
2026/05/29 00:02:38.499500 奖品已发完
2026/05/29 00:02:38.499500 奖品已发完
2026/05/29 00:02:38.499500 奖品已发完
2026/05/29 00:02:38.499500 奖品已发完
2026/05/29 00:02:38.499500 奖品已发完
2026/05/29 00:02:38.499500 奖品已发完
2026/05/29 00:02:38.499500 奖品已发完
2026/05/29 00:02:38.499500 奖品已发完
2026/05/29 00:02:38.499500 奖品已发完
2026/05/29 00:02:38.499500 奖品已发完
2026/05/29 00:02:38.499500 奖品已发完
2026/05/29 00:02:38.499500 奖品已发完
2026/05/29 00:02:38.499500 奖品已发完
2026/05/29 00:02:38.499500 奖品已发完
2026/05/29 00:02:38.499500 奖品已发完
2026/05/29 00:02:38.499500 奖品已发完
2026/05/29 00:02:38.489681 奖品已发完
2026/05/29 00:02:38.510132 奖品已发完
2026/05/29 00:02:38.510132 奖品已发完
2026/05/29 00:02:38.499500 奖品已发完
2026/05/29 00:02:38.499500 奖品已发完
2026/05/29 00:02:38.500561 奖品已发完
2026/05/29 00:02:38.500561 奖品已发完
2026/05/29 00:02:38.500561 奖品已发完
2026/05/29 00:02:38.500561 奖品已发完
2026/05/29 00:02:38.500561 奖品已发完
2026/05/29 00:02:38.500561 奖品已发完
2026/05/29 00:02:38.500561 奖品已发完
2026/05/29 00:02:38.500561 奖品已发完
2026/05/29 00:02:38.500561 奖品已发完
2026/05/29 00:02:38.500561 奖品已发完
2026/05/29 00:02:38.500561 奖品已发完
2026/05/29 00:02:38.500561 奖品已发完
2026/05/29 00:02:38.500561 奖品已发完
2026/05/29 00:02:38.500561 奖品已发完
2026/05/29 00:02:38.500561 奖品已发完
2026/05/29 00:02:38.500561 奖品已发完
2026/05/29 00:02:38.500561 奖品已发完
2026/05/29 00:02:38.500561 奖品已发完
2026/05/29 00:02:38.500561 奖品已发完
2026/05/29 00:02:38.500561 奖品已发完
2026/05/29 00:02:38.510132 奖品已发完
2026/05/29 00:02:38.510132 奖品已发完
2026/05/29 00:02:38.510132 奖品已发完
2026/05/29 00:02:38.500561 奖品已发完
2026/05/29 00:02:38.500561 奖品已发完
2026/05/29 00:02:38.500561 奖品已发完
2026/05/29 00:02:38.500561 奖品已发完
2026/05/29 00:02:38.500561 奖品已发完
2026/05/29 00:02:38.500561 奖品已发完
2026/05/29 00:02:38.500561 奖品已发完
2026/05/29 00:02:38.500561 奖品已发完
2026/05/29 00:02:38.500561 奖品已发完
2026/05/29 00:02:38.500561 奖品已发完
2026/05/29 00:02:38.500561 奖品已发完
2026/05/29 00:02:38.500561 奖品已发完
2026/05/29 00:02:38.500561 奖品已发完
2026/05/29 00:02:38.500561 奖品已发完
2026/05/29 00:02:38.500561 奖品已发完
2026/05/29 00:02:38.500561 奖品已发完
2026/05/29 00:02:38.500561 奖品已发完
2026/05/29 00:02:38.500561 奖品已发完
2026/05/29 00:02:38.500561 奖品已发完
2026/05/29 00:02:38.500561 奖品已发完
2026/05/29 00:02:38.500561 奖品已发完
2026/05/29 00:02:38.500561 奖品已发完
2026/05/29 00:02:38.500561 奖品已发完
2026/05/29 00:02:38.500561 奖品已发完
2026/05/29 00:02:38.500561 奖品已发完
2026/05/29 00:02:38.500561 奖品已发完
2026/05/29 00:02:38.500561 奖品已发完
2026/05/29 00:02:38.500561 奖品已发完
2026/05/29 00:02:38.500561 奖品已发完
2026/05/29 00:02:38.500561 奖品已发完
2026/05/29 00:02:38.500561 奖品已发完
2026/05/29 00:02:38.500561 奖品已发完
2026/05/29 00:02:38.500561 奖品已发完
2026/05/29 00:02:38.500561 奖品已发完
2026/05/29 00:02:38.500561 奖品已发完
2026/05/29 00:02:38.500561 奖品已发完
2026/05/29 00:02:38.510132 奖品已发完
2026/05/29 00:02:38.510132 奖品已发完
2026/05/29 00:02:38.510132 奖品已发完
2026/05/29 00:02:38.500561 奖品已发完
2026/05/29 00:02:38.500561 奖品已发完
2026/05/29 00:02:38.500561 奖品已发完
2026/05/29 00:02:38.500561 奖品已发完
2026/05/29 00:02:38.500561 奖品已发完
2026/05/29 00:02:38.500561 奖品已发完
2026/05/29 00:02:38.500561 奖品已发完
2026/05/29 00:02:38.500561 奖品已发完
2026/05/29 00:02:38.500561 奖品已发完
2026/05/29 00:02:38.500561 奖品已发完
2026/05/29 00:02:38.500561 奖品已发完
2026/05/29 00:02:38.500561 奖品已发完
2026/05/29 00:02:38.500561 奖品已发完
2026/05/29 00:02:38.500561 奖品已发完
2026/05/29 00:02:38.500561 奖品已发完
2026/05/29 00:02:38.500561 奖品已发完
2026/05/29 00:02:38.500561 奖品已发完
2026/05/29 00:02:38.500561 奖品已发完
2026/05/29 00:02:38.500561 奖品已发完
2026/05/29 00:02:38.500561 奖品已发完
2026/05/29 00:02:38.500561 奖品已发完
2026/05/29 00:02:38.500561 奖品已发完
2026/05/29 00:02:38.500561 奖品已发完
2026/05/29 00:02:38.500561 奖品已发完
2026/05/29 00:02:38.500561 奖品已发完
2026/05/29 00:02:38.500561 奖品已发完
2026/05/29 00:02:38.500561 奖品已发完
2026/05/29 00:02:38.500561 奖品已发完
2026/05/29 00:02:38.500561 奖品已发完
2026/05/29 00:02:38.501571 奖品已发完
2026/05/29 00:02:38.501571 奖品已发完
2026/05/29 00:02:38.501571 奖品已发完
2026/05/29 00:02:38.501571 奖品已发完
2026/05/29 00:02:38.501571 奖品已发完
2026/05/29 00:02:38.501571 奖品已发完
2026/05/29 00:02:38.501571 奖品已发完
2026/05/29 00:02:38.501571 奖品已发完
2026/05/29 00:02:38.501571 奖品已发完
2026/05/29 00:02:38.501571 奖品已发完
2026/05/29 00:02:38.501571 奖品已发完
2026/05/29 00:02:38.501571 奖品已发完
2026/05/29 00:02:38.501571 奖品已发完
2026/05/29 00:02:38.501571 奖品已发完
2026/05/29 00:02:38.501571 奖品已发完
2026/05/29 00:02:38.501571 奖品已发完
2026/05/29 00:02:38.501571 奖品已发完
2026/05/29 00:02:38.501571 奖品已发完
2026/05/29 00:02:38.501571 奖品已发完
2026/05/29 00:02:38.501571 奖品已发完
2026/05/29 00:02:38.501571 奖品已发完
2026/05/29 00:02:38.501571 奖品已发完
2026/05/29 00:02:38.501571 奖品已发完
2026/05/29 00:02:38.501571 奖品已发完
2026/05/29 00:02:38.501571 奖品已发完
2026/05/29 00:02:38.501571 奖品已发完
2026/05/29 00:02:38.501571 奖品已发完
2026/05/29 00:02:38.501571 奖品已发完
2026/05/29 00:02:38.501571 奖品已发完
2026/05/29 00:02:38.501571 奖品已发完
2026/05/29 00:02:38.501571 奖品已发完
2026/05/29 00:02:38.501571 奖品已发完
2026/05/29 00:02:38.501571 奖品已发完
2026/05/29 00:02:38.501571 奖品已发完
2026/05/29 00:02:38.501571 奖品已发完
2026/05/29 00:02:38.501571 奖品已发完
2026/05/29 00:02:38.501571 奖品已发完
2026/05/29 00:02:38.501571 奖品已发完
2026/05/29 00:02:38.501571 奖品已发完
2026/05/29 00:02:38.501571 奖品已发完
2026/05/29 00:02:38.501571 奖品已发完
2026/05/29 00:02:38.501571 奖品已发完
2026/05/29 00:02:38.501571 奖品已发完
2026/05/29 00:02:38.501571 奖品已发完
2026/05/29 00:02:38.501571 奖品已发完
2026/05/29 00:02:38.501571 奖品已发完
2026/05/29 00:02:38.501571 奖品已发完
2026/05/29 00:02:38.501571 奖品已发完
2026/05/29 00:02:38.501571 奖品已发完
2026/05/29 00:02:38.501571 奖品已发完
2026/05/29 00:02:38.501571 奖品已发完
2026/05/29 00:02:38.501571 奖品已发完
2026/05/29 00:02:38.511143 奖品已发完
2026/05/29 00:02:38.511143 奖品已发完
2026/05/29 00:02:38.511143 奖品已发完
2026/05/29 00:02:38.501571 奖品已发完
2026/05/29 00:02:38.501571 奖品已发完
2026/05/29 00:02:38.501571 奖品已发完
2026/05/29 00:02:38.501571 奖品已发完
2026/05/29 00:02:38.501571 奖品已发完
2026/05/29 00:02:38.501571 奖品已发完
2026/05/29 00:02:38.501571 奖品已发完
2026/05/29 00:02:38.501571 奖品已发完
2026/05/29 00:02:38.501571 奖品已发完
2026/05/29 00:02:38.501571 奖品已发完
2026/05/29 00:02:38.501571 奖品已发完
2026/05/29 00:02:38.501571 奖品已发完
2026/05/29 00:02:38.501571 奖品已发完
2026/05/29 00:02:38.501571 奖品已发完
2026/05/29 00:02:38.502318 奖品已发完
2026/05/29 00:02:38.502318 奖品已发完
2026/05/29 00:02:38.502318 奖品已发完
2026/05/29 00:02:38.502318 奖品已发完
2026/05/29 00:02:38.502318 奖品已发完
2026/05/29 00:02:38.502318 奖品已发完
2026/05/29 00:02:38.502318 奖品已发完
2026/05/29 00:02:38.502318 奖品已发完
2026/05/29 00:02:38.502318 奖品已发完
2026/05/29 00:02:38.502318 奖品已发完
2026/05/29 00:02:38.502318 奖品已发完
2026/05/29 00:02:38.502318 奖品已发完
2026/05/29 00:02:38.502318 奖品已发完
2026/05/29 00:02:38.502318 奖品已发完
2026/05/29 00:02:38.502318 奖品已发完
2026/05/29 00:02:38.502318 奖品已发完
2026/05/29 00:02:38.502318 奖品已发完
2026/05/29 00:02:38.502318 奖品已发完
2026/05/29 00:02:38.502318 奖品已发完
2026/05/29 00:02:38.502318 奖品已发完
2026/05/29 00:02:38.502318 奖品已发完
2026/05/29 00:02:38.502318 奖品已发完
2026/05/29 00:02:38.502318 奖品已发完
2026/05/29 00:02:38.502318 奖品已发完
2026/05/29 00:02:38.502318 奖品已发完
2026/05/29 00:02:38.502318 奖品已发完
2026/05/29 00:02:38.502318 奖品已发完
2026/05/29 00:02:38.502318 奖品已发完
2026/05/29 00:02:38.502318 奖品已发完
2026/05/29 00:02:38.502318 奖品已发完
2026/05/29 00:02:38.502318 奖品已发完
2026/05/29 00:02:38.502318 奖品已发完
2026/05/29 00:02:38.502318 奖品已发完
2026/05/29 00:02:38.502318 奖品已发完
2026/05/29 00:02:38.502318 奖品已发完
2026/05/29 00:02:38.502318 奖品已发完
2026/05/29 00:02:38.502318 奖品已发完
2026/05/29 00:02:38.502318 奖品已发完
2026/05/29 00:02:38.502318 奖品已发完
2026/05/29 00:02:38.502318 奖品已发完
2026/05/29 00:02:38.502318 奖品已发完
2026/05/29 00:02:38.502318 奖品已发完
2026/05/29 00:02:38.502318 奖品已发完
2026/05/29 00:02:38.502318 奖品已发完
2026/05/29 00:02:38.502318 奖品已发完
2026/05/29 00:02:38.502318 奖品已发完
2026/05/29 00:02:38.502318 奖品已发完
2026/05/29 00:02:38.502318 奖品已发完
2026/05/29 00:02:38.502318 奖品已发完
2026/05/29 00:02:38.502318 奖品已发完
2026/05/29 00:02:38.502318 奖品已发完
2026/05/29 00:02:38.502318 奖品已发完
2026/05/29 00:02:38.502318 奖品已发完
2026/05/29 00:02:38.502318 奖品已发完
2026/05/29 00:02:38.502318 奖品已发完
2026/05/29 00:02:38.502318 奖品已发完
2026/05/29 00:02:38.502318 奖品已发完
2026/05/29 00:02:38.502318 奖品已发完
2026/05/29 00:02:38.502318 奖品已发完
2026/05/29 00:02:38.502318 奖品已发完
2026/05/29 00:02:38.502318 奖品已发完
2026/05/29 00:02:38.502318 奖品已发完
2026/05/29 00:02:38.502318 奖品已发完
2026/05/29 00:02:38.502318 奖品已发完
2026/05/29 00:02:38.502318 奖品已发完
2026/05/29 00:02:38.502318 奖品已发完
2026/05/29 00:02:38.502318 奖品已发完
2026/05/29 00:02:38.502318 奖品已发完
2026/05/29 00:02:38.502318 奖品已发完
2026/05/29 00:02:38.502318 奖品已发完
2026/05/29 00:02:38.502318 奖品已发完
2026/05/29 00:02:38.502318 奖品已发完
2026/05/29 00:02:38.502318 奖品已发完
2026/05/29 00:02:38.502318 奖品已发完
2026/05/29 00:02:38.502318 奖品已发完
2026/05/29 00:02:38.492333 奖品已发完
2026/05/29 00:02:38.502318 奖品已发完
2026/05/29 00:02:38.502318 奖品已发完
2026/05/29 00:02:38.502318 奖品已发完
2026/05/29 00:02:38.502318 奖品已发完
2026/05/29 00:02:38.502318 奖品已发完
2026/05/29 00:02:38.502318 奖品已发完
2026/05/29 00:02:38.502318 奖品已发完
2026/05/29 00:02:38.503325 奖品已发完
2026/05/29 00:02:38.503325 奖品已发完
2026/05/29 00:02:38.503325 奖品已发完
2026/05/29 00:02:38.503325 奖品已发完
2026/05/29 00:02:38.503325 奖品已发完
2026/05/29 00:02:38.503325 奖品已发完
2026/05/29 00:02:38.503325 奖品已发完
2026/05/29 00:02:38.503325 奖品已发完
2026/05/29 00:02:38.503325 奖品已发完
2026/05/29 00:02:38.503325 奖品已发完
2026/05/29 00:02:38.503325 奖品已发完
2026/05/29 00:02:38.503325 奖品已发完
2026/05/29 00:02:38.503325 奖品已发完
2026/05/29 00:02:38.503325 奖品已发完
2026/05/29 00:02:38.503325 奖品已发完
2026/05/29 00:02:38.503325 奖品已发完
2026/05/29 00:02:38.503325 奖品已发完
2026/05/29 00:02:38.503325 奖品已发完
2026/05/29 00:02:38.503325 奖品已发完
2026/05/29 00:02:38.503325 奖品已发完
2026/05/29 00:02:38.503325 奖品已发完
2026/05/29 00:02:38.503325 奖品已发完
2026/05/29 00:02:38.503325 奖品已发完
2026/05/29 00:02:38.503325 奖品已发完
2026/05/29 00:02:38.503325 奖品已发完
2026/05/29 00:02:38.503325 奖品已发完
2026/05/29 00:02:38.503325 奖品已发完
2026/05/29 00:02:38.503325 奖品已发完
2026/05/29 00:02:38.503325 奖品已发完
2026/05/29 00:02:38.503325 奖品已发完
2026/05/29 00:02:38.503325 奖品已发完
2026/05/29 00:02:38.503325 奖品已发完
2026/05/29 00:02:38.503325 奖品已发完
2026/05/29 00:02:38.503325 奖品已发完
2026/05/29 00:02:38.503325 奖品已发完
2026/05/29 00:02:38.503325 奖品已发完
2026/05/29 00:02:38.503325 奖品已发完
2026/05/29 00:02:38.503325 奖品已发完
2026/05/29 00:02:38.503325 奖品已发完
2026/05/29 00:02:38.503325 奖品已发完
2026/05/29 00:02:38.503325 奖品已发完
2026/05/29 00:02:38.503325 奖品已发完
2026/05/29 00:02:38.503325 奖品已发完
2026/05/29 00:02:38.503325 奖品已发完
2026/05/29 00:02:38.503325 奖品已发完
2026/05/29 00:02:38.503325 奖品已发完
2026/05/29 00:02:38.503325 奖品已发完
2026/05/29 00:02:38.503325 奖品已发完
2026/05/29 00:02:38.503325 奖品已发完
2026/05/29 00:02:38.503325 奖品已发完
2026/05/29 00:02:38.503325 奖品已发完
2026/05/29 00:02:38.503325 奖品已发完
2026/05/29 00:02:38.503325 奖品已发完
2026/05/29 00:02:38.503325 奖品已发完
2026/05/29 00:02:38.503325 奖品已发完
2026/05/29 00:02:38.503325 奖品已发完
2026/05/29 00:02:38.503325 奖品已发完
2026/05/29 00:02:38.503325 奖品已发完
2026/05/29 00:02:38.503325 奖品已发完
2026/05/29 00:02:38.503325 奖品已发完
2026/05/29 00:02:38.503325 奖品已发完
2026/05/29 00:02:38.503325 奖品已发完
2026/05/29 00:02:38.503325 奖品已发完
2026/05/29 00:02:38.503325 奖品已发完
2026/05/29 00:02:38.503325 奖品已发完
2026/05/29 00:02:38.503325 奖品已发完
2026/05/29 00:02:38.503325 奖品已发完
2026/05/29 00:02:38.503325 奖品已发完
2026/05/29 00:02:38.503325 奖品已发完
2026/05/29 00:02:38.503325 奖品已发完
2026/05/29 00:02:38.503325 奖品已发完
2026/05/29 00:02:38.512773 奖品已发完
2026/05/29 00:02:38.512773 奖品已发完
2026/05/29 00:02:38.512773 奖品已发完
2026/05/29 00:02:38.503325 奖品已发完
2026/05/29 00:02:38.503325 奖品已发完
2026/05/29 00:02:38.503325 奖品已发完
2026/05/29 00:02:38.503325 奖品已发完
2026/05/29 00:02:38.503325 奖品已发完
2026/05/29 00:02:38.503325 奖品已发完
2026/05/29 00:02:38.503325 奖品已发完
2026/05/29 00:02:38.503325 奖品已发完
2026/05/29 00:02:38.503325 奖品已发完
2026/05/29 00:02:38.503325 奖品已发完
2026/05/29 00:02:38.503325 奖品已发完
2026/05/29 00:02:38.503325 奖品已发完
2026/05/29 00:02:38.503325 奖品已发完
2026/05/29 00:02:38.503325 奖品已发完
2026/05/29 00:02:38.503325 奖品已发完
2026/05/29 00:02:38.503325 奖品已发完
2026/05/29 00:02:38.503325 奖品已发完
2026/05/29 00:02:38.503325 奖品已发完
2026/05/29 00:02:38.503325 奖品已发完
2026/05/29 00:02:38.503325 奖品已发完
2026/05/29 00:02:38.503325 奖品已发完
2026/05/29 00:02:38.503325 奖品已发完
2026/05/29 00:02:38.503325 奖品已发完
2026/05/29 00:02:38.503325 奖品已发完
2026/05/29 00:02:38.503325 奖品已发完
2026/05/29 00:02:38.503325 奖品已发完
2026/05/29 00:02:38.503325 奖品已发完
2026/05/29 00:02:38.503325 奖品已发完
2026/05/29 00:02:38.503325 奖品已发完
2026/05/29 00:02:38.504083 奖品已发完
2026/05/29 00:02:38.504083 奖品已发完
2026/05/29 00:02:38.504083 奖品已发完
2026/05/29 00:02:38.504083 奖品已发完
2026/05/29 00:02:38.504083 奖品已发完
2026/05/29 00:02:38.504083 奖品已发完
2026/05/29 00:02:38.504083 奖品已发完
2026/05/29 00:02:38.504083 奖品已发完
2026/05/29 00:02:38.504083 奖品已发完
2026/05/29 00:02:38.504083 奖品已发完
2026/05/29 00:02:38.504083 奖品已发完
2026/05/29 00:02:38.504083 奖品已发完
2026/05/29 00:02:38.504083 奖品已发完
2026/05/29 00:02:38.504083 奖品已发完
2026/05/29 00:02:38.504083 奖品已发完
2026/05/29 00:02:38.504083 奖品已发完
2026/05/29 00:02:38.504083 奖品已发完
2026/05/29 00:02:38.504083 奖品已发完
2026/05/29 00:02:38.504083 奖品已发完
2026/05/29 00:02:38.504083 奖品已发完
2026/05/29 00:02:38.504083 奖品已发完
2026/05/29 00:02:38.504083 奖品已发完
2026/05/29 00:02:38.504083 奖品已发完
2026/05/29 00:02:38.504083 奖品已发完
2026/05/29 00:02:38.504083 奖品已发完
2026/05/29 00:02:38.504083 奖品已发完
2026/05/29 00:02:38.504083 奖品已发完
2026/05/29 00:02:38.513778 奖品已发完
2026/05/29 00:02:38.513778 奖品已发完
2026/05/29 00:02:38.513778 奖品已发完
2026/05/29 00:02:38.513778 奖品已发完
2026/05/29 00:02:38.513778 奖品已发完
2026/05/29 00:02:38.504083 奖品已发完
2026/05/29 00:02:38.513778 奖品已发完
2026/05/29 00:02:38.513778 奖品已发完
2026/05/29 00:02:38.513778 奖品已发完
2026/05/29 00:02:38.513778 奖品已发完
2026/05/29 00:02:38.504083 奖品已发完
2026/05/29 00:02:38.513778 奖品已发完
2026/05/29 00:02:38.513778 奖品已发完
2026/05/29 00:02:38.513778 奖品已发完
2026/05/29 00:02:38.513778 奖品已发完
2026/05/29 00:02:38.513778 奖品已发完
2026/05/29 00:02:38.504083 奖品已发完
2026/05/29 00:02:38.513778 奖品已发完
2026/05/29 00:02:38.513778 奖品已发完
2026/05/29 00:02:38.513778 奖品已发完
2026/05/29 00:02:38.513778 奖品已发完
2026/05/29 00:02:38.513778 奖品已发完
2026/05/29 00:02:38.504083 奖品已发完
2026/05/29 00:02:38.513778 奖品已发完
2026/05/29 00:02:38.513778 奖品已发完
2026/05/29 00:02:38.513778 奖品已发完
2026/05/29 00:02:38.514302 奖品已发完
2026/05/29 00:02:38.514302 奖品已发完
2026/05/29 00:02:38.504083 奖品已发完
2026/05/29 00:02:38.514302 奖品已发完
2026/05/29 00:02:38.514302 奖品已发完
2026/05/29 00:02:38.514302 奖品已发完
2026/05/29 00:02:38.514302 奖品已发完
2026/05/29 00:02:38.514302 奖品已发完
2026/05/29 00:02:38.504083 奖品已发完
2026/05/29 00:02:38.514302 奖品已发完
2026/05/29 00:02:38.514302 奖品已发完
2026/05/29 00:02:38.504083 奖品已发完
2026/05/29 00:02:38.504083 奖品已发完
2026/05/29 00:02:38.504083 奖品已发完
2026/05/29 00:02:38.504083 奖品已发完
2026/05/29 00:02:38.504083 奖品已发完
2026/05/29 00:02:38.504083 奖品已发完
2026/05/29 00:02:38.504083 奖品已发完
2026/05/29 00:02:38.504083 奖品已发完
2026/05/29 00:02:38.504083 奖品已发完
2026/05/29 00:02:38.504083 奖品已发完
2026/05/29 00:02:38.504083 奖品已发完
2026/05/29 00:02:38.504083 奖品已发完
2026/05/29 00:02:38.504083 奖品已发完
2026/05/29 00:02:38.514302 奖品已发完
2026/05/29 00:02:38.514302 奖品已发完
2026/05/29 00:02:38.514302 奖品已发完
2026/05/29 00:02:38.514302 奖品已发完
2026/05/29 00:02:38.504083 奖品已发完
2026/05/29 00:02:38.514302 奖品已发完
2026/05/29 00:02:38.504083 奖品已发完
2026/05/29 00:02:38.514302 奖品已发完
2026/05/29 00:02:38.514302 奖品已发完
2026/05/29 00:02:38.514302 奖品已发完
2026/05/29 00:02:38.504083 奖品已发完
2026/05/29 00:02:38.504083 奖品已发完
2026/05/29 00:02:38.504083 奖品已发完
2026/05/29 00:02:38.504083 奖品已发完
2026/05/29 00:02:38.504083 奖品已发完
2026/05/29 00:02:38.504083 奖品已发完
2026/05/29 00:02:38.504083 奖品已发完
2026/05/29 00:02:38.504083 奖品已发完
2026/05/29 00:02:38.504083 奖品已发完
2026/05/29 00:02:38.494082 奖品已发完
2026/05/29 00:02:38.504083 奖品已发完
2026/05/29 00:02:38.504083 奖品已发完
2026/05/29 00:02:38.504083 奖品已发完
2026/05/29 00:02:38.504083 奖品已发完
2026/05/29 00:02:38.504083 奖品已发完
2026/05/29 00:02:38.504083 奖品已发完
2026/05/29 00:02:38.504083 奖品已发完
2026/05/29 00:02:38.504083 奖品已发完
2026/05/29 00:02:38.504083 奖品已发完
2026/05/29 00:02:38.504083 奖品已发完
2026/05/29 00:02:38.504083 奖品已发完
2026/05/29 00:02:38.504083 奖品已发完
2026/05/29 00:02:38.504083 奖品已发完
2026/05/29 00:02:38.504083 奖品已发完
2026/05/29 00:02:38.504083 奖品已发完
2026/05/29 00:02:38.504083 奖品已发完
2026/05/29 00:02:38.504083 奖品已发完
2026/05/29 00:02:38.504083 奖品已发完
2026/05/29 00:02:38.504083 奖品已发完
2026/05/29 00:02:38.504083 奖品已发完
2026/05/29 00:02:38.504083 奖品已发完
2026/05/29 00:02:38.514302 奖品已发完
2026/05/29 00:02:38.514911 奖品已发完
2026/05/29 00:02:38.514911 奖品已发完
2026/05/29 00:02:38.504083 奖品已发完
2026/05/29 00:02:38.504083 奖品已发完
2026/05/29 00:02:38.504083 奖品已发完
2026/05/29 00:02:38.504083 奖品已发完
2026/05/29 00:02:38.504083 奖品已发完
2026/05/29 00:02:38.504083 奖品已发完
2026/05/29 00:02:38.504083 奖品已发完
2026/05/29 00:02:38.504083 奖品已发完
2026/05/29 00:02:38.504083 奖品已发完
2026/05/29 00:02:38.504083 奖品已发完
2026/05/29 00:02:38.504083 奖品已发完
2026/05/29 00:02:38.504083 奖品已发完
2026/05/29 00:02:38.504083 奖品已发完
2026/05/29 00:02:38.504083 奖品已发完
2026/05/29 00:02:38.504083 奖品已发完
2026/05/29 00:02:38.504083 奖品已发完
2026/05/29 00:02:38.514911 奖品已发完
2026/05/29 00:02:38.514911 奖品已发完
2026/05/29 00:02:38.504083 奖品已发完
2026/05/29 00:02:38.514911 奖品已发完
2026/05/29 00:02:38.514911 奖品已发完
2026/05/29 00:02:38.514911 奖品已发完
2026/05/29 00:02:38.514911 奖品已发完
2026/05/29 00:02:38.504083 奖品已发完
2026/05/29 00:02:38.504083 奖品已发完
2026/05/29 00:02:38.504083 奖品已发完
2026/05/29 00:02:38.504083 奖品已发完
2026/05/29 00:02:38.504083 奖品已发完
2026/05/29 00:02:38.504083 奖品已发完
2026/05/29 00:02:38.504083 奖品已发完
2026/05/29 00:02:38.504083 奖品已发完
2026/05/29 00:02:38.504083 奖品已发完
2026/05/29 00:02:38.504083 奖品已发完
2026/05/29 00:02:38.504083 奖品已发完
2026/05/29 00:02:38.504083 奖品已发完
2026/05/29 00:02:38.504083 奖品已发完
2026/05/29 00:02:38.504083 奖品已发完
2026/05/29 00:02:38.504083 奖品已发完
2026/05/29 00:02:38.504083 奖品已发完
2026/05/29 00:02:38.504083 奖品已发完
2026/05/29 00:02:38.504083 奖品已发完
2026/05/29 00:02:38.504083 奖品已发完
2026/05/29 00:02:38.504083 奖品已发完
2026/05/29 00:02:38.504083 奖品已发完
2026/05/29 00:02:38.504083 奖品已发完
2026/05/29 00:02:38.505099 奖品已发完
2026/05/29 00:02:38.494082 奖品已发完
2026/05/29 00:02:38.505099 奖品已发完
2026/05/29 00:02:38.505099 奖品已发完
2026/05/29 00:02:38.505099 奖品已发完
2026/05/29 00:02:38.505099 奖品已发完
2026/05/29 00:02:38.505099 奖品已发完
2026/05/29 00:02:38.505099 奖品已发完
2026/05/29 00:02:38.505099 奖品已发完
2026/05/29 00:02:38.505099 奖品已发完
2026/05/29 00:02:38.505099 奖品已发完
2026/05/29 00:02:38.505099 奖品已发完
2026/05/29 00:02:38.505099 奖品已发完
2026/05/29 00:02:38.505099 奖品已发完
2026/05/29 00:02:38.505099 奖品已发完
2026/05/29 00:02:38.505099 奖品已发完
2026/05/29 00:02:38.505099 奖品已发完
2026/05/29 00:02:38.505099 奖品已发完
2026/05/29 00:02:38.505099 奖品已发完
2026/05/29 00:02:38.505099 奖品已发完
2026/05/29 00:02:38.505099 奖品已发完
2026/05/29 00:02:38.505099 奖品已发完
2026/05/29 00:02:38.505099 奖品已发完
2026/05/29 00:02:38.505099 奖品已发完
2026/05/29 00:02:38.505099 奖品已发完
2026/05/29 00:02:38.505099 奖品已发完
2026/05/29 00:02:38.505099 奖品已发完
2026/05/29 00:02:38.505099 奖品已发完
2026/05/29 00:02:38.505099 奖品已发完
2026/05/29 00:02:38.505099 奖品已发完
2026/05/29 00:02:38.505099 奖品已发完
2026/05/29 00:02:38.505099 奖品已发完
2026/05/29 00:02:38.505099 奖品已发完
2026/05/29 00:02:38.505099 奖品已发完
2026/05/29 00:02:38.505099 奖品已发完
2026/05/29 00:02:38.505099 奖品已发完
2026/05/29 00:02:38.505099 奖品已发完
2026/05/29 00:02:38.505099 奖品已发完
2026/05/29 00:02:38.505099 奖品已发完
2026/05/29 00:02:38.505099 奖品已发完
2026/05/29 00:02:38.505099 奖品已发完
2026/05/29 00:02:38.505099 奖品已发完
2026/05/29 00:02:38.505099 奖品已发完
2026/05/29 00:02:38.505099 奖品已发完
2026/05/29 00:02:38.505099 奖品已发完
2026/05/29 00:02:38.505099 奖品已发完
2026/05/29 00:02:38.495088 奖品已发完
2026/05/29 00:02:38.505099 奖品已发完
2026/05/29 00:02:38.505099 奖品已发完
2026/05/29 00:02:38.505099 奖品已发完
2026/05/29 00:02:38.505099 奖品已发完
2026/05/29 00:02:38.505099 奖品已发完
2026/05/29 00:02:38.514911 奖品已发完
2026/05/29 00:02:38.514911 奖品已发完
2026/05/29 00:02:38.514911 奖品已发完
2026/05/29 00:02:38.505099 奖品已发完
2026/05/29 00:02:38.514911 奖品已发完
2026/05/29 00:02:38.505099 奖品已发完
2026/05/29 00:02:38.505099 奖品已发完
2026/05/29 00:02:38.505099 奖品已发完
2026/05/29 00:02:38.505099 奖品已发完
2026/05/29 00:02:38.505099 奖品已发完
2026/05/29 00:02:38.505099 奖品已发完
2026/05/29 00:02:38.505099 奖品已发完
2026/05/29 00:02:38.505099 奖品已发完
2026/05/29 00:02:38.505099 奖品已发完
2026/05/29 00:02:38.505099 奖品已发完
2026/05/29 00:02:38.505099 奖品已发完
2026/05/29 00:02:38.505099 奖品已发完
2026/05/29 00:02:38.505099 奖品已发完
2026/05/29 00:02:38.505099 奖品已发完
2026/05/29 00:02:38.505099 奖品已发完
2026/05/29 00:02:38.505099 奖品已发完
2026/05/29 00:02:38.505099 奖品已发完
2026/05/29 00:02:38.505099 奖品已发完
2026/05/29 00:02:38.505099 奖品已发完
2026/05/29 00:02:38.505099 奖品已发完
2026/05/29 00:02:38.505099 奖品已发完
2026/05/29 00:02:38.505099 奖品已发完
2026/05/29 00:02:38.505099 奖品已发完
2026/05/29 00:02:38.505099 奖品已发完
2026/05/29 00:02:38.505099 奖品已发完
2026/05/29 00:02:38.505099 奖品已发完
2026/05/29 00:02:38.505099 奖品已发完
2026/05/29 00:02:38.505099 奖品已发完
2026/05/29 00:02:38.505099 奖品已发完
2026/05/29 00:02:38.505099 奖品已发完
2026/05/29 00:02:38.505099 奖品已发完
2026/05/29 00:02:38.505099 奖品已发完
2026/05/29 00:02:38.505099 奖品已发完
2026/05/29 00:02:38.505099 奖品已发完
2026/05/29 00:02:38.505099 奖品已发完
2026/05/29 00:02:38.515949 奖品已发完
2026/05/29 00:02:38.515949 奖品已发完
2026/05/29 00:02:38.515949 奖品已发完
2026/05/29 00:02:38.505099 奖品已发完
2026/05/29 00:02:38.515949 奖品已发完
2026/05/29 00:02:38.505099 奖品已发完
2026/05/29 00:02:38.505099 奖品已发完
2026/05/29 00:02:38.505099 奖品已发完
2026/05/29 00:02:38.505099 奖品已发完
2026/05/29 00:02:38.505099 奖品已发完
2026/05/29 00:02:38.505099 奖品已发完
2026/05/29 00:02:38.505099 奖品已发完
2026/05/29 00:02:38.505099 奖品已发完
2026/05/29 00:02:38.505099 奖品已发完
2026/05/29 00:02:38.505099 奖品已发完
2026/05/29 00:02:38.505099 奖品已发完
2026/05/29 00:02:38.505099 奖品已发完
2026/05/29 00:02:38.505099 奖品已发完
2026/05/29 00:02:38.505099 奖品已发完
2026/05/29 00:02:38.505099 奖品已发完
2026/05/29 00:02:38.495625 奖品已发完
2026/05/29 00:02:38.505099 奖品已发完
2026/05/29 00:02:38.505099 奖品已发完
2026/05/29 00:02:38.505099 奖品已发完
2026/05/29 00:02:38.506291 奖品已发完
2026/05/29 00:02:38.506291 奖品已发完
2026/05/29 00:02:38.506291 奖品已发完
2026/05/29 00:02:38.506291 奖品已发完
2026/05/29 00:02:38.506291 奖品已发完
2026/05/29 00:02:38.506291 奖品已发完
2026/05/29 00:02:38.506291 奖品已发完
2026/05/29 00:02:38.506291 奖品已发完
2026/05/29 00:02:38.506291 奖品已发完
2026/05/29 00:02:38.506291 奖品已发完
2026/05/29 00:02:38.506291 奖品已发完
2026/05/29 00:02:38.506291 奖品已发完
2026/05/29 00:02:38.506291 奖品已发完
2026/05/29 00:02:38.506291 奖品已发完
2026/05/29 00:02:38.506291 奖品已发完
2026/05/29 00:02:38.506291 奖品已发完
2026/05/29 00:02:38.506291 奖品已发完
2026/05/29 00:02:38.506291 奖品已发完
2026/05/29 00:02:38.506291 奖品已发完
2026/05/29 00:02:38.506291 奖品已发完
2026/05/29 00:02:38.506291 奖品已发完
2026/05/29 00:02:38.506291 奖品已发完
2026/05/29 00:02:38.506291 奖品已发完
2026/05/29 00:02:38.506291 奖品已发完
2026/05/29 00:02:38.506291 奖品已发完
2026/05/29 00:02:38.506291 奖品已发完
2026/05/29 00:02:38.506291 奖品已发完
2026/05/29 00:02:38.506291 奖品已发完
2026/05/29 00:02:38.506291 奖品已发完
2026/05/29 00:02:38.506291 奖品已发完
2026/05/29 00:02:38.506291 奖品已发完
2026/05/29 00:02:38.506291 奖品已发完
2026/05/29 00:02:38.506291 奖品已发完
2026/05/29 00:02:38.506291 奖品已发完
2026/05/29 00:02:38.506291 奖品已发完
2026/05/29 00:02:38.506291 奖品已发完
2026/05/29 00:02:38.506291 奖品已发完
2026/05/29 00:02:38.506291 奖品已发完
2026/05/29 00:02:38.506291 奖品已发完
2026/05/29 00:02:38.506291 奖品已发完
2026/05/29 00:02:38.506291 奖品已发完
2026/05/29 00:02:38.506291 奖品已发完
2026/05/29 00:02:38.506291 奖品已发完
2026/05/29 00:02:38.506291 奖品已发完
2026/05/29 00:02:38.506291 奖品已发完
2026/05/29 00:02:38.506291 奖品已发完
2026/05/29 00:02:38.506291 奖品已发完
2026/05/29 00:02:38.506291 奖品已发完
2026/05/29 00:02:38.506291 奖品已发完
2026/05/29 00:02:38.506291 奖品已发完
2026/05/29 00:02:38.506291 奖品已发完
2026/05/29 00:02:38.506291 奖品已发完
2026/05/29 00:02:38.506291 奖品已发完
2026/05/29 00:02:38.506291 奖品已发完
2026/05/29 00:02:38.506291 奖品已发完
2026/05/29 00:02:38.506291 奖品已发完
2026/05/29 00:02:38.506291 奖品已发完
2026/05/29 00:02:38.506291 奖品已发完
2026/05/29 00:02:38.506291 奖品已发完
2026/05/29 00:02:38.506291 奖品已发完
2026/05/29 00:02:38.506291 奖品已发完
2026/05/29 00:02:38.506291 奖品已发完
2026/05/29 00:02:38.506291 奖品已发完
2026/05/29 00:02:38.506291 奖品已发完
2026/05/29 00:02:38.506291 奖品已发完
2026/05/29 00:02:38.517055 奖品已发完
2026/05/29 00:02:38.517055 奖品已发完
2026/05/29 00:02:38.517055 奖品已发完
2026/05/29 00:02:38.517055 奖品已发完
2026/05/29 00:02:38.517055 奖品已发完
2026/05/29 00:02:38.506291 奖品已发完
2026/05/29 00:02:38.517055 奖品已发完
2026/05/29 00:02:38.517055 奖品已发完
2026/05/29 00:02:38.517055 奖品已发完
2026/05/29 00:02:38.517055 奖品已发完
2026/05/29 00:02:38.517055 奖品已发完
2026/05/29 00:02:38.506291 奖品已发完
2026/05/29 00:02:38.517055 奖品已发完
2026/05/29 00:02:38.517055 奖品已发完
2026/05/29 00:02:38.517055 奖品已发完
2026/05/29 00:02:38.517055 奖品已发完
2026/05/29 00:02:38.517055 奖品已发完
2026/05/29 00:02:38.506291 奖品已发完
2026/05/29 00:02:38.517055 奖品已发完
2026/05/29 00:02:38.517055 奖品已发完
2026/05/29 00:02:38.517055 奖品已发完
2026/05/29 00:02:38.517055 奖品已发完
2026/05/29 00:02:38.517055 奖品已发完
2026/05/29 00:02:38.506291 奖品已发完
2026/05/29 00:02:38.517055 奖品已发完
2026/05/29 00:02:38.517055 奖品已发完
2026/05/29 00:02:38.517055 奖品已发完
2026/05/29 00:02:38.517055 奖品已发完
2026/05/29 00:02:38.517055 奖品已发完
2026/05/29 00:02:38.517055 奖品已发完
2026/05/29 00:02:38.506291 奖品已发完
2026/05/29 00:02:38.517055 奖品已发完
2026/05/29 00:02:38.517055 奖品已发完
2026/05/29 00:02:38.517055 奖品已发完
2026/05/29 00:02:38.517055 奖品已发完
2026/05/29 00:02:38.506291 奖品已发完
2026/05/29 00:02:38.517055 奖品已发完
2026/05/29 00:02:38.517055 奖品已发完
2026/05/29 00:02:38.517055 奖品已发完
2026/05/29 00:02:38.517055 奖品已发完
2026/05/29 00:02:38.517588 奖品已发完
2026/05/29 00:02:38.506291 奖品已发完
2026/05/29 00:02:38.517588 奖品已发完
2026/05/29 00:02:38.517588 奖品已发完
2026/05/29 00:02:38.517588 奖品已发完
2026/05/29 00:02:38.517588 奖品已发完
2026/05/29 00:02:38.517588 奖品已发完
2026/05/29 00:02:38.517588 奖品已发完
2026/05/29 00:02:38.506291 奖品已发完
2026/05/29 00:02:38.517588 奖品已发完
2026/05/29 00:02:38.517588 奖品已发完
2026/05/29 00:02:38.506291 奖品已发完
2026/05/29 00:02:38.517588 奖品已发完
2026/05/29 00:02:38.517588 奖品已发完
2026/05/29 00:02:38.517588 奖品已发完
2026/05/29 00:02:38.506291 奖品已发完
2026/05/29 00:02:38.517588 奖品已发完
2026/05/29 00:02:38.517588 奖品已发完
2026/05/29 00:02:38.506291 奖品已发完
2026/05/29 00:02:38.517588 奖品已发完
2026/05/29 00:02:38.517588 奖品已发完
2026/05/29 00:02:38.517588 奖品已发完
2026/05/29 00:02:38.506291 奖品已发完
2026/05/29 00:02:38.506291 奖品已发完
2026/05/29 00:02:38.506291 奖品已发完
2026/05/29 00:02:38.506291 奖品已发完
2026/05/29 00:02:38.506291 奖品已发完
2026/05/29 00:02:38.506291 奖品已发完
2026/05/29 00:02:38.506291 奖品已发完
2026/05/29 00:02:38.506291 奖品已发完
2026/05/29 00:02:38.506291 奖品已发完
2026/05/29 00:02:38.506291 奖品已发完
2026/05/29 00:02:38.506291 奖品已发完
2026/05/29 00:02:38.506291 奖品已发完
2026/05/29 00:02:38.506291 奖品已发完
2026/05/29 00:02:38.517588 奖品已发完
2026/05/29 00:02:38.517588 奖品已发完
2026/05/29 00:02:38.506291 奖品已发完
2026/05/29 00:02:38.517588 奖品已发完
2026/05/29 00:02:38.517588 奖品已发完
2026/05/29 00:02:38.517588 奖品已发完
2026/05/29 00:02:38.517588 奖品已发完
2026/05/29 00:02:38.517588 奖品已发完
2026/05/29 00:02:38.506291 奖品已发完
2026/05/29 00:02:38.517588 奖品已发完
2026/05/29 00:02:38.517588 奖品已发完
2026/05/29 00:02:38.517588 奖品已发完
2026/05/29 00:02:38.517588 奖品已发完
2026/05/29 00:02:38.517588 奖品已发完
2026/05/29 00:02:38.506291 奖品已发完
2026/05/29 00:02:38.517588 奖品已发完
2026/05/29 00:02:38.517588 奖品已发完
2026/05/29 00:02:38.517588 奖品已发完
2026/05/29 00:02:38.517588 奖品已发完
2026/05/29 00:02:38.517588 奖品已发完
2026/05/29 00:02:38.506291 奖品已发完
2026/05/29 00:02:38.517588 奖品已发完
2026/05/29 00:02:38.517588 奖品已发完
2026/05/29 00:02:38.517588 奖品已发完
2026/05/29 00:02:38.517588 奖品已发完
2026/05/29 00:02:38.517588 奖品已发完
2026/05/29 00:02:38.506291 奖品已发完
2026/05/29 00:02:38.517588 奖品已发完
2026/05/29 00:02:38.517588 奖品已发完
2026/05/29 00:02:38.517588 奖品已发完
2026/05/29 00:02:38.517588 奖品已发完
2026/05/29 00:02:38.517588 奖品已发完
2026/05/29 00:02:38.506291 奖品已发完
2026/05/29 00:02:38.517588 奖品已发完
2026/05/29 00:02:38.517588 奖品已发完
2026/05/29 00:02:38.517588 奖品已发完
2026/05/29 00:02:38.517588 奖品已发完
2026/05/29 00:02:38.517588 奖品已发完
2026/05/29 00:02:38.506291 奖品已发完
2026/05/29 00:02:38.517588 奖品已发完
2026/05/29 00:02:38.517588 奖品已发完
2026/05/29 00:02:38.517588 奖品已发完
2026/05/29 00:02:38.506291 奖品已发完
2026/05/29 00:02:38.517588 奖品已发完
2026/05/29 00:02:38.517588 奖品已发完
2026/05/29 00:02:38.497206 奖品已发完
2026/05/29 00:02:38.517588 奖品已发完
2026/05/29 00:02:38.517588 奖品已发完
2026/05/29 00:02:38.517588 奖品已发完
2026/05/29 00:02:38.506291 奖品已发完
2026/05/29 00:02:38.517588 奖品已发完
2026/05/29 00:02:38.517588 奖品已发完
2026/05/29 00:02:38.517588 奖品已发完
2026/05/29 00:02:38.517588 奖品已发完
2026/05/29 00:02:38.497206 奖品已发完
2026/05/29 00:02:38.506291 奖品已发完
2026/05/29 00:02:38.506291 奖品已发完
2026/05/29 00:02:38.506291 奖品已发完
2026/05/29 00:02:38.506291 奖品已发完
2026/05/29 00:02:38.506291 奖品已发完
2026/05/29 00:02:38.506291 奖品已发完
2026/05/29 00:02:38.506291 奖品已发完
2026/05/29 00:02:38.507394 奖品已发完
2026/05/29 00:02:38.507394 奖品已发完
2026/05/29 00:02:38.507394 奖品已发完
2026/05/29 00:02:38.507394 奖品已发完
2026/05/29 00:02:38.507394 奖品已发完
2026/05/29 00:02:38.507394 奖品已发完
2026/05/29 00:02:38.507394 奖品已发完
2026/05/29 00:02:38.507394 奖品已发完
2026/05/29 00:02:38.507394 奖品已发完
2026/05/29 00:02:38.507394 奖品已发完
2026/05/29 00:02:38.507394 奖品已发完
2026/05/29 00:02:38.507394 奖品已发完
2026/05/29 00:02:38.507394 奖品已发完
2026/05/29 00:02:38.507394 奖品已发完
2026/05/29 00:02:38.507394 奖品已发完
2026/05/29 00:02:38.518595 奖品已发完
2026/05/29 00:02:38.518595 奖品已发完
2026/05/29 00:02:38.518595 奖品已发完
2026/05/29 00:02:38.507394 奖品已发完
2026/05/29 00:02:38.507394 奖品已发完
2026/05/29 00:02:38.497206 奖品已发完
2026/05/29 00:02:38.507394 奖品已发完
2026/05/29 00:02:38.507394 奖品已发完
2026/05/29 00:02:38.507394 奖品已发完
2026/05/29 00:02:38.507394 奖品已发完
2026/05/29 00:02:38.507394 奖品已发完
2026/05/29 00:02:38.507394 奖品已发完
2026/05/29 00:02:38.507394 奖品已发完
2026/05/29 00:02:38.507394 奖品已发完
2026/05/29 00:02:38.507394 奖品已发完
2026/05/29 00:02:38.507394 奖品已发完
2026/05/29 00:02:38.507394 奖品已发完
2026/05/29 00:02:38.507394 奖品已发完
2026/05/29 00:02:38.507394 奖品已发完
2026/05/29 00:02:38.507394 奖品已发完
2026/05/29 00:02:38.507394 奖品已发完
2026/05/29 00:02:38.507394 奖品已发完
2026/05/29 00:02:38.507394 奖品已发完
2026/05/29 00:02:38.507394 奖品已发完
2026/05/29 00:02:38.507394 奖品已发完
2026/05/29 00:02:38.507394 奖品已发完
2026/05/29 00:02:38.507394 奖品已发完
2026/05/29 00:02:38.507394 奖品已发完
2026/05/29 00:02:38.507394 奖品已发完
2026/05/29 00:02:38.507394 奖品已发完
2026/05/29 00:02:38.507394 奖品已发完
2026/05/29 00:02:38.507394 奖品已发完
2026/05/29 00:02:38.507394 奖品已发完
2026/05/29 00:02:38.507394 奖品已发完
2026/05/29 00:02:38.507394 奖品已发完
2026/05/29 00:02:38.507394 奖品已发完
2026/05/29 00:02:38.507394 奖品已发完
2026/05/29 00:02:38.518595 奖品已发完
2026/05/29 00:02:38.518595 奖品已发完
2026/05/29 00:02:38.518595 奖品已发完
2026/05/29 00:02:38.507394 奖品已发完
2026/05/29 00:02:38.518595 奖品已发完
2026/05/29 00:02:38.518595 奖品已发完
2026/05/29 00:02:38.518595 奖品已发完
2026/05/29 00:02:38.518595 奖品已发完
2026/05/29 00:02:38.518595 奖品已发完
2026/05/29 00:02:38.507394 奖品已发完
2026/05/29 00:02:38.507394 奖品已发完
2026/05/29 00:02:38.507394 奖品已发完
2026/05/29 00:02:38.507394 奖品已发完
2026/05/29 00:02:38.507394 奖品已发完
2026/05/29 00:02:38.507394 奖品已发完
2026/05/29 00:02:38.507394 奖品已发完
2026/05/29 00:02:38.507394 奖品已发完
2026/05/29 00:02:38.507394 奖品已发完
2026/05/29 00:02:38.507394 奖品已发完
2026/05/29 00:02:38.507394 奖品已发完
2026/05/29 00:02:38.507394 奖品已发完
2026/05/29 00:02:38.507394 奖品已发完
2026/05/29 00:02:38.507394 奖品已发完
2026/05/29 00:02:38.518595 奖品已发完
2026/05/29 00:02:38.518595 奖品已发完
2026/05/29 00:02:38.518595 奖品已发完
2026/05/29 00:02:38.518595 奖品已发完
2026/05/29 00:02:38.518595 奖品已发完
2026/05/29 00:02:38.507394 奖品已发完
2026/05/29 00:02:38.507394 奖品已发完
2026/05/29 00:02:38.507394 奖品已发完
2026/05/29 00:02:38.507394 奖品已发完
2026/05/29 00:02:38.507394 奖品已发完
2026/05/29 00:02:38.507394 奖品已发完
2026/05/29 00:02:38.507394 奖品已发完
2026/05/29 00:02:38.507394 奖品已发完
2026/05/29 00:02:38.507394 奖品已发完
2026/05/29 00:02:38.507394 奖品已发完
2026/05/29 00:02:38.497710 奖品已发完
2026/05/29 00:02:38.507394 奖品已发完
2026/05/29 00:02:38.507394 奖品已发完
2026/05/29 00:02:38.507394 奖品已发完
2026/05/29 00:02:38.518595 奖品已发完
2026/05/29 00:02:38.518595 奖品已发完
2026/05/29 00:02:38.507394 奖品已发完
2026/05/29 00:02:38.507394 奖品已发完
2026/05/29 00:02:38.507394 奖品已发完
2026/05/29 00:02:38.507394 奖品已发完
2026/05/29 00:02:38.507394 奖品已发完
2026/05/29 00:02:38.507394 奖品已发完
2026/05/29 00:02:38.507394 奖品已发完
2026/05/29 00:02:38.507394 奖品已发完
2026/05/29 00:02:38.507394 奖品已发完
2026/05/29 00:02:38.507394 奖品已发完
2026/05/29 00:02:38.507394 奖品已发完
2026/05/29 00:02:38.507394 奖品已发完
2026/05/29 00:02:38.507394 奖品已发完
2026/05/29 00:02:38.507394 奖品已发完
2026/05/29 00:02:38.507394 奖品已发完
2026/05/29 00:02:38.507394 奖品已发完
2026/05/29 00:02:38.507394 奖品已发完
2026/05/29 00:02:38.507394 奖品已发完
2026/05/29 00:02:38.507394 奖品已发完
2026/05/29 00:02:38.507394 奖品已发完
2026/05/29 00:02:38.507394 奖品已发完
2026/05/29 00:02:38.507394 奖品已发完
2026/05/29 00:02:38.507394 奖品已发完
2026/05/29 00:02:38.507394 奖品已发完
2026/05/29 00:02:38.507394 奖品已发完
2026/05/29 00:02:38.498228 奖品已发完
2026/05/29 00:02:38.507394 奖品已发完
2026/05/29 00:02:38.508403 奖品已发完
2026/05/29 00:02:38.508403 奖品已发完
2026/05/29 00:02:38.508403 奖品已发完
2026/05/29 00:02:38.508403 奖品已发完
2026/05/29 00:02:38.508403 奖品已发完
2026/05/29 00:02:38.508403 奖品已发完
2026/05/29 00:02:38.508403 奖品已发完
2026/05/29 00:02:38.508403 奖品已发完
2026/05/29 00:02:38.508403 奖品已发完
2026/05/29 00:02:38.508403 奖品已发完
2026/05/29 00:02:38.508403 奖品已发完
2026/05/29 00:02:38.508403 奖品已发完
2026/05/29 00:02:38.508403 奖品已发完
2026/05/29 00:02:38.508403 奖品已发完
2026/05/29 00:02:38.508403 奖品已发完
2026/05/29 00:02:38.508403 奖品已发完
2026/05/29 00:02:38.508403 奖品已发完
2026/05/29 00:02:38.508403 奖品已发完
2026/05/29 00:02:38.508403 奖品已发完
2026/05/29 00:02:38.508403 奖品已发完
2026/05/29 00:02:38.508403 奖品已发完
2026/05/29 00:02:38.508403 奖品已发完
2026/05/29 00:02:38.508403 奖品已发完
2026/05/29 00:02:38.508403 奖品已发完
2026/05/29 00:02:38.508403 奖品已发完
2026/05/29 00:02:38.508403 奖品已发完
2026/05/29 00:02:38.508403 奖品已发完
2026/05/29 00:02:38.508403 奖品已发完
2026/05/29 00:02:38.508403 奖品已发完
2026/05/29 00:02:38.508403 奖品已发完
2026/05/29 00:02:38.508403 奖品已发完
2026/05/29 00:02:38.508403 奖品已发完
2026/05/29 00:02:38.508403 奖品已发完
2026/05/29 00:02:38.508403 奖品已发完
2026/05/29 00:02:38.508403 奖品已发完
2026/05/29 00:02:38.508403 奖品已发完
2026/05/29 00:02:38.508403 奖品已发完
2026/05/29 00:02:38.508403 奖品已发完
2026/05/29 00:02:38.508403 奖品已发完
2026/05/29 00:02:38.508403 奖品已发完
2026/05/29 00:02:38.508403 奖品已发完
2026/05/29 00:02:38.508403 奖品已发完
2026/05/29 00:02:38.520014 奖品已发完
2026/05/29 00:02:38.520014 奖品已发完
2026/05/29 00:02:38.508403 奖品已发完
2026/05/29 00:02:38.520014 奖品已发完
2026/05/29 00:02:38.520014 奖品已发完
2026/05/29 00:02:38.520014 奖品已发完
2026/05/29 00:02:38.508403 奖品已发完
2026/05/29 00:02:38.508403 奖品已发完
2026/05/29 00:02:38.508403 奖品已发完
2026/05/29 00:02:38.508403 奖品已发完
2026/05/29 00:02:38.508403 奖品已发完
2026/05/29 00:02:38.508403 奖品已发完
2026/05/29 00:02:38.508403 奖品已发完
2026/05/29 00:02:38.508403 奖品已发完
2026/05/29 00:02:38.508403 奖品已发完
2026/05/29 00:02:38.508403 奖品已发完
2026/05/29 00:02:38.508403 奖品已发完
2026/05/29 00:02:38.509122 奖品已发完
2026/05/29 00:02:38.509122 奖品已发完
2026/05/29 00:02:38.509122 奖品已发完
2026/05/29 00:02:38.509122 奖品已发完
2026/05/29 00:02:38.509122 奖品已发完
2026/05/29 00:02:38.509122 奖品已发完
2026/05/29 00:02:38.509122 奖品已发完
2026/05/29 00:02:38.509122 奖品已发完
2026/05/29 00:02:38.509122 奖品已发完
2026/05/29 00:02:38.509122 奖品已发完
2026/05/29 00:02:38.509122 奖品已发完
2026/05/29 00:02:38.509122 奖品已发完
2026/05/29 00:02:38.509122 奖品已发完
2026/05/29 00:02:38.509122 奖品已发完
2026/05/29 00:02:38.509122 奖品已发完
2026/05/29 00:02:38.509122 奖品已发完
2026/05/29 00:02:38.509122 奖品已发完
2026/05/29 00:02:38.509122 奖品已发完
2026/05/29 00:02:38.509122 奖品已发完
2026/05/29 00:02:38.509122 奖品已发完
2026/05/29 00:02:38.509122 奖品已发完
2026/05/29 00:02:38.509122 奖品已发完
2026/05/29 00:02:38.509122 奖品已发完
2026/05/29 00:02:38.509122 奖品已发完
2026/05/29 00:02:38.509122 奖品已发完
2026/05/29 00:02:38.509122 奖品已发完
2026/05/29 00:02:38.509122 奖品已发完
2026/05/29 00:02:38.509122 奖品已发完
2026/05/29 00:02:38.509122 奖品已发完
2026/05/29 00:02:38.509122 奖品已发完
2026/05/29 00:02:38.509122 奖品已发完
2026/05/29 00:02:38.509122 奖品已发完
2026/05/29 00:02:38.509122 奖品已发完
2026/05/29 00:02:38.509122 奖品已发完
2026/05/29 00:02:38.509122 奖品已发完
2026/05/29 00:02:38.509122 奖品已发完
2026/05/29 00:02:38.509122 奖品已发完
2026/05/29 00:02:38.509122 奖品已发完
2026/05/29 00:02:38.509122 奖品已发完
2026/05/29 00:02:38.509122 奖品已发完
2026/05/29 00:02:38.509122 奖品已发完
2026/05/29 00:02:38.488556 奖品已发完
2026/05/29 00:02:38.509122 奖品已发完
2026/05/29 00:02:38.509122 奖品已发完
2026/05/29 00:02:38.509122 奖品已发完
2026/05/29 00:02:38.509122 奖品已发完
2026/05/29 00:02:38.509122 奖品已发完
2026/05/29 00:02:38.509122 奖品已发完
2026/05/29 00:02:38.509122 奖品已发完
2026/05/29 00:02:38.509122 奖品已发完
2026/05/29 00:02:38.509122 奖品已发完
2026/05/29 00:02:38.509122 奖品已发完
2026/05/29 00:02:38.509122 奖品已发完
2026/05/29 00:02:38.509122 奖品已发完
2026/05/29 00:02:38.509122 奖品已发完
2026/05/29 00:02:38.509122 奖品已发完
2026/05/29 00:02:38.509122 奖品已发完
2026/05/29 00:02:38.509122 奖品已发完
2026/05/29 00:02:38.509122 奖品已发完
2026/05/29 00:02:38.509122 奖品已发完
2026/05/29 00:02:38.509122 奖品已发完
2026/05/29 00:02:38.509122 奖品已发完
2026/05/29 00:02:38.509122 奖品已发完
2026/05/29 00:02:38.509122 奖品已发完
2026/05/29 00:02:38.509122 奖品已发完
2026/05/29 00:02:38.509122 奖品已发完
2026/05/29 00:02:38.509122 奖品已发完
2026/05/29 00:02:38.509122 奖品已发完
2026/05/29 00:02:38.509122 奖品已发完
2026/05/29 00:02:38.509122 奖品已发完
2026/05/29 00:02:38.509122 奖品已发完
2026/05/29 00:02:38.509122 奖品已发完
2026/05/29 00:02:38.509122 奖品已发完
2026/05/29 00:02:38.521036 奖品已发完
2026/05/29 00:02:38.521036 奖品已发完
2026/05/29 00:02:38.521036 奖品已发完
2026/05/29 00:02:38.521036 奖品已发完
2026/05/29 00:02:38.521036 奖品已发完
2026/05/29 00:02:38.521036 奖品已发完
2026/05/29 00:02:38.521036 奖品已发完
2026/05/29 00:02:38.521036 奖品已发完
2026/05/29 00:02:38.521036 奖品已发完
2026/05/29 00:02:38.521036 奖品已发完
2026/05/29 00:02:38.521036 奖品已发完
2026/05/29 00:02:38.521036 奖品已发完
2026/05/29 00:02:38.521036 奖品已发完
2026/05/29 00:02:38.521036 奖品已发完
2026/05/29 00:02:38.521036 奖品已发完
2026/05/29 00:02:38.509122 奖品已发完
2026/05/29 00:02:38.521036 奖品已发完
2026/05/29 00:02:38.521036 奖品已发完
2026/05/29 00:02:38.521036 奖品已发完
2026/05/29 00:02:38.509122 奖品已发完
2026/05/29 00:02:38.521036 奖品已发完
2026/05/29 00:02:38.509122 奖品已发完
2026/05/29 00:02:38.509122 奖品已发完
2026/05/29 00:02:38.509122 奖品已发完
2026/05/29 00:02:38.509122 奖品已发完
2026/05/29 00:02:38.509122 奖品已发完
2026/05/29 00:02:38.509122 奖品已发完
2026/05/29 00:02:38.521036 奖品已发完
2026/05/29 00:02:38.521036 奖品已发完
2026/05/29 00:02:38.521036 奖品已发完
2026/05/29 00:02:38.521036 奖品已发完
2026/05/29 00:02:38.509122 奖品已发完
2026/05/29 00:02:38.509122 奖品已发完
2026/05/29 00:02:38.509122 奖品已发完
2026/05/29 00:02:38.509122 奖品已发完
2026/05/29 00:02:38.509122 奖品已发完
2026/05/29 00:02:38.509122 奖品已发完
2026/05/29 00:02:38.509122 奖品已发完
2026/05/29 00:02:38.509122 奖品已发完
2026/05/29 00:02:38.509122 奖品已发完
2026/05/29 00:02:38.509122 奖品已发完
2026/05/29 00:02:38.509122 奖品已发完
2026/05/29 00:02:38.509122 奖品已发完
2026/05/29 00:02:38.509122 奖品已发完
2026/05/29 00:02:38.510132 奖品已发完
2026/05/29 00:02:38.510132 奖品已发完
2026/05/29 00:02:38.510132 奖品已发完
2026/05/29 00:02:38.510132 奖品已发完
2026/05/29 00:02:38.510132 奖品已发完
2026/05/29 00:02:38.510132 奖品已发完
2026/05/29 00:02:38.510132 奖品已发完
2026/05/29 00:02:38.510132 奖品已发完
2026/05/29 00:02:38.510132 奖品已发完
2026/05/29 00:02:38.510132 奖品已发完
2026/05/29 00:02:38.510132 奖品已发完
2026/05/29 00:02:38.510132 奖品已发完
2026/05/29 00:02:38.510132 奖品已发完
2026/05/29 00:02:38.510132 奖品已发完
2026/05/29 00:02:38.510132 奖品已发完
2026/05/29 00:02:38.510132 奖品已发完
2026/05/29 00:02:38.510132 奖品已发完
2026/05/29 00:02:38.510132 奖品已发完
2026/05/29 00:02:38.510132 奖品已发完
2026/05/29 00:02:38.510132 奖品已发完
2026/05/29 00:02:38.510132 奖品已发完
2026/05/29 00:02:38.510132 奖品已发完
2026/05/29 00:02:38.510132 奖品已发完
2026/05/29 00:02:38.510132 奖品已发完
2026/05/29 00:02:38.510132 奖品已发完
2026/05/29 00:02:38.510132 奖品已发完
2026/05/29 00:02:38.510132 奖品已发完
2026/05/29 00:02:38.510132 奖品已发完
2026/05/29 00:02:38.510132 奖品已发完
2026/05/29 00:02:38.510132 奖品已发完
2026/05/29 00:02:38.510132 奖品已发完
2026/05/29 00:02:38.510132 奖品已发完
2026/05/29 00:02:38.510132 奖品已发完
2026/05/29 00:02:38.510132 奖品已发完
2026/05/29 00:02:38.510132 奖品已发完
2026/05/29 00:02:38.510132 奖品已发完
2026/05/29 00:02:38.510132 奖品已发完
2026/05/29 00:02:38.510132 奖品已发完
2026/05/29 00:02:38.510132 奖品已发完
2026/05/29 00:02:38.510132 奖品已发完
2026/05/29 00:02:38.499500 奖品已发完
2026/05/29 00:02:38.510132 奖品已发完
2026/05/29 00:02:38.510132 奖品已发完
2026/05/29 00:02:38.510132 奖品已发完
2026/05/29 00:02:38.510132 奖品已发完
2026/05/29 00:02:38.510132 奖品已发完
2026/05/29 00:02:38.510132 奖品已发完
2026/05/29 00:02:38.510132 奖品已发完
2026/05/29 00:02:38.510132 奖品已发完
2026/05/29 00:02:38.510132 奖品已发完
2026/05/29 00:02:38.510132 奖品已发完
2026/05/29 00:02:38.510132 奖品已发完
2026/05/29 00:02:38.510132 奖品已发完
2026/05/29 00:02:38.510132 奖品已发完
2026/05/29 00:02:38.510132 奖品已发完
2026/05/29 00:02:38.510132 奖品已发完
2026/05/29 00:02:38.510132 奖品已发完
2026/05/29 00:02:38.510132 奖品已发完
2026/05/29 00:02:38.510132 奖品已发完
2026/05/29 00:02:38.510132 奖品已发完
2026/05/29 00:02:38.510132 奖品已发完
2026/05/29 00:02:38.510132 奖品已发完
2026/05/29 00:02:38.510132 奖品已发完
2026/05/29 00:02:38.500561 奖品已发完
2026/05/29 00:02:38.510132 奖品已发完
2026/05/29 00:02:38.510132 奖品已发完
2026/05/29 00:02:38.510132 奖品已发完
2026/05/29 00:02:38.510132 奖品已发完
2026/05/29 00:02:38.510132 奖品已发完
2026/05/29 00:02:38.510132 奖品已发完
2026/05/29 00:02:38.510132 奖品已发完
2026/05/29 00:02:38.510132 奖品已发完
2026/05/29 00:02:38.510132 奖品已发完
2026/05/29 00:02:38.510132 奖品已发完
2026/05/29 00:02:38.510132 奖品已发完
2026/05/29 00:02:38.510132 奖品已发完
2026/05/29 00:02:38.510132 奖品已发完
2026/05/29 00:02:38.510132 奖品已发完
2026/05/29 00:02:38.510132 奖品已发完
2026/05/29 00:02:38.510132 奖品已发完
2026/05/29 00:02:38.510132 奖品已发完
2026/05/29 00:02:38.510132 奖品已发完
2026/05/29 00:02:38.510132 奖品已发完
2026/05/29 00:02:38.510132 奖品已发完
2026/05/29 00:02:38.510132 奖品已发完
2026/05/29 00:02:38.510132 奖品已发完
2026/05/29 00:02:38.510132 奖品已发完
2026/05/29 00:02:38.510132 奖品已发完
2026/05/29 00:02:38.510132 奖品已发完
2026/05/29 00:02:38.510132 奖品已发完
2026/05/29 00:02:38.510132 奖品已发完
2026/05/29 00:02:38.510132 奖品已发完
2026/05/29 00:02:38.510132 奖品已发完
2026/05/29 00:02:38.510132 奖品已发完
2026/05/29 00:02:38.510132 奖品已发完
2026/05/29 00:02:38.510132 奖品已发完
2026/05/29 00:02:38.510132 奖品已发完
2026/05/29 00:02:38.510132 奖品已发完
2026/05/29 00:02:38.510132 奖品已发完
2026/05/29 00:02:38.510132 奖品已发完
2026/05/29 00:02:38.500561 奖品已发完
2026/05/29 00:02:38.510132 奖品已发完
2026/05/29 00:02:38.510132 奖品已发完
2026/05/29 00:02:38.510132 奖品已发完
2026/05/29 00:02:38.510132 奖品已发完
2026/05/29 00:02:38.510132 奖品已发完
2026/05/29 00:02:38.510132 奖品已发完
2026/05/29 00:02:38.510132 奖品已发完
2026/05/29 00:02:38.510132 奖品已发完
2026/05/29 00:02:38.510132 奖品已发完
2026/05/29 00:02:38.510132 奖品已发完
2026/05/29 00:02:38.510132 奖品已发完
2026/05/29 00:02:38.511143 奖品已发完
2026/05/29 00:02:38.511143 奖品已发完
2026/05/29 00:02:38.511143 奖品已发完
2026/05/29 00:02:38.511143 奖品已发完
2026/05/29 00:02:38.511143 奖品已发完
2026/05/29 00:02:38.511143 奖品已发完
2026/05/29 00:02:38.511143 奖品已发完
2026/05/29 00:02:38.511143 奖品已发完
2026/05/29 00:02:38.511143 奖品已发完
2026/05/29 00:02:38.511143 奖品已发完
2026/05/29 00:02:38.511143 奖品已发完
2026/05/29 00:02:38.511143 奖品已发完
2026/05/29 00:02:38.511143 奖品已发完
2026/05/29 00:02:38.511143 奖品已发完
2026/05/29 00:02:38.511143 奖品已发完
2026/05/29 00:02:38.511143 奖品已发完
2026/05/29 00:02:38.511143 奖品已发完
2026/05/29 00:02:38.511143 奖品已发完
2026/05/29 00:02:38.511143 奖品已发完
2026/05/29 00:02:38.511143 奖品已发完
2026/05/29 00:02:38.511143 奖品已发完
2026/05/29 00:02:38.511143 奖品已发完
2026/05/29 00:02:38.511143 奖品已发完
2026/05/29 00:02:38.511143 奖品已发完
2026/05/29 00:02:38.511143 奖品已发完
2026/05/29 00:02:38.511143 奖品已发完
2026/05/29 00:02:38.511143 奖品已发完
2026/05/29 00:02:38.511143 奖品已发完
2026/05/29 00:02:38.511143 奖品已发完
2026/05/29 00:02:38.511143 奖品已发完
2026/05/29 00:02:38.511143 奖品已发完
2026/05/29 00:02:38.511143 奖品已发完
2026/05/29 00:02:38.511143 奖品已发完
2026/05/29 00:02:38.511143 奖品已发完
2026/05/29 00:02:38.511143 奖品已发完
2026/05/29 00:02:38.511143 奖品已发完
2026/05/29 00:02:38.511143 奖品已发完
2026/05/29 00:02:38.511143 奖品已发完
2026/05/29 00:02:38.511143 奖品已发完
2026/05/29 00:02:38.511143 奖品已发完
2026/05/29 00:02:38.511143 奖品已发完
2026/05/29 00:02:38.511143 奖品已发完
2026/05/29 00:02:38.511143 奖品已发完
2026/05/29 00:02:38.511143 奖品已发完
2026/05/29 00:02:38.511143 奖品已发完
2026/05/29 00:02:38.511143 奖品已发完
2026/05/29 00:02:38.511143 奖品已发完
2026/05/29 00:02:38.511143 奖品已发完
2026/05/29 00:02:38.511143 奖品已发完
2026/05/29 00:02:38.511143 奖品已发完
2026/05/29 00:02:38.511143 奖品已发完
2026/05/29 00:02:38.511143 奖品已发完
2026/05/29 00:02:38.511143 奖品已发完
2026/05/29 00:02:38.511143 奖品已发完
2026/05/29 00:02:38.511143 奖品已发完
2026/05/29 00:02:38.511143 奖品已发完
2026/05/29 00:02:38.511143 奖品已发完
2026/05/29 00:02:38.511143 奖品已发完
2026/05/29 00:02:38.511143 奖品已发完
2026/05/29 00:02:38.511143 奖品已发完
2026/05/29 00:02:38.511143 奖品已发完
2026/05/29 00:02:38.511143 奖品已发完
2026/05/29 00:02:38.511143 奖品已发完
2026/05/29 00:02:38.511143 奖品已发完
2026/05/29 00:02:38.511143 奖品已发完
2026/05/29 00:02:38.511143 奖品已发完
2026/05/29 00:02:38.511143 奖品已发完
2026/05/29 00:02:38.511143 奖品已发完
2026/05/29 00:02:38.511143 奖品已发完
2026/05/29 00:02:38.511143 奖品已发完
2026/05/29 00:02:38.501571 奖品已发完
2026/05/29 00:02:38.511143 奖品已发完
2026/05/29 00:02:38.511143 奖品已发完
2026/05/29 00:02:38.511143 奖品已发完
2026/05/29 00:02:38.511143 奖品已发完
2026/05/29 00:02:38.511143 奖品已发完
2026/05/29 00:02:38.511143 奖品已发完
2026/05/29 00:02:38.511143 奖品已发完
2026/05/29 00:02:38.511143 奖品已发完
2026/05/29 00:02:38.511143 奖品已发完
2026/05/29 00:02:38.511143 奖品已发完
2026/05/29 00:02:38.511143 奖品已发完
2026/05/29 00:02:38.511143 奖品已发完
2026/05/29 00:02:38.511143 奖品已发完
2026/05/29 00:02:38.511143 奖品已发完
2026/05/29 00:02:38.512142 奖品已发完
2026/05/29 00:02:38.512142 奖品已发完
2026/05/29 00:02:38.512142 奖品已发完
2026/05/29 00:02:38.512142 奖品已发完
2026/05/29 00:02:38.512142 奖品已发完
2026/05/29 00:02:38.512142 奖品已发完
2026/05/29 00:02:38.512142 奖品已发完
2026/05/29 00:02:38.512142 奖品已发完
2026/05/29 00:02:38.512142 奖品已发完
2026/05/29 00:02:38.512142 奖品已发完
2026/05/29 00:02:38.512142 奖品已发完
2026/05/29 00:02:38.512142 奖品已发完
2026/05/29 00:02:38.512142 奖品已发完
2026/05/29 00:02:38.512142 奖品已发完
2026/05/29 00:02:38.512142 奖品已发完
2026/05/29 00:02:38.512142 奖品已发完
2026/05/29 00:02:38.512142 奖品已发完
2026/05/29 00:02:38.512142 奖品已发完
2026/05/29 00:02:38.512142 奖品已发完
2026/05/29 00:02:38.512142 奖品已发完
2026/05/29 00:02:38.512142 奖品已发完
2026/05/29 00:02:38.512142 奖品已发完
2026/05/29 00:02:38.512142 奖品已发完
2026/05/29 00:02:38.512142 奖品已发完
2026/05/29 00:02:38.512142 奖品已发完
2026/05/29 00:02:38.512142 奖品已发完
2026/05/29 00:02:38.512142 奖品已发完
2026/05/29 00:02:38.512142 奖品已发完
2026/05/29 00:02:38.512142 奖品已发完
2026/05/29 00:02:38.512142 奖品已发完
2026/05/29 00:02:38.512142 奖品已发完
2026/05/29 00:02:38.512142 奖品已发完
2026/05/29 00:02:38.512142 奖品已发完
2026/05/29 00:02:38.523023 奖品已发完
2026/05/29 00:02:38.523023 奖品已发完
2026/05/29 00:02:38.523023 奖品已发完
2026/05/29 00:02:38.523023 奖品已发完
2026/05/29 00:02:38.512142 奖品已发完
2026/05/29 00:02:38.523023 奖品已发完
2026/05/29 00:02:38.523023 奖品已发完
2026/05/29 00:02:38.512142 奖品已发完
2026/05/29 00:02:38.523023 奖品已发完
2026/05/29 00:02:38.523023 奖品已发完
2026/05/29 00:02:38.523023 奖品已发完
2026/05/29 00:02:38.523023 奖品已发完
2026/05/29 00:02:38.512142 奖品已发完
2026/05/29 00:02:38.512142 奖品已发完
2026/05/29 00:02:38.512142 奖品已发完
2026/05/29 00:02:38.512142 奖品已发完
2026/05/29 00:02:38.512142 奖品已发完
2026/05/29 00:02:38.512142 奖品已发完
2026/05/29 00:02:38.512142 奖品已发完
2026/05/29 00:02:38.512142 奖品已发完
2026/05/29 00:02:38.512142 奖品已发完
2026/05/29 00:02:38.512142 奖品已发完
2026/05/29 00:02:38.512142 奖品已发完
2026/05/29 00:02:38.523023 奖品已发完
2026/05/29 00:02:38.523023 奖品已发完
2026/05/29 00:02:38.523023 奖品已发完
2026/05/29 00:02:38.523023 奖品已发完
2026/05/29 00:02:38.512142 奖品已发完
2026/05/29 00:02:38.512142 奖品已发完
2026/05/29 00:02:38.512142 奖品已发完
2026/05/29 00:02:38.512142 奖品已发完
2026/05/29 00:02:38.512142 奖品已发完
2026/05/29 00:02:38.512142 奖品已发完
2026/05/29 00:02:38.512142 奖品已发完
2026/05/29 00:02:38.512142 奖品已发完
2026/05/29 00:02:38.512142 奖品已发完
2026/05/29 00:02:38.512142 奖品已发完
2026/05/29 00:02:38.512142 奖品已发完
2026/05/29 00:02:38.512142 奖品已发完
2026/05/29 00:02:38.512142 奖品已发完
2026/05/29 00:02:38.512142 奖品已发完
2026/05/29 00:02:38.512142 奖品已发完
2026/05/29 00:02:38.512142 奖品已发完
2026/05/29 00:02:38.512142 奖品已发完
2026/05/29 00:02:38.512142 奖品已发完
2026/05/29 00:02:38.512142 奖品已发完
2026/05/29 00:02:38.512142 奖品已发完
2026/05/29 00:02:38.512142 奖品已发完
2026/05/29 00:02:38.512142 奖品已发完
2026/05/29 00:02:38.512142 奖品已发完
2026/05/29 00:02:38.512142 奖品已发完
2026/05/29 00:02:38.512142 奖品已发完
2026/05/29 00:02:38.512142 奖品已发完
2026/05/29 00:02:38.512142 奖品已发完
2026/05/29 00:02:38.512142 奖品已发完
2026/05/29 00:02:38.512142 奖品已发完
2026/05/29 00:02:38.512142 奖品已发完
2026/05/29 00:02:38.512142 奖品已发完
2026/05/29 00:02:38.512142 奖品已发完
2026/05/29 00:02:38.512142 奖品已发完
2026/05/29 00:02:38.512142 奖品已发完
2026/05/29 00:02:38.512773 奖品已发完
2026/05/29 00:02:38.512773 奖品已发完
2026/05/29 00:02:38.512773 奖品已发完
2026/05/29 00:02:38.512773 奖品已发完
2026/05/29 00:02:38.512773 奖品已发完
2026/05/29 00:02:38.512773 奖品已发完
2026/05/29 00:02:38.512773 奖品已发完
2026/05/29 00:02:38.512773 奖品已发完
2026/05/29 00:02:38.512773 奖品已发完
2026/05/29 00:02:38.512773 奖品已发完
2026/05/29 00:02:38.512773 奖品已发完
2026/05/29 00:02:38.512773 奖品已发完
2026/05/29 00:02:38.512773 奖品已发完
2026/05/29 00:02:38.512773 奖品已发完
2026/05/29 00:02:38.512773 奖品已发完
2026/05/29 00:02:38.512773 奖品已发完
2026/05/29 00:02:38.512773 奖品已发完
2026/05/29 00:02:38.512773 奖品已发完
2026/05/29 00:02:38.512773 奖品已发完
2026/05/29 00:02:38.512773 奖品已发完
2026/05/29 00:02:38.512773 奖品已发完
2026/05/29 00:02:38.512773 奖品已发完
2026/05/29 00:02:38.512773 奖品已发完
2026/05/29 00:02:38.512773 奖品已发完
2026/05/29 00:02:38.512773 奖品已发完
2026/05/29 00:02:38.512773 奖品已发完
2026/05/29 00:02:38.512773 奖品已发完
2026/05/29 00:02:38.512773 奖品已发完
2026/05/29 00:02:38.512773 奖品已发完
2026/05/29 00:02:38.512773 奖品已发完
2026/05/29 00:02:38.512773 奖品已发完
2026/05/29 00:02:38.512773 奖品已发完
2026/05/29 00:02:38.512773 奖品已发完
2026/05/29 00:02:38.512773 奖品已发完
2026/05/29 00:02:38.512773 奖品已发完
2026/05/29 00:02:38.512773 奖品已发完
2026/05/29 00:02:38.512773 奖品已发完
2026/05/29 00:02:38.512773 奖品已发完
2026/05/29 00:02:38.512773 奖品已发完
2026/05/29 00:02:38.512773 奖品已发完
2026/05/29 00:02:38.512773 奖品已发完
2026/05/29 00:02:38.512773 奖品已发完
2026/05/29 00:02:38.512773 奖品已发完
2026/05/29 00:02:38.512773 奖品已发完
2026/05/29 00:02:38.512773 奖品已发完
2026/05/29 00:02:38.512773 奖品已发完
2026/05/29 00:02:38.512773 奖品已发完
2026/05/29 00:02:38.512773 奖品已发完
2026/05/29 00:02:38.512773 奖品已发完
2026/05/29 00:02:38.512773 奖品已发完
2026/05/29 00:02:38.512773 奖品已发完
2026/05/29 00:02:38.512773 奖品已发完
2026/05/29 00:02:38.512773 奖品已发完
2026/05/29 00:02:38.512773 奖品已发完
2026/05/29 00:02:38.512773 奖品已发完
2026/05/29 00:02:38.512773 奖品已发完
2026/05/29 00:02:38.512773 奖品已发完
2026/05/29 00:02:38.512773 奖品已发完
2026/05/29 00:02:38.512773 奖品已发完
2026/05/29 00:02:38.512773 奖品已发完
2026/05/29 00:02:38.512773 奖品已发完
2026/05/29 00:02:38.512773 奖品已发完
2026/05/29 00:02:38.512773 奖品已发完
2026/05/29 00:02:38.512773 奖品已发完
2026/05/29 00:02:38.512773 奖品已发完
2026/05/29 00:02:38.512773 奖品已发完
2026/05/29 00:02:38.512773 奖品已发完
2026/05/29 00:02:38.512773 奖品已发完
2026/05/29 00:02:38.512773 奖品已发完
2026/05/29 00:02:38.512773 奖品已发完
2026/05/29 00:02:38.503325 奖品已发完
2026/05/29 00:02:38.512773 奖品已发完
2026/05/29 00:02:38.512773 奖品已发完
2026/05/29 00:02:38.512773 奖品已发完
2026/05/29 00:02:38.512773 奖品已发完
2026/05/29 00:02:38.512773 奖品已发完
2026/05/29 00:02:38.512773 奖品已发完
2026/05/29 00:02:38.512773 奖品已发完
2026/05/29 00:02:38.512773 奖品已发完
2026/05/29 00:02:38.512773 奖品已发完
2026/05/29 00:02:38.512773 奖品已发完
2026/05/29 00:02:38.512773 奖品已发完
2026/05/29 00:02:38.512773 奖品已发完
2026/05/29 00:02:38.512773 奖品已发完
2026/05/29 00:02:38.512773 奖品已发完
2026/05/29 00:02:38.512773 奖品已发完
2026/05/29 00:02:38.512773 奖品已发完
2026/05/29 00:02:38.512773 奖品已发完
2026/05/29 00:02:38.512773 奖品已发完
2026/05/29 00:02:38.512773 奖品已发完
2026/05/29 00:02:38.512773 奖品已发完
2026/05/29 00:02:38.512773 奖品已发完
2026/05/29 00:02:38.512773 奖品已发完
2026/05/29 00:02:38.512773 奖品已发完
2026/05/29 00:02:38.512773 奖品已发完
2026/05/29 00:02:38.512773 奖品已发完
2026/05/29 00:02:38.512773 奖品已发完
2026/05/29 00:02:38.512773 奖品已发完
2026/05/29 00:02:38.512773 奖品已发完
2026/05/29 00:02:38.512773 奖品已发完
2026/05/29 00:02:38.512773 奖品已发完
2026/05/29 00:02:38.512773 奖品已发完
2026/05/29 00:02:38.512773 奖品已发完
2026/05/29 00:02:38.512773 奖品已发完
2026/05/29 00:02:38.512773 奖品已发完
2026/05/29 00:02:38.513778 奖品已发完
2026/05/29 00:02:38.513778 奖品已发完
2026/05/29 00:02:38.513778 奖品已发完
2026/05/29 00:02:38.513778 奖品已发完
2026/05/29 00:02:38.513778 奖品已发完
2026/05/29 00:02:38.513778 奖品已发完
2026/05/29 00:02:38.513778 奖品已发完
2026/05/29 00:02:38.513778 奖品已发完
2026/05/29 00:02:38.513778 奖品已发完
2026/05/29 00:02:38.513778 奖品已发完
2026/05/29 00:02:38.513778 奖品已发完
2026/05/29 00:02:38.513778 奖品已发完
2026/05/29 00:02:38.513778 奖品已发完
2026/05/29 00:02:38.513778 奖品已发完
2026/05/29 00:02:38.513778 奖品已发完
2026/05/29 00:02:38.513778 奖品已发完
2026/05/29 00:02:38.513778 奖品已发完
2026/05/29 00:02:38.513778 奖品已发完
2026/05/29 00:02:38.513778 奖品已发完
2026/05/29 00:02:38.513778 奖品已发完
2026/05/29 00:02:38.513778 奖品已发完
2026/05/29 00:02:38.513778 奖品已发完
2026/05/29 00:02:38.504083 奖品已发完
2026/05/29 00:02:38.514302 奖品已发完
2026/05/29 00:02:38.514302 奖品已发完
2026/05/29 00:02:38.514302 奖品已发完
2026/05/29 00:02:38.514302 奖品已发完
2026/05/29 00:02:38.514302 奖品已发完
2026/05/29 00:02:38.514302 奖品已发完
2026/05/29 00:02:38.514302 奖品已发完
2026/05/29 00:02:38.514302 奖品已发完
2026/05/29 00:02:38.514302 奖品已发完
2026/05/29 00:02:38.514302 奖品已发完
2026/05/29 00:02:38.514302 奖品已发完
2026/05/29 00:02:38.514302 奖品已发完
2026/05/29 00:02:38.514302 奖品已发完
2026/05/29 00:02:38.504083 奖品已发完
2026/05/29 00:02:38.514302 奖品已发完
2026/05/29 00:02:38.514302 奖品已发完
2026/05/29 00:02:38.514302 奖品已发完
2026/05/29 00:02:38.514302 奖品已发完
2026/05/29 00:02:38.514302 奖品已发完
2026/05/29 00:02:38.514302 奖品已发完
2026/05/29 00:02:38.514302 奖品已发完
2026/05/29 00:02:38.514302 奖品已发完
2026/05/29 00:02:38.514302 奖品已发完
2026/05/29 00:02:38.514302 奖品已发完
2026/05/29 00:02:38.514302 奖品已发完
2026/05/29 00:02:38.514302 奖品已发完
2026/05/29 00:02:38.514302 奖品已发完
2026/05/29 00:02:38.514302 奖品已发完
2026/05/29 00:02:38.514302 奖品已发完
2026/05/29 00:02:38.514302 奖品已发完
2026/05/29 00:02:38.514302 奖品已发完
2026/05/29 00:02:38.514302 奖品已发完
2026/05/29 00:02:38.514302 奖品已发完
2026/05/29 00:02:38.514302 奖品已发完
2026/05/29 00:02:38.524529 奖品已发完
2026/05/29 00:02:38.524529 奖品已发完
2026/05/29 00:02:38.524529 奖品已发完
2026/05/29 00:02:38.514302 奖品已发完
2026/05/29 00:02:38.514302 奖品已发完
2026/05/29 00:02:38.514302 奖品已发完
2026/05/29 00:02:38.514302 奖品已发完
2026/05/29 00:02:38.514302 奖品已发完
2026/05/29 00:02:38.514302 奖品已发完
2026/05/29 00:02:38.514302 奖品已发完
2026/05/29 00:02:38.514302 奖品已发完
2026/05/29 00:02:38.514302 奖品已发完
2026/05/29 00:02:38.504083 奖品已发完
2026/05/29 00:02:38.514302 奖品已发完
2026/05/29 00:02:38.514302 奖品已发完
2026/05/29 00:02:38.514911 奖品已发完
2026/05/29 00:02:38.514911 奖品已发完
2026/05/29 00:02:38.514911 奖品已发完
2026/05/29 00:02:38.514911 奖品已发完
2026/05/29 00:02:38.514911 奖品已发完
2026/05/29 00:02:38.514911 奖品已发完
2026/05/29 00:02:38.514911 奖品已发完
2026/05/29 00:02:38.514911 奖品已发完
2026/05/29 00:02:38.514911 奖品已发完
2026/05/29 00:02:38.514911 奖品已发完
2026/05/29 00:02:38.514911 奖品已发完
2026/05/29 00:02:38.514911 奖品已发完
2026/05/29 00:02:38.514911 奖品已发完
2026/05/29 00:02:38.514911 奖品已发完
2026/05/29 00:02:38.514911 奖品已发完
2026/05/29 00:02:38.514911 奖品已发完
2026/05/29 00:02:38.504083 奖品已发完
2026/05/29 00:02:38.514911 奖品已发完
2026/05/29 00:02:38.514911 奖品已发完
2026/05/29 00:02:38.514911 奖品已发完
2026/05/29 00:02:38.514911 奖品已发完
2026/05/29 00:02:38.514911 奖品已发完
2026/05/29 00:02:38.514911 奖品已发完
2026/05/29 00:02:38.514911 奖品已发完
2026/05/29 00:02:38.514911 奖品已发完
2026/05/29 00:02:38.514911 奖品已发完
2026/05/29 00:02:38.514911 奖品已发完
2026/05/29 00:02:38.514911 奖品已发完
2026/05/29 00:02:38.514911 奖品已发完
2026/05/29 00:02:38.514911 奖品已发完
2026/05/29 00:02:38.514911 奖品已发完
2026/05/29 00:02:38.514911 奖品已发完
2026/05/29 00:02:38.514911 奖品已发完
2026/05/29 00:02:38.514911 奖品已发完
2026/05/29 00:02:38.514911 奖品已发完
2026/05/29 00:02:38.514911 奖品已发完
2026/05/29 00:02:38.514911 奖品已发完
2026/05/29 00:02:38.514911 奖品已发完
2026/05/29 00:02:38.514911 奖品已发完
2026/05/29 00:02:38.514911 奖品已发完
2026/05/29 00:02:38.514911 奖品已发完
2026/05/29 00:02:38.514911 奖品已发完
2026/05/29 00:02:38.514911 奖品已发完
2026/05/29 00:02:38.514911 奖品已发完
2026/05/29 00:02:38.514911 奖品已发完
2026/05/29 00:02:38.514911 奖品已发完
2026/05/29 00:02:38.514911 奖品已发完
2026/05/29 00:02:38.514911 奖品已发完
2026/05/29 00:02:38.514911 奖品已发完
2026/05/29 00:02:38.514911 奖品已发完
2026/05/29 00:02:38.514911 奖品已发完
2026/05/29 00:02:38.514911 奖品已发完
2026/05/29 00:02:38.514911 奖品已发完
2026/05/29 00:02:38.514911 奖品已发完
2026/05/29 00:02:38.514911 奖品已发完
2026/05/29 00:02:38.514911 奖品已发完
2026/05/29 00:02:38.514911 奖品已发完
2026/05/29 00:02:38.514911 奖品已发完
2026/05/29 00:02:38.514911 奖品已发完
2026/05/29 00:02:38.514911 奖品已发完
2026/05/29 00:02:38.514911 奖品已发完
2026/05/29 00:02:38.514911 奖品已发完
2026/05/29 00:02:38.514911 奖品已发完
2026/05/29 00:02:38.514911 奖品已发完
2026/05/29 00:02:38.514911 奖品已发完
2026/05/29 00:02:38.514911 奖品已发完
2026/05/29 00:02:38.514911 奖品已发完
2026/05/29 00:02:38.514911 奖品已发完
2026/05/29 00:02:38.514911 奖品已发完
2026/05/29 00:02:38.514911 奖品已发完
2026/05/29 00:02:38.514911 奖品已发完
2026/05/29 00:02:38.514911 奖品已发完
2026/05/29 00:02:38.514911 奖品已发完
2026/05/29 00:02:38.514911 奖品已发完
2026/05/29 00:02:38.514911 奖品已发完
2026/05/29 00:02:38.514911 奖品已发完
2026/05/29 00:02:38.514911 奖品已发完
2026/05/29 00:02:38.514911 奖品已发完
2026/05/29 00:02:38.514911 奖品已发完
2026/05/29 00:02:38.514911 奖品已发完
2026/05/29 00:02:38.514911 奖品已发完
2026/05/29 00:02:38.514911 奖品已发完
2026/05/29 00:02:38.514911 奖品已发完
2026/05/29 00:02:38.514911 奖品已发完
2026/05/29 00:02:38.514911 奖品已发完
2026/05/29 00:02:38.514911 奖品已发完
2026/05/29 00:02:38.514911 奖品已发完
2026/05/29 00:02:38.514911 奖品已发完
2026/05/29 00:02:38.505099 奖品已发完
2026/05/29 00:02:38.514911 奖品已发完
2026/05/29 00:02:38.514911 奖品已发完
2026/05/29 00:02:38.514911 奖品已发完
2026/05/29 00:02:38.514911 奖品已发完
2026/05/29 00:02:38.514911 奖品已发完
2026/05/29 00:02:38.514911 奖品已发完
2026/05/29 00:02:38.514911 奖品已发完
2026/05/29 00:02:38.514911 奖品已发完
2026/05/29 00:02:38.514911 奖品已发完
2026/05/29 00:02:38.514911 奖品已发完
2026/05/29 00:02:38.514911 奖品已发完
2026/05/29 00:02:38.514911 奖品已发完
2026/05/29 00:02:38.514911 奖品已发完
2026/05/29 00:02:38.525788 奖品已发完
2026/05/29 00:02:38.525788 奖品已发完
2026/05/29 00:02:38.525788 奖品已发完
2026/05/29 00:02:38.525788 奖品已发完
2026/05/29 00:02:38.525788 奖品已发完
2026/05/29 00:02:38.525788 奖品已发完
2026/05/29 00:02:38.525788 奖品已发完
2026/05/29 00:02:38.525788 奖品已发完
2026/05/29 00:02:38.514911 奖品已发完
2026/05/29 00:02:38.514911 奖品已发完
2026/05/29 00:02:38.514911 奖品已发完
2026/05/29 00:02:38.514911 奖品已发完
2026/05/29 00:02:38.514911 奖品已发完
2026/05/29 00:02:38.514911 奖品已发完
2026/05/29 00:02:38.514911 奖品已发完
2026/05/29 00:02:38.514911 奖品已发完
2026/05/29 00:02:38.514911 奖品已发完
2026/05/29 00:02:38.514911 奖品已发完
2026/05/29 00:02:38.514911 奖品已发完
2026/05/29 00:02:38.514911 奖品已发完
2026/05/29 00:02:38.514911 奖品已发完
2026/05/29 00:02:38.514911 奖品已发完
2026/05/29 00:02:38.514911 奖品已发完
2026/05/29 00:02:38.514911 奖品已发完
2026/05/29 00:02:38.514911 奖品已发完
2026/05/29 00:02:38.525788 奖品已发完
2026/05/29 00:02:38.525788 奖品已发完
2026/05/29 00:02:38.525788 奖品已发完
2026/05/29 00:02:38.525788 奖品已发完
2026/05/29 00:02:38.525788 奖品已发完
2026/05/29 00:02:38.526798 奖品已发完
2026/05/29 00:02:38.526798 奖品已发完
2026/05/29 00:02:38.526798 奖品已发完
2026/05/29 00:02:38.525788 奖品已发完
2026/05/29 00:02:38.525788 奖品已发完
2026/05/29 00:02:38.514911 奖品已发完
2026/05/29 00:02:38.526798 奖品已发完
2026/05/29 00:02:38.526798 奖品已发完
2026/05/29 00:02:38.526798 奖品已发完
2026/05/29 00:02:38.515949 奖品已发完
2026/05/29 00:02:38.526798 奖品已发完
2026/05/29 00:02:38.526798 奖品已发完
2026/05/29 00:02:38.526798 奖品已发完
2026/05/29 00:02:38.515949 奖品已发完
2026/05/29 00:02:38.505099 奖品已发完
2026/05/29 00:02:38.526798 奖品已发完
2026/05/29 00:02:38.515949 奖品已发完
2026/05/29 00:02:38.526798 奖品已发完
2026/05/29 00:02:38.526798 奖品已发完
2026/05/29 00:02:38.526798 奖品已发完
2026/05/29 00:02:38.515949 奖品已发完
2026/05/29 00:02:38.515949 奖品已发完
2026/05/29 00:02:38.515949 奖品已发完
2026/05/29 00:02:38.515949 奖品已发完
2026/05/29 00:02:38.515949 奖品已发完
2026/05/29 00:02:38.515949 奖品已发完
2026/05/29 00:02:38.515949 奖品已发完
2026/05/29 00:02:38.515949 奖品已发完
2026/05/29 00:02:38.515949 奖品已发完
2026/05/29 00:02:38.515949 奖品已发完
2026/05/29 00:02:38.515949 奖品已发完
2026/05/29 00:02:38.515949 奖品已发完
2026/05/29 00:02:38.526798 奖品已发完
2026/05/29 00:02:38.526798 奖品已发完
2026/05/29 00:02:38.526798 奖品已发完
2026/05/29 00:02:38.526798 奖品已发完
2026/05/29 00:02:38.515949 奖品已发完
2026/05/29 00:02:38.515949 奖品已发完
2026/05/29 00:02:38.515949 奖品已发完
2026/05/29 00:02:38.515949 奖品已发完
2026/05/29 00:02:38.515949 奖品已发完
2026/05/29 00:02:38.515949 奖品已发完
2026/05/29 00:02:38.515949 奖品已发完
2026/05/29 00:02:38.515949 奖品已发完
2026/05/29 00:02:38.515949 奖品已发完
2026/05/29 00:02:38.515949 奖品已发完
2026/05/29 00:02:38.515949 奖品已发完
2026/05/29 00:02:38.515949 奖品已发完
2026/05/29 00:02:38.515949 奖品已发完
2026/05/29 00:02:38.515949 奖品已发完
2026/05/29 00:02:38.515949 奖品已发完
2026/05/29 00:02:38.515949 奖品已发完
2026/05/29 00:02:38.515949 奖品已发完
2026/05/29 00:02:38.515949 奖品已发完
2026/05/29 00:02:38.515949 奖品已发完
2026/05/29 00:02:38.515949 奖品已发完
2026/05/29 00:02:38.515949 奖品已发完
2026/05/29 00:02:38.515949 奖品已发完
2026/05/29 00:02:38.515949 奖品已发完
2026/05/29 00:02:38.515949 奖品已发完
2026/05/29 00:02:38.515949 奖品已发完
2026/05/29 00:02:38.515949 奖品已发完
2026/05/29 00:02:38.515949 奖品已发完
2026/05/29 00:02:38.515949 奖品已发完
2026/05/29 00:02:38.515949 奖品已发完
2026/05/29 00:02:38.515949 奖品已发完
2026/05/29 00:02:38.515949 奖品已发完
2026/05/29 00:02:38.515949 奖品已发完
2026/05/29 00:02:38.515949 奖品已发完
2026/05/29 00:02:38.515949 奖品已发完
2026/05/29 00:02:38.515949 奖品已发完
2026/05/29 00:02:38.515949 奖品已发完
2026/05/29 00:02:38.515949 奖品已发完
2026/05/29 00:02:38.515949 奖品已发完
2026/05/29 00:02:38.515949 奖品已发完
2026/05/29 00:02:38.515949 奖品已发完
2026/05/29 00:02:38.515949 奖品已发完
2026/05/29 00:02:38.515949 奖品已发完
2026/05/29 00:02:38.515949 奖品已发完
2026/05/29 00:02:38.515949 奖品已发完
2026/05/29 00:02:38.515949 奖品已发完
2026/05/29 00:02:38.515949 奖品已发完
2026/05/29 00:02:38.515949 奖品已发完
2026/05/29 00:02:38.515949 奖品已发完
2026/05/29 00:02:38.515949 奖品已发完
2026/05/29 00:02:38.515949 奖品已发完
2026/05/29 00:02:38.517055 奖品已发完
2026/05/29 00:02:38.517055 奖品已发完
2026/05/29 00:02:38.517055 奖品已发完
2026/05/29 00:02:38.517055 奖品已发完
2026/05/29 00:02:38.517055 奖品已发完
2026/05/29 00:02:38.517055 奖品已发完
2026/05/29 00:02:38.517055 奖品已发完
2026/05/29 00:02:38.517055 奖品已发完
2026/05/29 00:02:38.517055 奖品已发完
2026/05/29 00:02:38.517055 奖品已发完
2026/05/29 00:02:38.517055 奖品已发完
2026/05/29 00:02:38.517055 奖品已发完
2026/05/29 00:02:38.517055 奖品已发完
2026/05/29 00:02:38.517055 奖品已发完
2026/05/29 00:02:38.526798 奖品已发完
2026/05/29 00:02:38.526798 奖品已发完
2026/05/29 00:02:38.517055 奖品已发完
2026/05/29 00:02:38.517055 奖品已发完
2026/05/29 00:02:38.517055 奖品已发完
2026/05/29 00:02:38.517055 奖品已发完
2026/05/29 00:02:38.506291 奖品已发完
2026/05/29 00:02:38.517588 奖品已发完
2026/05/29 00:02:38.517588 奖品已发完
2026/05/29 00:02:38.506291 奖品已发完
2026/05/29 00:02:38.517588 奖品已发完
2026/05/29 00:02:38.526798 奖品已发完
2026/05/29 00:02:38.526798 奖品已发完
2026/05/29 00:02:38.526798 奖品已发完
2026/05/29 00:02:38.526798 奖品已发完
2026/05/29 00:02:38.517588 奖品已发完
2026/05/29 00:02:38.526798 奖品已发完
2026/05/29 00:02:38.517588 奖品已发完
2026/05/29 00:02:38.517588 奖品已发完
2026/05/29 00:02:38.517588 奖品已发完
2026/05/29 00:02:38.517588 奖品已发完
2026/05/29 00:02:38.517588 奖品已发完
2026/05/29 00:02:38.517588 奖品已发完
2026/05/29 00:02:38.517588 奖品已发完
2026/05/29 00:02:38.517588 奖品已发完
2026/05/29 00:02:38.517588 奖品已发完
2026/05/29 00:02:38.506291 奖品已发完
2026/05/29 00:02:38.517588 奖品已发完
2026/05/29 00:02:38.517588 奖品已发完
2026/05/29 00:02:38.517588 奖品已发完
2026/05/29 00:02:38.517588 奖品已发完
2026/05/29 00:02:38.506291 奖品已发完
2026/05/29 00:02:38.517588 奖品已发完
2026/05/29 00:02:38.517588 奖品已发完
2026/05/29 00:02:38.517588 奖品已发完
2026/05/29 00:02:38.517588 奖品已发完
2026/05/29 00:02:38.517588 奖品已发完
2026/05/29 00:02:38.517588 奖品已发完
2026/05/29 00:02:38.517588 奖品已发完
2026/05/29 00:02:38.517588 奖品已发完
2026/05/29 00:02:38.517588 奖品已发完
2026/05/29 00:02:38.517588 奖品已发完
2026/05/29 00:02:38.517588 奖品已发完
2026/05/29 00:02:38.517588 奖品已发完
2026/05/29 00:02:38.517588 奖品已发完
2026/05/29 00:02:38.517588 奖品已发完
2026/05/29 00:02:38.517588 奖品已发完
2026/05/29 00:02:38.517588 奖品已发完
2026/05/29 00:02:38.517588 奖品已发完
2026/05/29 00:02:38.517588 奖品已发完
2026/05/29 00:02:38.517588 奖品已发完
2026/05/29 00:02:38.517588 奖品已发完
2026/05/29 00:02:38.518595 奖品已发完
2026/05/29 00:02:38.518595 奖品已发完
2026/05/29 00:02:38.507394 奖品已发完
2026/05/29 00:02:38.518595 奖品已发完
2026/05/29 00:02:38.518595 奖品已发完
2026/05/29 00:02:38.528305 奖品已发完
2026/05/29 00:02:38.528305 奖品已发完
2026/05/29 00:02:38.518595 奖品已发完
2026/05/29 00:02:38.528305 奖品已发完
2026/05/29 00:02:38.528305 奖品已发完
2026/05/29 00:02:38.528305 奖品已发完
2026/05/29 00:02:38.528305 奖品已发完
2026/05/29 00:02:38.518595 奖品已发完
2026/05/29 00:02:38.518595 奖品已发完
2026/05/29 00:02:38.518595 奖品已发完
2026/05/29 00:02:38.518595 奖品已发完
2026/05/29 00:02:38.528305 奖品已发完
2026/05/29 00:02:38.528305 奖品已发完
2026/05/29 00:02:38.518595 奖品已发完
2026/05/29 00:02:38.518595 奖品已发完
2026/05/29 00:02:38.518595 奖品已发完
2026/05/29 00:02:38.518595 奖品已发完
2026/05/29 00:02:38.518595 奖品已发完
2026/05/29 00:02:38.518595 奖品已发完
2026/05/29 00:02:38.518595 奖品已发完
2026/05/29 00:02:38.518595 奖品已发完
2026/05/29 00:02:38.518595 奖品已发完
2026/05/29 00:02:38.518595 奖品已发完
2026/05/29 00:02:38.518595 奖品已发完
2026/05/29 00:02:38.518595 奖品已发完
2026/05/29 00:02:38.518595 奖品已发完
2026/05/29 00:02:38.518595 奖品已发完
2026/05/29 00:02:38.518595 奖品已发完
2026/05/29 00:02:38.518595 奖品已发完
2026/05/29 00:02:38.518595 奖品已发完
2026/05/29 00:02:38.518595 奖品已发完
2026/05/29 00:02:38.518595 奖品已发完
2026/05/29 00:02:38.518595 奖品已发完
2026/05/29 00:02:38.518595 奖品已发完
2026/05/29 00:02:38.518595 奖品已发完
2026/05/29 00:02:38.518595 奖品已发完
2026/05/29 00:02:38.518595 奖品已发完
2026/05/29 00:02:38.518595 奖品已发完
2026/05/29 00:02:38.518595 奖品已发完
2026/05/29 00:02:38.507394 奖品已发完
2026/05/29 00:02:38.518595 奖品已发完
2026/05/29 00:02:38.518595 奖品已发完
2026/05/29 00:02:38.518595 奖品已发完
2026/05/29 00:02:38.518595 奖品已发完
2026/05/29 00:02:38.518595 奖品已发完
2026/05/29 00:02:38.518595 奖品已发完
2026/05/29 00:02:38.518595 奖品已发完
2026/05/29 00:02:38.518595 奖品已发完
2026/05/29 00:02:38.518595 奖品已发完
2026/05/29 00:02:38.518595 奖品已发完
2026/05/29 00:02:38.518595 奖品已发完
2026/05/29 00:02:38.518595 奖品已发完
2026/05/29 00:02:38.518595 奖品已发完
2026/05/29 00:02:38.507394 奖品已发完
2026/05/29 00:02:38.518595 奖品已发完
2026/05/29 00:02:38.518595 奖品已发完
2026/05/29 00:02:38.518595 奖品已发完
2026/05/29 00:02:38.518595 奖品已发完
2026/05/29 00:02:38.518595 奖品已发完
2026/05/29 00:02:38.518595 奖品已发完
2026/05/29 00:02:38.518595 奖品已发完
2026/05/29 00:02:38.518595 奖品已发完
2026/05/29 00:02:38.518595 奖品已发完
2026/05/29 00:02:38.518595 奖品已发完
2026/05/29 00:02:38.518595 奖品已发完
2026/05/29 00:02:38.518595 奖品已发完
2026/05/29 00:02:38.518595 奖品已发完
2026/05/29 00:02:38.507394 奖品已发完
2026/05/29 00:02:38.518595 奖品已发完
2026/05/29 00:02:38.518595 奖品已发完
2026/05/29 00:02:38.518595 奖品已发完
2026/05/29 00:02:38.518595 奖品已发完
2026/05/29 00:02:38.518595 奖品已发完
2026/05/29 00:02:38.518595 奖品已发完
2026/05/29 00:02:38.518595 奖品已发完
2026/05/29 00:02:38.518595 奖品已发完
2026/05/29 00:02:38.518595 奖品已发完
2026/05/29 00:02:38.518595 奖品已发完
2026/05/29 00:02:38.518595 奖品已发完
2026/05/29 00:02:38.518595 奖品已发完
2026/05/29 00:02:38.518595 奖品已发完
2026/05/29 00:02:38.518595 奖品已发完
2026/05/29 00:02:38.518595 奖品已发完
2026/05/29 00:02:38.518595 奖品已发完
2026/05/29 00:02:38.518595 奖品已发完
2026/05/29 00:02:38.518595 奖品已发完
2026/05/29 00:02:38.518595 奖品已发完
2026/05/29 00:02:38.518595 奖品已发完
2026/05/29 00:02:38.518595 奖品已发完
2026/05/29 00:02:38.518595 奖品已发完
2026/05/29 00:02:38.518595 奖品已发完
2026/05/29 00:02:38.518595 奖品已发完
2026/05/29 00:02:38.518595 奖品已发完
2026/05/29 00:02:38.518595 奖品已发完
2026/05/29 00:02:38.518595 奖品已发完
2026/05/29 00:02:38.518595 奖品已发完
2026/05/29 00:02:38.518595 奖品已发完
2026/05/29 00:02:38.518595 奖品已发完
2026/05/29 00:02:38.518595 奖品已发完
2026/05/29 00:02:38.518595 奖品已发完
2026/05/29 00:02:38.518595 奖品已发完
2026/05/29 00:02:38.518595 奖品已发完
2026/05/29 00:02:38.518595 奖品已发完
2026/05/29 00:02:38.518595 奖品已发完
2026/05/29 00:02:38.518595 奖品已发完
2026/05/29 00:02:38.518595 奖品已发完
2026/05/29 00:02:38.518595 奖品已发完
2026/05/29 00:02:38.518595 奖品已发完
2026/05/29 00:02:38.518595 奖品已发完
2026/05/29 00:02:38.518595 奖品已发完
2026/05/29 00:02:38.518595 奖品已发完
2026/05/29 00:02:38.518595 奖品已发完
2026/05/29 00:02:38.518595 奖品已发完
2026/05/29 00:02:38.518595 奖品已发完
2026/05/29 00:02:38.518595 奖品已发完
2026/05/29 00:02:38.518595 奖品已发完
2026/05/29 00:02:38.518595 奖品已发完
2026/05/29 00:02:38.518595 奖品已发完
2026/05/29 00:02:38.518595 奖品已发完
2026/05/29 00:02:38.518595 奖品已发完
2026/05/29 00:02:38.518595 奖品已发完
2026/05/29 00:02:38.518595 奖品已发完
2026/05/29 00:02:38.518595 奖品已发完
2026/05/29 00:02:38.520014 奖品已发完
2026/05/29 00:02:38.520014 奖品已发完
2026/05/29 00:02:38.520014 奖品已发完
2026/05/29 00:02:38.520014 奖品已发完
2026/05/29 00:02:38.520014 奖品已发完
2026/05/29 00:02:38.520014 奖品已发完
2026/05/29 00:02:38.520014 奖品已发完
2026/05/29 00:02:38.520014 奖品已发完
2026/05/29 00:02:38.520014 奖品已发完
2026/05/29 00:02:38.520014 奖品已发完
2026/05/29 00:02:38.520014 奖品已发完
2026/05/29 00:02:38.520014 奖品已发完
2026/05/29 00:02:38.520014 奖品已发完
2026/05/29 00:02:38.520014 奖品已发完
2026/05/29 00:02:38.508403 奖品已发完
2026/05/29 00:02:38.520014 奖品已发完
2026/05/29 00:02:38.520014 奖品已发完
2026/05/29 00:02:38.520014 奖品已发完
2026/05/29 00:02:38.520014 奖品已发完
2026/05/29 00:02:38.520014 奖品已发完
2026/05/29 00:02:38.520014 奖品已发完
2026/05/29 00:02:38.520014 奖品已发完
2026/05/29 00:02:38.520014 奖品已发完
2026/05/29 00:02:38.520014 奖品已发完
2026/05/29 00:02:38.520014 奖品已发完
2026/05/29 00:02:38.520014 奖品已发完
2026/05/29 00:02:38.520014 奖品已发完
2026/05/29 00:02:38.520014 奖品已发完
2026/05/29 00:02:38.520014 奖品已发完
2026/05/29 00:02:38.520014 奖品已发完
2026/05/29 00:02:38.520014 奖品已发完
2026/05/29 00:02:38.520014 奖品已发完
2026/05/29 00:02:38.520014 奖品已发完
2026/05/29 00:02:38.520014 奖品已发完
2026/05/29 00:02:38.529367 奖品已发完
2026/05/29 00:02:38.529367 奖品已发完
2026/05/29 00:02:38.520014 奖品已发完
2026/05/29 00:02:38.520014 奖品已发完
2026/05/29 00:02:38.520014 奖品已发完
2026/05/29 00:02:38.520014 奖品已发完
2026/05/29 00:02:38.520014 奖品已发完
2026/05/29 00:02:38.520014 奖品已发完
2026/05/29 00:02:38.520014 奖品已发完
2026/05/29 00:02:38.520014 奖品已发完
2026/05/29 00:02:38.520014 奖品已发完
2026/05/29 00:02:38.520014 奖品已发完
2026/05/29 00:02:38.520014 奖品已发完
2026/05/29 00:02:38.520014 奖品已发完
2026/05/29 00:02:38.520014 奖品已发完
2026/05/29 00:02:38.520014 奖品已发完
2026/05/29 00:02:38.520014 奖品已发完
2026/05/29 00:02:38.520014 奖品已发完
2026/05/29 00:02:38.520014 奖品已发完
2026/05/29 00:02:38.520014 奖品已发完
2026/05/29 00:02:38.520014 奖品已发完
2026/05/29 00:02:38.520014 奖品已发完
2026/05/29 00:02:38.520014 奖品已发完
2026/05/29 00:02:38.520014 奖品已发完
2026/05/29 00:02:38.530674 奖品已发完
2026/05/29 00:02:38.530674 奖品已发完
2026/05/29 00:02:38.530674 奖品已发完
2026/05/29 00:02:38.520014 奖品已发完
2026/05/29 00:02:38.520014 奖品已发完
2026/05/29 00:02:38.520014 奖品已发完
2026/05/29 00:02:38.520014 奖品已发完
2026/05/29 00:02:38.520014 奖品已发完
2026/05/29 00:02:38.520014 奖品已发完
2026/05/29 00:02:38.520014 奖品已发完
2026/05/29 00:02:38.520014 奖品已发完
2026/05/29 00:02:38.520014 奖品已发完
2026/05/29 00:02:38.530674 奖品已发完
2026/05/29 00:02:38.530674 奖品已发完
2026/05/29 00:02:38.530674 奖品已发完
2026/05/29 00:02:38.520014 奖品已发完
2026/05/29 00:02:38.520014 奖品已发完
2026/05/29 00:02:38.520014 奖品已发完
2026/05/29 00:02:38.520014 奖品已发完
2026/05/29 00:02:38.520014 奖品已发完
2026/05/29 00:02:38.520014 奖品已发完
2026/05/29 00:02:38.520014 奖品已发完
2026/05/29 00:02:38.520014 奖品已发完
2026/05/29 00:02:38.520014 奖品已发完
2026/05/29 00:02:38.520014 奖品已发完
2026/05/29 00:02:38.520014 奖品已发完
2026/05/29 00:02:38.520014 奖品已发完
2026/05/29 00:02:38.520014 奖品已发完
2026/05/29 00:02:38.520014 奖品已发完
2026/05/29 00:02:38.520014 奖品已发完
2026/05/29 00:02:38.520014 奖品已发完
2026/05/29 00:02:38.520014 奖品已发完
2026/05/29 00:02:38.520014 奖品已发完
2026/05/29 00:02:38.520014 奖品已发完
2026/05/29 00:02:38.521036 奖品已发完
2026/05/29 00:02:38.521036 奖品已发完
2026/05/29 00:02:38.521036 奖品已发完
2026/05/29 00:02:38.521036 奖品已发完
2026/05/29 00:02:38.521036 奖品已发完
2026/05/29 00:02:38.521036 奖品已发完
2026/05/29 00:02:38.530674 奖品已发完
2026/05/29 00:02:38.530674 奖品已发完
2026/05/29 00:02:38.530674 奖品已发完
2026/05/29 00:02:38.521036 奖品已发完
2026/05/29 00:02:38.521036 奖品已发完
2026/05/29 00:02:38.521036 奖品已发完
2026/05/29 00:02:38.509122 奖品已发完
2026/05/29 00:02:38.509122 奖品已发完
2026/05/29 00:02:38.509122 奖品已发完
2026/05/29 00:02:38.521036 奖品已发完
2026/05/29 00:02:38.521036 奖品已发完
2026/05/29 00:02:38.521036 奖品已发完
2026/05/29 00:02:38.521036 奖品已发完
2026/05/29 00:02:38.521036 奖品已发完
2026/05/29 00:02:38.521036 奖品已发完
2026/05/29 00:02:38.521036 奖品已发完
2026/05/29 00:02:38.509122 奖品已发完
2026/05/29 00:02:38.521036 奖品已发完
2026/05/29 00:02:38.521036 奖品已发完
2026/05/29 00:02:38.521036 奖品已发完
2026/05/29 00:02:38.521036 奖品已发完
2026/05/29 00:02:38.521036 奖品已发完
2026/05/29 00:02:38.521036 奖品已发完
2026/05/29 00:02:38.521036 奖品已发完
2026/05/29 00:02:38.521036 奖品已发完
2026/05/29 00:02:38.521036 奖品已发完
2026/05/29 00:02:38.521036 奖品已发完
2026/05/29 00:02:38.521036 奖品已发完
2026/05/29 00:02:38.521036 奖品已发完
2026/05/29 00:02:38.521036 奖品已发完
2026/05/29 00:02:38.521036 奖品已发完
2026/05/29 00:02:38.521036 奖品已发完
2026/05/29 00:02:38.521036 奖品已发完
2026/05/29 00:02:38.521036 奖品已发完
2026/05/29 00:02:38.521036 奖品已发完
2026/05/29 00:02:38.521036 奖品已发完
2026/05/29 00:02:38.521036 奖品已发完
2026/05/29 00:02:38.521036 奖品已发完
2026/05/29 00:02:38.521036 奖品已发完
2026/05/29 00:02:38.521036 奖品已发完
2026/05/29 00:02:38.521036 奖品已发完
2026/05/29 00:02:38.521036 奖品已发完
2026/05/29 00:02:38.521036 奖品已发完
2026/05/29 00:02:38.521036 奖品已发完
2026/05/29 00:02:38.521036 奖品已发完
2026/05/29 00:02:38.521036 奖品已发完
2026/05/29 00:02:38.521036 奖品已发完
2026/05/29 00:02:38.521036 奖品已发完
2026/05/29 00:02:38.521036 奖品已发完
2026/05/29 00:02:38.521036 奖品已发完
2026/05/29 00:02:38.521036 奖品已发完
2026/05/29 00:02:38.521036 奖品已发完
2026/05/29 00:02:38.521036 奖品已发完
2026/05/29 00:02:38.521036 奖品已发完
2026/05/29 00:02:38.521036 奖品已发完
2026/05/29 00:02:38.521036 奖品已发完
2026/05/29 00:02:38.521036 奖品已发完
2026/05/29 00:02:38.521036 奖品已发完
2026/05/29 00:02:38.521036 奖品已发完
2026/05/29 00:02:38.521036 奖品已发完
2026/05/29 00:02:38.521036 奖品已发完
2026/05/29 00:02:38.521036 奖品已发完
2026/05/29 00:02:38.521036 奖品已发完
2026/05/29 00:02:38.521036 奖品已发完
2026/05/29 00:02:38.521036 奖品已发完
2026/05/29 00:02:38.521036 奖品已发完
2026/05/29 00:02:38.521036 奖品已发完
2026/05/29 00:02:38.521036 奖品已发完
2026/05/29 00:02:38.521036 奖品已发完
2026/05/29 00:02:38.530674 奖品已发完
2026/05/29 00:02:38.530674 奖品已发完
2026/05/29 00:02:38.531685 奖品已发完
2026/05/29 00:02:38.531685 奖品已发完
2026/05/29 00:02:38.521036 奖品已发完
2026/05/29 00:02:38.531685 奖品已发完
2026/05/29 00:02:38.531685 奖品已发完
2026/05/29 00:02:38.531685 奖品已发完
2026/05/29 00:02:38.531685 奖品已发完
2026/05/29 00:02:38.531685 奖品已发完
2026/05/29 00:02:38.521036 奖品已发完
2026/05/29 00:02:38.531685 奖品已发完
2026/05/29 00:02:38.531685 奖品已发完
2026/05/29 00:02:38.521036 奖品已发完
2026/05/29 00:02:38.531685 奖品已发完
2026/05/29 00:02:38.531685 奖品已发完
2026/05/29 00:02:38.531685 奖品已发完
2026/05/29 00:02:38.521036 奖品已发完
2026/05/29 00:02:38.521036 奖品已发完
2026/05/29 00:02:38.521036 奖品已发完
2026/05/29 00:02:38.521036 奖品已发完
2026/05/29 00:02:38.522022 奖品已发完
2026/05/29 00:02:38.522022 奖品已发完
2026/05/29 00:02:38.522022 奖品已发完
2026/05/29 00:02:38.522022 奖品已发完
2026/05/29 00:02:38.522022 奖品已发完
2026/05/29 00:02:38.522022 奖品已发完
2026/05/29 00:02:38.522022 奖品已发完
2026/05/29 00:02:38.522022 奖品已发完
2026/05/29 00:02:38.522022 奖品已发完
2026/05/29 00:02:38.522022 奖品已发完
2026/05/29 00:02:38.522022 奖品已发完
2026/05/29 00:02:38.522022 奖品已发完
2026/05/29 00:02:38.522022 奖品已发完
2026/05/29 00:02:38.522022 奖品已发完
2026/05/29 00:02:38.522022 奖品已发完
2026/05/29 00:02:38.522022 奖品已发完
2026/05/29 00:02:38.522022 奖品已发完
2026/05/29 00:02:38.522022 奖品已发完
2026/05/29 00:02:38.522022 奖品已发完
2026/05/29 00:02:38.522022 奖品已发完
2026/05/29 00:02:38.522022 奖品已发完
2026/05/29 00:02:38.522022 奖品已发完
2026/05/29 00:02:38.522022 奖品已发完
2026/05/29 00:02:38.522022 奖品已发完
2026/05/29 00:02:38.522022 奖品已发完
2026/05/29 00:02:38.522022 奖品已发完
2026/05/29 00:02:38.522022 奖品已发完
2026/05/29 00:02:38.522022 奖品已发完
2026/05/29 00:02:38.522022 奖品已发完
2026/05/29 00:02:38.522022 奖品已发完
2026/05/29 00:02:38.531685 奖品已发完
2026/05/29 00:02:38.531685 奖品已发完
2026/05/29 00:02:38.531685 奖品已发完
2026/05/29 00:02:38.531685 奖品已发完
2026/05/29 00:02:38.522022 奖品已发完
2026/05/29 00:02:38.531685 奖品已发完
2026/05/29 00:02:38.531685 奖品已发完
2026/05/29 00:02:38.531685 奖品已发完
2026/05/29 00:02:38.531685 奖品已发完
2026/05/29 00:02:38.522022 奖品已发完
2026/05/29 00:02:38.522022 奖品已发完
2026/05/29 00:02:38.522022 奖品已发完
2026/05/29 00:02:38.522022 奖品已发完
2026/05/29 00:02:38.522022 奖品已发完
2026/05/29 00:02:38.522022 奖品已发完
2026/05/29 00:02:38.522022 奖品已发完
2026/05/29 00:02:38.522022 奖品已发完
2026/05/29 00:02:38.522022 奖品已发完
2026/05/29 00:02:38.522022 奖品已发完
2026/05/29 00:02:38.522022 奖品已发完
2026/05/29 00:02:38.522022 奖品已发完
2026/05/29 00:02:38.522022 奖品已发完
2026/05/29 00:02:38.522022 奖品已发完
2026/05/29 00:02:38.522022 奖品已发完
2026/05/29 00:02:38.522022 奖品已发完
2026/05/29 00:02:38.522022 奖品已发完
2026/05/29 00:02:38.522022 奖品已发完
2026/05/29 00:02:38.522022 奖品已发完
2026/05/29 00:02:38.522022 奖品已发完
2026/05/29 00:02:38.522022 奖品已发完
2026/05/29 00:02:38.522022 奖品已发完
2026/05/29 00:02:38.522022 奖品已发完
2026/05/29 00:02:38.522022 奖品已发完
2026/05/29 00:02:38.522022 奖品已发完
2026/05/29 00:02:38.522022 奖品已发完
2026/05/29 00:02:38.522022 奖品已发完
2026/05/29 00:02:38.522022 奖品已发完
2026/05/29 00:02:38.522022 奖品已发完
2026/05/29 00:02:38.522022 奖品已发完
2026/05/29 00:02:38.522022 奖品已发完
2026/05/29 00:02:38.522022 奖品已发完
2026/05/29 00:02:38.522022 奖品已发完
2026/05/29 00:02:38.522022 奖品已发完
2026/05/29 00:02:38.522022 奖品已发完
2026/05/29 00:02:38.531685 奖品已发完
2026/05/29 00:02:38.531685 奖品已发完
2026/05/29 00:02:38.531685 奖品已发完
2026/05/29 00:02:38.531685 奖品已发完
2026/05/29 00:02:38.522022 奖品已发完
2026/05/29 00:02:38.531685 奖品已发完
2026/05/29 00:02:38.531685 奖品已发完
2026/05/29 00:02:38.522022 奖品已发完
2026/05/29 00:02:38.522022 奖品已发完
2026/05/29 00:02:38.522022 奖品已发完
2026/05/29 00:02:38.522022 奖品已发完
2026/05/29 00:02:38.522022 奖品已发完
2026/05/29 00:02:38.522022 奖品已发完
2026/05/29 00:02:38.522022 奖品已发完
2026/05/29 00:02:38.522022 奖品已发完
2026/05/29 00:02:38.522022 奖品已发完
2026/05/29 00:02:38.522022 奖品已发完
2026/05/29 00:02:38.522022 奖品已发完
2026/05/29 00:02:38.522022 奖品已发完
2026/05/29 00:02:38.522022 奖品已发完
2026/05/29 00:02:38.522022 奖品已发完
2026/05/29 00:02:38.522022 奖品已发完
2026/05/29 00:02:38.522022 奖品已发完
2026/05/29 00:02:38.522022 奖品已发完
2026/05/29 00:02:38.522022 奖品已发完
2026/05/29 00:02:38.522022 奖品已发完
2026/05/29 00:02:38.522022 奖品已发完
2026/05/29 00:02:38.522022 奖品已发完
2026/05/29 00:02:38.522022 奖品已发完
2026/05/29 00:02:38.522022 奖品已发完
2026/05/29 00:02:38.522022 奖品已发完
2026/05/29 00:02:38.522022 奖品已发完
2026/05/29 00:02:38.522022 奖品已发完
2026/05/29 00:02:38.522022 奖品已发完
2026/05/29 00:02:38.522022 奖品已发完
2026/05/29 00:02:38.522022 奖品已发完
2026/05/29 00:02:38.522022 奖品已发完
2026/05/29 00:02:38.522022 奖品已发完
2026/05/29 00:02:38.522022 奖品已发完
2026/05/29 00:02:38.522022 奖品已发完
2026/05/29 00:02:38.522022 奖品已发完
2026/05/29 00:02:38.522022 奖品已发完
2026/05/29 00:02:38.522022 奖品已发完
2026/05/29 00:02:38.522022 奖品已发完
2026/05/29 00:02:38.522022 奖品已发完
2026/05/29 00:02:38.522022 奖品已发完
2026/05/29 00:02:38.522022 奖品已发完
2026/05/29 00:02:38.522022 奖品已发完
2026/05/29 00:02:38.522022 奖品已发完
2026/05/29 00:02:38.522022 奖品已发完
2026/05/29 00:02:38.522022 奖品已发完
2026/05/29 00:02:38.522022 奖品已发完
2026/05/29 00:02:38.522022 奖品已发完
2026/05/29 00:02:38.522022 奖品已发完
2026/05/29 00:02:38.522022 奖品已发完
2026/05/29 00:02:38.522022 奖品已发完
2026/05/29 00:02:38.522022 奖品已发完
2026/05/29 00:02:38.522022 奖品已发完
2026/05/29 00:02:38.522022 奖品已发完
2026/05/29 00:02:38.522022 奖品已发完
2026/05/29 00:02:38.522022 奖品已发完
2026/05/29 00:02:38.522022 奖品已发完
2026/05/29 00:02:38.522022 奖品已发完
2026/05/29 00:02:38.522022 奖品已发完
2026/05/29 00:02:38.522022 奖品已发完
2026/05/29 00:02:38.522022 奖品已发完
2026/05/29 00:02:38.522022 奖品已发完
2026/05/29 00:02:38.522022 奖品已发完
2026/05/29 00:02:38.522022 奖品已发完
2026/05/29 00:02:38.522022 奖品已发完
2026/05/29 00:02:38.522022 奖品已发完
2026/05/29 00:02:38.522022 奖品已发完
2026/05/29 00:02:38.522022 奖品已发完
2026/05/29 00:02:38.522022 奖品已发完
2026/05/29 00:02:38.522022 奖品已发完
2026/05/29 00:02:38.523023 奖品已发完
2026/05/29 00:02:38.523023 奖品已发完
2026/05/29 00:02:38.523023 奖品已发完
2026/05/29 00:02:38.523023 奖品已发完
2026/05/29 00:02:38.523023 奖品已发完
2026/05/29 00:02:38.523023 奖品已发完
2026/05/29 00:02:38.523023 奖品已发完
2026/05/29 00:02:38.523023 奖品已发完
2026/05/29 00:02:38.523023 奖品已发完
2026/05/29 00:02:38.523023 奖品已发完
2026/05/29 00:02:38.512142 奖品已发完
2026/05/29 00:02:38.523023 奖品已发完
2026/05/29 00:02:38.523023 奖品已发完
2026/05/29 00:02:38.523023 奖品已发完
2026/05/29 00:02:38.523023 奖品已发完
2026/05/29 00:02:38.523023 奖品已发完
2026/05/29 00:02:38.523023 奖品已发完
2026/05/29 00:02:38.523023 奖品已发完
2026/05/29 00:02:38.523023 奖品已发完
2026/05/29 00:02:38.523023 奖品已发完
2026/05/29 00:02:38.523023 奖品已发完
2026/05/29 00:02:38.523023 奖品已发完
2026/05/29 00:02:38.523023 奖品已发完
2026/05/29 00:02:38.523023 奖品已发完
2026/05/29 00:02:38.523023 奖品已发完
2026/05/29 00:02:38.523023 奖品已发完
2026/05/29 00:02:38.523023 奖品已发完
2026/05/29 00:02:38.523023 奖品已发完
2026/05/29 00:02:38.523023 奖品已发完
2026/05/29 00:02:38.523023 奖品已发完
2026/05/29 00:02:38.523023 奖品已发完
2026/05/29 00:02:38.523023 奖品已发完
2026/05/29 00:02:38.523023 奖品已发完
2026/05/29 00:02:38.523023 奖品已发完
2026/05/29 00:02:38.523023 奖品已发完
2026/05/29 00:02:38.523023 奖品已发完
2026/05/29 00:02:38.523023 奖品已发完
2026/05/29 00:02:38.523023 奖品已发完
2026/05/29 00:02:38.523023 奖品已发完
2026/05/29 00:02:38.523023 奖品已发完
2026/05/29 00:02:38.523023 奖品已发完
2026/05/29 00:02:38.523023 奖品已发完
2026/05/29 00:02:38.523023 奖品已发完
2026/05/29 00:02:38.523023 奖品已发完
2026/05/29 00:02:38.523023 奖品已发完
2026/05/29 00:02:38.523023 奖品已发完
2026/05/29 00:02:38.523023 奖品已发完
2026/05/29 00:02:38.523023 奖品已发完
2026/05/29 00:02:38.523023 奖品已发完
2026/05/29 00:02:38.533439 奖品已发完
2026/05/29 00:02:38.533439 奖品已发完
2026/05/29 00:02:38.533439 奖品已发完
2026/05/29 00:02:38.523023 奖品已发完
2026/05/29 00:02:38.523023 奖品已发完
2026/05/29 00:02:38.523023 奖品已发完
2026/05/29 00:02:38.523023 奖品已发完
2026/05/29 00:02:38.523023 奖品已发完
2026/05/29 00:02:38.523023 奖品已发完
2026/05/29 00:02:38.523023 奖品已发完
2026/05/29 00:02:38.512142 奖品已发完
2026/05/29 00:02:38.523023 奖品已发完
2026/05/29 00:02:38.523023 奖品已发完
2026/05/29 00:02:38.523023 奖品已发完
2026/05/29 00:02:38.523023 奖品已发完
2026/05/29 00:02:38.523023 奖品已发完
2026/05/29 00:02:38.523023 奖品已发完
2026/05/29 00:02:38.523023 奖品已发完
2026/05/29 00:02:38.523023 奖品已发完
2026/05/29 00:02:38.523023 奖品已发完
2026/05/29 00:02:38.523023 奖品已发完
2026/05/29 00:02:38.523023 奖品已发完
2026/05/29 00:02:38.523023 奖品已发完
2026/05/29 00:02:38.523023 奖品已发完
2026/05/29 00:02:38.523023 奖品已发完
2026/05/29 00:02:38.523023 奖品已发完
2026/05/29 00:02:38.523023 奖品已发完
2026/05/29 00:02:38.523023 奖品已发完
2026/05/29 00:02:38.523023 奖品已发完
2026/05/29 00:02:38.523023 奖品已发完
2026/05/29 00:02:38.523023 奖品已发完
2026/05/29 00:02:38.523023 奖品已发完
2026/05/29 00:02:38.523023 奖品已发完
2026/05/29 00:02:38.523023 奖品已发完
2026/05/29 00:02:38.523023 奖品已发完
2026/05/29 00:02:38.523023 奖品已发完
2026/05/29 00:02:38.523023 奖品已发完
2026/05/29 00:02:38.523023 奖品已发完
2026/05/29 00:02:38.523023 奖品已发完
2026/05/29 00:02:38.523023 奖品已发完
2026/05/29 00:02:38.523023 奖品已发完
2026/05/29 00:02:38.523023 奖品已发完
2026/05/29 00:02:38.523023 奖品已发完
2026/05/29 00:02:38.523023 奖品已发完
2026/05/29 00:02:38.523023 奖品已发完
2026/05/29 00:02:38.523023 奖品已发完
2026/05/29 00:02:38.523023 奖品已发完
2026/05/29 00:02:38.523023 奖品已发完
2026/05/29 00:02:38.523023 奖品已发完
2026/05/29 00:02:38.523023 奖品已发完
2026/05/29 00:02:38.523023 奖品已发完
2026/05/29 00:02:38.523023 奖品已发完
2026/05/29 00:02:38.523023 奖品已发完
2026/05/29 00:02:38.523023 奖品已发完
2026/05/29 00:02:38.523023 奖品已发完
2026/05/29 00:02:38.523023 奖品已发完
2026/05/29 00:02:38.523023 奖品已发完
2026/05/29 00:02:38.523023 奖品已发完
2026/05/29 00:02:38.523023 奖品已发完
2026/05/29 00:02:38.523023 奖品已发完
2026/05/29 00:02:38.523023 奖品已发完
2026/05/29 00:02:38.524023 奖品已发完
2026/05/29 00:02:38.524023 奖品已发完
2026/05/29 00:02:38.524023 奖品已发完
2026/05/29 00:02:38.524023 奖品已发完
2026/05/29 00:02:38.524023 奖品已发完
2026/05/29 00:02:38.524023 奖品已发完
2026/05/29 00:02:38.524023 奖品已发完
2026/05/29 00:02:38.524023 奖品已发完
2026/05/29 00:02:38.524023 奖品已发完
2026/05/29 00:02:38.524023 奖品已发完
2026/05/29 00:02:38.524023 奖品已发完
2026/05/29 00:02:38.524023 奖品已发完
2026/05/29 00:02:38.524023 奖品已发完
2026/05/29 00:02:38.524023 奖品已发完
2026/05/29 00:02:38.524023 奖品已发完
2026/05/29 00:02:38.524023 奖品已发完
2026/05/29 00:02:38.524023 奖品已发完
2026/05/29 00:02:38.524023 奖品已发完
2026/05/29 00:02:38.524023 奖品已发完
2026/05/29 00:02:38.524023 奖品已发完
2026/05/29 00:02:38.524023 奖品已发完
2026/05/29 00:02:38.524023 奖品已发完
2026/05/29 00:02:38.524023 奖品已发完
2026/05/29 00:02:38.524023 奖品已发完
2026/05/29 00:02:38.524023 奖品已发完
2026/05/29 00:02:38.524023 奖品已发完
2026/05/29 00:02:38.524023 奖品已发完
2026/05/29 00:02:38.524023 奖品已发完
2026/05/29 00:02:38.524023 奖品已发完
2026/05/29 00:02:38.524023 奖品已发完
2026/05/29 00:02:38.524023 奖品已发完
2026/05/29 00:02:38.524023 奖品已发完
2026/05/29 00:02:38.524023 奖品已发完
2026/05/29 00:02:38.524023 奖品已发完
2026/05/29 00:02:38.524023 奖品已发完
2026/05/29 00:02:38.524023 奖品已发完
2026/05/29 00:02:38.524023 奖品已发完
2026/05/29 00:02:38.524023 奖品已发完
2026/05/29 00:02:38.533439 奖品已发完
2026/05/29 00:02:38.533439 奖品已发完
2026/05/29 00:02:38.533439 奖品已发完
2026/05/29 00:02:38.524023 奖品已发完
2026/05/29 00:02:38.524023 奖品已发完
2026/05/29 00:02:38.533439 奖品已发完
2026/05/29 00:02:38.533439 奖品已发完
2026/05/29 00:02:38.533439 奖品已发完
2026/05/29 00:02:38.524023 奖品已发完
2026/05/29 00:02:38.524023 奖品已发完
2026/05/29 00:02:38.524023 奖品已发完
2026/05/29 00:02:38.524023 奖品已发完
2026/05/29 00:02:38.524023 奖品已发完
2026/05/29 00:02:38.524023 奖品已发完
2026/05/29 00:02:38.524023 奖品已发完
2026/05/29 00:02:38.524023 奖品已发完
2026/05/29 00:02:38.524023 奖品已发完
2026/05/29 00:02:38.524023 奖品已发完
2026/05/29 00:02:38.524023 奖品已发完
2026/05/29 00:02:38.524023 奖品已发完
2026/05/29 00:02:38.524023 奖品已发完
2026/05/29 00:02:38.524023 奖品已发完
2026/05/29 00:02:38.524023 奖品已发完
2026/05/29 00:02:38.524023 奖品已发完
2026/05/29 00:02:38.524023 奖品已发完
2026/05/29 00:02:38.524023 奖品已发完
2026/05/29 00:02:38.524023 奖品已发完
2026/05/29 00:02:38.524023 奖品已发完
2026/05/29 00:02:38.524529 奖品已发完
2026/05/29 00:02:38.524529 奖品已发完
2026/05/29 00:02:38.524529 奖品已发完
2026/05/29 00:02:38.524529 奖品已发完
2026/05/29 00:02:38.524529 奖品已发完
2026/05/29 00:02:38.524529 奖品已发完
2026/05/29 00:02:38.524529 奖品已发完
2026/05/29 00:02:38.524529 奖品已发完
2026/05/29 00:02:38.524529 奖品已发完
2026/05/29 00:02:38.524529 奖品已发完
2026/05/29 00:02:38.524529 奖品已发完
2026/05/29 00:02:38.524529 奖品已发完
2026/05/29 00:02:38.524529 奖品已发完
2026/05/29 00:02:38.524529 奖品已发完
2026/05/29 00:02:38.524529 奖品已发完
2026/05/29 00:02:38.524529 奖品已发完
2026/05/29 00:02:38.524529 奖品已发完
2026/05/29 00:02:38.524529 奖品已发完
2026/05/29 00:02:38.524529 奖品已发完
2026/05/29 00:02:38.524529 奖品已发完
2026/05/29 00:02:38.524529 奖品已发完
2026/05/29 00:02:38.524529 奖品已发完
2026/05/29 00:02:38.524529 奖品已发完
2026/05/29 00:02:38.524529 奖品已发完
2026/05/29 00:02:38.524529 奖品已发完
2026/05/29 00:02:38.524529 奖品已发完
2026/05/29 00:02:38.524529 奖品已发完
2026/05/29 00:02:38.524529 奖品已发完
2026/05/29 00:02:38.524529 奖品已发完
2026/05/29 00:02:38.524529 奖品已发完
2026/05/29 00:02:38.524529 奖品已发完
2026/05/29 00:02:38.524529 奖品已发完
2026/05/29 00:02:38.524529 奖品已发完
2026/05/29 00:02:38.524529 奖品已发完
2026/05/29 00:02:38.524529 奖品已发完
2026/05/29 00:02:38.524529 奖品已发完
2026/05/29 00:02:38.524529 奖品已发完
2026/05/29 00:02:38.524529 奖品已发完
2026/05/29 00:02:38.534445 奖品已发完
2026/05/29 00:02:38.534445 奖品已发完
2026/05/29 00:02:38.534445 奖品已发完
2026/05/29 00:02:38.524529 奖品已发完
2026/05/29 00:02:38.524529 奖品已发完
2026/05/29 00:02:38.534445 奖品已发完
2026/05/29 00:02:38.534445 奖品已发完
2026/05/29 00:02:38.534445 奖品已发完
2026/05/29 00:02:38.524529 奖品已发完
2026/05/29 00:02:38.524529 奖品已发完
2026/05/29 00:02:38.524529 奖品已发完
2026/05/29 00:02:38.524529 奖品已发完
2026/05/29 00:02:38.524529 奖品已发完
2026/05/29 00:02:38.524529 奖品已发完
2026/05/29 00:02:38.524529 奖品已发完
2026/05/29 00:02:38.524529 奖品已发完
2026/05/29 00:02:38.524529 奖品已发完
2026/05/29 00:02:38.524529 奖品已发完
2026/05/29 00:02:38.524529 奖品已发完
2026/05/29 00:02:38.524529 奖品已发完
2026/05/29 00:02:38.534445 奖品已发完
2026/05/29 00:02:38.534445 奖品已发完
2026/05/29 00:02:38.534445 奖品已发完
2026/05/29 00:02:38.524529 奖品已发完
2026/05/29 00:02:38.534445 奖品已发完
2026/05/29 00:02:38.534445 奖品已发完
2026/05/29 00:02:38.534445 奖品已发完
2026/05/29 00:02:38.524529 奖品已发完
2026/05/29 00:02:38.524529 奖品已发完
2026/05/29 00:02:38.524529 奖品已发完
2026/05/29 00:02:38.524529 奖品已发完
2026/05/29 00:02:38.524529 奖品已发完
2026/05/29 00:02:38.524529 奖品已发完
2026/05/29 00:02:38.524529 奖品已发完
2026/05/29 00:02:38.524529 奖品已发完
2026/05/29 00:02:38.524529 奖品已发完
2026/05/29 00:02:38.524529 奖品已发完
2026/05/29 00:02:38.524529 奖品已发完
2026/05/29 00:02:38.524529 奖品已发完
2026/05/29 00:02:38.524529 奖品已发完
2026/05/29 00:02:38.524529 奖品已发完
2026/05/29 00:02:38.524529 奖品已发完
2026/05/29 00:02:38.524529 奖品已发完
2026/05/29 00:02:38.524529 奖品已发完
2026/05/29 00:02:38.524529 奖品已发完
2026/05/29 00:02:38.524529 奖品已发完
2026/05/29 00:02:38.524529 奖品已发完
2026/05/29 00:02:38.534961 奖品已发完
2026/05/29 00:02:38.534961 奖品已发完
2026/05/29 00:02:38.534961 奖品已发完
2026/05/29 00:02:38.524529 奖品已发完
2026/05/29 00:02:38.534961 奖品已发完
2026/05/29 00:02:38.524529 奖品已发完
2026/05/29 00:02:38.524529 奖品已发完
2026/05/29 00:02:38.524529 奖品已发完
2026/05/29 00:02:38.524529 奖品已发完
2026/05/29 00:02:38.514302 奖品已发完
2026/05/29 00:02:38.524529 奖品已发完
2026/05/29 00:02:38.524529 奖品已发完
2026/05/29 00:02:38.524529 奖品已发完
2026/05/29 00:02:38.524529 奖品已发完
2026/05/29 00:02:38.524529 奖品已发完
2026/05/29 00:02:38.524529 奖品已发完
2026/05/29 00:02:38.524529 奖品已发完
2026/05/29 00:02:38.524529 奖品已发完
2026/05/29 00:02:38.524529 奖品已发完
2026/05/29 00:02:38.524529 奖品已发完
2026/05/29 00:02:38.524529 奖品已发完
2026/05/29 00:02:38.524529 奖品已发完
2026/05/29 00:02:38.524529 奖品已发完
2026/05/29 00:02:38.524529 奖品已发完
2026/05/29 00:02:38.524529 奖品已发完
2026/05/29 00:02:38.524529 奖品已发完
2026/05/29 00:02:38.524529 奖品已发完
2026/05/29 00:02:38.524529 奖品已发完
2026/05/29 00:02:38.524529 奖品已发完
2026/05/29 00:02:38.534961 奖品已发完
2026/05/29 00:02:38.534961 奖品已发完
2026/05/29 00:02:38.534961 奖品已发完
2026/05/29 00:02:38.524529 奖品已发完
2026/05/29 00:02:38.534961 奖品已发完
2026/05/29 00:02:38.534961 奖品已发完
2026/05/29 00:02:38.534961 奖品已发完
2026/05/29 00:02:38.524529 奖品已发完
2026/05/29 00:02:38.534961 奖品已发完
2026/05/29 00:02:38.534961 奖品已发完
2026/05/29 00:02:38.534961 奖品已发完
2026/05/29 00:02:38.524529 奖品已发完
2026/05/29 00:02:38.534961 奖品已发完
2026/05/29 00:02:38.534961 奖品已发完
2026/05/29 00:02:38.534961 奖品已发完
2026/05/29 00:02:38.524529 奖品已发完
2026/05/29 00:02:38.524529 奖品已发完
2026/05/29 00:02:38.524529 奖品已发完
2026/05/29 00:02:38.524529 奖品已发完
2026/05/29 00:02:38.524529 奖品已发完
2026/05/29 00:02:38.524529 奖品已发完
2026/05/29 00:02:38.524529 奖品已发完
2026/05/29 00:02:38.524529 奖品已发完
2026/05/29 00:02:38.524529 奖品已发完
2026/05/29 00:02:38.524529 奖品已发完
2026/05/29 00:02:38.524529 奖品已发完
2026/05/29 00:02:38.524529 奖品已发完
2026/05/29 00:02:38.524529 奖品已发完
2026/05/29 00:02:38.524529 奖品已发完
2026/05/29 00:02:38.524529 奖品已发完
2026/05/29 00:02:38.524529 奖品已发完
2026/05/29 00:02:38.524529 奖品已发完
2026/05/29 00:02:38.524529 奖品已发完
2026/05/29 00:02:38.524529 奖品已发完
2026/05/29 00:02:38.524529 奖品已发完
2026/05/29 00:02:38.524529 奖品已发完
2026/05/29 00:02:38.524529 奖品已发完
2026/05/29 00:02:38.524529 奖品已发完
2026/05/29 00:02:38.524529 奖品已发完
2026/05/29 00:02:38.524529 奖品已发完
2026/05/29 00:02:38.524529 奖品已发完
2026/05/29 00:02:38.524529 奖品已发完
2026/05/29 00:02:38.524529 奖品已发完
2026/05/29 00:02:38.524529 奖品已发完
2026/05/29 00:02:38.524529 奖品已发完
2026/05/29 00:02:38.524529 奖品已发完
2026/05/29 00:02:38.524529 奖品已发完
2026/05/29 00:02:38.524529 奖品已发完
2026/05/29 00:02:38.524529 奖品已发完
2026/05/29 00:02:38.524529 奖品已发完
2026/05/29 00:02:38.524529 奖品已发完
2026/05/29 00:02:38.524529 奖品已发完
2026/05/29 00:02:38.524529 奖品已发完
2026/05/29 00:02:38.524529 奖品已发完
2026/05/29 00:02:38.524529 奖品已发完
2026/05/29 00:02:38.524529 奖品已发完
2026/05/29 00:02:38.524529 奖品已发完
2026/05/29 00:02:38.524529 奖品已发完
2026/05/29 00:02:38.525788 奖品已发完
2026/05/29 00:02:38.525788 奖品已发完
2026/05/29 00:02:38.525788 奖品已发完
2026/05/29 00:02:38.525788 奖品已发完
2026/05/29 00:02:38.525788 奖品已发完
2026/05/29 00:02:38.525788 奖品已发完
2026/05/29 00:02:38.525788 奖品已发完
2026/05/29 00:02:38.525788 奖品已发完
2026/05/29 00:02:38.525788 奖品已发完
2026/05/29 00:02:38.525788 奖品已发完
2026/05/29 00:02:38.525788 奖品已发完
2026/05/29 00:02:38.525788 奖品已发完
2026/05/29 00:02:38.525788 奖品已发完
2026/05/29 00:02:38.525788 奖品已发完
2026/05/29 00:02:38.525788 奖品已发完
2026/05/29 00:02:38.525788 奖品已发完
2026/05/29 00:02:38.525788 奖品已发完
2026/05/29 00:02:38.525788 奖品已发完
2026/05/29 00:02:38.525788 奖品已发完
2026/05/29 00:02:38.525788 奖品已发完
2026/05/29 00:02:38.525788 奖品已发完
2026/05/29 00:02:38.525788 奖品已发完
2026/05/29 00:02:38.525788 奖品已发完
2026/05/29 00:02:38.525788 奖品已发完
2026/05/29 00:02:38.525788 奖品已发完
2026/05/29 00:02:38.525788 奖品已发完
2026/05/29 00:02:38.525788 奖品已发完
2026/05/29 00:02:38.525788 奖品已发完
2026/05/29 00:02:38.525788 奖品已发完
2026/05/29 00:02:38.525788 奖品已发完
2026/05/29 00:02:38.525788 奖品已发完
2026/05/29 00:02:38.525788 奖品已发完
2026/05/29 00:02:38.525788 奖品已发完
2026/05/29 00:02:38.525788 奖品已发完
2026/05/29 00:02:38.514911 奖品已发完
2026/05/29 00:02:38.525788 奖品已发完
2026/05/29 00:02:38.525788 奖品已发完
2026/05/29 00:02:38.525788 奖品已发完
2026/05/29 00:02:38.525788 奖品已发完
2026/05/29 00:02:38.525788 奖品已发完
2026/05/29 00:02:38.525788 奖品已发完
2026/05/29 00:02:38.525788 奖品已发完
2026/05/29 00:02:38.525788 奖品已发完
2026/05/29 00:02:38.525788 奖品已发完
2026/05/29 00:02:38.514911 奖品已发完
2026/05/29 00:02:38.525788 奖品已发完
2026/05/29 00:02:38.525788 奖品已发完
2026/05/29 00:02:38.525788 奖品已发完
2026/05/29 00:02:38.525788 奖品已发完
2026/05/29 00:02:38.525788 奖品已发完
2026/05/29 00:02:38.525788 奖品已发完
2026/05/29 00:02:38.525788 奖品已发完
2026/05/29 00:02:38.514911 奖品已发完
2026/05/29 00:02:38.525788 奖品已发完
2026/05/29 00:02:38.514911 奖品已发完
2026/05/29 00:02:38.525788 奖品已发完
2026/05/29 00:02:38.526798 奖品已发完
2026/05/29 00:02:38.526798 奖品已发完
2026/05/29 00:02:38.515949 奖品已发完
2026/05/29 00:02:38.526798 奖品已发完
2026/05/29 00:02:38.526798 奖品已发完
2026/05/29 00:02:38.515949 奖品已发完
2026/05/29 00:02:38.526798 奖品已发完
2026/05/29 00:02:38.526798 奖品已发完
2026/05/29 00:02:38.515949 奖品已发完
2026/05/29 00:02:38.526798 奖品已发完
2026/05/29 00:02:38.515949 奖品已发完
2026/05/29 00:02:38.526798 奖品已发完
2026/05/29 00:02:38.526798 奖品已发完
2026/05/29 00:02:38.526798 奖品已发完
2026/05/29 00:02:38.526798 奖品已发完
2026/05/29 00:02:38.535968 奖品已发完
2026/05/29 00:02:38.535968 奖品已发完
2026/05/29 00:02:38.535968 奖品已发完
2026/05/29 00:02:38.526798 奖品已发完
2026/05/29 00:02:38.535968 奖品已发完
2026/05/29 00:02:38.535968 奖品已发完
2026/05/29 00:02:38.526798 奖品已发完
2026/05/29 00:02:38.526798 奖品已发完
2026/05/29 00:02:38.526798 奖品已发完
2026/05/29 00:02:38.526798 奖品已发完
2026/05/29 00:02:38.526798 奖品已发完
2026/05/29 00:02:38.526798 奖品已发完
2026/05/29 00:02:38.515949 奖品已发完
2026/05/29 00:02:38.526798 奖品已发完
2026/05/29 00:02:38.526798 奖品已发完
2026/05/29 00:02:38.526798 奖品已发完
2026/05/29 00:02:38.526798 奖品已发完
2026/05/29 00:02:38.526798 奖品已发完
2026/05/29 00:02:38.526798 奖品已发完
2026/05/29 00:02:38.526798 奖品已发完
2026/05/29 00:02:38.535968 奖品已发完
2026/05/29 00:02:38.526798 奖品已发完
2026/05/29 00:02:38.535968 奖品已发完
2026/05/29 00:02:38.535968 奖品已发完
2026/05/29 00:02:38.526798 奖品已发完
2026/05/29 00:02:38.526798 奖品已发完
2026/05/29 00:02:38.526798 奖品已发完
2026/05/29 00:02:38.526798 奖品已发完
2026/05/29 00:02:38.526798 奖品已发完
2026/05/29 00:02:38.526798 奖品已发完
2026/05/29 00:02:38.526798 奖品已发完
2026/05/29 00:02:38.526798 奖品已发完
2026/05/29 00:02:38.526798 奖品已发完
2026/05/29 00:02:38.526798 奖品已发完
2026/05/29 00:02:38.526798 奖品已发完
2026/05/29 00:02:38.526798 奖品已发完
2026/05/29 00:02:38.526798 奖品已发完
2026/05/29 00:02:38.526798 奖品已发完
2026/05/29 00:02:38.526798 奖品已发完
2026/05/29 00:02:38.526798 奖品已发完
2026/05/29 00:02:38.526798 奖品已发完
2026/05/29 00:02:38.526798 奖品已发完
2026/05/29 00:02:38.526798 奖品已发完
2026/05/29 00:02:38.526798 奖品已发完
2026/05/29 00:02:38.526798 奖品已发完
2026/05/29 00:02:38.526798 奖品已发完
2026/05/29 00:02:38.526798 奖品已发完
2026/05/29 00:02:38.526798 奖品已发完
2026/05/29 00:02:38.535968 奖品已发完
2026/05/29 00:02:38.535968 奖品已发完
2026/05/29 00:02:38.535968 奖品已发完
2026/05/29 00:02:38.526798 奖品已发完
2026/05/29 00:02:38.535968 奖品已发完
2026/05/29 00:02:38.535968 奖品已发完
2026/05/29 00:02:38.535968 奖品已发完
2026/05/29 00:02:38.526798 奖品已发完
2026/05/29 00:02:38.526798 奖品已发完
2026/05/29 00:02:38.526798 奖品已发完
2026/05/29 00:02:38.526798 奖品已发完
2026/05/29 00:02:38.526798 奖品已发完
2026/05/29 00:02:38.526798 奖品已发完
2026/05/29 00:02:38.526798 奖品已发完
2026/05/29 00:02:38.526798 奖品已发完
2026/05/29 00:02:38.526798 奖品已发完
2026/05/29 00:02:38.526798 奖品已发完
2026/05/29 00:02:38.526798 奖品已发完
2026/05/29 00:02:38.526798 奖品已发完
2026/05/29 00:02:38.535968 奖品已发完
2026/05/29 00:02:38.535968 奖品已发完
2026/05/29 00:02:38.535968 奖品已发完
2026/05/29 00:02:38.526798 奖品已发完
2026/05/29 00:02:38.535968 奖品已发完
2026/05/29 00:02:38.535968 奖品已发完
2026/05/29 00:02:38.535968 奖品已发完
2026/05/29 00:02:38.526798 奖品已发完
2026/05/29 00:02:38.535968 奖品已发完
2026/05/29 00:02:38.535968 奖品已发完
2026/05/29 00:02:38.535968 奖品已发完
2026/05/29 00:02:38.526798 奖品已发完
2026/05/29 00:02:38.535968 奖品已发完
2026/05/29 00:02:38.535968 奖品已发完
2026/05/29 00:02:38.535968 奖品已发完
2026/05/29 00:02:38.526798 奖品已发完
2026/05/29 00:02:38.526798 奖品已发完
2026/05/29 00:02:38.526798 奖品已发完
2026/05/29 00:02:38.526798 奖品已发完
2026/05/29 00:02:38.526798 奖品已发完
2026/05/29 00:02:38.526798 奖品已发完
2026/05/29 00:02:38.535968 奖品已发完
2026/05/29 00:02:38.536968 奖品已发完
2026/05/29 00:02:38.536968 奖品已发完
2026/05/29 00:02:38.526798 奖品已发完
2026/05/29 00:02:38.536968 奖品已发完
2026/05/29 00:02:38.536968 奖品已发完
2026/05/29 00:02:38.536968 奖品已发完
2026/05/29 00:02:38.526798 奖品已发完
2026/05/29 00:02:38.536968 奖品已发完
2026/05/29 00:02:38.536968 奖品已发完
2026/05/29 00:02:38.536968 奖品已发完
2026/05/29 00:02:38.526798 奖品已发完
2026/05/29 00:02:38.536968 奖品已发完
2026/05/29 00:02:38.536968 奖品已发完
2026/05/29 00:02:38.536968 奖品已发完
2026/05/29 00:02:38.526798 奖品已发完
2026/05/29 00:02:38.536968 奖品已发完
2026/05/29 00:02:38.536968 奖品已发完
2026/05/29 00:02:38.536968 奖品已发完
2026/05/29 00:02:38.517055 奖品已发完
2026/05/29 00:02:38.526798 奖品已发完
2026/05/29 00:02:38.526798 奖品已发完
2026/05/29 00:02:38.536968 奖品已发完
2026/05/29 00:02:38.536968 奖品已发完
2026/05/29 00:02:38.536968 奖品已发完
2026/05/29 00:02:38.526798 奖品已发完
2026/05/29 00:02:38.526798 奖品已发完
2026/05/29 00:02:38.526798 奖品已发完
2026/05/29 00:02:38.526798 奖品已发完
2026/05/29 00:02:38.526798 奖品已发完
2026/05/29 00:02:38.526798 奖品已发完
2026/05/29 00:02:38.517588 奖品已发完
2026/05/29 00:02:38.526798 奖品已发完
2026/05/29 00:02:38.526798 奖品已发完
2026/05/29 00:02:38.526798 奖品已发完
2026/05/29 00:02:38.526798 奖品已发完
2026/05/29 00:02:38.526798 奖品已发完
2026/05/29 00:02:38.526798 奖品已发完
2026/05/29 00:02:38.526798 奖品已发完
2026/05/29 00:02:38.526798 奖品已发完
2026/05/29 00:02:38.526798 奖品已发完
2026/05/29 00:02:38.526798 奖品已发完
2026/05/29 00:02:38.526798 奖品已发完
2026/05/29 00:02:38.526798 奖品已发完
2026/05/29 00:02:38.526798 奖品已发完
2026/05/29 00:02:38.526798 奖品已发完
2026/05/29 00:02:38.526798 奖品已发完
2026/05/29 00:02:38.526798 奖品已发完
2026/05/29 00:02:38.526798 奖品已发完
2026/05/29 00:02:38.526798 奖品已发完
2026/05/29 00:02:38.526798 奖品已发完
2026/05/29 00:02:38.526798 奖品已发完
2026/05/29 00:02:38.526798 奖品已发完
2026/05/29 00:02:38.526798 奖品已发完
2026/05/29 00:02:38.526798 奖品已发完
2026/05/29 00:02:38.526798 奖品已发完
2026/05/29 00:02:38.526798 奖品已发完
2026/05/29 00:02:38.526798 奖品已发完
2026/05/29 00:02:38.526798 奖品已发完
2026/05/29 00:02:38.526798 奖品已发完
2026/05/29 00:02:38.528305 奖品已发完
2026/05/29 00:02:38.528305 奖品已发完
2026/05/29 00:02:38.528305 奖品已发完
2026/05/29 00:02:38.528305 奖品已发完
2026/05/29 00:02:38.528305 奖品已发完
2026/05/29 00:02:38.528305 奖品已发完
2026/05/29 00:02:38.528305 奖品已发完
2026/05/29 00:02:38.528305 奖品已发完
2026/05/29 00:02:38.528305 奖品已发完
2026/05/29 00:02:38.528305 奖品已发完
2026/05/29 00:02:38.518595 奖品已发完
2026/05/29 00:02:38.528305 奖品已发完
2026/05/29 00:02:38.528305 奖品已发完
2026/05/29 00:02:38.528305 奖品已发完
2026/05/29 00:02:38.528305 奖品已发完
2026/05/29 00:02:38.518595 奖品已发完
2026/05/29 00:02:38.528305 奖品已发完
2026/05/29 00:02:38.528305 奖品已发完
2026/05/29 00:02:38.528305 奖品已发完
2026/05/29 00:02:38.528305 奖品已发完
2026/05/29 00:02:38.528305 奖品已发完
2026/05/29 00:02:38.528305 奖品已发完
2026/05/29 00:02:38.528305 奖品已发完
2026/05/29 00:02:38.528305 奖品已发完
2026/05/29 00:02:38.528305 奖品已发完
2026/05/29 00:02:38.528305 奖品已发完
2026/05/29 00:02:38.536968 奖品已发完
2026/05/29 00:02:38.536968 奖品已发完
2026/05/29 00:02:38.536968 奖品已发完
2026/05/29 00:02:38.528305 奖品已发完
2026/05/29 00:02:38.536968 奖品已发完
2026/05/29 00:02:38.537993 奖品已发完
2026/05/29 00:02:38.537993 奖品已发完
2026/05/29 00:02:38.528305 奖品已发完
2026/05/29 00:02:38.537993 奖品已发完
2026/05/29 00:02:38.537993 奖品已发完
2026/05/29 00:02:38.537993 奖品已发完
2026/05/29 00:02:38.528305 奖品已发完
2026/05/29 00:02:38.528305 奖品已发完
2026/05/29 00:02:38.537993 奖品已发完
2026/05/29 00:02:38.537993 奖品已发完
2026/05/29 00:02:38.537993 奖品已发完
2026/05/29 00:02:38.528305 奖品已发完
2026/05/29 00:02:38.528305 奖品已发完
2026/05/29 00:02:38.528305 奖品已发完
2026/05/29 00:02:38.528305 奖品已发完
2026/05/29 00:02:38.528305 奖品已发完
2026/05/29 00:02:38.528305 奖品已发完
2026/05/29 00:02:38.528305 奖品已发完
2026/05/29 00:02:38.528305 奖品已发完
2026/05/29 00:02:38.528305 奖品已发完
2026/05/29 00:02:38.528305 奖品已发完
2026/05/29 00:02:38.528305 奖品已发完
2026/05/29 00:02:38.528305 奖品已发完
2026/05/29 00:02:38.528305 奖品已发完
2026/05/29 00:02:38.528305 奖品已发完
2026/05/29 00:02:38.528305 奖品已发完
2026/05/29 00:02:38.528305 奖品已发完
2026/05/29 00:02:38.528305 奖品已发完
2026/05/29 00:02:38.528305 奖品已发完
2026/05/29 00:02:38.528305 奖品已发完
2026/05/29 00:02:38.528305 奖品已发完
2026/05/29 00:02:38.528305 奖品已发完
2026/05/29 00:02:38.528305 奖品已发完
2026/05/29 00:02:38.528305 奖品已发完
2026/05/29 00:02:38.538499 奖品已发完
2026/05/29 00:02:38.538499 奖品已发完
2026/05/29 00:02:38.538499 奖品已发完
2026/05/29 00:02:38.528305 奖品已发完
2026/05/29 00:02:38.528305 奖品已发完
2026/05/29 00:02:38.528305 奖品已发完
2026/05/29 00:02:38.528305 奖品已发完
2026/05/29 00:02:38.528305 奖品已发完
2026/05/29 00:02:38.528305 奖品已发完
2026/05/29 00:02:38.528305 奖品已发完
2026/05/29 00:02:38.528305 奖品已发完
2026/05/29 00:02:38.529367 奖品已发完
2026/05/29 00:02:38.529367 奖品已发完
2026/05/29 00:02:38.529367 奖品已发完
2026/05/29 00:02:38.529367 奖品已发完
2026/05/29 00:02:38.529367 奖品已发完
2026/05/29 00:02:38.529367 奖品已发完
2026/05/29 00:02:38.529367 奖品已发完
2026/05/29 00:02:38.529367 奖品已发完
2026/05/29 00:02:38.529367 奖品已发完
2026/05/29 00:02:38.529367 奖品已发完
2026/05/29 00:02:38.529367 奖品已发完
2026/05/29 00:02:38.529367 奖品已发完
2026/05/29 00:02:38.529367 奖品已发完
2026/05/29 00:02:38.529367 奖品已发完
2026/05/29 00:02:38.529367 奖品已发完
2026/05/29 00:02:38.529367 奖品已发完
2026/05/29 00:02:38.529367 奖品已发完
2026/05/29 00:02:38.529367 奖品已发完
2026/05/29 00:02:38.529367 奖品已发完
2026/05/29 00:02:38.529367 奖品已发完
2026/05/29 00:02:38.529367 奖品已发完
2026/05/29 00:02:38.529367 奖品已发完
2026/05/29 00:02:38.529367 奖品已发完
2026/05/29 00:02:38.529367 奖品已发完
2026/05/29 00:02:38.529367 奖品已发完
2026/05/29 00:02:38.529367 奖品已发完
2026/05/29 00:02:38.529367 奖品已发完
2026/05/29 00:02:38.529367 奖品已发完
2026/05/29 00:02:38.529367 奖品已发完
2026/05/29 00:02:38.529367 奖品已发完
2026/05/29 00:02:38.529367 奖品已发完
2026/05/29 00:02:38.529367 奖品已发完
2026/05/29 00:02:38.529367 奖品已发完
2026/05/29 00:02:38.529367 奖品已发完
2026/05/29 00:02:38.529367 奖品已发完
2026/05/29 00:02:38.529367 奖品已发完
2026/05/29 00:02:38.529367 奖品已发完
2026/05/29 00:02:38.529367 奖品已发完
2026/05/29 00:02:38.529367 奖品已发完
2026/05/29 00:02:38.538499 奖品已发完
2026/05/29 00:02:38.538499 奖品已发完
2026/05/29 00:02:38.538499 奖品已发完
2026/05/29 00:02:38.529367 奖品已发完
2026/05/29 00:02:38.529367 奖品已发完
2026/05/29 00:02:38.529367 奖品已发完
2026/05/29 00:02:38.529367 奖品已发完
2026/05/29 00:02:38.529367 奖品已发完
2026/05/29 00:02:38.529367 奖品已发完
2026/05/29 00:02:38.529367 奖品已发完
2026/05/29 00:02:38.529367 奖品已发完
2026/05/29 00:02:38.529367 奖品已发完
2026/05/29 00:02:38.529367 奖品已发完
2026/05/29 00:02:38.529367 奖品已发完
2026/05/29 00:02:38.529367 奖品已发完
2026/05/29 00:02:38.529367 奖品已发完
2026/05/29 00:02:38.529367 奖品已发完
2026/05/29 00:02:38.529367 奖品已发完
2026/05/29 00:02:38.529367 奖品已发完
2026/05/29 00:02:38.529367 奖品已发完
2026/05/29 00:02:38.529367 奖品已发完
2026/05/29 00:02:38.529367 奖品已发完
2026/05/29 00:02:38.529367 奖品已发完
2026/05/29 00:02:38.529367 奖品已发完
2026/05/29 00:02:38.529367 奖品已发完
2026/05/29 00:02:38.529367 奖品已发完
2026/05/29 00:02:38.529367 奖品已发完
2026/05/29 00:02:38.529367 奖品已发完
2026/05/29 00:02:38.529367 奖品已发完
2026/05/29 00:02:38.529367 奖品已发完
2026/05/29 00:02:38.529367 奖品已发完
2026/05/29 00:02:38.529367 奖品已发完
2026/05/29 00:02:38.529367 奖品已发完
2026/05/29 00:02:38.529367 奖品已发完
2026/05/29 00:02:38.529367 奖品已发完
2026/05/29 00:02:38.529367 奖品已发完
2026/05/29 00:02:38.529367 奖品已发完
2026/05/29 00:02:38.529367 奖品已发完
2026/05/29 00:02:38.529367 奖品已发完
2026/05/29 00:02:38.529367 奖品已发完
2026/05/29 00:02:38.529367 奖品已发完
2026/05/29 00:02:38.529367 奖品已发完
2026/05/29 00:02:38.529367 奖品已发完
2026/05/29 00:02:38.529367 奖品已发完
2026/05/29 00:02:38.529367 奖品已发完
2026/05/29 00:02:38.529367 奖品已发完
2026/05/29 00:02:38.529367 奖品已发完
2026/05/29 00:02:38.529367 奖品已发完
2026/05/29 00:02:38.529367 奖品已发完
2026/05/29 00:02:38.529367 奖品已发完
2026/05/29 00:02:38.529367 奖品已发完
2026/05/29 00:02:38.529367 奖品已发完
2026/05/29 00:02:38.529367 奖品已发完
2026/05/29 00:02:38.520014 奖品已发完
2026/05/29 00:02:38.529367 奖品已发完
2026/05/29 00:02:38.529367 奖品已发完
2026/05/29 00:02:38.529367 奖品已发完
2026/05/29 00:02:38.529367 奖品已发完
2026/05/29 00:02:38.529367 奖品已发完
2026/05/29 00:02:38.529367 奖品已发完
2026/05/29 00:02:38.529367 奖品已发完
2026/05/29 00:02:38.529367 奖品已发完
2026/05/29 00:02:38.529367 奖品已发完
2026/05/29 00:02:38.529367 奖品已发完
2026/05/29 00:02:38.529367 奖品已发完
2026/05/29 00:02:38.529367 奖品已发完
2026/05/29 00:02:38.529367 奖品已发完
2026/05/29 00:02:38.529367 奖品已发完
2026/05/29 00:02:38.529367 奖品已发完
2026/05/29 00:02:38.529367 奖品已发完
2026/05/29 00:02:38.529367 奖品已发完
2026/05/29 00:02:38.530674 奖品已发完
2026/05/29 00:02:38.530674 奖品已发完
2026/05/29 00:02:38.530674 奖品已发完
2026/05/29 00:02:38.530674 奖品已发完
2026/05/29 00:02:38.530674 奖品已发完
2026/05/29 00:02:38.520014 奖品已发完
2026/05/29 00:02:38.530674 奖品已发完
2026/05/29 00:02:38.530674 奖品已发完
2026/05/29 00:02:38.530674 奖品已发完
2026/05/29 00:02:38.530674 奖品已发完
2026/05/29 00:02:38.530674 奖品已发完
2026/05/29 00:02:38.530674 奖品已发完
2026/05/29 00:02:38.530674 奖品已发完
2026/05/29 00:02:38.530674 奖品已发完
2026/05/29 00:02:38.520014 奖品已发完
2026/05/29 00:02:38.530674 奖品已发完
2026/05/29 00:02:38.530674 奖品已发完
2026/05/29 00:02:38.530674 奖品已发完
2026/05/29 00:02:38.530674 奖品已发完
2026/05/29 00:02:38.530674 奖品已发完
2026/05/29 00:02:38.530674 奖品已发完
2026/05/29 00:02:38.530674 奖品已发完
2026/05/29 00:02:38.530674 奖品已发完
2026/05/29 00:02:38.530674 奖品已发完
2026/05/29 00:02:38.530674 奖品已发完
2026/05/29 00:02:38.530674 奖品已发完
2026/05/29 00:02:38.530674 奖品已发完
2026/05/29 00:02:38.530674 奖品已发完
2026/05/29 00:02:38.530674 奖品已发完
2026/05/29 00:02:38.530674 奖品已发完
2026/05/29 00:02:38.530674 奖品已发完
2026/05/29 00:02:38.530674 奖品已发完
2026/05/29 00:02:38.530674 奖品已发完
2026/05/29 00:02:38.530674 奖品已发完
2026/05/29 00:02:38.530674 奖品已发完
2026/05/29 00:02:38.530674 奖品已发完
2026/05/29 00:02:38.530674 奖品已发完
2026/05/29 00:02:38.530674 奖品已发完
2026/05/29 00:02:38.530674 奖品已发完
2026/05/29 00:02:38.530674 奖品已发完
2026/05/29 00:02:38.530674 奖品已发完
2026/05/29 00:02:38.521036 奖品已发完
2026/05/29 00:02:38.530674 奖品已发完
2026/05/29 00:02:38.530674 奖品已发完
2026/05/29 00:02:38.530674 奖品已发完
2026/05/29 00:02:38.530674 奖品已发完
2026/05/29 00:02:38.530674 奖品已发完
2026/05/29 00:02:38.530674 奖品已发完
2026/05/29 00:02:38.530674 奖品已发完
2026/05/29 00:02:38.530674 奖品已发完
2026/05/29 00:02:38.530674 奖品已发完
2026/05/29 00:02:38.530674 奖品已发完
2026/05/29 00:02:38.530674 奖品已发完
2026/05/29 00:02:38.530674 奖品已发完
2026/05/29 00:02:38.530674 奖品已发完
2026/05/29 00:02:38.530674 奖品已发完
2026/05/29 00:02:38.530674 奖品已发完
2026/05/29 00:02:38.530674 奖品已发完
2026/05/29 00:02:38.530674 奖品已发完
2026/05/29 00:02:38.530674 奖品已发完
2026/05/29 00:02:38.530674 奖品已发完
2026/05/29 00:02:38.530674 奖品已发完
2026/05/29 00:02:38.530674 奖品已发完
2026/05/29 00:02:38.530674 奖品已发完
2026/05/29 00:02:38.530674 奖品已发完
2026/05/29 00:02:38.530674 奖品已发完
2026/05/29 00:02:38.530674 奖品已发完
2026/05/29 00:02:38.530674 奖品已发完
2026/05/29 00:02:38.530674 奖品已发完
2026/05/29 00:02:38.530674 奖品已发完
2026/05/29 00:02:38.530674 奖品已发完
2026/05/29 00:02:38.530674 奖品已发完
2026/05/29 00:02:38.530674 奖品已发完
2026/05/29 00:02:38.530674 奖品已发完
2026/05/29 00:02:38.530674 奖品已发完
2026/05/29 00:02:38.530674 奖品已发完
2026/05/29 00:02:38.530674 奖品已发完
2026/05/29 00:02:38.530674 奖品已发完
2026/05/29 00:02:38.530674 奖品已发完
2026/05/29 00:02:38.530674 奖品已发完
2026/05/29 00:02:38.530674 奖品已发完
2026/05/29 00:02:38.530674 奖品已发完
2026/05/29 00:02:38.530674 奖品已发完
2026/05/29 00:02:38.530674 奖品已发完
2026/05/29 00:02:38.530674 奖品已发完
2026/05/29 00:02:38.530674 奖品已发完
2026/05/29 00:02:38.530674 奖品已发完
2026/05/29 00:02:38.530674 奖品已发完
2026/05/29 00:02:38.530674 奖品已发完
2026/05/29 00:02:38.540606 奖品已发完
2026/05/29 00:02:38.540606 奖品已发完
2026/05/29 00:02:38.540606 奖品已发完
2026/05/29 00:02:38.530674 奖品已发完
2026/05/29 00:02:38.540606 奖品已发完
2026/05/29 00:02:38.530674 奖品已发完
2026/05/29 00:02:38.540606 奖品已发完
2026/05/29 00:02:38.540606 奖品已发完
2026/05/29 00:02:38.530674 奖品已发完
2026/05/29 00:02:38.540606 奖品已发完
2026/05/29 00:02:38.540606 奖品已发完
2026/05/29 00:02:38.530674 奖品已发完
2026/05/29 00:02:38.530674 奖品已发完
2026/05/29 00:02:38.530674 奖品已发完
2026/05/29 00:02:38.530674 奖品已发完
2026/05/29 00:02:38.530674 奖品已发完
2026/05/29 00:02:38.530674 奖品已发完
2026/05/29 00:02:38.530674 奖品已发完
2026/05/29 00:02:38.530674 奖品已发完
2026/05/29 00:02:38.530674 奖品已发完
2026/05/29 00:02:38.530674 奖品已发完
2026/05/29 00:02:38.530674 奖品已发完
2026/05/29 00:02:38.530674 奖品已发完
2026/05/29 00:02:38.530674 奖品已发完
2026/05/29 00:02:38.521036 奖品已发完
2026/05/29 00:02:38.531685 奖品已发完
2026/05/29 00:02:38.540606 奖品已发完
2026/05/29 00:02:38.540606 奖品已发完
2026/05/29 00:02:38.531685 奖品已发完
2026/05/29 00:02:38.540606 奖品已发完
2026/05/29 00:02:38.531685 奖品已发完
2026/05/29 00:02:38.531685 奖品已发完
2026/05/29 00:02:38.531685 奖品已发完
2026/05/29 00:02:38.531685 奖品已发完
2026/05/29 00:02:38.531685 奖品已发完
2026/05/29 00:02:38.531685 奖品已发完
2026/05/29 00:02:38.531685 奖品已发完
2026/05/29 00:02:38.531685 奖品已发完
2026/05/29 00:02:38.531685 奖品已发完
2026/05/29 00:02:38.531685 奖品已发完
2026/05/29 00:02:38.531685 奖品已发完
2026/05/29 00:02:38.531685 奖品已发完
2026/05/29 00:02:38.531685 奖品已发完
2026/05/29 00:02:38.531685 奖品已发完
2026/05/29 00:02:38.531685 奖品已发完
2026/05/29 00:02:38.531685 奖品已发完
2026/05/29 00:02:38.531685 奖品已发完
2026/05/29 00:02:38.531685 奖品已发完
2026/05/29 00:02:38.531685 奖品已发完
2026/05/29 00:02:38.531685 奖品已发完
2026/05/29 00:02:38.531685 奖品已发完
2026/05/29 00:02:38.531685 奖品已发完
2026/05/29 00:02:38.531685 奖品已发完
2026/05/29 00:02:38.531685 奖品已发完
2026/05/29 00:02:38.531685 奖品已发完
2026/05/29 00:02:38.531685 奖品已发完
2026/05/29 00:02:38.531685 奖品已发完
2026/05/29 00:02:38.531685 奖品已发完
2026/05/29 00:02:38.531685 奖品已发完
2026/05/29 00:02:38.531685 奖品已发完
2026/05/29 00:02:38.531685 奖品已发完
2026/05/29 00:02:38.522022 奖品已发完
2026/05/29 00:02:38.531685 奖品已发完
2026/05/29 00:02:38.531685 奖品已发完
2026/05/29 00:02:38.531685 奖品已发完
2026/05/29 00:02:38.531685 奖品已发完
2026/05/29 00:02:38.531685 奖品已发完
2026/05/29 00:02:38.531685 奖品已发完
2026/05/29 00:02:38.531685 奖品已发完
2026/05/29 00:02:38.531685 奖品已发完
2026/05/29 00:02:38.531685 奖品已发完
2026/05/29 00:02:38.531685 奖品已发完
2026/05/29 00:02:38.531685 奖品已发完
2026/05/29 00:02:38.531685 奖品已发完
2026/05/29 00:02:38.531685 奖品已发完
2026/05/29 00:02:38.531685 奖品已发完
2026/05/29 00:02:38.531685 奖品已发完
2026/05/29 00:02:38.531685 奖品已发完
2026/05/29 00:02:38.531685 奖品已发完
2026/05/29 00:02:38.531685 奖品已发完
2026/05/29 00:02:38.531685 奖品已发完
2026/05/29 00:02:38.531685 奖品已发完
2026/05/29 00:02:38.531685 奖品已发完
2026/05/29 00:02:38.531685 奖品已发完
2026/05/29 00:02:38.531685 奖品已发完
2026/05/29 00:02:38.531685 奖品已发完
2026/05/29 00:02:38.531685 奖品已发完
2026/05/29 00:02:38.531685 奖品已发完
2026/05/29 00:02:38.531685 奖品已发完
2026/05/29 00:02:38.531685 奖品已发完
2026/05/29 00:02:38.531685 奖品已发完
2026/05/29 00:02:38.531685 奖品已发完
2026/05/29 00:02:38.531685 奖品已发完
2026/05/29 00:02:38.531685 奖品已发完
2026/05/29 00:02:38.531685 奖品已发完
2026/05/29 00:02:38.531685 奖品已发完
2026/05/29 00:02:38.522022 奖品已发完
2026/05/29 00:02:38.531685 奖品已发完
2026/05/29 00:02:38.531685 奖品已发完
2026/05/29 00:02:38.531685 奖品已发完
2026/05/29 00:02:38.531685 奖品已发完
2026/05/29 00:02:38.531685 奖品已发完
2026/05/29 00:02:38.531685 奖品已发完
2026/05/29 00:02:38.531685 奖品已发完
2026/05/29 00:02:38.531685 奖品已发完
2026/05/29 00:02:38.531685 奖品已发完
2026/05/29 00:02:38.531685 奖品已发完
2026/05/29 00:02:38.531685 奖品已发完
2026/05/29 00:02:38.531685 奖品已发完
2026/05/29 00:02:38.531685 奖品已发完
2026/05/29 00:02:38.531685 奖品已发完
2026/05/29 00:02:38.531685 奖品已发完
2026/05/29 00:02:38.531685 奖品已发完
2026/05/29 00:02:38.531685 奖品已发完
2026/05/29 00:02:38.531685 奖品已发完
2026/05/29 00:02:38.531685 奖品已发完
2026/05/29 00:02:38.531685 奖品已发完
2026/05/29 00:02:38.531685 奖品已发完
2026/05/29 00:02:38.531685 奖品已发完
2026/05/29 00:02:38.531685 奖品已发完
2026/05/29 00:02:38.531685 奖品已发完
2026/05/29 00:02:38.531685 奖品已发完
2026/05/29 00:02:38.531685 奖品已发完
2026/05/29 00:02:38.531685 奖品已发完
2026/05/29 00:02:38.531685 奖品已发完
2026/05/29 00:02:38.531685 奖品已发完
2026/05/29 00:02:38.531685 奖品已发完
2026/05/29 00:02:38.531685 奖品已发完
2026/05/29 00:02:38.531685 奖品已发完
2026/05/29 00:02:38.531685 奖品已发完
2026/05/29 00:02:38.531685 奖品已发完
2026/05/29 00:02:38.531685 奖品已发完
2026/05/29 00:02:38.531685 奖品已发完
2026/05/29 00:02:38.531685 奖品已发完
2026/05/29 00:02:38.531685 奖品已发完
2026/05/29 00:02:38.531685 奖品已发完
2026/05/29 00:02:38.531685 奖品已发完
2026/05/29 00:02:38.531685 奖品已发完
2026/05/29 00:02:38.531685 奖品已发完
2026/05/29 00:02:38.531685 奖品已发完
2026/05/29 00:02:38.531685 奖品已发完
2026/05/29 00:02:38.531685 奖品已发完
2026/05/29 00:02:38.531685 奖品已发完
2026/05/29 00:02:38.532890 奖品已发完
2026/05/29 00:02:38.532890 奖品已发完
2026/05/29 00:02:38.532890 奖品已发完
2026/05/29 00:02:38.532890 奖品已发完
2026/05/29 00:02:38.532890 奖品已发完
2026/05/29 00:02:38.532890 奖品已发完
2026/05/29 00:02:38.532890 奖品已发完
2026/05/29 00:02:38.532890 奖品已发完
2026/05/29 00:02:38.532890 奖品已发完
2026/05/29 00:02:38.532890 奖品已发完
2026/05/29 00:02:38.532890 奖品已发完
2026/05/29 00:02:38.532890 奖品已发完
2026/05/29 00:02:38.541655 奖品已发完
2026/05/29 00:02:38.541655 奖品已发完
2026/05/29 00:02:38.541655 奖品已发完
2026/05/29 00:02:38.532890 奖品已发完
2026/05/29 00:02:38.541655 奖品已发完
2026/05/29 00:02:38.541655 奖品已发完
2026/05/29 00:02:38.532890 奖品已发完
2026/05/29 00:02:38.532890 奖品已发完
2026/05/29 00:02:38.532890 奖品已发完
2026/05/29 00:02:38.532890 奖品已发完
2026/05/29 00:02:38.532890 奖品已发完
2026/05/29 00:02:38.532890 奖品已发完
2026/05/29 00:02:38.532890 奖品已发完
2026/05/29 00:02:38.532890 奖品已发完
2026/05/29 00:02:38.532890 奖品已发完
2026/05/29 00:02:38.532890 奖品已发完
2026/05/29 00:02:38.532890 奖品已发完
2026/05/29 00:02:38.532890 奖品已发完
2026/05/29 00:02:38.532890 奖品已发完
2026/05/29 00:02:38.532890 奖品已发完
2026/05/29 00:02:38.532890 奖品已发完
2026/05/29 00:02:38.532890 奖品已发完
2026/05/29 00:02:38.532890 奖品已发完
2026/05/29 00:02:38.532890 奖品已发完
2026/05/29 00:02:38.532890 奖品已发完
2026/05/29 00:02:38.532890 奖品已发完
2026/05/29 00:02:38.532890 奖品已发完
2026/05/29 00:02:38.532890 奖品已发完
2026/05/29 00:02:38.532890 奖品已发完
2026/05/29 00:02:38.532890 奖品已发完
2026/05/29 00:02:38.532890 奖品已发完
2026/05/29 00:02:38.532890 奖品已发完
2026/05/29 00:02:38.532890 奖品已发完
2026/05/29 00:02:38.532890 奖品已发完
2026/05/29 00:02:38.532890 奖品已发完
2026/05/29 00:02:38.542666 奖品已发完
2026/05/29 00:02:38.542666 奖品已发完
2026/05/29 00:02:38.532890 奖品已发完
2026/05/29 00:02:38.542666 奖品已发完
2026/05/29 00:02:38.542666 奖品已发完
2026/05/29 00:02:38.532890 奖品已发完
2026/05/29 00:02:38.542666 奖品已发完
2026/05/29 00:02:38.542666 奖品已发完
2026/05/29 00:02:38.532890 奖品已发完
2026/05/29 00:02:38.532890 奖品已发完
2026/05/29 00:02:38.532890 奖品已发完
2026/05/29 00:02:38.532890 奖品已发完
2026/05/29 00:02:38.532890 奖品已发完
2026/05/29 00:02:38.532890 奖品已发完
2026/05/29 00:02:38.532890 奖品已发完
2026/05/29 00:02:38.532890 奖品已发完
2026/05/29 00:02:38.532890 奖品已发完
2026/05/29 00:02:38.532890 奖品已发完
2026/05/29 00:02:38.532890 奖品已发完
2026/05/29 00:02:38.532890 奖品已发完
2026/05/29 00:02:38.532890 奖品已发完
2026/05/29 00:02:38.532890 奖品已发完
2026/05/29 00:02:38.532890 奖品已发完
2026/05/29 00:02:38.532890 奖品已发完
2026/05/29 00:02:38.532890 奖品已发完
2026/05/29 00:02:38.532890 奖品已发完
2026/05/29 00:02:38.532890 奖品已发完
2026/05/29 00:02:38.532890 奖品已发完
2026/05/29 00:02:38.533439 奖品已发完
2026/05/29 00:02:38.533439 奖品已发完
2026/05/29 00:02:38.533439 奖品已发完
2026/05/29 00:02:38.523023 奖品已发完
2026/05/29 00:02:38.533439 奖品已发完
2026/05/29 00:02:38.533439 奖品已发完
2026/05/29 00:02:38.533439 奖品已发完
2026/05/29 00:02:38.542666 奖品已发完
2026/05/29 00:02:38.542666 奖品已发完
2026/05/29 00:02:38.533439 奖品已发完
2026/05/29 00:02:38.542666 奖品已发完
2026/05/29 00:02:38.533439 奖品已发完
2026/05/29 00:02:38.533439 奖品已发完
2026/05/29 00:02:38.533439 奖品已发完
2026/05/29 00:02:38.533439 奖品已发完
2026/05/29 00:02:38.533439 奖品已发完
2026/05/29 00:02:38.533439 奖品已发完
2026/05/29 00:02:38.533439 奖品已发完
2026/05/29 00:02:38.533439 奖品已发完
2026/05/29 00:02:38.533439 奖品已发完
2026/05/29 00:02:38.533439 奖品已发完
2026/05/29 00:02:38.533439 奖品已发完
2026/05/29 00:02:38.533439 奖品已发完
2026/05/29 00:02:38.533439 奖品已发完
2026/05/29 00:02:38.533439 奖品已发完
2026/05/29 00:02:38.533439 奖品已发完
2026/05/29 00:02:38.533439 奖品已发完
2026/05/29 00:02:38.533439 奖品已发完
2026/05/29 00:02:38.533439 奖品已发完
2026/05/29 00:02:38.533439 奖品已发完
2026/05/29 00:02:38.533439 奖品已发完
2026/05/29 00:02:38.533439 奖品已发完
2026/05/29 00:02:38.533439 奖品已发完
2026/05/29 00:02:38.533439 奖品已发完
2026/05/29 00:02:38.533439 奖品已发完
2026/05/29 00:02:38.533439 奖品已发完
2026/05/29 00:02:38.533439 奖品已发完
2026/05/29 00:02:38.533439 奖品已发完
2026/05/29 00:02:38.533439 奖品已发完
2026/05/29 00:02:38.533439 奖品已发完
2026/05/29 00:02:38.533439 奖品已发完
2026/05/29 00:02:38.542666 奖品已发完
2026/05/29 00:02:38.542666 奖品已发完
2026/05/29 00:02:38.533439 奖品已发完
2026/05/29 00:02:38.542666 奖品已发完
2026/05/29 00:02:38.542666 奖品已发完
2026/05/29 00:02:38.533439 奖品已发完
2026/05/29 00:02:38.533439 奖品已发完
2026/05/29 00:02:38.533439 奖品已发完
2026/05/29 00:02:38.533439 奖品已发完
2026/05/29 00:02:38.533439 奖品已发完
2026/05/29 00:02:38.533439 奖品已发完
2026/05/29 00:02:38.533439 奖品已发完
2026/05/29 00:02:38.533439 奖品已发完
2026/05/29 00:02:38.533439 奖品已发完
2026/05/29 00:02:38.533439 奖品已发完
2026/05/29 00:02:38.533439 奖品已发完
2026/05/29 00:02:38.533439 奖品已发完
2026/05/29 00:02:38.533439 奖品已发完
2026/05/29 00:02:38.533439 奖品已发完
2026/05/29 00:02:38.533439 奖品已发完
2026/05/29 00:02:38.533439 奖品已发完
2026/05/29 00:02:38.533439 奖品已发完
2026/05/29 00:02:38.533439 奖品已发完
2026/05/29 00:02:38.533439 奖品已发完
2026/05/29 00:02:38.533439 奖品已发完
2026/05/29 00:02:38.533439 奖品已发完
2026/05/29 00:02:38.533439 奖品已发完
2026/05/29 00:02:38.533439 奖品已发完
2026/05/29 00:02:38.533439 奖品已发完
2026/05/29 00:02:38.533439 奖品已发完
2026/05/29 00:02:38.533439 奖品已发完
2026/05/29 00:02:38.533439 奖品已发完
2026/05/29 00:02:38.533439 奖品已发完
2026/05/29 00:02:38.533439 奖品已发完
2026/05/29 00:02:38.533439 奖品已发完
2026/05/29 00:02:38.533439 奖品已发完
2026/05/29 00:02:38.533439 奖品已发完
2026/05/29 00:02:38.533439 奖品已发完
2026/05/29 00:02:38.533439 奖品已发完
2026/05/29 00:02:38.533439 奖品已发完
2026/05/29 00:02:38.533439 奖品已发完
2026/05/29 00:02:38.533439 奖品已发完
2026/05/29 00:02:38.533439 奖品已发完
2026/05/29 00:02:38.533439 奖品已发完
2026/05/29 00:02:38.533439 奖品已发完
2026/05/29 00:02:38.533439 奖品已发完
2026/05/29 00:02:38.533439 奖品已发完
2026/05/29 00:02:38.533439 奖品已发完
2026/05/29 00:02:38.533439 奖品已发完
2026/05/29 00:02:38.533439 奖品已发完
2026/05/29 00:02:38.533439 奖品已发完
2026/05/29 00:02:38.533439 奖品已发完
2026/05/29 00:02:38.533439 奖品已发完
2026/05/29 00:02:38.533439 奖品已发完
2026/05/29 00:02:38.533439 奖品已发完
2026/05/29 00:02:38.533439 奖品已发完
2026/05/29 00:02:38.533439 奖品已发完
2026/05/29 00:02:38.533439 奖品已发完
2026/05/29 00:02:38.533439 奖品已发完
2026/05/29 00:02:38.533439 奖品已发完
2026/05/29 00:02:38.524023 奖品已发完
2026/05/29 00:02:38.533439 奖品已发完
2026/05/29 00:02:38.533439 奖品已发完
2026/05/29 00:02:38.533439 奖品已发完
2026/05/29 00:02:38.533439 奖品已发完
2026/05/29 00:02:38.533439 奖品已发完
2026/05/29 00:02:38.533439 奖品已发完
2026/05/29 00:02:38.533439 奖品已发完
2026/05/29 00:02:38.533439 奖品已发完
2026/05/29 00:02:38.533439 奖品已发完
2026/05/29 00:02:38.533439 奖品已发完
2026/05/29 00:02:38.533439 奖品已发完
2026/05/29 00:02:38.533439 奖品已发完
2026/05/29 00:02:38.533439 奖品已发完
2026/05/29 00:02:38.533439 奖品已发完
2026/05/29 00:02:38.533439 奖品已发完
2026/05/29 00:02:38.534445 奖品已发完
2026/05/29 00:02:38.534445 奖品已发完
2026/05/29 00:02:38.534445 奖品已发完
2026/05/29 00:02:38.534445 奖品已发完
2026/05/29 00:02:38.534445 奖品已发完
2026/05/29 00:02:38.534445 奖品已发完
2026/05/29 00:02:38.534445 奖品已发完
2026/05/29 00:02:38.534445 奖品已发完
2026/05/29 00:02:38.534445 奖品已发完
2026/05/29 00:02:38.534445 奖品已发完
2026/05/29 00:02:38.534445 奖品已发完
2026/05/29 00:02:38.534445 奖品已发完
2026/05/29 00:02:38.534445 奖品已发完
2026/05/29 00:02:38.534445 奖品已发完
2026/05/29 00:02:38.534445 奖品已发完
2026/05/29 00:02:38.534445 奖品已发完
2026/05/29 00:02:38.534445 奖品已发完
2026/05/29 00:02:38.534445 奖品已发完
2026/05/29 00:02:38.534445 奖品已发完
2026/05/29 00:02:38.534445 奖品已发完
2026/05/29 00:02:38.534445 奖品已发完
2026/05/29 00:02:38.534445 奖品已发完
2026/05/29 00:02:38.534445 奖品已发完
2026/05/29 00:02:38.543681 奖品已发完
2026/05/29 00:02:38.543681 奖品已发完
2026/05/29 00:02:38.534445 奖品已发完
2026/05/29 00:02:38.543681 奖品已发完
2026/05/29 00:02:38.543681 奖品已发完
2026/05/29 00:02:38.534445 奖品已发完
2026/05/29 00:02:38.543681 奖品已发完
2026/05/29 00:02:38.543681 奖品已发完
2026/05/29 00:02:38.534445 奖品已发完
2026/05/29 00:02:38.534445 奖品已发完
2026/05/29 00:02:38.543681 奖品已发完
2026/05/29 00:02:38.543681 奖品已发完
2026/05/29 00:02:38.543681 奖品已发完
2026/05/29 00:02:38.543681 奖品已发完
2026/05/29 00:02:38.534445 奖品已发完
2026/05/29 00:02:38.534445 奖品已发完
2026/05/29 00:02:38.543681 奖品已发完
2026/05/29 00:02:38.534445 奖品已发完
2026/05/29 00:02:38.543681 奖品已发完
2026/05/29 00:02:38.543681 奖品已发完
2026/05/29 00:02:38.534445 奖品已发完
2026/05/29 00:02:38.543681 奖品已发完
2026/05/29 00:02:38.543681 奖品已发完
2026/05/29 00:02:38.543681 奖品已发完
2026/05/29 00:02:38.534445 奖品已发完
2026/05/29 00:02:38.534445 奖品已发完
2026/05/29 00:02:38.534445 奖品已发完
2026/05/29 00:02:38.534445 奖品已发完
2026/05/29 00:02:38.534445 奖品已发完
2026/05/29 00:02:38.534445 奖品已发完
2026/05/29 00:02:38.534445 奖品已发完
2026/05/29 00:02:38.534445 奖品已发完
2026/05/29 00:02:38.524529 奖品已发完
2026/05/29 00:02:38.534445 奖品已发完
2026/05/29 00:02:38.534445 奖品已发完
2026/05/29 00:02:38.534445 奖品已发完
2026/05/29 00:02:38.534445 奖品已发完
2026/05/29 00:02:38.534445 奖品已发完
2026/05/29 00:02:38.534445 奖品已发完
2026/05/29 00:02:38.534445 奖品已发完
2026/05/29 00:02:38.534445 奖品已发完
2026/05/29 00:02:38.534445 奖品已发完
2026/05/29 00:02:38.534445 奖品已发完
2026/05/29 00:02:38.524529 奖品已发完
2026/05/29 00:02:38.534445 奖品已发完
2026/05/29 00:02:38.534445 奖品已发完
2026/05/29 00:02:38.534445 奖品已发完
2026/05/29 00:02:38.534445 奖品已发完
2026/05/29 00:02:38.534961 奖品已发完
2026/05/29 00:02:38.534961 奖品已发完
2026/05/29 00:02:38.534961 奖品已发完
2026/05/29 00:02:38.534961 奖品已发完
2026/05/29 00:02:38.534961 奖品已发完
2026/05/29 00:02:38.534961 奖品已发完
2026/05/29 00:02:38.534961 奖品已发完
2026/05/29 00:02:38.534961 奖品已发完
2026/05/29 00:02:38.534961 奖品已发完
2026/05/29 00:02:38.534961 奖品已发完
2026/05/29 00:02:38.524529 奖品已发完
2026/05/29 00:02:38.534961 奖品已发完
2026/05/29 00:02:38.534961 奖品已发完
2026/05/29 00:02:38.534961 奖品已发完
2026/05/29 00:02:38.534961 奖品已发完
2026/05/29 00:02:38.534961 奖品已发完
2026/05/29 00:02:38.534961 奖品已发完
2026/05/29 00:02:38.534961 奖品已发完
2026/05/29 00:02:38.534961 奖品已发完
2026/05/29 00:02:38.534961 奖品已发完
2026/05/29 00:02:38.534961 奖品已发完
2026/05/29 00:02:38.534961 奖品已发完
2026/05/29 00:02:38.534961 奖品已发完
2026/05/29 00:02:38.534961 奖品已发完
2026/05/29 00:02:38.534961 奖品已发完
2026/05/29 00:02:38.534961 奖品已发完
2026/05/29 00:02:38.534961 奖品已发完
2026/05/29 00:02:38.534961 奖品已发完
2026/05/29 00:02:38.534961 奖品已发完
2026/05/29 00:02:38.534961 奖品已发完
2026/05/29 00:02:38.534961 奖品已发完
2026/05/29 00:02:38.534961 奖品已发完
2026/05/29 00:02:38.534961 奖品已发完
2026/05/29 00:02:38.534961 奖品已发完
2026/05/29 00:02:38.534961 奖品已发完
2026/05/29 00:02:38.524529 奖品已发完
2026/05/29 00:02:38.534961 奖品已发完
2026/05/29 00:02:38.534961 奖品已发完
2026/05/29 00:02:38.534961 奖品已发完
2026/05/29 00:02:38.534961 奖品已发完
2026/05/29 00:02:38.534961 奖品已发完
2026/05/29 00:02:38.534961 奖品已发完
2026/05/29 00:02:38.534961 奖品已发完
2026/05/29 00:02:38.534961 奖品已发完
2026/05/29 00:02:38.534961 奖品已发完
2026/05/29 00:02:38.534961 奖品已发完
2026/05/29 00:02:38.534961 奖品已发完
2026/05/29 00:02:38.534961 奖品已发完
2026/05/29 00:02:38.534961 奖品已发完
2026/05/29 00:02:38.534961 奖品已发完
2026/05/29 00:02:38.534961 奖品已发完
2026/05/29 00:02:38.544664 奖品已发完
2026/05/29 00:02:38.544664 奖品已发完
2026/05/29 00:02:38.534961 奖品已发完
2026/05/29 00:02:38.544664 奖品已发完
2026/05/29 00:02:38.534961 奖品已发完
2026/05/29 00:02:38.544664 奖品已发完
2026/05/29 00:02:38.544664 奖品已发完
2026/05/29 00:02:38.534961 奖品已发完
2026/05/29 00:02:38.544664 奖品已发完
2026/05/29 00:02:38.534961 奖品已发完
2026/05/29 00:02:38.544664 奖品已发完
2026/05/29 00:02:38.534961 奖品已发完
2026/05/29 00:02:38.545170 奖品已发完
2026/05/29 00:02:38.545170 奖品已发完
2026/05/29 00:02:38.534961 奖品已发完
2026/05/29 00:02:38.545170 奖品已发完
2026/05/29 00:02:38.545170 奖品已发完
2026/05/29 00:02:38.534961 奖品已发完
2026/05/29 00:02:38.545170 奖品已发完
2026/05/29 00:02:38.534961 奖品已发完
2026/05/29 00:02:38.534961 奖品已发完
2026/05/29 00:02:38.534961 奖品已发完
2026/05/29 00:02:38.534961 奖品已发完
2026/05/29 00:02:38.534961 奖品已发完
2026/05/29 00:02:38.534961 奖品已发完
2026/05/29 00:02:38.534961 奖品已发完
2026/05/29 00:02:38.534961 奖品已发完
2026/05/29 00:02:38.534961 奖品已发完
2026/05/29 00:02:38.534961 奖品已发完
2026/05/29 00:02:38.534961 奖品已发完
2026/05/29 00:02:38.534961 奖品已发完
2026/05/29 00:02:38.534961 奖品已发完
2026/05/29 00:02:38.534961 奖品已发完
2026/05/29 00:02:38.534961 奖品已发完
2026/05/29 00:02:38.534961 奖品已发完
2026/05/29 00:02:38.534961 奖品已发完
2026/05/29 00:02:38.534961 奖品已发完
2026/05/29 00:02:38.534961 奖品已发完
2026/05/29 00:02:38.534961 奖品已发完
2026/05/29 00:02:38.534961 奖品已发完
2026/05/29 00:02:38.534961 奖品已发完
2026/05/29 00:02:38.534961 奖品已发完
2026/05/29 00:02:38.534961 奖品已发完
2026/05/29 00:02:38.545170 奖品已发完
2026/05/29 00:02:38.545170 奖品已发完
2026/05/29 00:02:38.534961 奖品已发完
2026/05/29 00:02:38.545170 奖品已发完
2026/05/29 00:02:38.545170 奖品已发完
2026/05/29 00:02:38.534961 奖品已发完
2026/05/29 00:02:38.534961 奖品已发完
2026/05/29 00:02:38.534961 奖品已发完
2026/05/29 00:02:38.534961 奖品已发完
2026/05/29 00:02:38.534961 奖品已发完
2026/05/29 00:02:38.534961 奖品已发完
2026/05/29 00:02:38.534961 奖品已发完
2026/05/29 00:02:38.534961 奖品已发完
2026/05/29 00:02:38.534961 奖品已发完
2026/05/29 00:02:38.534961 奖品已发完
2026/05/29 00:02:38.534961 奖品已发完
2026/05/29 00:02:38.534961 奖品已发完
2026/05/29 00:02:38.534961 奖品已发完
2026/05/29 00:02:38.534961 奖品已发完
2026/05/29 00:02:38.534961 奖品已发完
2026/05/29 00:02:38.534961 奖品已发完
2026/05/29 00:02:38.534961 奖品已发完
2026/05/29 00:02:38.535968 奖品已发完
2026/05/29 00:02:38.535968 奖品已发完
2026/05/29 00:02:38.535968 奖品已发完
2026/05/29 00:02:38.535968 奖品已发完
2026/05/29 00:02:38.535968 奖品已发完
2026/05/29 00:02:38.535968 奖品已发完
2026/05/29 00:02:38.535968 奖品已发完
2026/05/29 00:02:38.535968 奖品已发完
2026/05/29 00:02:38.535968 奖品已发完
2026/05/29 00:02:38.535968 奖品已发完
2026/05/29 00:02:38.535968 奖品已发完
2026/05/29 00:02:38.535968 奖品已发完
2026/05/29 00:02:38.535968 奖品已发完
2026/05/29 00:02:38.535968 奖品已发完
2026/05/29 00:02:38.535968 奖品已发完
2026/05/29 00:02:38.535968 奖品已发完
2026/05/29 00:02:38.535968 奖品已发完
2026/05/29 00:02:38.535968 奖品已发完
2026/05/29 00:02:38.535968 奖品已发完
2026/05/29 00:02:38.535968 奖品已发完
2026/05/29 00:02:38.535968 奖品已发完
2026/05/29 00:02:38.535968 奖品已发完
2026/05/29 00:02:38.535968 奖品已发完
2026/05/29 00:02:38.535968 奖品已发完
2026/05/29 00:02:38.535968 奖品已发完
2026/05/29 00:02:38.535968 奖品已发完
2026/05/29 00:02:38.535968 奖品已发完
2026/05/29 00:02:38.545170 奖品已发完
2026/05/29 00:02:38.545170 奖品已发完
2026/05/29 00:02:38.535968 奖品已发完
2026/05/29 00:02:38.545170 奖品已发完
2026/05/29 00:02:38.535968 奖品已发完
2026/05/29 00:02:38.545170 奖品已发完
2026/05/29 00:02:38.545170 奖品已发完
2026/05/29 00:02:38.535968 奖品已发完
2026/05/29 00:02:38.535968 奖品已发完
2026/05/29 00:02:38.535968 奖品已发完
2026/05/29 00:02:38.535968 奖品已发完
2026/05/29 00:02:38.535968 奖品已发完
2026/05/29 00:02:38.535968 奖品已发完
2026/05/29 00:02:38.545170 奖品已发完
2026/05/29 00:02:38.545170 奖品已发完
2026/05/29 00:02:38.535968 奖品已发完
2026/05/29 00:02:38.535968 奖品已发完
2026/05/29 00:02:38.535968 奖品已发完
2026/05/29 00:02:38.535968 奖品已发完
2026/05/29 00:02:38.535968 奖品已发完
2026/05/29 00:02:38.535968 奖品已发完
2026/05/29 00:02:38.535968 奖品已发完
2026/05/29 00:02:38.535968 奖品已发完
2026/05/29 00:02:38.526798 奖品已发完
2026/05/29 00:02:38.535968 奖品已发完
2026/05/29 00:02:38.535968 奖品已发完
2026/05/29 00:02:38.535968 奖品已发完
2026/05/29 00:02:38.535968 奖品已发完
2026/05/29 00:02:38.535968 奖品已发完
2026/05/29 00:02:38.535968 奖品已发完
2026/05/29 00:02:38.535968 奖品已发完
2026/05/29 00:02:38.535968 奖品已发完
2026/05/29 00:02:38.535968 奖品已发完
2026/05/29 00:02:38.535968 奖品已发完
2026/05/29 00:02:38.535968 奖品已发完
2026/05/29 00:02:38.535968 奖品已发完
2026/05/29 00:02:38.535968 奖品已发完
2026/05/29 00:02:38.535968 奖品已发完
2026/05/29 00:02:38.526798 奖品已发完
2026/05/29 00:02:38.535968 奖品已发完
2026/05/29 00:02:38.535968 奖品已发完
2026/05/29 00:02:38.535968 奖品已发完
2026/05/29 00:02:38.535968 奖品已发完
2026/05/29 00:02:38.535968 奖品已发完
2026/05/29 00:02:38.535968 奖品已发完
2026/05/29 00:02:38.535968 奖品已发完
2026/05/29 00:02:38.535968 奖品已发完
2026/05/29 00:02:38.535968 奖品已发完
2026/05/29 00:02:38.535968 奖品已发完
2026/05/29 00:02:38.535968 奖品已发完
2026/05/29 00:02:38.535968 奖品已发完
2026/05/29 00:02:38.535968 奖品已发完
2026/05/29 00:02:38.535968 奖品已发完
2026/05/29 00:02:38.535968 奖品已发完
2026/05/29 00:02:38.535968 奖品已发完
2026/05/29 00:02:38.535968 奖品已发完
2026/05/29 00:02:38.535968 奖品已发完
2026/05/29 00:02:38.535968 奖品已发完
2026/05/29 00:02:38.535968 奖品已发完
2026/05/29 00:02:38.535968 奖品已发完
2026/05/29 00:02:38.535968 奖品已发完
2026/05/29 00:02:38.535968 奖品已发完
2026/05/29 00:02:38.526798 奖品已发完
2026/05/29 00:02:38.535968 奖品已发完
2026/05/29 00:02:38.535968 奖品已发完
2026/05/29 00:02:38.535968 奖品已发完
2026/05/29 00:02:38.535968 奖品已发完
2026/05/29 00:02:38.535968 奖品已发完
2026/05/29 00:02:38.535968 奖品已发完
2026/05/29 00:02:38.535968 奖品已发完
2026/05/29 00:02:38.535968 奖品已发完
2026/05/29 00:02:38.535968 奖品已发完
2026/05/29 00:02:38.535968 奖品已发完
2026/05/29 00:02:38.535968 奖品已发完
2026/05/29 00:02:38.535968 奖品已发完
2026/05/29 00:02:38.526798 奖品已发完
2026/05/29 00:02:38.535968 奖品已发完
2026/05/29 00:02:38.535968 奖品已发完
2026/05/29 00:02:38.535968 奖品已发完
2026/05/29 00:02:38.535968 奖品已发完
2026/05/29 00:02:38.536968 奖品已发完
2026/05/29 00:02:38.526798 奖品已发完
2026/05/29 00:02:38.536968 奖品已发完
2026/05/29 00:02:38.536968 奖品已发完
2026/05/29 00:02:38.526798 奖品已发完
2026/05/29 00:02:38.536968 奖品已发完
2026/05/29 00:02:38.536968 奖品已发完
2026/05/29 00:02:38.536968 奖品已发完
2026/05/29 00:02:38.536968 奖品已发完
2026/05/29 00:02:38.536968 奖品已发完
2026/05/29 00:02:38.536968 奖品已发完
2026/05/29 00:02:38.536968 奖品已发完
2026/05/29 00:02:38.536968 奖品已发完
2026/05/29 00:02:38.536968 奖品已发完
2026/05/29 00:02:38.536968 奖品已发完
2026/05/29 00:02:38.536968 奖品已发完
2026/05/29 00:02:38.536968 奖品已发完
2026/05/29 00:02:38.536968 奖品已发完
2026/05/29 00:02:38.536968 奖品已发完
2026/05/29 00:02:38.536968 奖品已发完
2026/05/29 00:02:38.536968 奖品已发完
2026/05/29 00:02:38.536968 奖品已发完
2026/05/29 00:02:38.536968 奖品已发完
2026/05/29 00:02:38.536968 奖品已发完
2026/05/29 00:02:38.536968 奖品已发完
2026/05/29 00:02:38.536968 奖品已发完
2026/05/29 00:02:38.536968 奖品已发完
2026/05/29 00:02:38.536968 奖品已发完
2026/05/29 00:02:38.536968 奖品已发完
2026/05/29 00:02:38.536968 奖品已发完
2026/05/29 00:02:38.536968 奖品已发完
2026/05/29 00:02:38.536968 奖品已发完
2026/05/29 00:02:38.536968 奖品已发完
2026/05/29 00:02:38.536968 奖品已发完
2026/05/29 00:02:38.536968 奖品已发完
2026/05/29 00:02:38.536968 奖品已发完
2026/05/29 00:02:38.536968 奖品已发完
2026/05/29 00:02:38.536968 奖品已发完
2026/05/29 00:02:38.536968 奖品已发完
2026/05/29 00:02:38.536968 奖品已发完
2026/05/29 00:02:38.536968 奖品已发完
2026/05/29 00:02:38.536968 奖品已发完
2026/05/29 00:02:38.536968 奖品已发完
2026/05/29 00:02:38.536968 奖品已发完
2026/05/29 00:02:38.536968 奖品已发完
2026/05/29 00:02:38.536968 奖品已发完
2026/05/29 00:02:38.536968 奖品已发完
2026/05/29 00:02:38.536968 奖品已发完
2026/05/29 00:02:38.536968 奖品已发完
2026/05/29 00:02:38.536968 奖品已发完
2026/05/29 00:02:38.536968 奖品已发完
2026/05/29 00:02:38.536968 奖品已发完
2026/05/29 00:02:38.536968 奖品已发完
2026/05/29 00:02:38.536968 奖品已发完
2026/05/29 00:02:38.528305 奖品已发完
2026/05/29 00:02:38.536968 奖品已发完
2026/05/29 00:02:38.536968 奖品已发完
2026/05/29 00:02:38.536968 奖品已发完
2026/05/29 00:02:38.536968 奖品已发完
2026/05/29 00:02:38.536968 奖品已发完
2026/05/29 00:02:38.536968 奖品已发完
2026/05/29 00:02:38.536968 奖品已发完
2026/05/29 00:02:38.537993 奖品已发完
2026/05/29 00:02:38.537993 奖品已发完
2026/05/29 00:02:38.537993 奖品已发完
2026/05/29 00:02:38.537993 奖品已发完
2026/05/29 00:02:38.537993 奖品已发完
2026/05/29 00:02:38.537993 奖品已发完
2026/05/29 00:02:38.537993 奖品已发完
2026/05/29 00:02:38.537993 奖品已发完
2026/05/29 00:02:38.537993 奖品已发完
2026/05/29 00:02:38.537993 奖品已发完
2026/05/29 00:02:38.537993 奖品已发完
2026/05/29 00:02:38.537993 奖品已发完
2026/05/29 00:02:38.538499 奖品已发完
2026/05/29 00:02:38.538499 奖品已发完
2026/05/29 00:02:38.538499 奖品已发完
2026/05/29 00:02:38.538499 奖品已发完
2026/05/29 00:02:38.528305 奖品已发完
2026/05/29 00:02:38.538499 奖品已发完
2026/05/29 00:02:38.538499 奖品已发完
2026/05/29 00:02:38.538499 奖品已发完
2026/05/29 00:02:38.538499 奖品已发完
2026/05/29 00:02:38.538499 奖品已发完
2026/05/29 00:02:38.538499 奖品已发完
2026/05/29 00:02:38.538499 奖品已发完
2026/05/29 00:02:38.538499 奖品已发完
2026/05/29 00:02:38.538499 奖品已发完
2026/05/29 00:02:38.538499 奖品已发完
2026/05/29 00:02:38.538499 奖品已发完
2026/05/29 00:02:38.538499 奖品已发完
2026/05/29 00:02:38.538499 奖品已发完
2026/05/29 00:02:38.538499 奖品已发完
2026/05/29 00:02:38.538499 奖品已发完
2026/05/29 00:02:38.538499 奖品已发完
2026/05/29 00:02:38.538499 奖品已发完
2026/05/29 00:02:38.538499 奖品已发完
2026/05/29 00:02:38.547220 奖品已发完
2026/05/29 00:02:38.547220 奖品已发完
2026/05/29 00:02:38.538499 奖品已发完
2026/05/29 00:02:38.547220 奖品已发完
2026/05/29 00:02:38.547220 奖品已发完
2026/05/29 00:02:38.538499 奖品已发完
2026/05/29 00:02:38.547220 奖品已发完
2026/05/29 00:02:38.547220 奖品已发完
2026/05/29 00:02:38.538499 奖品已发完
2026/05/29 00:02:38.547220 奖品已发完
2026/05/29 00:02:38.547220 奖品已发完
2026/05/29 00:02:38.538499 奖品已发完
2026/05/29 00:02:38.538499 奖品已发完
2026/05/29 00:02:38.538499 奖品已发完
2026/05/29 00:02:38.538499 奖品已发完
2026/05/29 00:02:38.538499 奖品已发完
2026/05/29 00:02:38.538499 奖品已发完
2026/05/29 00:02:38.538499 奖品已发完
2026/05/29 00:02:38.538499 奖品已发完
2026/05/29 00:02:38.547220 奖品已发完
2026/05/29 00:02:38.547220 奖品已发完
2026/05/29 00:02:38.538499 奖品已发完
2026/05/29 00:02:38.547220 奖品已发完
2026/05/29 00:02:38.547220 奖品已发完
2026/05/29 00:02:38.538499 奖品已发完
2026/05/29 00:02:38.538499 奖品已发完
2026/05/29 00:02:38.538499 奖品已发完
2026/05/29 00:02:38.538499 奖品已发完
2026/05/29 00:02:38.538499 奖品已发完
2026/05/29 00:02:38.538499 奖品已发完
2026/05/29 00:02:38.538499 奖品已发完
2026/05/29 00:02:38.538499 奖品已发完
2026/05/29 00:02:38.538499 奖品已发完
2026/05/29 00:02:38.538499 奖品已发完
2026/05/29 00:02:38.538499 奖品已发完
2026/05/29 00:02:38.538499 奖品已发完
2026/05/29 00:02:38.538499 奖品已发完
2026/05/29 00:02:38.538499 奖品已发完
2026/05/29 00:02:38.538499 奖品已发完
2026/05/29 00:02:38.529367 奖品已发完
2026/05/29 00:02:38.538499 奖品已发完
2026/05/29 00:02:38.538499 奖品已发完
2026/05/29 00:02:38.538499 奖品已发完
2026/05/29 00:02:38.538499 奖品已发完
2026/05/29 00:02:38.538499 奖品已发完
2026/05/29 00:02:38.538499 奖品已发完
2026/05/29 00:02:38.538499 奖品已发完
2026/05/29 00:02:38.538499 奖品已发完
2026/05/29 00:02:38.538499 奖品已发完
2026/05/29 00:02:38.538499 奖品已发完
2026/05/29 00:02:38.538499 奖品已发完
2026/05/29 00:02:38.538499 奖品已发完
2026/05/29 00:02:38.538499 奖品已发完
2026/05/29 00:02:38.538499 奖品已发完
2026/05/29 00:02:38.538499 奖品已发完
2026/05/29 00:02:38.538499 奖品已发完
2026/05/29 00:02:38.538499 奖品已发完
2026/05/29 00:02:38.538499 奖品已发完
2026/05/29 00:02:38.538499 奖品已发完
2026/05/29 00:02:38.538499 奖品已发完
2026/05/29 00:02:38.538499 奖品已发完
2026/05/29 00:02:38.538499 奖品已发完
2026/05/29 00:02:38.538499 奖品已发完
2026/05/29 00:02:38.548227 奖品已发完
2026/05/29 00:02:38.548227 奖品已发完
2026/05/29 00:02:38.538499 奖品已发完
2026/05/29 00:02:38.548227 奖品已发完
2026/05/29 00:02:38.548227 奖品已发完
2026/05/29 00:02:38.548227 奖品已发完
2026/05/29 00:02:38.538499 奖品已发完
2026/05/29 00:02:38.538499 奖品已发完
2026/05/29 00:02:38.538499 奖品已发完
2026/05/29 00:02:38.538499 奖品已发完
2026/05/29 00:02:38.538499 奖品已发完
2026/05/29 00:02:38.538499 奖品已发完
2026/05/29 00:02:38.538499 奖品已发完
2026/05/29 00:02:38.538499 奖品已发完
2026/05/29 00:02:38.538499 奖品已发完
2026/05/29 00:02:38.538499 奖品已发完
2026/05/29 00:02:38.538499 奖品已发完
2026/05/29 00:02:38.538499 奖品已发完
2026/05/29 00:02:38.538499 奖品已发完
2026/05/29 00:02:38.539598 奖品已发完
2026/05/29 00:02:38.539598 奖品已发完
2026/05/29 00:02:38.539598 奖品已发完
2026/05/29 00:02:38.539598 奖品已发完
2026/05/29 00:02:38.539598 奖品已发完
2026/05/29 00:02:38.539598 奖品已发完
2026/05/29 00:02:38.539598 奖品已发完
2026/05/29 00:02:38.539598 奖品已发完
2026/05/29 00:02:38.539598 奖品已发完
2026/05/29 00:02:38.539598 奖品已发完
2026/05/29 00:02:38.539598 奖品已发完
2026/05/29 00:02:38.548227 奖品已发完
2026/05/29 00:02:38.548770 奖品已发完
2026/05/29 00:02:38.539598 奖品已发完
2026/05/29 00:02:38.548770 奖品已发完
2026/05/29 00:02:38.548770 奖品已发完
2026/05/29 00:02:38.539598 奖品已发完
2026/05/29 00:02:38.539598 奖品已发完
2026/05/29 00:02:38.548770 奖品已发完
2026/05/29 00:02:38.548770 奖品已发完
2026/05/29 00:02:38.539598 奖品已发完
2026/05/29 00:02:38.539598 奖品已发完
2026/05/29 00:02:38.539598 奖品已发完
2026/05/29 00:02:38.539598 奖品已发完
2026/05/29 00:02:38.539598 奖品已发完
2026/05/29 00:02:38.539598 奖品已发完
2026/05/29 00:02:38.539598 奖品已发完
2026/05/29 00:02:38.539598 奖品已发完
2026/05/29 00:02:38.539598 奖品已发完
2026/05/29 00:02:38.539598 奖品已发完
2026/05/29 00:02:38.539598 奖品已发完
2026/05/29 00:02:38.539598 奖品已发完
2026/05/29 00:02:38.539598 奖品已发完
2026/05/29 00:02:38.539598 奖品已发完
2026/05/29 00:02:38.539598 奖品已发完
2026/05/29 00:02:38.539598 奖品已发完
2026/05/29 00:02:38.539598 奖品已发完
2026/05/29 00:02:38.539598 奖品已发完
2026/05/29 00:02:38.539598 奖品已发完
2026/05/29 00:02:38.539598 奖品已发完
2026/05/29 00:02:38.539598 奖品已发完
2026/05/29 00:02:38.539598 奖品已发完
2026/05/29 00:02:38.539598 奖品已发完
2026/05/29 00:02:38.539598 奖品已发完
2026/05/29 00:02:38.539598 奖品已发完
2026/05/29 00:02:38.539598 奖品已发完
2026/05/29 00:02:38.539598 奖品已发完
2026/05/29 00:02:38.539598 奖品已发完
2026/05/29 00:02:38.539598 奖品已发完
2026/05/29 00:02:38.539598 奖品已发完
2026/05/29 00:02:38.539598 奖品已发完
2026/05/29 00:02:38.539598 奖品已发完
2026/05/29 00:02:38.539598 奖品已发完
2026/05/29 00:02:38.539598 奖品已发完
2026/05/29 00:02:38.539598 奖品已发完
2026/05/29 00:02:38.539598 奖品已发完
2026/05/29 00:02:38.539598 奖品已发完
2026/05/29 00:02:38.539598 奖品已发完
2026/05/29 00:02:38.539598 奖品已发完
2026/05/29 00:02:38.539598 奖品已发完
2026/05/29 00:02:38.539598 奖品已发完
2026/05/29 00:02:38.539598 奖品已发完
2026/05/29 00:02:38.539598 奖品已发完
2026/05/29 00:02:38.539598 奖品已发完
2026/05/29 00:02:38.539598 奖品已发完
2026/05/29 00:02:38.539598 奖品已发完
2026/05/29 00:02:38.539598 奖品已发完
2026/05/29 00:02:38.539598 奖品已发完
2026/05/29 00:02:38.539598 奖品已发完
2026/05/29 00:02:38.539598 奖品已发完
2026/05/29 00:02:38.539598 奖品已发完
2026/05/29 00:02:38.539598 奖品已发完
2026/05/29 00:02:38.539598 奖品已发完
2026/05/29 00:02:38.539598 奖品已发完
2026/05/29 00:02:38.539598 奖品已发完
2026/05/29 00:02:38.539598 奖品已发完
2026/05/29 00:02:38.539598 奖品已发完
2026/05/29 00:02:38.539598 奖品已发完
2026/05/29 00:02:38.539598 奖品已发完
2026/05/29 00:02:38.539598 奖品已发完
2026/05/29 00:02:38.539598 奖品已发完
2026/05/29 00:02:38.540606 奖品已发完
2026/05/29 00:02:38.540606 奖品已发完
2026/05/29 00:02:38.540606 奖品已发完
2026/05/29 00:02:38.540606 奖品已发完
2026/05/29 00:02:38.540606 奖品已发完
2026/05/29 00:02:38.540606 奖品已发完
2026/05/29 00:02:38.540606 奖品已发完
2026/05/29 00:02:38.540606 奖品已发完
2026/05/29 00:02:38.540606 奖品已发完
2026/05/29 00:02:38.540606 奖品已发完
2026/05/29 00:02:38.540606 奖品已发完
2026/05/29 00:02:38.540606 奖品已发完
2026/05/29 00:02:38.540606 奖品已发完
2026/05/29 00:02:38.540606 奖品已发完
2026/05/29 00:02:38.540606 奖品已发完
2026/05/29 00:02:38.540606 奖品已发完
2026/05/29 00:02:38.540606 奖品已发完
2026/05/29 00:02:38.540606 奖品已发完
2026/05/29 00:02:38.540606 奖品已发完
2026/05/29 00:02:38.540606 奖品已发完
2026/05/29 00:02:38.540606 奖品已发完
2026/05/29 00:02:38.540606 奖品已发完
2026/05/29 00:02:38.540606 奖品已发完
2026/05/29 00:02:38.540606 奖品已发完
2026/05/29 00:02:38.540606 奖品已发完
2026/05/29 00:02:38.540606 奖品已发完
2026/05/29 00:02:38.540606 奖品已发完
2026/05/29 00:02:38.540606 奖品已发完
2026/05/29 00:02:38.540606 奖品已发完
2026/05/29 00:02:38.540606 奖品已发完
2026/05/29 00:02:38.540606 奖品已发完
2026/05/29 00:02:38.540606 奖品已发完
2026/05/29 00:02:38.540606 奖品已发完
2026/05/29 00:02:38.540606 奖品已发完
2026/05/29 00:02:38.540606 奖品已发完
2026/05/29 00:02:38.540606 奖品已发完
2026/05/29 00:02:38.540606 奖品已发完
2026/05/29 00:02:38.530674 奖品已发完
2026/05/29 00:02:38.540606 奖品已发完
2026/05/29 00:02:38.530674 奖品已发完
2026/05/29 00:02:38.540606 奖品已发完
2026/05/29 00:02:38.540606 奖品已发完
2026/05/29 00:02:38.540606 奖品已发完
2026/05/29 00:02:38.540606 奖品已发完
2026/05/29 00:02:38.540606 奖品已发完
2026/05/29 00:02:38.540606 奖品已发完
2026/05/29 00:02:38.540606 奖品已发完
2026/05/29 00:02:38.540606 奖品已发完
2026/05/29 00:02:38.549778 奖品已发完
2026/05/29 00:02:38.549778 奖品已发完
2026/05/29 00:02:38.540606 奖品已发完
2026/05/29 00:02:38.549778 奖品已发完
2026/05/29 00:02:38.540606 奖品已发完
2026/05/29 00:02:38.540606 奖品已发完
2026/05/29 00:02:38.540606 奖品已发完
2026/05/29 00:02:38.540606 奖品已发完
2026/05/29 00:02:38.531685 奖品已发完
2026/05/29 00:02:38.540606 奖品已发完
2026/05/29 00:02:38.540606 奖品已发完
2026/05/29 00:02:38.540606 奖品已发完
2026/05/29 00:02:38.540606 奖品已发完
2026/05/29 00:02:38.540606 奖品已发完
2026/05/29 00:02:38.540606 奖品已发完
2026/05/29 00:02:38.540606 奖品已发完
2026/05/29 00:02:38.540606 奖品已发完
2026/05/29 00:02:38.540606 奖品已发完
2026/05/29 00:02:38.540606 奖品已发完
2026/05/29 00:02:38.540606 奖品已发完
2026/05/29 00:02:38.540606 奖品已发完
2026/05/29 00:02:38.540606 奖品已发完
2026/05/29 00:02:38.540606 奖品已发完
2026/05/29 00:02:38.540606 奖品已发完
2026/05/29 00:02:38.540606 奖品已发完
2026/05/29 00:02:38.540606 奖品已发完
2026/05/29 00:02:38.540606 奖品已发完
2026/05/29 00:02:38.540606 奖品已发完
2026/05/29 00:02:38.540606 奖品已发完
2026/05/29 00:02:38.540606 奖品已发完
2026/05/29 00:02:38.540606 奖品已发完
2026/05/29 00:02:38.540606 奖品已发完
2026/05/29 00:02:38.540606 奖品已发完
2026/05/29 00:02:38.540606 奖品已发完
2026/05/29 00:02:38.540606 奖品已发完
2026/05/29 00:02:38.540606 奖品已发完
2026/05/29 00:02:38.540606 奖品已发完
2026/05/29 00:02:38.540606 奖品已发完
2026/05/29 00:02:38.540606 奖品已发完
2026/05/29 00:02:38.540606 奖品已发完
2026/05/29 00:02:38.540606 奖品已发完
2026/05/29 00:02:38.540606 奖品已发完
2026/05/29 00:02:38.540606 奖品已发完
2026/05/29 00:02:38.540606 奖品已发完
2026/05/29 00:02:38.540606 奖品已发完
2026/05/29 00:02:38.540606 奖品已发完
2026/05/29 00:02:38.540606 奖品已发完
2026/05/29 00:02:38.540606 奖品已发完
2026/05/29 00:02:38.540606 奖品已发完
2026/05/29 00:02:38.541655 奖品已发完
2026/05/29 00:02:38.541655 奖品已发完
2026/05/29 00:02:38.541655 奖品已发完
2026/05/29 00:02:38.541655 奖品已发完
2026/05/29 00:02:38.541655 奖品已发完
2026/05/29 00:02:38.541655 奖品已发完
2026/05/29 00:02:38.541655 奖品已发完
2026/05/29 00:02:38.541655 奖品已发完
2026/05/29 00:02:38.541655 奖品已发完
2026/05/29 00:02:38.541655 奖品已发完
2026/05/29 00:02:38.541655 奖品已发完
2026/05/29 00:02:38.541655 奖品已发完
2026/05/29 00:02:38.541655 奖品已发完
2026/05/29 00:02:38.541655 奖品已发完
2026/05/29 00:02:38.541655 奖品已发完
2026/05/29 00:02:38.541655 奖品已发完
2026/05/29 00:02:38.549778 奖品已发完
2026/05/29 00:02:38.549778 奖品已发完
2026/05/29 00:02:38.549778 奖品已发完
2026/05/29 00:02:38.541655 奖品已发完
2026/05/29 00:02:38.549778 奖品已发完
2026/05/29 00:02:38.549778 奖品已发完
2026/05/29 00:02:38.541655 奖品已发完
2026/05/29 00:02:38.549778 奖品已发完
2026/05/29 00:02:38.549778 奖品已发完
2026/05/29 00:02:38.541655 奖品已发完
2026/05/29 00:02:38.541655 奖品已发完
2026/05/29 00:02:38.541655 奖品已发完
2026/05/29 00:02:38.541655 奖品已发完
2026/05/29 00:02:38.541655 奖品已发完
2026/05/29 00:02:38.541655 奖品已发完
2026/05/29 00:02:38.541655 奖品已发完
2026/05/29 00:02:38.541655 奖品已发完
2026/05/29 00:02:38.541655 奖品已发完
2026/05/29 00:02:38.541655 奖品已发完
2026/05/29 00:02:38.541655 奖品已发完
2026/05/29 00:02:38.541655 奖品已发完
2026/05/29 00:02:38.541655 奖品已发完
2026/05/29 00:02:38.541655 奖品已发完
2026/05/29 00:02:38.541655 奖品已发完
2026/05/29 00:02:38.541655 奖品已发完
2026/05/29 00:02:38.541655 奖品已发完
2026/05/29 00:02:38.541655 奖品已发完
2026/05/29 00:02:38.541655 奖品已发完
2026/05/29 00:02:38.541655 奖品已发完
2026/05/29 00:02:38.541655 奖品已发完
2026/05/29 00:02:38.541655 奖品已发完
2026/05/29 00:02:38.541655 奖品已发完
2026/05/29 00:02:38.541655 奖品已发完
2026/05/29 00:02:38.541655 奖品已发完
2026/05/29 00:02:38.541655 奖品已发完
2026/05/29 00:02:38.541655 奖品已发完
2026/05/29 00:02:38.541655 奖品已发完
2026/05/29 00:02:38.541655 奖品已发完
2026/05/29 00:02:38.541655 奖品已发完
2026/05/29 00:02:38.541655 奖品已发完
2026/05/29 00:02:38.541655 奖品已发完
2026/05/29 00:02:38.541655 奖品已发完
2026/05/29 00:02:38.541655 奖品已发完
2026/05/29 00:02:38.541655 奖品已发完
2026/05/29 00:02:38.541655 奖品已发完
2026/05/29 00:02:38.541655 奖品已发完
2026/05/29 00:02:38.541655 奖品已发完
2026/05/29 00:02:38.541655 奖品已发完
2026/05/29 00:02:38.541655 奖品已发完
2026/05/29 00:02:38.541655 奖品已发完
2026/05/29 00:02:38.541655 奖品已发完
2026/05/29 00:02:38.541655 奖品已发完
2026/05/29 00:02:38.541655 奖品已发完
2026/05/29 00:02:38.541655 奖品已发完
2026/05/29 00:02:38.541655 奖品已发完
2026/05/29 00:02:38.541655 奖品已发完
2026/05/29 00:02:38.541655 奖品已发完
2026/05/29 00:02:38.541655 奖品已发完
2026/05/29 00:02:38.541655 奖品已发完
2026/05/29 00:02:38.541655 奖品已发完
2026/05/29 00:02:38.541655 奖品已发完
2026/05/29 00:02:38.541655 奖品已发完
2026/05/29 00:02:38.541655 奖品已发完
2026/05/29 00:02:38.541655 奖品已发完
2026/05/29 00:02:38.541655 奖品已发完
2026/05/29 00:02:38.541655 奖品已发完
2026/05/29 00:02:38.541655 奖品已发完
2026/05/29 00:02:38.541655 奖品已发完
2026/05/29 00:02:38.541655 奖品已发完
2026/05/29 00:02:38.541655 奖品已发完
2026/05/29 00:02:38.541655 奖品已发完
2026/05/29 00:02:38.541655 奖品已发完
2026/05/29 00:02:38.532890 奖品已发完
2026/05/29 00:02:38.541655 奖品已发完
2026/05/29 00:02:38.541655 奖品已发完
2026/05/29 00:02:38.541655 奖品已发完
2026/05/29 00:02:38.541655 奖品已发完
2026/05/29 00:02:38.541655 奖品已发完
2026/05/29 00:02:38.541655 奖品已发完
2026/05/29 00:02:38.541655 奖品已发完
2026/05/29 00:02:38.541655 奖品已发完
2026/05/29 00:02:38.541655 奖品已发完
2026/05/29 00:02:38.541655 奖品已发完
2026/05/29 00:02:38.541655 奖品已发完
2026/05/29 00:02:38.541655 奖品已发完
2026/05/29 00:02:38.541655 奖品已发完
2026/05/29 00:02:38.541655 奖品已发完
2026/05/29 00:02:38.541655 奖品已发完
2026/05/29 00:02:38.541655 奖品已发完
2026/05/29 00:02:38.541655 奖品已发完
2026/05/29 00:02:38.541655 奖品已发完
2026/05/29 00:02:38.541655 奖品已发完
2026/05/29 00:02:38.541655 奖品已发完
2026/05/29 00:02:38.541655 奖品已发完
2026/05/29 00:02:38.541655 奖品已发完
2026/05/29 00:02:38.541655 奖品已发完
2026/05/29 00:02:38.541655 奖品已发完
2026/05/29 00:02:38.542666 奖品已发完
2026/05/29 00:02:38.542666 奖品已发完
2026/05/29 00:02:38.542666 奖品已发完
2026/05/29 00:02:38.532890 奖品已发完
2026/05/29 00:02:38.542666 奖品已发完
2026/05/29 00:02:38.532890 奖品已发完
2026/05/29 00:02:38.542666 奖品已发完
2026/05/29 00:02:38.542666 奖品已发完
2026/05/29 00:02:38.542666 奖品已发完
2026/05/29 00:02:38.542666 奖品已发完
2026/05/29 00:02:38.542666 奖品已发完
2026/05/29 00:02:38.542666 奖品已发完
2026/05/29 00:02:38.542666 奖品已发完
2026/05/29 00:02:38.542666 奖品已发完
2026/05/29 00:02:38.542666 奖品已发完
2026/05/29 00:02:38.542666 奖品已发完
2026/05/29 00:02:38.542666 奖品已发完
2026/05/29 00:02:38.542666 奖品已发完
2026/05/29 00:02:38.542666 奖品已发完
2026/05/29 00:02:38.542666 奖品已发完
2026/05/29 00:02:38.542666 奖品已发完
2026/05/29 00:02:38.542666 奖品已发完
2026/05/29 00:02:38.542666 奖品已发完
2026/05/29 00:02:38.542666 奖品已发完
2026/05/29 00:02:38.542666 奖品已发完
2026/05/29 00:02:38.542666 奖品已发完
2026/05/29 00:02:38.542666 奖品已发完
2026/05/29 00:02:38.542666 奖品已发完
2026/05/29 00:02:38.542666 奖品已发完
2026/05/29 00:02:38.542666 奖品已发完
2026/05/29 00:02:38.542666 奖品已发完
2026/05/29 00:02:38.533439 奖品已发完
2026/05/29 00:02:38.542666 奖品已发完
2026/05/29 00:02:38.542666 奖品已发完
2026/05/29 00:02:38.550777 奖品已发完
2026/05/29 00:02:38.550777 奖品已发完
2026/05/29 00:02:38.542666 奖品已发完
2026/05/29 00:02:38.550777 奖品已发完
2026/05/29 00:02:38.542666 奖品已发完
2026/05/29 00:02:38.550777 奖品已发完
2026/05/29 00:02:38.542666 奖品已发完
2026/05/29 00:02:38.550777 奖品已发完
2026/05/29 00:02:38.542666 奖品已发完
2026/05/29 00:02:38.550777 奖品已发完
2026/05/29 00:02:38.542666 奖品已发完
2026/05/29 00:02:38.550777 奖品已发完
2026/05/29 00:02:38.542666 奖品已发完
2026/05/29 00:02:38.550777 奖品已发完
2026/05/29 00:02:38.542666 奖品已发完
2026/05/29 00:02:38.550777 奖品已发完
2026/05/29 00:02:38.542666 奖品已发完
2026/05/29 00:02:38.550777 奖品已发完
2026/05/29 00:02:38.542666 奖品已发完
2026/05/29 00:02:38.550777 奖品已发完
2026/05/29 00:02:38.542666 奖品已发完
2026/05/29 00:02:38.550777 奖品已发完
2026/05/29 00:02:38.542666 奖品已发完
2026/05/29 00:02:38.550777 奖品已发完
2026/05/29 00:02:38.542666 奖品已发完
2026/05/29 00:02:38.550777 奖品已发完
2026/05/29 00:02:38.542666 奖品已发完
2026/05/29 00:02:38.551784 奖品已发完
2026/05/29 00:02:38.542666 奖品已发完
2026/05/29 00:02:38.551784 奖品已发完
2026/05/29 00:02:38.542666 奖品已发完
2026/05/29 00:02:38.551784 奖品已发完
2026/05/29 00:02:38.551784 奖品已发完
2026/05/29 00:02:38.542666 奖品已发完
2026/05/29 00:02:38.542666 奖品已发完
2026/05/29 00:02:38.542666 奖品已发完
2026/05/29 00:02:38.542666 奖品已发完
2026/05/29 00:02:38.542666 奖品已发完
2026/05/29 00:02:38.542666 奖品已发完
2026/05/29 00:02:38.542666 奖品已发完
2026/05/29 00:02:38.542666 奖品已发完
2026/05/29 00:02:38.542666 奖品已发完
2026/05/29 00:02:38.542666 奖品已发完
2026/05/29 00:02:38.533439 奖品已发完
2026/05/29 00:02:38.542666 奖品已发完
2026/05/29 00:02:38.542666 奖品已发完
2026/05/29 00:02:38.542666 奖品已发完
2026/05/29 00:02:38.542666 奖品已发完
2026/05/29 00:02:38.542666 奖品已发完
2026/05/29 00:02:38.542666 奖品已发完
2026/05/29 00:02:38.542666 奖品已发完
2026/05/29 00:02:38.542666 奖品已发完
2026/05/29 00:02:38.542666 奖品已发完
2026/05/29 00:02:38.542666 奖品已发完
2026/05/29 00:02:38.542666 奖品已发完
2026/05/29 00:02:38.542666 奖品已发完
2026/05/29 00:02:38.542666 奖品已发完
2026/05/29 00:02:38.542666 奖品已发完
2026/05/29 00:02:38.542666 奖品已发完
2026/05/29 00:02:38.542666 奖品已发完
2026/05/29 00:02:38.542666 奖品已发完
2026/05/29 00:02:38.542666 奖品已发完
2026/05/29 00:02:38.542666 奖品已发完
2026/05/29 00:02:38.542666 奖品已发完
2026/05/29 00:02:38.543681 奖品已发完
2026/05/29 00:02:38.543681 奖品已发完
2026/05/29 00:02:38.543681 奖品已发完
2026/05/29 00:02:38.543681 奖品已发完
2026/05/29 00:02:38.543681 奖品已发完
2026/05/29 00:02:38.543681 奖品已发完
2026/05/29 00:02:38.543681 奖品已发完
2026/05/29 00:02:38.543681 奖品已发完
2026/05/29 00:02:38.543681 奖品已发完
2026/05/29 00:02:38.543681 奖品已发完
2026/05/29 00:02:38.543681 奖品已发完
2026/05/29 00:02:38.543681 奖品已发完
2026/05/29 00:02:38.543681 奖品已发完
2026/05/29 00:02:38.543681 奖品已发完
2026/05/29 00:02:38.543681 奖品已发完
2026/05/29 00:02:38.543681 奖品已发完
2026/05/29 00:02:38.543681 奖品已发完
2026/05/29 00:02:38.543681 奖品已发完
2026/05/29 00:02:38.543681 奖品已发完
2026/05/29 00:02:38.543681 奖品已发完
2026/05/29 00:02:38.543681 奖品已发完
2026/05/29 00:02:38.543681 奖品已发完
2026/05/29 00:02:38.543681 奖品已发完
2026/05/29 00:02:38.543681 奖品已发完
2026/05/29 00:02:38.543681 奖品已发完
2026/05/29 00:02:38.543681 奖品已发完
2026/05/29 00:02:38.543681 奖品已发完
2026/05/29 00:02:38.543681 奖品已发完
2026/05/29 00:02:38.543681 奖品已发完
2026/05/29 00:02:38.543681 奖品已发完
2026/05/29 00:02:38.543681 奖品已发完
2026/05/29 00:02:38.543681 奖品已发完
2026/05/29 00:02:38.543681 奖品已发完
2026/05/29 00:02:38.543681 奖品已发完
2026/05/29 00:02:38.543681 奖品已发完
2026/05/29 00:02:38.543681 奖品已发完
2026/05/29 00:02:38.543681 奖品已发完
2026/05/29 00:02:38.543681 奖品已发完
2026/05/29 00:02:38.543681 奖品已发完
2026/05/29 00:02:38.543681 奖品已发完
2026/05/29 00:02:38.543681 奖品已发完
2026/05/29 00:02:38.543681 奖品已发完
2026/05/29 00:02:38.543681 奖品已发完
2026/05/29 00:02:38.543681 奖品已发完
2026/05/29 00:02:38.543681 奖品已发完
2026/05/29 00:02:38.543681 奖品已发完
2026/05/29 00:02:38.543681 奖品已发完
2026/05/29 00:02:38.543681 奖品已发完
2026/05/29 00:02:38.543681 奖品已发完
2026/05/29 00:02:38.543681 奖品已发完
2026/05/29 00:02:38.543681 奖品已发完
2026/05/29 00:02:38.543681 奖品已发完
2026/05/29 00:02:38.543681 奖品已发完
2026/05/29 00:02:38.543681 奖品已发完
2026/05/29 00:02:38.543681 奖品已发完
2026/05/29 00:02:38.543681 奖品已发完
2026/05/29 00:02:38.543681 奖品已发完
2026/05/29 00:02:38.551784 奖品已发完
2026/05/29 00:02:38.543681 奖品已发完
2026/05/29 00:02:38.551784 奖品已发完
2026/05/29 00:02:38.543681 奖品已发完
2026/05/29 00:02:38.551784 奖品已发完
2026/05/29 00:02:38.543681 奖品已发完
2026/05/29 00:02:38.551784 奖品已发完
2026/05/29 00:02:38.543681 奖品已发完
2026/05/29 00:02:38.551784 奖品已发完
2026/05/29 00:02:38.543681 奖品已发完
2026/05/29 00:02:38.551784 奖品已发完
2026/05/29 00:02:38.543681 奖品已发完
2026/05/29 00:02:38.551784 奖品已发完
2026/05/29 00:02:38.543681 奖品已发完
2026/05/29 00:02:38.543681 奖品已发完
2026/05/29 00:02:38.543681 奖品已发完
2026/05/29 00:02:38.543681 奖品已发完
2026/05/29 00:02:38.543681 奖品已发完
2026/05/29 00:02:38.543681 奖品已发完
2026/05/29 00:02:38.543681 奖品已发完
2026/05/29 00:02:38.543681 奖品已发完
2026/05/29 00:02:38.543681 奖品已发完
2026/05/29 00:02:38.543681 奖品已发完
2026/05/29 00:02:38.534445 奖品已发完
2026/05/29 00:02:38.534445 奖品已发完
2026/05/29 00:02:38.543681 奖品已发完
2026/05/29 00:02:38.543681 奖品已发完
2026/05/29 00:02:38.543681 奖品已发完
2026/05/29 00:02:38.543681 奖品已发完
2026/05/29 00:02:38.543681 奖品已发完
2026/05/29 00:02:38.543681 奖品已发完
2026/05/29 00:02:38.543681 奖品已发完
2026/05/29 00:02:38.543681 奖品已发完
2026/05/29 00:02:38.543681 奖品已发完
2026/05/29 00:02:38.543681 奖品已发完
2026/05/29 00:02:38.543681 奖品已发完
2026/05/29 00:02:38.543681 奖品已发完
2026/05/29 00:02:38.543681 奖品已发完
2026/05/29 00:02:38.543681 奖品已发完
2026/05/29 00:02:38.543681 奖品已发完
2026/05/29 00:02:38.543681 奖品已发完
2026/05/29 00:02:38.543681 奖品已发完
2026/05/29 00:02:38.543681 奖品已发完
2026/05/29 00:02:38.543681 奖品已发完
2026/05/29 00:02:38.543681 奖品已发完
2026/05/29 00:02:38.543681 奖品已发完
2026/05/29 00:02:38.543681 奖品已发完
2026/05/29 00:02:38.543681 奖品已发完
2026/05/29 00:02:38.552784 奖品已发完
2026/05/29 00:02:38.543681 奖品已发完
2026/05/29 00:02:38.552784 奖品已发完
2026/05/29 00:02:38.543681 奖品已发完
2026/05/29 00:02:38.552784 奖品已发完
2026/05/29 00:02:38.543681 奖品已发完
2026/05/29 00:02:38.552784 奖品已发完
2026/05/29 00:02:38.544664 奖品已发完
2026/05/29 00:02:38.552784 奖品已发完
2026/05/29 00:02:38.544664 奖品已发完
2026/05/29 00:02:38.552784 奖品已发完
2026/05/29 00:02:38.544664 奖品已发完
2026/05/29 00:02:38.552784 奖品已发完
2026/05/29 00:02:38.552784 奖品已发完
2026/05/29 00:02:38.544664 奖品已发完
2026/05/29 00:02:38.544664 奖品已发完
2026/05/29 00:02:38.544664 奖品已发完
2026/05/29 00:02:38.544664 奖品已发完
2026/05/29 00:02:38.544664 奖品已发完
2026/05/29 00:02:38.544664 奖品已发完
2026/05/29 00:02:38.544664 奖品已发完
2026/05/29 00:02:38.544664 奖品已发完
2026/05/29 00:02:38.544664 奖品已发完
2026/05/29 00:02:38.544664 奖品已发完
2026/05/29 00:02:38.544664 奖品已发完
2026/05/29 00:02:38.544664 奖品已发完
2026/05/29 00:02:38.544664 奖品已发完
2026/05/29 00:02:38.544664 奖品已发完
2026/05/29 00:02:38.544664 奖品已发完
2026/05/29 00:02:38.544664 奖品已发完
2026/05/29 00:02:38.544664 奖品已发完
2026/05/29 00:02:38.544664 奖品已发完
2026/05/29 00:02:38.544664 奖品已发完
2026/05/29 00:02:38.544664 奖品已发完
2026/05/29 00:02:38.544664 奖品已发完
2026/05/29 00:02:38.544664 奖品已发完
2026/05/29 00:02:38.552784 奖品已发完
2026/05/29 00:02:38.544664 奖品已发完
2026/05/29 00:02:38.552784 奖品已发完
2026/05/29 00:02:38.544664 奖品已发完
2026/05/29 00:02:38.552784 奖品已发完
2026/05/29 00:02:38.544664 奖品已发完
2026/05/29 00:02:38.544664 奖品已发完
2026/05/29 00:02:38.544664 奖品已发完
2026/05/29 00:02:38.544664 奖品已发完
2026/05/29 00:02:38.544664 奖品已发完
2026/05/29 00:02:38.544664 奖品已发完
2026/05/29 00:02:38.544664 奖品已发完
2026/05/29 00:02:38.544664 奖品已发完
2026/05/29 00:02:38.544664 奖品已发完
2026/05/29 00:02:38.544664 奖品已发完
2026/05/29 00:02:38.544664 奖品已发完
2026/05/29 00:02:38.544664 奖品已发完
2026/05/29 00:02:38.544664 奖品已发完
2026/05/29 00:02:38.544664 奖品已发完
2026/05/29 00:02:38.544664 奖品已发完
2026/05/29 00:02:38.544664 奖品已发完
2026/05/29 00:02:38.544664 奖品已发完
2026/05/29 00:02:38.544664 奖品已发完
2026/05/29 00:02:38.534961 奖品已发完
2026/05/29 00:02:38.544664 奖品已发完
2026/05/29 00:02:38.544664 奖品已发完
2026/05/29 00:02:38.544664 奖品已发完
2026/05/29 00:02:38.545170 奖品已发完
2026/05/29 00:02:38.545170 奖品已发完
2026/05/29 00:02:38.545170 奖品已发完
2026/05/29 00:02:38.545170 奖品已发完
2026/05/29 00:02:38.545170 奖品已发完
2026/05/29 00:02:38.545170 奖品已发完
2026/05/29 00:02:38.545170 奖品已发完
2026/05/29 00:02:38.545170 奖品已发完
2026/05/29 00:02:38.545170 奖品已发完
2026/05/29 00:02:38.545170 奖品已发完
2026/05/29 00:02:38.545170 奖品已发完
2026/05/29 00:02:38.545170 奖品已发完
2026/05/29 00:02:38.545170 奖品已发完
2026/05/29 00:02:38.545170 奖品已发完
2026/05/29 00:02:38.545170 奖品已发完
2026/05/29 00:02:38.545170 奖品已发完
2026/05/29 00:02:38.545170 奖品已发完
2026/05/29 00:02:38.545170 奖品已发完
2026/05/29 00:02:38.545170 奖品已发完
2026/05/29 00:02:38.545170 奖品已发完
2026/05/29 00:02:38.545170 奖品已发完
2026/05/29 00:02:38.545170 奖品已发完
2026/05/29 00:02:38.545170 奖品已发完
2026/05/29 00:02:38.545170 奖品已发完
2026/05/29 00:02:38.534961 奖品已发完
2026/05/29 00:02:38.545170 奖品已发完
2026/05/29 00:02:38.545170 奖品已发完
2026/05/29 00:02:38.545170 奖品已发完
2026/05/29 00:02:38.545170 奖品已发完
2026/05/29 00:02:38.545170 奖品已发完
2026/05/29 00:02:38.545170 奖品已发完
2026/05/29 00:02:38.545170 奖品已发完
2026/05/29 00:02:38.545170 奖品已发完
2026/05/29 00:02:38.545170 奖品已发完
2026/05/29 00:02:38.545170 奖品已发完
2026/05/29 00:02:38.545170 奖品已发完
2026/05/29 00:02:38.545170 奖品已发完
2026/05/29 00:02:38.545170 奖品已发完
2026/05/29 00:02:38.545170 奖品已发完
2026/05/29 00:02:38.545170 奖品已发完
2026/05/29 00:02:38.545170 奖品已发完
2026/05/29 00:02:38.553782 奖品已发完
2026/05/29 00:02:38.545170 奖品已发完
2026/05/29 00:02:38.553782 奖品已发完
2026/05/29 00:02:38.553782 奖品已发完
2026/05/29 00:02:38.545170 奖品已发完
2026/05/29 00:02:38.553782 奖品已发完
2026/05/29 00:02:38.545170 奖品已发完
2026/05/29 00:02:38.553782 奖品已发完
2026/05/29 00:02:38.545170 奖品已发完
2026/05/29 00:02:38.553782 奖品已发完
2026/05/29 00:02:38.545170 奖品已发完
2026/05/29 00:02:38.553782 奖品已发完
2026/05/29 00:02:38.545170 奖品已发完
2026/05/29 00:02:38.553782 奖品已发完
2026/05/29 00:02:38.545170 奖品已发完
2026/05/29 00:02:38.553782 奖品已发完
2026/05/29 00:02:38.545170 奖品已发完
2026/05/29 00:02:38.553782 奖品已发完
2026/05/29 00:02:38.545170 奖品已发完
2026/05/29 00:02:38.545170 奖品已发完
2026/05/29 00:02:38.545170 奖品已发完
2026/05/29 00:02:38.545170 奖品已发完
2026/05/29 00:02:38.545170 奖品已发完
2026/05/29 00:02:38.545170 奖品已发完
2026/05/29 00:02:38.545170 奖品已发完
2026/05/29 00:02:38.545170 奖品已发完
2026/05/29 00:02:38.545170 奖品已发完
2026/05/29 00:02:38.545170 奖品已发完
2026/05/29 00:02:38.545170 奖品已发完
2026/05/29 00:02:38.545170 奖品已发完
2026/05/29 00:02:38.545170 奖品已发完
2026/05/29 00:02:38.535968 奖品已发完
2026/05/29 00:02:38.545170 奖品已发完
2026/05/29 00:02:38.545170 奖品已发完
2026/05/29 00:02:38.545170 奖品已发完
2026/05/29 00:02:38.545170 奖品已发完
2026/05/29 00:02:38.545170 奖品已发完
2026/05/29 00:02:38.545170 奖品已发完
2026/05/29 00:02:38.545170 奖品已发完
2026/05/29 00:02:38.545170 奖品已发完
2026/05/29 00:02:38.535968 奖品已发完
2026/05/29 00:02:38.545170 奖品已发完
2026/05/29 00:02:38.545170 奖品已发完
2026/05/29 00:02:38.545170 奖品已发完
2026/05/29 00:02:38.545170 奖品已发完
2026/05/29 00:02:38.545170 奖品已发完
2026/05/29 00:02:38.545170 奖品已发完
2026/05/29 00:02:38.545170 奖品已发完
2026/05/29 00:02:38.545170 奖品已发完
2026/05/29 00:02:38.545170 奖品已发完
2026/05/29 00:02:38.546180 奖品已发完
2026/05/29 00:02:38.546180 奖品已发完
2026/05/29 00:02:38.546180 奖品已发完
2026/05/29 00:02:38.546180 奖品已发完
2026/05/29 00:02:38.546180 奖品已发完
2026/05/29 00:02:38.546180 奖品已发完
2026/05/29 00:02:38.546180 奖品已发完
2026/05/29 00:02:38.546180 奖品已发完
2026/05/29 00:02:38.546180 奖品已发完
2026/05/29 00:02:38.546180 奖品已发完
2026/05/29 00:02:38.546180 奖品已发完
2026/05/29 00:02:38.546180 奖品已发完
2026/05/29 00:02:38.546180 奖品已发完
2026/05/29 00:02:38.546180 奖品已发完
2026/05/29 00:02:38.546180 奖品已发完
2026/05/29 00:02:38.546180 奖品已发完
2026/05/29 00:02:38.546180 奖品已发完
2026/05/29 00:02:38.546180 奖品已发完
2026/05/29 00:02:38.546180 奖品已发完
2026/05/29 00:02:38.546180 奖品已发完
2026/05/29 00:02:38.553782 奖品已发完
2026/05/29 00:02:38.546180 奖品已发完
2026/05/29 00:02:38.553782 奖品已发完
2026/05/29 00:02:38.546180 奖品已发完
2026/05/29 00:02:38.553782 奖品已发完
2026/05/29 00:02:38.546180 奖品已发完
2026/05/29 00:02:38.553782 奖品已发完
2026/05/29 00:02:38.546180 奖品已发完
2026/05/29 00:02:38.553782 奖品已发完
2026/05/29 00:02:38.546180 奖品已发完
2026/05/29 00:02:38.553782 奖品已发完
2026/05/29 00:02:38.546180 奖品已发完
2026/05/29 00:02:38.553782 奖品已发完
2026/05/29 00:02:38.546180 奖品已发完
2026/05/29 00:02:38.553782 奖品已发完
2026/05/29 00:02:38.546180 奖品已发完
2026/05/29 00:02:38.553782 奖品已发完
2026/05/29 00:02:38.546180 奖品已发完
2026/05/29 00:02:38.553782 奖品已发完
2026/05/29 00:02:38.546180 奖品已发完
2026/05/29 00:02:38.546180 奖品已发完
2026/05/29 00:02:38.546180 奖品已发完
2026/05/29 00:02:38.553782 奖品已发完
2026/05/29 00:02:38.546180 奖品已发完
2026/05/29 00:02:38.553782 奖品已发完
2026/05/29 00:02:38.546180 奖品已发完
2026/05/29 00:02:38.546180 奖品已发完
2026/05/29 00:02:38.553782 奖品已发完
2026/05/29 00:02:38.546180 奖品已发完
2026/05/29 00:02:38.553782 奖品已发完
2026/05/29 00:02:38.553782 奖品已发完
2026/05/29 00:02:38.546180 奖品已发完
2026/05/29 00:02:38.553782 奖品已发完
2026/05/29 00:02:38.546180 奖品已发完
2026/05/29 00:02:38.553782 奖品已发完
2026/05/29 00:02:38.546180 奖品已发完
2026/05/29 00:02:38.554788 奖品已发完
2026/05/29 00:02:38.546180 奖品已发完
2026/05/29 00:02:38.554788 奖品已发完
2026/05/29 00:02:38.546180 奖品已发完
2026/05/29 00:02:38.554788 奖品已发完
2026/05/29 00:02:38.546180 奖品已发完
2026/05/29 00:02:38.554788 奖品已发完
2026/05/29 00:02:38.546180 奖品已发完
2026/05/29 00:02:38.554788 奖品已发完
2026/05/29 00:02:38.546180 奖品已发完
2026/05/29 00:02:38.554788 奖品已发完
2026/05/29 00:02:38.546180 奖品已发完
2026/05/29 00:02:38.554788 奖品已发完
2026/05/29 00:02:38.546180 奖品已发完
2026/05/29 00:02:38.554788 奖品已发完
2026/05/29 00:02:38.546180 奖品已发完
2026/05/29 00:02:38.554788 奖品已发完
2026/05/29 00:02:38.554788 奖品已发完
2026/05/29 00:02:38.546180 奖品已发完
2026/05/29 00:02:38.554788 奖品已发完
2026/05/29 00:02:38.546180 奖品已发完
2026/05/29 00:02:38.554788 奖品已发完
2026/05/29 00:02:38.546180 奖品已发完
2026/05/29 00:02:38.554788 奖品已发完
2026/05/29 00:02:38.546180 奖品已发完
2026/05/29 00:02:38.546180 奖品已发完
2026/05/29 00:02:38.546180 奖品已发完
2026/05/29 00:02:38.546180 奖品已发完
2026/05/29 00:02:38.546180 奖品已发完
2026/05/29 00:02:38.546180 奖品已发完
2026/05/29 00:02:38.546180 奖品已发完
2026/05/29 00:02:38.546180 奖品已发完
2026/05/29 00:02:38.546180 奖品已发完
2026/05/29 00:02:38.546180 奖品已发完
2026/05/29 00:02:38.546180 奖品已发完
2026/05/29 00:02:38.546180 奖品已发完
2026/05/29 00:02:38.546180 奖品已发完
2026/05/29 00:02:38.546180 奖品已发完
2026/05/29 00:02:38.546180 奖品已发完
2026/05/29 00:02:38.546180 奖品已发完
2026/05/29 00:02:38.546180 奖品已发完
2026/05/29 00:02:38.546180 奖品已发完
2026/05/29 00:02:38.555297 奖品已发完
2026/05/29 00:02:38.555297 奖品已发完
2026/05/29 00:02:38.546180 奖品已发完
2026/05/29 00:02:38.546180 奖品已发完
2026/05/29 00:02:38.546180 奖品已发完
2026/05/29 00:02:38.547220 奖品已发完
2026/05/29 00:02:38.547220 奖品已发完
2026/05/29 00:02:38.547220 奖品已发完
2026/05/29 00:02:38.547220 奖品已发完
2026/05/29 00:02:38.547220 奖品已发完
2026/05/29 00:02:38.547220 奖品已发完
2026/05/29 00:02:38.547220 奖品已发完
2026/05/29 00:02:38.547220 奖品已发完
2026/05/29 00:02:38.547220 奖品已发完
2026/05/29 00:02:38.547220 奖品已发完
2026/05/29 00:02:38.547220 奖品已发完
2026/05/29 00:02:38.547220 奖品已发完
2026/05/29 00:02:38.547220 奖品已发完
2026/05/29 00:02:38.547220 奖品已发完
2026/05/29 00:02:38.547220 奖品已发完
2026/05/29 00:02:38.547220 奖品已发完
2026/05/29 00:02:38.547220 奖品已发完
2026/05/29 00:02:38.547220 奖品已发完
2026/05/29 00:02:38.547220 奖品已发完
2026/05/29 00:02:38.547220 奖品已发完
2026/05/29 00:02:38.547220 奖品已发完
2026/05/29 00:02:38.547220 奖品已发完
2026/05/29 00:02:38.547220 奖品已发完
2026/05/29 00:02:38.547220 奖品已发完
2026/05/29 00:02:38.547220 奖品已发完
2026/05/29 00:02:38.547220 奖品已发完
2026/05/29 00:02:38.547220 奖品已发完
2026/05/29 00:02:38.547220 奖品已发完
2026/05/29 00:02:38.547220 奖品已发完
2026/05/29 00:02:38.547220 奖品已发完
2026/05/29 00:02:38.547220 奖品已发完
2026/05/29 00:02:38.547220 奖品已发完
2026/05/29 00:02:38.547220 奖品已发完
2026/05/29 00:02:38.547220 奖品已发完
2026/05/29 00:02:38.547220 奖品已发完
2026/05/29 00:02:38.547220 奖品已发完
2026/05/29 00:02:38.547220 奖品已发完
2026/05/29 00:02:38.547220 奖品已发完
2026/05/29 00:02:38.547220 奖品已发完
2026/05/29 00:02:38.547220 奖品已发完
2026/05/29 00:02:38.547220 奖品已发完
2026/05/29 00:02:38.547220 奖品已发完
2026/05/29 00:02:38.547220 奖品已发完
2026/05/29 00:02:38.547220 奖品已发完
2026/05/29 00:02:38.547220 奖品已发完
2026/05/29 00:02:38.547220 奖品已发完
2026/05/29 00:02:38.547220 奖品已发完
2026/05/29 00:02:38.547220 奖品已发完
2026/05/29 00:02:38.547220 奖品已发完
2026/05/29 00:02:38.547220 奖品已发完
2026/05/29 00:02:38.547220 奖品已发完
2026/05/29 00:02:38.547220 奖品已发完
2026/05/29 00:02:38.547220 奖品已发完
2026/05/29 00:02:38.547220 奖品已发完
2026/05/29 00:02:38.547220 奖品已发完
2026/05/29 00:02:38.547220 奖品已发完
2026/05/29 00:02:38.547220 奖品已发完
2026/05/29 00:02:38.547220 奖品已发完
2026/05/29 00:02:38.547220 奖品已发完
2026/05/29 00:02:38.547220 奖品已发完
2026/05/29 00:02:38.547220 奖品已发完
2026/05/29 00:02:38.547220 奖品已发完
2026/05/29 00:02:38.547220 奖品已发完
2026/05/29 00:02:38.547220 奖品已发完
2026/05/29 00:02:38.547220 奖品已发完
2026/05/29 00:02:38.547220 奖品已发完
2026/05/29 00:02:38.538499 奖品已发完
2026/05/29 00:02:38.547220 奖品已发完
2026/05/29 00:02:38.547220 奖品已发完
2026/05/29 00:02:38.547220 奖品已发完
2026/05/29 00:02:38.547220 奖品已发完
2026/05/29 00:02:38.547220 奖品已发完
2026/05/29 00:02:38.547220 奖品已发完
2026/05/29 00:02:38.547220 奖品已发完
2026/05/29 00:02:38.538499 奖品已发完
2026/05/29 00:02:38.548227 奖品已发完
2026/05/29 00:02:38.548227 奖品已发完
2026/05/29 00:02:38.548227 奖品已发完
2026/05/29 00:02:38.548227 奖品已发完
2026/05/29 00:02:38.548227 奖品已发完
2026/05/29 00:02:38.548227 奖品已发完
2026/05/29 00:02:38.548227 奖品已发完
2026/05/29 00:02:38.548227 奖品已发完
2026/05/29 00:02:38.548227 奖品已发完
2026/05/29 00:02:38.548227 奖品已发完
2026/05/29 00:02:38.548227 奖品已发完
2026/05/29 00:02:38.548227 奖品已发完
2026/05/29 00:02:38.555297 奖品已发完
2026/05/29 00:02:38.555297 奖品已发完
2026/05/29 00:02:38.548227 奖品已发完
2026/05/29 00:02:38.548227 奖品已发完
2026/05/29 00:02:38.548227 奖品已发完
2026/05/29 00:02:38.548227 奖品已发完
2026/05/29 00:02:38.548227 奖品已发完
2026/05/29 00:02:38.548227 奖品已发完
2026/05/29 00:02:38.548227 奖品已发完
2026/05/29 00:02:38.548227 奖品已发完
2026/05/29 00:02:38.548227 奖品已发完
2026/05/29 00:02:38.548227 奖品已发完
2026/05/29 00:02:38.548227 奖品已发完
2026/05/29 00:02:38.548227 奖品已发完
2026/05/29 00:02:38.548227 奖品已发完
2026/05/29 00:02:38.548227 奖品已发完
2026/05/29 00:02:38.548227 奖品已发完
2026/05/29 00:02:38.548227 奖品已发完
2026/05/29 00:02:38.548227 奖品已发完
2026/05/29 00:02:38.548227 奖品已发完
2026/05/29 00:02:38.548227 奖品已发完
2026/05/29 00:02:38.556303 奖品已发完
2026/05/29 00:02:38.548227 奖品已发完
2026/05/29 00:02:38.556303 奖品已发完
2026/05/29 00:02:38.548227 奖品已发完
2026/05/29 00:02:38.556303 奖品已发完
2026/05/29 00:02:38.548227 奖品已发完
2026/05/29 00:02:38.556303 奖品已发完
2026/05/29 00:02:38.548227 奖品已发完
2026/05/29 00:02:38.538499 奖品已发完
2026/05/29 00:02:38.556303 奖品已发完
2026/05/29 00:02:38.556303 奖品已发完
2026/05/29 00:02:38.548227 奖品已发完
2026/05/29 00:02:38.548227 奖品已发完
2026/05/29 00:02:38.548227 奖品已发完
2026/05/29 00:02:38.548227 奖品已发完
2026/05/29 00:02:38.548227 奖品已发完
2026/05/29 00:02:38.548227 奖品已发完
2026/05/29 00:02:38.548227 奖品已发完
2026/05/29 00:02:38.548227 奖品已发完
2026/05/29 00:02:38.548227 奖品已发完
2026/05/29 00:02:38.548227 奖品已发完
2026/05/29 00:02:38.548227 奖品已发完
2026/05/29 00:02:38.548227 奖品已发完
2026/05/29 00:02:38.548227 奖品已发完
2026/05/29 00:02:38.548227 奖品已发完
2026/05/29 00:02:38.548227 奖品已发完
2026/05/29 00:02:38.548227 奖品已发完
2026/05/29 00:02:38.548227 奖品已发完
2026/05/29 00:02:38.548227 奖品已发完
2026/05/29 00:02:38.548227 奖品已发完
2026/05/29 00:02:38.548227 奖品已发完
2026/05/29 00:02:38.548227 奖品已发完
2026/05/29 00:02:38.548227 奖品已发完
2026/05/29 00:02:38.539598 奖品已发完
2026/05/29 00:02:38.548770 奖品已发完
2026/05/29 00:02:38.548770 奖品已发完
2026/05/29 00:02:38.548770 奖品已发完
2026/05/29 00:02:38.548770 奖品已发完
2026/05/29 00:02:38.548770 奖品已发完
2026/05/29 00:02:38.548770 奖品已发完
2026/05/29 00:02:38.548770 奖品已发完
2026/05/29 00:02:38.548770 奖品已发完
2026/05/29 00:02:38.548770 奖品已发完
2026/05/29 00:02:38.548770 奖品已发完
2026/05/29 00:02:38.548770 奖品已发完
2026/05/29 00:02:38.548770 奖品已发完
2026/05/29 00:02:38.548770 奖品已发完
2026/05/29 00:02:38.548770 奖品已发完
2026/05/29 00:02:38.548770 奖品已发完
2026/05/29 00:02:38.548770 奖品已发完
2026/05/29 00:02:38.548770 奖品已发完
2026/05/29 00:02:38.548770 奖品已发完
2026/05/29 00:02:38.548770 奖品已发完
2026/05/29 00:02:38.548770 奖品已发完
2026/05/29 00:02:38.548770 奖品已发完
2026/05/29 00:02:38.548770 奖品已发完
2026/05/29 00:02:38.548770 奖品已发完
2026/05/29 00:02:38.548770 奖品已发完
2026/05/29 00:02:38.548770 奖品已发完
2026/05/29 00:02:38.548770 奖品已发完
2026/05/29 00:02:38.548770 奖品已发完
2026/05/29 00:02:38.548770 奖品已发完
2026/05/29 00:02:38.548770 奖品已发完
2026/05/29 00:02:38.548770 奖品已发完
2026/05/29 00:02:38.548770 奖品已发完
2026/05/29 00:02:38.548770 奖品已发完
2026/05/29 00:02:38.548770 奖品已发完
2026/05/29 00:02:38.548770 奖品已发完
2026/05/29 00:02:38.548770 奖品已发完
2026/05/29 00:02:38.556303 奖品已发完
2026/05/29 00:02:38.548770 奖品已发完
2026/05/29 00:02:38.556303 奖品已发完
2026/05/29 00:02:38.548770 奖品已发完
2026/05/29 00:02:38.556303 奖品已发完
2026/05/29 00:02:38.548770 奖品已发完
2026/05/29 00:02:38.556303 奖品已发完
2026/05/29 00:02:38.548770 奖品已发完
2026/05/29 00:02:38.556303 奖品已发完
2026/05/29 00:02:38.548770 奖品已发完
2026/05/29 00:02:38.556303 奖品已发完
2026/05/29 00:02:38.548770 奖品已发完
2026/05/29 00:02:38.556303 奖品已发完
2026/05/29 00:02:38.548770 奖品已发完
2026/05/29 00:02:38.556303 奖品已发完
2026/05/29 00:02:38.548770 奖品已发完
2026/05/29 00:02:38.548770 奖品已发完
2026/05/29 00:02:38.548770 奖品已发完
2026/05/29 00:02:38.548770 奖品已发完
2026/05/29 00:02:38.548770 奖品已发完
2026/05/29 00:02:38.548770 奖品已发完
2026/05/29 00:02:38.548770 奖品已发完
2026/05/29 00:02:38.548770 奖品已发完
2026/05/29 00:02:38.548770 奖品已发完
2026/05/29 00:02:38.548770 奖品已发完
2026/05/29 00:02:38.548770 奖品已发完
2026/05/29 00:02:38.548770 奖品已发完
2026/05/29 00:02:38.556303 奖品已发完
2026/05/29 00:02:38.548770 奖品已发完
2026/05/29 00:02:38.556303 奖品已发完
2026/05/29 00:02:38.548770 奖品已发完
2026/05/29 00:02:38.556303 奖品已发完
2026/05/29 00:02:38.556303 奖品已发完
2026/05/29 00:02:38.548770 奖品已发完
2026/05/29 00:02:38.556303 奖品已发完
2026/05/29 00:02:38.548770 奖品已发完
2026/05/29 00:02:38.557305 奖品已发完
2026/05/29 00:02:38.557305 奖品已发完
2026/05/29 00:02:38.548770 奖品已发完
2026/05/29 00:02:38.548770 奖品已发完
2026/05/29 00:02:38.557305 奖品已发完
2026/05/29 00:02:38.557305 奖品已发完
2026/05/29 00:02:38.548770 奖品已发完
2026/05/29 00:02:38.557305 奖品已发完
2026/05/29 00:02:38.548770 奖品已发完
2026/05/29 00:02:38.557305 奖品已发完
2026/05/29 00:02:38.548770 奖品已发完
2026/05/29 00:02:38.557305 奖品已发完
2026/05/29 00:02:38.548770 奖品已发完
2026/05/29 00:02:38.557305 奖品已发完
2026/05/29 00:02:38.548770 奖品已发完
2026/05/29 00:02:38.548770 奖品已发完
2026/05/29 00:02:38.548770 奖品已发完
2026/05/29 00:02:38.548770 奖品已发完
2026/05/29 00:02:38.548770 奖品已发完
2026/05/29 00:02:38.548770 奖品已发完
2026/05/29 00:02:38.548770 奖品已发完
2026/05/29 00:02:38.548770 奖品已发完
2026/05/29 00:02:38.548770 奖品已发完
2026/05/29 00:02:38.548770 奖品已发完
2026/05/29 00:02:38.548770 奖品已发完
2026/05/29 00:02:38.548770 奖品已发完
2026/05/29 00:02:38.548770 奖品已发完
2026/05/29 00:02:38.548770 奖品已发完
2026/05/29 00:02:38.548770 奖品已发完
2026/05/29 00:02:38.548770 奖品已发完
2026/05/29 00:02:38.548770 奖品已发完
2026/05/29 00:02:38.548770 奖品已发完
2026/05/29 00:02:38.548770 奖品已发完
2026/05/29 00:02:38.548770 奖品已发完
2026/05/29 00:02:38.548770 奖品已发完
2026/05/29 00:02:38.548770 奖品已发完
2026/05/29 00:02:38.548770 奖品已发完
2026/05/29 00:02:38.548770 奖品已发完
2026/05/29 00:02:38.548770 奖品已发完
2026/05/29 00:02:38.548770 奖品已发完
2026/05/29 00:02:38.548770 奖品已发完
2026/05/29 00:02:38.548770 奖品已发完
2026/05/29 00:02:38.548770 奖品已发完
2026/05/29 00:02:38.548770 奖品已发完
2026/05/29 00:02:38.548770 奖品已发完
2026/05/29 00:02:38.549778 奖品已发完
2026/05/29 00:02:38.558333 奖品已发完
2026/05/29 00:02:38.549778 奖品已发完
2026/05/29 00:02:38.558333 奖品已发完
2026/05/29 00:02:38.549778 奖品已发完
2026/05/29 00:02:38.558333 奖品已发完
2026/05/29 00:02:38.558333 奖品已发完
2026/05/29 00:02:38.549778 奖品已发完
2026/05/29 00:02:38.558333 奖品已发完
2026/05/29 00:02:38.549778 奖品已发完
2026/05/29 00:02:38.558333 奖品已发完
2026/05/29 00:02:38.549778 奖品已发完
2026/05/29 00:02:38.558333 奖品已发完
2026/05/29 00:02:38.558333 奖品已发完
2026/05/29 00:02:38.549778 奖品已发完
2026/05/29 00:02:38.540606 奖品已发完
2026/05/29 00:02:38.549778 奖品已发完
2026/05/29 00:02:38.549778 奖品已发完
2026/05/29 00:02:38.549778 奖品已发完
2026/05/29 00:02:38.549778 奖品已发完
2026/05/29 00:02:38.549778 奖品已发完
2026/05/29 00:02:38.549778 奖品已发完
2026/05/29 00:02:38.549778 奖品已发完
2026/05/29 00:02:38.549778 奖品已发完
2026/05/29 00:02:38.549778 奖品已发完
2026/05/29 00:02:38.549778 奖品已发完
2026/05/29 00:02:38.549778 奖品已发完
2026/05/29 00:02:38.549778 奖品已发完
2026/05/29 00:02:38.549778 奖品已发完
2026/05/29 00:02:38.549778 奖品已发完
2026/05/29 00:02:38.549778 奖品已发完
2026/05/29 00:02:38.549778 奖品已发完
2026/05/29 00:02:38.549778 奖品已发完
2026/05/29 00:02:38.549778 奖品已发完
2026/05/29 00:02:38.549778 奖品已发完
2026/05/29 00:02:38.549778 奖品已发完
2026/05/29 00:02:38.549778 奖品已发完
2026/05/29 00:02:38.549778 奖品已发完
2026/05/29 00:02:38.549778 奖品已发完
2026/05/29 00:02:38.558838 奖品已发完
2026/05/29 00:02:38.549778 奖品已发完
2026/05/29 00:02:38.558838 奖品已发完
2026/05/29 00:02:38.549778 奖品已发完
2026/05/29 00:02:38.558838 奖品已发完
2026/05/29 00:02:38.549778 奖品已发完
2026/05/29 00:02:38.558838 奖品已发完
2026/05/29 00:02:38.558838 奖品已发完
2026/05/29 00:02:38.549778 奖品已发完
2026/05/29 00:02:38.558838 奖品已发完
2026/05/29 00:02:38.549778 奖品已发完
2026/05/29 00:02:38.558838 奖品已发完
2026/05/29 00:02:38.549778 奖品已发完
2026/05/29 00:02:38.558838 奖品已发完
2026/05/29 00:02:38.549778 奖品已发完
2026/05/29 00:02:38.558838 奖品已发完
2026/05/29 00:02:38.549778 奖品已发完
2026/05/29 00:02:38.558838 奖品已发完
2026/05/29 00:02:38.549778 奖品已发完
2026/05/29 00:02:38.558838 奖品已发完
2026/05/29 00:02:38.549778 奖品已发完
2026/05/29 00:02:38.558838 奖品已发完
2026/05/29 00:02:38.549778 奖品已发完
2026/05/29 00:02:38.558838 奖品已发完
2026/05/29 00:02:38.549778 奖品已发完
2026/05/29 00:02:38.558838 奖品已发完
2026/05/29 00:02:38.549778 奖品已发完
2026/05/29 00:02:38.558838 奖品已发完
2026/05/29 00:02:38.549778 奖品已发完
2026/05/29 00:02:38.558838 奖品已发完
2026/05/29 00:02:38.549778 奖品已发完
2026/05/29 00:02:38.558838 奖品已发完
2026/05/29 00:02:38.549778 奖品已发完
2026/05/29 00:02:38.559356 奖品已发完
2026/05/29 00:02:38.559356 奖品已发完
2026/05/29 00:02:38.549778 奖品已发完
2026/05/29 00:02:38.559356 奖品已发完
2026/05/29 00:02:38.549778 奖品已发完
2026/05/29 00:02:38.559356 奖品已发完
2026/05/29 00:02:38.549778 奖品已发完
2026/05/29 00:02:38.559356 奖品已发完
2026/05/29 00:02:38.549778 奖品已发完
2026/05/29 00:02:38.549778 奖品已发完
2026/05/29 00:02:38.549778 奖品已发完
2026/05/29 00:02:38.549778 奖品已发完
2026/05/29 00:02:38.559356 奖品已发完
2026/05/29 00:02:38.549778 奖品已发完
2026/05/29 00:02:38.559356 奖品已发完
2026/05/29 00:02:38.549778 奖品已发完
2026/05/29 00:02:38.559356 奖品已发完
2026/05/29 00:02:38.549778 奖品已发完
2026/05/29 00:02:38.559356 奖品已发完
2026/05/29 00:02:38.549778 奖品已发完
2026/05/29 00:02:38.559356 奖品已发完
2026/05/29 00:02:38.549778 奖品已发完
2026/05/29 00:02:38.549778 奖品已发完
2026/05/29 00:02:38.559356 奖品已发完
2026/05/29 00:02:38.549778 奖品已发完
2026/05/29 00:02:38.559356 奖品已发完
2026/05/29 00:02:38.549778 奖品已发完
2026/05/29 00:02:38.559356 奖品已发完
2026/05/29 00:02:38.549778 奖品已发完
2026/05/29 00:02:38.559356 奖品已发完
2026/05/29 00:02:38.549778 奖品已发完
2026/05/29 00:02:38.559356 奖品已发完
2026/05/29 00:02:38.549778 奖品已发完
2026/05/29 00:02:38.559356 奖品已发完
2026/05/29 00:02:38.549778 奖品已发完
2026/05/29 00:02:38.559356 奖品已发完
2026/05/29 00:02:38.559356 奖品已发完
2026/05/29 00:02:38.541655 奖品已发完
2026/05/29 00:02:38.559356 奖品已发完
2026/05/29 00:02:38.559356 奖品已发完
2026/05/29 00:02:38.549778 奖品已发完
2026/05/29 00:02:38.559356 奖品已发完
2026/05/29 00:02:38.549778 奖品已发完
2026/05/29 00:02:38.559356 奖品已发完
2026/05/29 00:02:38.549778 奖品已发完
2026/05/29 00:02:38.559356 奖品已发完
2026/05/29 00:02:38.549778 奖品已发完
2026/05/29 00:02:38.559356 奖品已发完
2026/05/29 00:02:38.549778 奖品已发完
2026/05/29 00:02:38.559356 奖品已发完
2026/05/29 00:02:38.549778 奖品已发完
2026/05/29 00:02:38.559356 奖品已发完
2026/05/29 00:02:38.559356 奖品已发完
2026/05/29 00:02:38.549778 奖品已发完
2026/05/29 00:02:38.559356 奖品已发完
2026/05/29 00:02:38.549778 奖品已发完
2026/05/29 00:02:38.559356 奖品已发完
2026/05/29 00:02:38.549778 奖品已发完
2026/05/29 00:02:38.559356 奖品已发完
2026/05/29 00:02:38.549778 奖品已发完
2026/05/29 00:02:38.559356 奖品已发完
2026/05/29 00:02:38.549778 奖品已发完
2026/05/29 00:02:38.559356 奖品已发完
2026/05/29 00:02:38.549778 奖品已发完
2026/05/29 00:02:38.559356 奖品已发完
2026/05/29 00:02:38.549778 奖品已发完
2026/05/29 00:02:38.559356 奖品已发完
2026/05/29 00:02:38.549778 奖品已发完
2026/05/29 00:02:38.559356 奖品已发完
2026/05/29 00:02:38.549778 奖品已发完
2026/05/29 00:02:38.549778 奖品已发完
2026/05/29 00:02:38.549778 奖品已发完
2026/05/29 00:02:38.549778 奖品已发完
2026/05/29 00:02:38.549778 奖品已发完
2026/05/29 00:02:38.549778 奖品已发完
2026/05/29 00:02:38.549778 奖品已发完
2026/05/29 00:02:38.549778 奖品已发完
2026/05/29 00:02:38.549778 奖品已发完
2026/05/29 00:02:38.549778 奖品已发完
2026/05/29 00:02:38.549778 奖品已发完
2026/05/29 00:02:38.549778 奖品已发完
2026/05/29 00:02:38.549778 奖品已发完
2026/05/29 00:02:38.549778 奖品已发完
2026/05/29 00:02:38.549778 奖品已发完
2026/05/29 00:02:38.559356 奖品已发完
2026/05/29 00:02:38.550777 奖品已发完
2026/05/29 00:02:38.559356 奖品已发完
2026/05/29 00:02:38.550777 奖品已发完
2026/05/29 00:02:38.559356 奖品已发完
2026/05/29 00:02:38.550777 奖品已发完
2026/05/29 00:02:38.560368 奖品已发完
2026/05/29 00:02:38.550777 奖品已发完
2026/05/29 00:02:38.560368 奖品已发完
2026/05/29 00:02:38.550777 奖品已发完
2026/05/29 00:02:38.560368 奖品已发完
2026/05/29 00:02:38.550777 奖品已发完
2026/05/29 00:02:38.560368 奖品已发完
2026/05/29 00:02:38.550777 奖品已发完
2026/05/29 00:02:38.560368 奖品已发完
2026/05/29 00:02:38.550777 奖品已发完
2026/05/29 00:02:38.560368 奖品已发完
2026/05/29 00:02:38.550777 奖品已发完
2026/05/29 00:02:38.560368 奖品已发完
2026/05/29 00:02:38.550777 奖品已发完
2026/05/29 00:02:38.560368 奖品已发完
2026/05/29 00:02:38.550777 奖品已发完
2026/05/29 00:02:38.560368 奖品已发完
2026/05/29 00:02:38.550777 奖品已发完
2026/05/29 00:02:38.560368 奖品已发完
2026/05/29 00:02:38.550777 奖品已发完
2026/05/29 00:02:38.550777 奖品已发完
2026/05/29 00:02:38.560368 奖品已发完
2026/05/29 00:02:38.550777 奖品已发完
2026/05/29 00:02:38.560368 奖品已发完
2026/05/29 00:02:38.550777 奖品已发完
2026/05/29 00:02:38.560368 奖品已发完
2026/05/29 00:02:38.550777 奖品已发完
2026/05/29 00:02:38.560368 奖品已发完
2026/05/29 00:02:38.550777 奖品已发完
2026/05/29 00:02:38.560368 奖品已发完
2026/05/29 00:02:38.550777 奖品已发完
2026/05/29 00:02:38.550777 奖品已发完
2026/05/29 00:02:38.550777 奖品已发完
2026/05/29 00:02:38.550777 奖品已发完
2026/05/29 00:02:38.550777 奖品已发完
2026/05/29 00:02:38.550777 奖品已发完
2026/05/29 00:02:38.550777 奖品已发完
2026/05/29 00:02:38.550777 奖品已发完
2026/05/29 00:02:38.550777 奖品已发完
2026/05/29 00:02:38.550777 奖品已发完
2026/05/29 00:02:38.550777 奖品已发完
2026/05/29 00:02:38.550777 奖品已发完
2026/05/29 00:02:38.550777 奖品已发完
2026/05/29 00:02:38.550777 奖品已发完
2026/05/29 00:02:38.550777 奖品已发完
2026/05/29 00:02:38.550777 奖品已发完
2026/05/29 00:02:38.550777 奖品已发完
2026/05/29 00:02:38.550777 奖品已发完
2026/05/29 00:02:38.550777 奖品已发完
2026/05/29 00:02:38.550777 奖品已发完
2026/05/29 00:02:38.550777 奖品已发完
2026/05/29 00:02:38.550777 奖品已发完
2026/05/29 00:02:38.550777 奖品已发完
2026/05/29 00:02:38.550777 奖品已发完
2026/05/29 00:02:38.550777 奖品已发完
2026/05/29 00:02:38.550777 奖品已发完
2026/05/29 00:02:38.550777 奖品已发完
2026/05/29 00:02:38.550777 奖品已发完
2026/05/29 00:02:38.550777 奖品已发完
2026/05/29 00:02:38.550777 奖品已发完
2026/05/29 00:02:38.550777 奖品已发完
2026/05/29 00:02:38.550777 奖品已发完
2026/05/29 00:02:38.550777 奖品已发完
2026/05/29 00:02:38.550777 奖品已发完
2026/05/29 00:02:38.550777 奖品已发完
2026/05/29 00:02:38.550777 奖品已发完
2026/05/29 00:02:38.550777 奖品已发完
2026/05/29 00:02:38.550777 奖品已发完
2026/05/29 00:02:38.550777 奖品已发完
2026/05/29 00:02:38.550777 奖品已发完
2026/05/29 00:02:38.550777 奖品已发完
2026/05/29 00:02:38.550777 奖品已发完
2026/05/29 00:02:38.550777 奖品已发完
2026/05/29 00:02:38.550777 奖品已发完
2026/05/29 00:02:38.550777 奖品已发完
2026/05/29 00:02:38.550777 奖品已发完
2026/05/29 00:02:38.550777 奖品已发完
2026/05/29 00:02:38.550777 奖品已发完
2026/05/29 00:02:38.550777 奖品已发完
2026/05/29 00:02:38.550777 奖品已发完
2026/05/29 00:02:38.550777 奖品已发完
2026/05/29 00:02:38.550777 奖品已发完
2026/05/29 00:02:38.550777 奖品已发完
2026/05/29 00:02:38.550777 奖品已发完
2026/05/29 00:02:38.550777 奖品已发完
2026/05/29 00:02:38.550777 奖品已发完
2026/05/29 00:02:38.550777 奖品已发完
2026/05/29 00:02:38.550777 奖品已发完
2026/05/29 00:02:38.550777 奖品已发完
2026/05/29 00:02:38.550777 奖品已发完
2026/05/29 00:02:38.550777 奖品已发完
2026/05/29 00:02:38.550777 奖品已发完
2026/05/29 00:02:38.550777 奖品已发完
2026/05/29 00:02:38.550777 奖品已发完
2026/05/29 00:02:38.542666 奖品已发完
2026/05/29 00:02:38.551784 奖品已发完
2026/05/29 00:02:38.551784 奖品已发完
2026/05/29 00:02:38.551784 奖品已发完
2026/05/29 00:02:38.551784 奖品已发完
2026/05/29 00:02:38.551784 奖品已发完
2026/05/29 00:02:38.551784 奖品已发完
2026/05/29 00:02:38.551784 奖品已发完
2026/05/29 00:02:38.551784 奖品已发完
2026/05/29 00:02:38.551784 奖品已发完
2026/05/29 00:02:38.551784 奖品已发完
2026/05/29 00:02:38.551784 奖品已发完
2026/05/29 00:02:38.551784 奖品已发完
2026/05/29 00:02:38.551784 奖品已发完
2026/05/29 00:02:38.551784 奖品已发完
2026/05/29 00:02:38.551784 奖品已发完
2026/05/29 00:02:38.551784 奖品已发完
2026/05/29 00:02:38.551784 奖品已发完
2026/05/29 00:02:38.551784 奖品已发完
2026/05/29 00:02:38.551784 奖品已发完
2026/05/29 00:02:38.551784 奖品已发完
2026/05/29 00:02:38.551784 奖品已发完
2026/05/29 00:02:38.551784 奖品已发完
2026/05/29 00:02:38.551784 奖品已发完
2026/05/29 00:02:38.551784 奖品已发完
2026/05/29 00:02:38.551784 奖品已发完
2026/05/29 00:02:38.551784 奖品已发完
2026/05/29 00:02:38.551784 奖品已发完
2026/05/29 00:02:38.551784 奖品已发完
2026/05/29 00:02:38.551784 奖品已发完
2026/05/29 00:02:38.551784 奖品已发完
2026/05/29 00:02:38.551784 奖品已发完
2026/05/29 00:02:38.551784 奖品已发完
2026/05/29 00:02:38.551784 奖品已发完
2026/05/29 00:02:38.551784 奖品已发完
2026/05/29 00:02:38.551784 奖品已发完
2026/05/29 00:02:38.551784 奖品已发完
2026/05/29 00:02:38.551784 奖品已发完
2026/05/29 00:02:38.551784 奖品已发完
2026/05/29 00:02:38.551784 奖品已发完
2026/05/29 00:02:38.551784 奖品已发完
2026/05/29 00:02:38.551784 奖品已发完
2026/05/29 00:02:38.551784 奖品已发完
2026/05/29 00:02:38.551784 奖品已发完
2026/05/29 00:02:38.551784 奖品已发完
2026/05/29 00:02:38.551784 奖品已发完
2026/05/29 00:02:38.551784 奖品已发完
2026/05/29 00:02:38.551784 奖品已发完
2026/05/29 00:02:38.551784 奖品已发完
2026/05/29 00:02:38.551784 奖品已发完
2026/05/29 00:02:38.551784 奖品已发完
2026/05/29 00:02:38.551784 奖品已发完
2026/05/29 00:02:38.551784 奖品已发完
2026/05/29 00:02:38.551784 奖品已发完
2026/05/29 00:02:38.551784 奖品已发完
2026/05/29 00:02:38.551784 奖品已发完
2026/05/29 00:02:38.551784 奖品已发完
2026/05/29 00:02:38.551784 奖品已发完
2026/05/29 00:02:38.551784 奖品已发完
2026/05/29 00:02:38.551784 奖品已发完
2026/05/29 00:02:38.551784 奖品已发完
2026/05/29 00:02:38.551784 奖品已发完
2026/05/29 00:02:38.551784 奖品已发完
2026/05/29 00:02:38.551784 奖品已发完
2026/05/29 00:02:38.551784 奖品已发完
2026/05/29 00:02:38.551784 奖品已发完
2026/05/29 00:02:38.551784 奖品已发完
2026/05/29 00:02:38.551784 奖品已发完
2026/05/29 00:02:38.551784 奖品已发完
2026/05/29 00:02:38.551784 奖品已发完
2026/05/29 00:02:38.551784 奖品已发完
2026/05/29 00:02:38.551784 奖品已发完
2026/05/29 00:02:38.551784 奖品已发完
2026/05/29 00:02:38.551784 奖品已发完
2026/05/29 00:02:38.551784 奖品已发完
2026/05/29 00:02:38.551784 奖品已发完
2026/05/29 00:02:38.551784 奖品已发完
2026/05/29 00:02:38.551784 奖品已发完
2026/05/29 00:02:38.551784 奖品已发完
2026/05/29 00:02:38.551784 奖品已发完
2026/05/29 00:02:38.551784 奖品已发完
2026/05/29 00:02:38.551784 奖品已发完
2026/05/29 00:02:38.551784 奖品已发完
2026/05/29 00:02:38.551784 奖品已发完
2026/05/29 00:02:38.551784 奖品已发完
2026/05/29 00:02:38.551784 奖品已发完
2026/05/29 00:02:38.551784 奖品已发完
2026/05/29 00:02:38.543681 奖品已发完
2026/05/29 00:02:38.551784 奖品已发完
2026/05/29 00:02:38.551784 奖品已发完
2026/05/29 00:02:38.551784 奖品已发完
2026/05/29 00:02:38.551784 奖品已发完
2026/05/29 00:02:38.551784 奖品已发完
2026/05/29 00:02:38.551784 奖品已发完
2026/05/29 00:02:38.551784 奖品已发完
2026/05/29 00:02:38.551784 奖品已发完
2026/05/29 00:02:38.551784 奖品已发完
2026/05/29 00:02:38.551784 奖品已发完
2026/05/29 00:02:38.551784 奖品已发完
2026/05/29 00:02:38.551784 奖品已发完
2026/05/29 00:02:38.551784 奖品已发完
2026/05/29 00:02:38.552784 奖品已发完
2026/05/29 00:02:38.552784 奖品已发完
2026/05/29 00:02:38.552784 奖品已发完
2026/05/29 00:02:38.552784 奖品已发完
2026/05/29 00:02:38.552784 奖品已发完
2026/05/29 00:02:38.552784 奖品已发完
2026/05/29 00:02:38.552784 奖品已发完
2026/05/29 00:02:38.552784 奖品已发完
2026/05/29 00:02:38.552784 奖品已发完
2026/05/29 00:02:38.552784 奖品已发完
2026/05/29 00:02:38.552784 奖品已发完
2026/05/29 00:02:38.552784 奖品已发完
2026/05/29 00:02:38.552784 奖品已发完
2026/05/29 00:02:38.552784 奖品已发完
2026/05/29 00:02:38.552784 奖品已发完
2026/05/29 00:02:38.552784 奖品已发完
2026/05/29 00:02:38.552784 奖品已发完
2026/05/29 00:02:38.561374 奖品已发完
2026/05/29 00:02:38.552784 奖品已发完
2026/05/29 00:02:38.561374 奖品已发完
2026/05/29 00:02:38.552784 奖品已发完
2026/05/29 00:02:38.543681 奖品已发完
2026/05/29 00:02:38.561374 奖品已发完
2026/05/29 00:02:38.552784 奖品已发完
2026/05/29 00:02:38.552784 奖品已发完
2026/05/29 00:02:38.552784 奖品已发完
2026/05/29 00:02:38.561374 奖品已发完
2026/05/29 00:02:38.552784 奖品已发完
2026/05/29 00:02:38.552784 奖品已发完
2026/05/29 00:02:38.561374 奖品已发完
2026/05/29 00:02:38.552784 奖品已发完
2026/05/29 00:02:38.552784 奖品已发完
2026/05/29 00:02:38.552784 奖品已发完
2026/05/29 00:02:38.552784 奖品已发完
2026/05/29 00:02:38.552784 奖品已发完
2026/05/29 00:02:38.552784 奖品已发完
2026/05/29 00:02:38.552784 奖品已发完
2026/05/29 00:02:38.552784 奖品已发完
2026/05/29 00:02:38.552784 奖品已发完
2026/05/29 00:02:38.552784 奖品已发完
2026/05/29 00:02:38.561374 奖品已发完
2026/05/29 00:02:38.552784 奖品已发完
2026/05/29 00:02:38.552784 奖品已发完
2026/05/29 00:02:38.552784 奖品已发完
2026/05/29 00:02:38.552784 奖品已发完
2026/05/29 00:02:38.552784 奖品已发完
2026/05/29 00:02:38.544664 奖品已发完
2026/05/29 00:02:38.561374 奖品已发完
2026/05/29 00:02:38.552784 奖品已发完
2026/05/29 00:02:38.561374 奖品已发完
2026/05/29 00:02:38.552784 奖品已发完
2026/05/29 00:02:38.552784 奖品已发完
2026/05/29 00:02:38.552784 奖品已发完
2026/05/29 00:02:38.552784 奖品已发完
2026/05/29 00:02:38.562375 奖品已发完
2026/05/29 00:02:38.552784 奖品已发完
2026/05/29 00:02:38.552784 奖品已发完
2026/05/29 00:02:38.552784 奖品已发完
2026/05/29 00:02:38.552784 奖品已发完
2026/05/29 00:02:38.552784 奖品已发完
2026/05/29 00:02:38.552784 奖品已发完
2026/05/29 00:02:38.552784 奖品已发完
2026/05/29 00:02:38.552784 奖品已发完
2026/05/29 00:02:38.552784 奖品已发完
2026/05/29 00:02:38.552784 奖品已发完
2026/05/29 00:02:38.552784 奖品已发完
2026/05/29 00:02:38.552784 奖品已发完
2026/05/29 00:02:38.562375 奖品已发完
2026/05/29 00:02:38.552784 奖品已发完
2026/05/29 00:02:38.552784 奖品已发完
2026/05/29 00:02:38.562375 奖品已发完
2026/05/29 00:02:38.552784 奖品已发完
2026/05/29 00:02:38.552784 奖品已发完
2026/05/29 00:02:38.552784 奖品已发完
2026/05/29 00:02:38.552784 奖品已发完
2026/05/29 00:02:38.552784 奖品已发完
2026/05/29 00:02:38.552784 奖品已发完
2026/05/29 00:02:38.552784 奖品已发完
2026/05/29 00:02:38.552784 奖品已发完
2026/05/29 00:02:38.552784 奖品已发完
2026/05/29 00:02:38.552784 奖品已发完
2026/05/29 00:02:38.552784 奖品已发完
2026/05/29 00:02:38.552784 奖品已发完
2026/05/29 00:02:38.562375 奖品已发完
2026/05/29 00:02:38.552784 奖品已发完
2026/05/29 00:02:38.552784 奖品已发完
2026/05/29 00:02:38.552784 奖品已发完
2026/05/29 00:02:38.552784 奖品已发完
2026/05/29 00:02:38.552784 奖品已发完
2026/05/29 00:02:38.552784 奖品已发完
2026/05/29 00:02:38.552784 奖品已发完
2026/05/29 00:02:38.552784 奖品已发完
2026/05/29 00:02:38.552784 奖品已发完
2026/05/29 00:02:38.552784 奖品已发完
2026/05/29 00:02:38.552784 奖品已发完
2026/05/29 00:02:38.552784 奖品已发完
2026/05/29 00:02:38.562375 奖品已发完
2026/05/29 00:02:38.552784 奖品已发完
2026/05/29 00:02:38.552784 奖品已发完
2026/05/29 00:02:38.552784 奖品已发完
2026/05/29 00:02:38.553782 奖品已发完
2026/05/29 00:02:38.553782 奖品已发完
2026/05/29 00:02:38.553782 奖品已发完
2026/05/29 00:02:38.553782 奖品已发完
2026/05/29 00:02:38.553782 奖品已发完
2026/05/29 00:02:38.553782 奖品已发完
2026/05/29 00:02:38.553782 奖品已发完
2026/05/29 00:02:38.553782 奖品已发完
2026/05/29 00:02:38.553782 奖品已发完
2026/05/29 00:02:38.553782 奖品已发完
2026/05/29 00:02:38.553782 奖品已发完
2026/05/29 00:02:38.553782 奖品已发完
2026/05/29 00:02:38.545170 奖品已发完
2026/05/29 00:02:38.562375 奖品已发完
2026/05/29 00:02:38.562375 奖品已发完
2026/05/29 00:02:38.553782 奖品已发完
2026/05/29 00:02:38.553782 奖品已发完
2026/05/29 00:02:38.562375 奖品已发完
2026/05/29 00:02:38.553782 奖品已发完
2026/05/29 00:02:38.562375 奖品已发完
2026/05/29 00:02:38.562375 奖品已发完
2026/05/29 00:02:38.553782 奖品已发完
2026/05/29 00:02:38.553782 奖品已发完
2026/05/29 00:02:38.553782 奖品已发完
2026/05/29 00:02:38.553782 奖品已发完
2026/05/29 00:02:38.553782 奖品已发完
2026/05/29 00:02:38.553782 奖品已发完
2026/05/29 00:02:38.553782 奖品已发完
2026/05/29 00:02:38.553782 奖品已发完
2026/05/29 00:02:38.553782 奖品已发完
2026/05/29 00:02:38.553782 奖品已发完
2026/05/29 00:02:38.553782 奖品已发完
2026/05/29 00:02:38.553782 奖品已发完
2026/05/29 00:02:38.553782 奖品已发完
2026/05/29 00:02:38.553782 奖品已发完
2026/05/29 00:02:38.553782 奖品已发完
2026/05/29 00:02:38.553782 奖品已发完
2026/05/29 00:02:38.553782 奖品已发完
2026/05/29 00:02:38.553782 奖品已发完
2026/05/29 00:02:38.553782 奖品已发完
2026/05/29 00:02:38.553782 奖品已发完
2026/05/29 00:02:38.553782 奖品已发完
2026/05/29 00:02:38.553782 奖品已发完
2026/05/29 00:02:38.553782 奖品已发完
2026/05/29 00:02:38.553782 奖品已发完
2026/05/29 00:02:38.553782 奖品已发完
2026/05/29 00:02:38.553782 奖品已发完
2026/05/29 00:02:38.553782 奖品已发完
2026/05/29 00:02:38.553782 奖品已发完
2026/05/29 00:02:38.553782 奖品已发完
2026/05/29 00:02:38.553782 奖品已发完
2026/05/29 00:02:38.553782 奖品已发完
2026/05/29 00:02:38.553782 奖品已发完
2026/05/29 00:02:38.553782 奖品已发完
2026/05/29 00:02:38.553782 奖品已发完
2026/05/29 00:02:38.553782 奖品已发完
2026/05/29 00:02:38.553782 奖品已发完
2026/05/29 00:02:38.553782 奖品已发完
2026/05/29 00:02:38.546180 奖品已发完
2026/05/29 00:02:38.553782 奖品已发完
2026/05/29 00:02:38.553782 奖品已发完
2026/05/29 00:02:38.553782 奖品已发完
2026/05/29 00:02:38.553782 奖品已发完
2026/05/29 00:02:38.555297 奖品已发完
2026/05/29 00:02:38.555297 奖品已发完
2026/05/29 00:02:38.555297 奖品已发完
2026/05/29 00:02:38.555297 奖品已发完
2026/05/29 00:02:38.555297 奖品已发完
2026/05/29 00:02:38.555297 奖品已发完
2026/05/29 00:02:38.555297 奖品已发完
2026/05/29 00:02:38.555297 奖品已发完
2026/05/29 00:02:38.555297 奖品已发完
2026/05/29 00:02:38.555297 奖品已发完
2026/05/29 00:02:38.555297 奖品已发完
2026/05/29 00:02:38.555297 奖品已发完
2026/05/29 00:02:38.555297 奖品已发完
2026/05/29 00:02:38.555297 奖品已发完
2026/05/29 00:02:38.555297 奖品已发完
2026/05/29 00:02:38.546180 奖品已发完
2026/05/29 00:02:38.555297 奖品已发完
2026/05/29 00:02:38.555297 奖品已发完
2026/05/29 00:02:38.555297 奖品已发完
2026/05/29 00:02:38.555297 奖品已发完
2026/05/29 00:02:38.555297 奖品已发完
2026/05/29 00:02:38.555297 奖品已发完
2026/05/29 00:02:38.555297 奖品已发完
2026/05/29 00:02:38.555297 奖品已发完
2026/05/29 00:02:38.555297 奖品已发完
2026/05/29 00:02:38.555297 奖品已发完
2026/05/29 00:02:38.555297 奖品已发完
2026/05/29 00:02:38.555297 奖品已发完
2026/05/29 00:02:38.555297 奖品已发完
2026/05/29 00:02:38.555297 奖品已发完
2026/05/29 00:02:38.555297 奖品已发完
2026/05/29 00:02:38.555297 奖品已发完
2026/05/29 00:02:38.555297 奖品已发完
2026/05/29 00:02:38.555297 奖品已发完
2026/05/29 00:02:38.555297 奖品已发完
2026/05/29 00:02:38.555297 奖品已发完
2026/05/29 00:02:38.555297 奖品已发完
2026/05/29 00:02:38.555297 奖品已发完
2026/05/29 00:02:38.555297 奖品已发完
2026/05/29 00:02:38.555297 奖品已发完
2026/05/29 00:02:38.555297 奖品已发完
2026/05/29 00:02:38.555297 奖品已发完
2026/05/29 00:02:38.555297 奖品已发完
2026/05/29 00:02:38.555297 奖品已发完
2026/05/29 00:02:38.563375 奖品已发完
2026/05/29 00:02:38.555297 奖品已发完
2026/05/29 00:02:38.555297 奖品已发完
2026/05/29 00:02:38.555297 奖品已发完
2026/05/29 00:02:38.555297 奖品已发完
2026/05/29 00:02:38.563375 奖品已发完
2026/05/29 00:02:38.555297 奖品已发完
2026/05/29 00:02:38.555297 奖品已发完
2026/05/29 00:02:38.555297 奖品已发完
2026/05/29 00:02:38.555297 奖品已发完
2026/05/29 00:02:38.555297 奖品已发完
2026/05/29 00:02:38.555297 奖品已发完
2026/05/29 00:02:38.555297 奖品已发完
2026/05/29 00:02:38.555297 奖品已发完
2026/05/29 00:02:38.555297 奖品已发完
2026/05/29 00:02:38.563375 奖品已发完
2026/05/29 00:02:38.555297 奖品已发完
2026/05/29 00:02:38.555297 奖品已发完
2026/05/29 00:02:38.555297 奖品已发完
2026/05/29 00:02:38.563375 奖品已发完
2026/05/29 00:02:38.555297 奖品已发完
2026/05/29 00:02:38.555297 奖品已发完
2026/05/29 00:02:38.563375 奖品已发完
2026/05/29 00:02:38.555297 奖品已发完
2026/05/29 00:02:38.555297 奖品已发完
2026/05/29 00:02:38.555297 奖品已发完
2026/05/29 00:02:38.555297 奖品已发完
2026/05/29 00:02:38.563375 奖品已发完
2026/05/29 00:02:38.555297 奖品已发完
2026/05/29 00:02:38.555297 奖品已发完
2026/05/29 00:02:38.555297 奖品已发完
2026/05/29 00:02:38.555297 奖品已发完
2026/05/29 00:02:38.555297 奖品已发完
2026/05/29 00:02:38.555297 奖品已发完
2026/05/29 00:02:38.563375 奖品已发完
2026/05/29 00:02:38.555297 奖品已发完
2026/05/29 00:02:38.563375 奖品已发完
2026/05/29 00:02:38.555297 奖品已发完
2026/05/29 00:02:38.555297 奖品已发完
2026/05/29 00:02:38.555297 奖品已发完
2026/05/29 00:02:38.555297 奖品已发完
2026/05/29 00:02:38.555297 奖品已发完
2026/05/29 00:02:38.555297 奖品已发完
2026/05/29 00:02:38.563375 奖品已发完
2026/05/29 00:02:38.555297 奖品已发完
2026/05/29 00:02:38.555297 奖品已发完
2026/05/29 00:02:38.555297 奖品已发完
2026/05/29 00:02:38.555297 奖品已发完
2026/05/29 00:02:38.555297 奖品已发完
2026/05/29 00:02:38.555297 奖品已发完
2026/05/29 00:02:38.563375 奖品已发完
2026/05/29 00:02:38.555297 奖品已发完
2026/05/29 00:02:38.563375 奖品已发完
2026/05/29 00:02:38.555297 奖品已发完
2026/05/29 00:02:38.563375 奖品已发完
2026/05/29 00:02:38.555297 奖品已发完
2026/05/29 00:02:38.555297 奖品已发完
2026/05/29 00:02:38.555297 奖品已发完
2026/05/29 00:02:38.555297 奖品已发完
2026/05/29 00:02:38.563375 奖品已发完
2026/05/29 00:02:38.548227 奖品已发完
2026/05/29 00:02:38.555297 奖品已发完
2026/05/29 00:02:38.555297 奖品已发完
2026/05/29 00:02:38.555297 奖品已发完
2026/05/29 00:02:38.555297 奖品已发完
2026/05/29 00:02:38.555297 奖品已发完
2026/05/29 00:02:38.555297 奖品已发完
2026/05/29 00:02:38.555297 奖品已发完
2026/05/29 00:02:38.555297 奖品已发完
2026/05/29 00:02:38.555297 奖品已发完
2026/05/29 00:02:38.555297 奖品已发完
2026/05/29 00:02:38.555297 奖品已发完
2026/05/29 00:02:38.555297 奖品已发完
2026/05/29 00:02:38.555297 奖品已发完
2026/05/29 00:02:38.555297 奖品已发完
2026/05/29 00:02:38.555297 奖品已发完
2026/05/29 00:02:38.555297 奖品已发完
2026/05/29 00:02:38.555297 奖品已发完
2026/05/29 00:02:38.556303 奖品已发完
2026/05/29 00:02:38.556303 奖品已发完
2026/05/29 00:02:38.556303 奖品已发完
2026/05/29 00:02:38.556303 奖品已发完
2026/05/29 00:02:38.556303 奖品已发完
2026/05/29 00:02:38.556303 奖品已发完
2026/05/29 00:02:38.556303 奖品已发完
2026/05/29 00:02:38.556303 奖品已发完
2026/05/29 00:02:38.556303 奖品已发完
2026/05/29 00:02:38.556303 奖品已发完
2026/05/29 00:02:38.548227 奖品已发完
2026/05/29 00:02:38.556303 奖品已发完
2026/05/29 00:02:38.556303 奖品已发完
2026/05/29 00:02:38.556303 奖品已发完
2026/05/29 00:02:38.556303 奖品已发完
2026/05/29 00:02:38.556303 奖品已发完
2026/05/29 00:02:38.556303 奖品已发完
2026/05/29 00:02:38.556303 奖品已发完
2026/05/29 00:02:38.556303 奖品已发完
2026/05/29 00:02:38.556303 奖品已发完
2026/05/29 00:02:38.556303 奖品已发完
2026/05/29 00:02:38.556303 奖品已发完
2026/05/29 00:02:38.556303 奖品已发完
2026/05/29 00:02:38.556303 奖品已发完
2026/05/29 00:02:38.556303 奖品已发完
2026/05/29 00:02:38.556303 奖品已发完
2026/05/29 00:02:38.556303 奖品已发完
2026/05/29 00:02:38.556303 奖品已发完
2026/05/29 00:02:38.556303 奖品已发完
2026/05/29 00:02:38.556303 奖品已发完
2026/05/29 00:02:38.556303 奖品已发完
2026/05/29 00:02:38.556303 奖品已发完
2026/05/29 00:02:38.556303 奖品已发完
2026/05/29 00:02:38.556303 奖品已发完
2026/05/29 00:02:38.556303 奖品已发完
2026/05/29 00:02:38.556303 奖品已发完
2026/05/29 00:02:38.556303 奖品已发完
2026/05/29 00:02:38.556303 奖品已发完
2026/05/29 00:02:38.556303 奖品已发完
2026/05/29 00:02:38.556303 奖品已发完
2026/05/29 00:02:38.556303 奖品已发完
2026/05/29 00:02:38.556303 奖品已发完
2026/05/29 00:02:38.556303 奖品已发完
2026/05/29 00:02:38.556303 奖品已发完
2026/05/29 00:02:38.556303 奖品已发完
2026/05/29 00:02:38.556303 奖品已发完
2026/05/29 00:02:38.556303 奖品已发完
2026/05/29 00:02:38.556303 奖品已发完
2026/05/29 00:02:38.556303 奖品已发完
2026/05/29 00:02:38.556303 奖品已发完
2026/05/29 00:02:38.556303 奖品已发完
2026/05/29 00:02:38.556303 奖品已发完
2026/05/29 00:02:38.556303 奖品已发完
2026/05/29 00:02:38.556303 奖品已发完
2026/05/29 00:02:38.556303 奖品已发完
2026/05/29 00:02:38.556303 奖品已发完
2026/05/29 00:02:38.556303 奖品已发完
2026/05/29 00:02:38.556303 奖品已发完
2026/05/29 00:02:38.556303 奖品已发完
2026/05/29 00:02:38.556303 奖品已发完
2026/05/29 00:02:38.556303 奖品已发完
2026/05/29 00:02:38.556303 奖品已发完
2026/05/29 00:02:38.556303 奖品已发完
2026/05/29 00:02:38.556303 奖品已发完
2026/05/29 00:02:38.556303 奖品已发完
2026/05/29 00:02:38.556303 奖品已发完
2026/05/29 00:02:38.556303 奖品已发完
2026/05/29 00:02:38.548770 奖品已发完
2026/05/29 00:02:38.556303 奖品已发完
2026/05/29 00:02:38.556303 奖品已发完
2026/05/29 00:02:38.556303 奖品已发完
2026/05/29 00:02:38.556303 奖品已发完
2026/05/29 00:02:38.556303 奖品已发完
2026/05/29 00:02:38.556303 奖品已发完
2026/05/29 00:02:38.556303 奖品已发完
2026/05/29 00:02:38.556303 奖品已发完
2026/05/29 00:02:38.556303 奖品已发完
2026/05/29 00:02:38.556303 奖品已发完
2026/05/29 00:02:38.556303 奖品已发完
2026/05/29 00:02:38.548770 奖品已发完
2026/05/29 00:02:38.557305 奖品已发完
2026/05/29 00:02:38.557305 奖品已发完
2026/05/29 00:02:38.557305 奖品已发完
2026/05/29 00:02:38.557305 奖品已发完
2026/05/29 00:02:38.557305 奖品已发完
2026/05/29 00:02:38.557305 奖品已发完
2026/05/29 00:02:38.557305 奖品已发完
2026/05/29 00:02:38.557305 奖品已发完
2026/05/29 00:02:38.557305 奖品已发完
2026/05/29 00:02:38.557305 奖品已发完
2026/05/29 00:02:38.557305 奖品已发完
2026/05/29 00:02:38.557305 奖品已发完
2026/05/29 00:02:38.557305 奖品已发完
2026/05/29 00:02:38.557305 奖品已发完
2026/05/29 00:02:38.557305 奖品已发完
2026/05/29 00:02:38.557305 奖品已发完
2026/05/29 00:02:38.557305 奖品已发完
2026/05/29 00:02:38.557305 奖品已发完
2026/05/29 00:02:38.557305 奖品已发完
2026/05/29 00:02:38.557305 奖品已发完
2026/05/29 00:02:38.558333 奖品已发完
2026/05/29 00:02:38.558333 奖品已发完
2026/05/29 00:02:38.558333 奖品已发完
2026/05/29 00:02:38.558333 奖品已发完
2026/05/29 00:02:38.558333 奖品已发完
2026/05/29 00:02:38.558333 奖品已发完
2026/05/29 00:02:38.558333 奖品已发完
2026/05/29 00:02:38.558333 奖品已发完
2026/05/29 00:02:38.558333 奖品已发完
2026/05/29 00:02:38.558333 奖品已发完
2026/05/29 00:02:38.549778 奖品已发完
2026/05/29 00:02:38.558333 奖品已发完
2026/05/29 00:02:38.558333 奖品已发完
2026/05/29 00:02:38.558333 奖品已发完
2026/05/29 00:02:38.558333 奖品已发完
2026/05/29 00:02:38.558333 奖品已发完
2026/05/29 00:02:38.558333 奖品已发完
2026/05/29 00:02:38.558333 奖品已发完
2026/05/29 00:02:38.558333 奖品已发完
2026/05/29 00:02:38.558333 奖品已发完
2026/05/29 00:02:38.558333 奖品已发完
2026/05/29 00:02:38.558333 奖品已发完
2026/05/29 00:02:38.558333 奖品已发完
2026/05/29 00:02:38.558333 奖品已发完
2026/05/29 00:02:38.558333 奖品已发完
2026/05/29 00:02:38.558333 奖品已发完
2026/05/29 00:02:38.558838 奖品已发完
2026/05/29 00:02:38.558838 奖品已发完
2026/05/29 00:02:38.558838 奖品已发完
2026/05/29 00:02:38.558838 奖品已发完
2026/05/29 00:02:38.558838 奖品已发完
2026/05/29 00:02:38.558838 奖品已发完
2026/05/29 00:02:38.558838 奖品已发完
2026/05/29 00:02:38.549778 奖品已发完
2026/05/29 00:02:38.559356 奖品已发完
2026/05/29 00:02:38.549778 奖品已发完
2026/05/29 00:02:38.559356 奖品已发完
2026/05/29 00:02:38.559356 奖品已发完
2026/05/29 00:02:38.559356 奖品已发完
2026/05/29 00:02:38.549778 奖品已发完
2026/05/29 00:02:38.559356 奖品已发完
2026/05/29 00:02:38.559356 奖品已发完
2026/05/29 00:02:38.559356 奖品已发完
2026/05/29 00:02:38.559356 奖品已发完
2026/05/29 00:02:38.559356 奖品已发完
2026/05/29 00:02:38.559356 奖品已发完
2026/05/29 00:02:38.559356 奖品已发完
2026/05/29 00:02:38.559356 奖品已发完
2026/05/29 00:02:38.559356 奖品已发完
2026/05/29 00:02:38.559356 奖品已发完
2026/05/29 00:02:38.559356 奖品已发完
2026/05/29 00:02:38.559356 奖品已发完
2026/05/29 00:02:38.559356 奖品已发完
2026/05/29 00:02:38.550777 奖品已发完
2026/05/29 00:02:38.559356 奖品已发完
2026/05/29 00:02:38.560368 奖品已发完
2026/05/29 00:02:38.560368 奖品已发完
2026/05/29 00:02:38.560368 奖品已发完
2026/05/29 00:02:38.560368 奖品已发完
2026/05/29 00:02:38.560368 奖品已发完
2026/05/29 00:02:38.560368 奖品已发完
2026/05/29 00:02:38.560368 奖品已发完
2026/05/29 00:02:38.560368 奖品已发完
2026/05/29 00:02:38.560368 奖品已发完
2026/05/29 00:02:38.560368 奖品已发完
2026/05/29 00:02:38.560368 奖品已发完
2026/05/29 00:02:38.560368 奖品已发完
2026/05/29 00:02:38.560368 奖品已发完
2026/05/29 00:02:38.560368 奖品已发完
2026/05/29 00:02:38.560368 奖品已发完
2026/05/29 00:02:38.560368 奖品已发完
2026/05/29 00:02:38.560368 奖品已发完
2026/05/29 00:02:38.560368 奖品已发完
2026/05/29 00:02:38.560368 奖品已发完
2026/05/29 00:02:38.560368 奖品已发完
2026/05/29 00:02:38.560368 奖品已发完
2026/05/29 00:02:38.560368 奖品已发完
2026/05/29 00:02:38.560368 奖品已发完
2026/05/29 00:02:38.560368 奖品已发完
2026/05/29 00:02:38.560368 奖品已发完
2026/05/29 00:02:38.560368 奖品已发完
2026/05/29 00:02:38.560368 奖品已发完
2026/05/29 00:02:38.561374 奖品已发完
2026/05/29 00:02:38.561374 奖品已发完
2026/05/29 00:02:38.561374 奖品已发完
2026/05/29 00:02:38.561374 奖品已发完
2026/05/29 00:02:38.561374 奖品已发完
2026/05/29 00:02:38.561374 奖品已发完
2026/05/29 00:02:38.561374 奖品已发完
2026/05/29 00:02:38.561374 奖品已发完
2026/05/29 00:02:38.552784 奖品已发完
2026/05/29 00:02:38.562375 奖品已发完
2026/05/29 00:02:38.562375 奖品已发完
2026/05/29 00:02:38.562375 奖品已发完
2026/05/29 00:02:38.562375 奖品已发完
2026/05/29 00:02:38.562375 奖品已发完
2026/05/29 00:02:38.562375 奖品已发完
2026/05/29 00:02:38.562375 奖品已发完
2026/05/29 00:02:38.562375 奖品已发完
2026/05/29 00:02:38.562375 奖品已发完
2026/05/29 00:02:38.562375 奖品已发完
2026/05/29 00:02:38.562375 奖品已发完
2026/05/29 00:02:38.562375 奖品已发完
2026/05/29 00:02:38.562375 奖品已发完
2026/05/29 00:02:38.562375 奖品已发完
2026/05/29 00:02:38.563375 奖品已发完
2026/05/29 00:02:38.563375 奖品已发完
2026/05/29 00:02:38.563375 奖品已发完
2026/05/29 00:02:38.563375 奖品已发完
2026/05/29 00:02:38.563375 奖品已发完
2026/05/29 00:02:38.563375 奖品已发完
2026/05/29 00:02:38.563375 奖品已发完
2026/05/29 00:02:38.563375 奖品已发完
2026/05/29 00:02:38.563375 奖品已发完
2026/05/29 00:02:38.563375 奖品已发完
2026/05/29 00:02:38.555297 奖品已发完
2026/05/29 00:02:38.563375 奖品已发完
2026/05/29 00:02:38.563375 奖品已发完
2026/05/29 00:02:38.555297 奖品已发完
2026/05/29 00:02:38.563375 奖品已发完
2026/05/29 00:02:38.564375 奖品已发完
2026/05/29 00:02:38.564375 奖品已发完
2026/05/29 00:02:38.564375 奖品已发完
2026/05/29 00:02:38.564375 奖品已发完
2026/05/29 00:02:38.564375 奖品已发完
2026/05/29 00:02:38.564375 奖品已发完
2026/05/29 00:02:38.564375 奖品已发完
2026/05/29 00:02:38.564375 奖品已发完
2026/05/29 00:02:38.564375 奖品已发完
2026/05/29 00:02:38.564375 奖品已发完
2026/05/29 00:02:38.565375 奖品已发完
2026/05/29 00:02:38.565883 奖品已发完
2026/05/29 00:02:38.565375 奖品已发完
2026/05/29 00:02:38.565375 奖品已发完
2026/05/29 00:02:38.565375 奖品已发完
2026/05/29 00:02:38.565883 奖品已发完
2026/05/29 00:02:38.565375 奖品已发完
2026/05/29 00:02:38.565883 奖品已发完
2026/05/29 00:02:38.565883 奖品已发完
2026/05/29 00:02:38.565883 奖品已发完
2026/05/29 00:02:38.565883 奖品已发完
2026/05/29 00:02:38.565883 奖品已发完
2026/05/29 00:02:38.565883 奖品已发完
2026/05/29 00:02:38.565883 奖品已发完
2026/05/29 00:02:38.565883 奖品已发完
2026/05/29 00:02:38.565883 奖品已发完
2026/05/29 00:02:38.565883 奖品已发完
2026/05/29 00:02:38.565883 奖品已发完
2026/05/29 00:02:38.565883 奖品已发完
